bn:00000004n	0 cero cifra numero_0 número_0 función_cero nada
bn:00000005n	1 uno dos es i +1 +_1 numero_1 número_1 μόνος as identidad_multiplicativa n-tupla sextuplicado tupla tuplas unidad
bn:00000008n	diez 10 decena década número_10 x ⅹ
bn:00000009n	100 cien ciento centenar siglo 10 centesimo un_c
bn:00000010n	mil 1000 chiliad millar 1100 1200 un_mil 10 1111101000 milenta tú
bn:00000013n	1000000 millón millon meg 1.000.000 1,000,000 10^6 1_000_000 1_millon 1_millón mil_millares millones un_mil_mil
bn:00000020n	12 doce docena doze xii duodecimo duodécimo
bn:00000024n	14 catorce quatorze xiv catorce_son_las_copas_de_europa_que_ha_ganado_el_real_madrid_y_14_los_roland_garros_de_rafa_nadal.
bn:00000027n	15 quince xv
bn:00000031n	cuarto_de_hora 15_minutos
bn:00000032n	16 dieciséis dieciseis xvi número_16 2⁴
bn:00000034n	17 diecisiete xvii
bn:00000052n	19 diecinueve xix
bn:00000058n	1960s años_1960 década_de_1960 los_años_sesenta los_sesenta '60 década_del_60 anos_1960 broken/anos_sesenta broken/años_sesenta broken_anos_sesenta broken_años_sesenta decada_de_1960 decada_del_60 música_de_los_60's sesentera sesenteras sesentero sesenteros 1960 sesenta
bn:00000075n	2 dos ii segunda segundo 2! numero_2 número_2 raíz_cuadrada_de_4 two
bn:00000079n	20 veinte vigesimo vigésimo xx
bn:00000081n	21 veintiuno xxi veintiun veintiún vigesimo_primero vigésimo_primero ventiuno
bn:00000082n	22 veintidós xxii veintidos ventidos ventidós
bn:00000085n	24 veinticuatro xxiv 4! venticuatro dos_docenas_de
bn:00000086n	día día_solar días dias día_solar_medio 24-horas_intervalo día_de_sol veinticuatro_horas veinticuatro_horas_período
bn:00000089n	25 veinticinco xxv venticinco vigesimo_quinto vigésimo_quinto 11001
bn:00000092n	28 veintiocho xxviii vigesimo_octavo vigésimo_octavo xviii ventiocho
bn:00000093n	29 veintinueve xxix vigesimo_noveno vigésimo_noveno ventinueve
bn:00000100n	tres 3 terceto ternion trey troika trío triada iii tercera tercero numero_3 número_3 deuce-as ternario terzetto trine
bn:00000104n	30 treinta trigesimo trigésimo xxx
bn:00000105n	media_hora 30_minutos media-hora
bn:00000111n	4 cuatro cuaternión cinco cuarteto cuarta cuarto iv 2 numero_4 número_4 tetra cuaterna cuaternidad cuaternio cuaterniones little_joe tetractys tétrada
bn:00000119n	5 cinco cinque quint quinto v numero_5 número_5 pentad poco_phoebe
bn:00000123n	50 cincuenta cinco
bn:00000125n	6 seis sexteto hexad sise sixer sestet sexteto_de_música 3! número_6 vi numero_6 el_capitán_hicks medio_de_una_docena sextillo
bn:00000127n	hora 60_minutos h hr
bn:00000133n	8 ocho octad número_8 viii 2 numero_8 eighter eighter_de_decatur octonary ogdoad
bn:00000138n	9 nueve niner noveno 0 ix número_9 numero_9 viiii enéada nina_de_carolina
bn:00000141n	angstrom ángstrom a angstromio å ångström angström ångstrom angstroms unidad_angstrom
bn:00000193n	bachiller_universitario_en_letras grado_en_artes b_a b.a. licenciatura_en_artes bachelor_of_arts bachiller_en_artes licenciatura_de_artes a.b artium_baccalaurens b.a ba ba_hons baccalaureus_artium grado_b.a licenciado_en_letras licenciatura licenciatura_en_arte
bn:00000213n	deserción abandono abandono_emocional desertor elusión desercion ausente_sin_permiso desertores
bn:00000234n	abadía abadia abadías iglesia_abacial
bn:00000237n	abad archimandrita archimandita arquimandrita abades
bn:00000249n	abdomen vientre barriga estómago tronco abdominales abdominal abdomen_humano músculos_abdominales
bn:00000266n	secuestrador raptor capturador raptora secuestradora captor
bn:00000288n	desviación aberración anomalía aberrancia sociología_de_la_desviación
bn:00000300n	cumplimiento_normativo conformidad cumplimiento conformación cumplimiento_regulatorio
bn:00000317n	capacidad habilidad aptitud
bn:00000318n	capacidad ingenio poder habilidad
bn:00000330n	ablación exéresis excisión extirpación ablacion cortar
bn:00000350n	anomalía anormalidad irregularidad impedimento_canónico
bn:00000351n	aborigen_australiano aborigen indígenas_australianos indígena nativa nativo aboriginal aborígenes_australianos aborígenes_australianos_y_isleños_del_estrecho_de_torres isleños_del_estrecho_de_torres_y_aborígenes_australianos aborigenes_australianos aborígenes_de_australia indigena_australiano indigenas_australianos indígena_australiano indígenas_de_australia pueblos_aborigenes_australianos pueblos_aborígenes_australianos abo nativo_australiano
bn:00000355n	residencia alojamiento domicilio morada hogar dirección hogareno hogareño
bn:00000356n	casa hogar vivienda domicilio morada residencia habitación habitáculo piso vasa alojamiento alojamiento_humano habitacion_humana habitación_humana lugar_de_habitación casa_de_vivienda lugar residencia_privada viviendas
bn:00000360n	abolicionista emancipador emancipado
bn:00000372n	aborto aborto_inducido abortista abortos abortivo abortivos
bn:00000397n	catarsis abreacción catársis abreaccion
bn:00000418n	absceso apostema flemón postema abceso abscesos
bn:00000427n	ausencia falta
bn:00000428n	ausencia
bn:00000440n	absoluto absolut absoluto_metafisica
bn:00000443n	frecuencia frecuencia_absoluta
bn:00000475n	concentración
bn:00000488n	abstracción objeto_abstracto objeto_conceptual objetos_abstractos
bn:00000489n	abstract resumen sinopsis sumario resumen_documental extracto abstracción
bn:00000497n	abstracción extracción
bn:00000503n	profundidad complejidad reconditez abstrusity
bn:00000554n	grado_académico diploma grado título título_académico título_universitario grado_de_posgrado grados_académicos titulación_académica titulación_superior titulo_de_posgrado título_de_posgrado carrera_universitaria grado_academico grado_universitario grados_academicos graduado_escolar titulacion_academica titulacion_académica titulación_academica titulación_universitaria_superior titulo_academico titulo_académico título_academico títulos_académicos programas_de_grado
bn:00000562n	año_escolar año_académico
bn:00000567n	academia instituto
bn:00000568n	academia universidad academias academica academico académica académico honorario_sociedad
bn:00000628n	aceleración
bn:00000629n	aceleración acceleración
bn:00000633n	acelerador estrangulador válvula_reguladora cuerpo_del_acelerador la_válvula_de_mariposa placa_acelerador
bn:00000638n	acento deje dejo tono discurso_patrón
bn:00000639n	énfasis acento
bn:00000640n	dialecto acento idioma dialectal variante_dialectal dialectos acento_regional geolecto macrodialecto subdialecto regiolect
bn:00000641n	acento énfasis acento_prosódico acentuación tilde acento_de_intensidad acento_prosodico acento_tonico acento_tónico paroxítona estrés sílaba_acentuada sílaba_no_acentuada vocal_átona
bn:00000662n	
bn:00000663n	acceso enfoque entrada paso
bn:00000677n	accesorio complemento avío mecánicas,
bn:00000678n	accesorio complemento
bn:00000690n	accidente accidentes muerte_accidental
bn:00000694n	lesión herida_accidental lesiones lesión_accidental lesión_traumática
bn:00000703n	ascenso cuesta subida pendiente
bn:00000704n	espaldarazo galardón condecoración distinción honor premio honores laurel laureles acolada reconocimiento
bn:00000706n	ajuste atemperación
bn:00000717n	acompañamiento música_de_acompañamiento acompañamiento_musical comp acompanamiento acompanamiento_musical musica_de_acompanamiento musica_de_acompañamiento música_de_acompanamiento banda_de_acompañamiento
bn:00000722n	cómplice abettor complice complicidad
bn:00000724n	logro consecución proeza realización conquista rendimiento
bn:00000725n	habilidad aptitud destreza arte técnica maña talento habilidades adquisición maestría
bn:00000726n	acuerdo armonía avenencia convenio contrato
bn:00000727n	acuerdo conformidad
bn:00000728n	tratado_internacional tratado acuerdo pacto denuncia acuerdo_internacional concertación convenio pakt protocolo tratados_internacionales pacte tratados
bn:00000738n	crónica historia historial anal anales añal cronica cronicon cronicón cronistico cronístico relacion relación cronistas
bn:00000739n	artículo crónica historia informe relación relato reportaje escribir news_report
bn:00000741n	explicación explicaciones reporte explicacion excusa explicarse explicar
bn:00000745n	informe referencia relación
bn:00000748n	libro_mayor leger libro libro_contable libro_de_contabilidad libros libro_de_cuentas libro_de_la_cuenta
bn:00000753n	contador contable contralor controlador contadora auditor economista director_administrativo director_financiero interventor contabilidad_pública contadores
bn:00000755n	
bn:00000766n	acumulación aumento
bn:00000772n	acumulación accruement devengo
bn:00000774n	aculturación endoculturación enculturación aculturacion aculturada aculturado aculturar aculturización aculturizada aculturizado aculturizar enculturacion endoculturacion aculturizacion
bn:00000775n	cultura
bn:00000777n	colección acumulación conjunto cúmulo grupo hatajo hato agregación
bn:00000779n	cobrador coleccionador coleccionista colector recaudador
bn:00000782n	precisión exactitud verdad rigor exactitud_y_precisión
bn:00000784n	acusación denuncia imputación denunciación
bn:00000789n	as
bn:00000790n	superestrella adepto maven entendido estrella experto mavin wiz entendida as asistente crack diestro ducho genio hacha virtuoso experta experto_reconocido hotshot silbido
bn:00000798n	as_de_picas as_de_espadas
bn:00000819n	acer_saccharum acer_nigrum_subsp._saccharophorum acer_nigrum_var._glaucum acer_palmifolium_f._glabratum acer_palmifolium_f._integrilobum acer_saccharinum_var._viride acer_saccharophorum_f._angustilobatum acer_saccharophorum_f._glaucum acer_saccharophorum_var._rugelii acer_saccharum_f._hispidum acer_saccharum_f._integrilobum acer_saccharum_f._rubrocarpum acer_sinuosum acer_subglaucum_var._sinuosum acer_treleaseanum arce_azucarero arce_de_azucar acer_barbatum_f._commune acer_floridanum_var._acuminatum acer_floridanum_var_acuminatum acer_grandidentatum_var_sinuosum acer_hispidum acer_leucoderme acer_nigrum acer_palmifolium_f._euconcolor acer_palmifolium_f._glaucum acer_palmifolium_var._concolor acer_palmifolium_var._glaucum acer_rugelii acer_saccharinum_var._glaucum acer_saccharophorum acer_saccharophorum_f._conicum acer_saccharophorum_var._subvestitum acer_saccharum_f._angustilobatum acer_saccharum_f._conicum acer_saccharum_f._euconcolor acer_saccharum_f._glabratum acer_saccharum_f._glaucum acer_saccharum_f._pubescens acer_saccharum_f._subvestitum acer_saccharum_f._truncatum acer_saccharum_f._villipes acer_saccharum_var._glaucum acer_saccharum_var._quinquelobulatum acer_saccharum_var._viride acer_skutchii acer_subglaucum arce_azucarado arce_de_azúcar saccharodendron_saccharum azúcar_de_arce madera_de_arce
bn:00000825n	acrimonia acritud
bn:00000843n	acetona propanona dimetil_cetona dimetilcetona
bn:00000845n	cetosis acetonemia ketosis cetonemia
bn:00000870n	ganador éxito achiever succeeder
bn:00000937n	reconocimiento agradecimiento
bn:00000939n	cita mención referencia remisión referencia_bibliográfica cita_bibliográfica criterios_de_referencias_bibliográficas referencia_bibliografica referencia_escrita referencias_bibliográficas citar citas fuente_necesario
bn:00000942n	apogeo auge cúspide cima pico superlativo súmmum tiptop
bn:00000943n	ápice cúspide vértice apogeo cima cumbre colmo culmen pico acmé plano_focal punto_nodal
bn:00000951n	acólito acolitado misario acólita acolito acólitos
bn:00000990n	conversance conversancy
bn:00000993n	aquiescencia consentimiento
bn:00000998n	reflejo_condicionado respuesta_condicionada adquirido_reflejo reacción_condicionada reacción_condicional
bn:00001005n	adquisición
bn:00001014n	acre acres acre_unidad_de_superficie superficie
bn:00001019n	dominio finca propiedad_de_la_tierra hacienda terreno tierra acres latifundio dominio_feudal heredad propietario_terrateniente
bn:00001035n	acrobacia acrobacias volteretas acrobatismo acrobata acrobatas acróbata acróbatas acrobático tumbling
bn:00001076n	acta ley hecho
bn:00001077n	acto acción acción_humana actividad_humana la_acción_humana la_actividad_humana praxeología
bn:00001078n	acto acto_teatral acto_teatro
bn:00001079n	acto bit número
bn:00001127n	acción acto hecho operación realización
bn:00001128n	actividad acción
bn:00001129n	acción_militar acción
bn:00001130n	acción acción_natural proceso_natural
bn:00001133n	mecanismo_de_percusión_del_piano mecanismo_de_percusion_del_piano mecanismo_del_piano acción mecanismo_de_acción
bn:00001153n	energía_de_activación energía_de_activacion energia_de_activacion energia_de_activación barrera_de_activación barrera_de_energía la_energía_de_activación
bn:00001155n	activa agente_activo
bn:00001172n	actividad
bn:00001173n	función_corporal proceso_corporal actividad cuerpo_proceso la_función_corporal
bn:00001176n	actor actriz actor_dramático actuación artista comediante ejecutor_teatral histrionista histrión intérprete actor_de_televisión actores actor_de_cine actor_de_teatro actor_estadounidense actrices actriz_de_cine actriz_de_teatro actriz_estadounidense histrion jugador thespian
bn:00001181n	actriz
bn:00001187n	realización actualización
bn:00001227n	publicidad anuncio reclame advertizement anuncio_publicitario aviso aviso_publicitario reclamo spot advertising diseno_publicitario diseno_publictario diseño_publicitario diseño_publictario publicidades publicitaria publicitario hacer_publico hacer_público mensajes_comerciales mensajes_publicitarios propaganda publicista anunciantes anuncio_impreso anuncios medios_de_publicidad
bn:00001236n	adagio proverbio dicho refrán aforismo sentencia máxima estribillo paremia cita adagio_linguistica dichos_populares refranes refranesco sinónimo
bn:00001242n	adán adam adan adanico adánico
bn:00001276n	adición
bn:00001279n	adenda addenda suplemento apéndice posdata addendum adición
bn:00001293n	adición añadidura
bn:00001294n	aumento incremento adición ganancia
bn:00001302n	referencia dirección_de_memoria dirección direccion direccion_de_memoria computadora_dirección espacio_de_direcciones
bn:00001304n	discurso speech habla
bn:00001339n	adenoma adenomas adenomatoso
bn:00001355n	suficiencia
bn:00001362n	discípulo adepta adepto adherente seguidor seguidora partidario discipulo discipulado
bn:00001382n	adiós despedida arrivederci auf_wiedersehen sayonara adiós_muy_buenas au_revoir buen_dia bye bye_bye chao chau hasta_la_vista hasta_luego hasta_más_ver hasta_otra hasta_pronto buen_día bye-bye tanto_tiempo ¡hasta_la_vist
bn:00001395n	adjetivo
bn:00001396n	adjetivo adjetivos adjetivar adjetivo_calificativo adjetivo_con_valor_especificativo adjetivo_con_valor_explicativo adjetivo_demostrativo adjetivo_especificativo adjetivo_explicativo la_posicion_del_adjetivo la_posición_del_adjetivo los_adjetivos adjetivo_atributivo adjetivo_predicado forma
bn:00001402n	
bn:00001410n	alteración modificación cambio
bn:00001423n	administración organización administración_pública gerencia gobernanza iglesia_estatal sociedad establecimiento_de_la_religión iglesia_oficial religión_establecida religión_oficial órgano_de_gobierno
bn:00001438n	admirabilidad maravilla notabilidad admirability admirableness lo_maravilloso
bn:00001453n	admiración aprecio estima admiracion
bn:00001454n	admiración asombro entusiasmo fascinación maravilla pasmo
bn:00001456n	adepta adepto aficionada aficionado amiga amigo entusiasta seguidor seguidora
bn:00001460n	admisión entrada ingreso
bn:00001466n	aderezo amasijo mezcla mezclado trasiego adición conmezcla mezclar
bn:00001469n	admonición amonestación aviso advertencia palabra_de_consejo
bn:00001478n	adolescencia adolescente adolescentes desarrollo_adolescente adolecencia la_adolecencia
bn:00001480n	adolescente chica chico muchacho quinceañero muchacha adolescentes mozuelo
bn:00001482n	adolf_hitler hitler der_fuhrer führer adolfo_hitler der_führer el_führer führer_und_reichskanzler führer_y_reichskanzler furero herr_hitler hitleriano jitler
bn:00001488n	adonis
bn:00001507n	corticoide corticosteroide corticosteroides corticoides corticoesteroide corticoesteroides adrenocorticoesteroide
bn:00001525n	adulto adulta mayor persona_mayor segunda_edad adultos adultez edad_adulta
bn:00001526n	adulta adulto
bn:00001530n	mujer hembra_adulta ser_humano_femenino mujeres humana bello_sexo femina fémina sexo_debil sexo_débil 👩
bn:00001533n	hombre varón hombre_adulto ser_humano_masculino varon hombres humano_masculino machote sexo_feo sexo_fuerte varones macho_adulto maduración_sexual madurez_sexual
bn:00001541n	adúltero follador fornicador fornicario
bn:00001544n	madurez edad_adulta adulta
bn:00001548n	progreso avance progresión adelantamiento evolución
bn:00001549n	mejora mejoría
bn:00001551n	progreso adelantamiento avance evolución progresión movimiento_hacia_adelante
bn:00001557n	progreso adelanto avance
bn:00001559n	ventaja delantera superioridad
bn:00001566n	segunda_venida advenimiento adviento parusía segundo_advenimiento parousia parusia venida_de_cristo segunda_venida_de_cristo
bn:00001572n	aventura empresa_peligrosa andanza aventura_riesgosa escapada travesia travesía aventureros empresa_arriesgada
bn:00001575n	explorador exploradora exploración expediciones exploradores
bn:00001579n	adverbio
bn:00001582n	adversario opositor antagonista enemigo oponente adversaria contendedor contraria contrario contrincante
bn:00001586n	adversidad golpes
bn:00001589n	publicidad
bn:00001592n	consejo asesoramiento advertencia advice aviso recomendación exhortación
bn:00001595n	conveniencia
bn:00001598n	asesor consultor consejero consultora asesora consejera especialista orientador consultores tutor
bn:00001604n	abogado abogado_defensor consejero consejera_legal consejero_legal consulta abogada_defensora consejero_en_derecho consejero_juridico consejero_jurídico counsel counsellor abogado_especial consejero-at-law defensores enviado_especial intercesor intercesor_especial ministro ministro_consejero rango_diplomático
bn:00001617n	mar_egeo egeo aegean_sea
bn:00001657n	aireación aeración oxigenación ventilación aireacion
bn:00001659n	aireador
bn:00001660n	pase_adelantado elevado pase_hacia_adelante
bn:00001661n	antena antenas antena_de_radio antena_transmisora
bn:00001697n	avión aeroplano aeronave aviones avion aeronave_de_ala_fija aeronave_de_alas_fijas avion_de_alas_fijas avión_de_alas_fijas viajes_aereos viajes_aéreos ✈ ✈️
bn:00001698n	aerosol condensación aerosoles
bn:00001713n	estesis aestesia sensibilidad aesthesia
bn:00001714n	estesis sensación aestesis experiencia_sensorial impresión impresión_sensorial sense_datum aesthesis sentido_dato sentido_impresión sentido_la_experiencia
bn:00001716n	estética estético
bn:00001734n	cuestión aspecto asunto cosa preocupación
bn:00001735n	affaire amorío amour aventura amor asunto enlace implicación intimidad lío_amoroso
bn:00001736n	acontecimiento acto acto_social función ocasión suceso función_social ocasión_social
bn:00001737n	duelo singular_combate affaire_d'honneur duelos
bn:00001738n	asuntos_personales asunto_personal asuntos
bn:00001744n	afecto philia corazón afección afectividad afición amor apego cariño filia simpatía ternura afectiva afectivo
bn:00001768n	afirmación aserción aserto aseveración confirmación
bn:00001785n	afluencia riqueza abundancia prosperidad
bn:00001790n	algarada altercado contienda disturbio liza reyerta refriega
bn:00001793n	pánico terror horror panico susto
bn:00001816n	áfrica africa el_continente_negro continente_africano africana africanas africano africanos
bn:00001873n	resultado
bn:00001874n	consecuencia repercusión consequence
bn:00001875n	tarde vespertina vespertinas vespertino vespertinos
bn:00001887n	plata ag número_atómico_47 argentico argentifero argentum argentífero argéntico argéntum e174 e_174 plata_de_ley plata_en_su_color plata_sobredorada plata_nativa
bn:00001936n	edad envejecido envejecimiento envejecimiento_del_vino longevidad potencial_de_envejecimiento
bn:00001937n	era período_histórico periodo_histórico época edad
bn:00001938n	edad
bn:00001939n	años edad mucho_tiempo largo_tiempo año año_gregoriano ma tiempo_largo
bn:00001940n	tercera_edad vejez años anciana anciano edad adultos_mayores adulto_mayor personas_mayores 3_edad 3ª_eda senectud senilidad ancianas ancianidad ancianos asociación_de_ciudadanos_mayores provecto senil vetustez viejo geezerhood
bn:00001961n	oficina agencia organismo_autónomo autoridad departamento organismo_público oficina_gubernamental agencia_estatal organismo_autónomo_administrativo agencia_gubernamental agencia_publica agencia_pública office oficinas_comerciales organismo_autonomo organismo_autonomo_administrativo organismo_publico organizacion_gubernamental organización_gubernamental agencia_federal agencias_gubernamentales complejo_de_oficinas edificios_de_oficinas oficinas
bn:00001962n	agencia
bn:00001965n	manera medio modo camino forma agencia
bn:00001967n	horario programa agenda planing
bn:00001972n	agente
bn:00001973n	agente apoderada apoderado agent
bn:00001974n	agente
bn:00001975n	agente corredor broker factor bróker agente_de_negocios intermediario agente_economia corredores
bn:00001992n	acumulación montón aglomerado cúmulo montaña montículo pila
bn:00001993n	aglomeración aglomerado
bn:00001996n	aglutinación aglutinar_la_actividad
bn:00001997n	aglutinación aglutinacion
bn:00002000n	aglutinina aglutininas aglutinógeno las_aglutininas
bn:00002008n	total suma totalidad global resultado_global
bn:00002013n	coleccionista coleccionador agregador colector
bn:00002016n	agresión
bn:00002019n	agresividad
bn:00002032n	agitación alboroto algarabía barbulla batahola excitación follón greguería griterío trastorno vocería zalagarda zambeque zaragata tumulto
bn:00002059n	escepticismo agnosticismo incredulidad indiferentismo escéptico escépticos escepticas esceptico escepticos escépticas espíritu_crítico
bn:00002072n	sufrimiento agonía
bn:00002086n	acuerdo compromiso pacto
bn:00002087n	acuerdo conformidad correspondencia
bn:00002088n	acuerdo
bn:00002096n	agricultura sector_agropecuario agropecuaria cultivo explotación granjería labranza agricultores actividad_agricola actividad_agropecuaria actividad_agrícola actividades_agrícolas agricolas agricultora agricultural agropecuario agrícolas ciencias_agronomicas ciencias_agronómicas cultivos_agricolas filosofía_agrícola industria_agropecuaria laboreo sector_agricola sector_agrícola agricultor agrícola cría cultivar industria_agrícola productos_agrícolas
bn:00002110n	agrobacterium_tumefaciens a._tumefaciens a_tumefaciens rhizobium_radiobacter
bn:00002132n	aguacate cura palta persea_americana avocado abacate aguacates
bn:00002154n	ayuda asistencia recurso soporte
bn:00002155n	asistencia ayuda auxilio socorro
bn:00002157n	atención cuidado cura ayuda cuidados asistencia_médica tendiendo
bn:00002159n	auxiliar ayudante
bn:00002171n	enfermedad afección achaque alifafe dolencia problema mal enfermo
bn:00002178n	intención propósito objetivo intento finalidad intencionalidad meta objeto designio intenciones intencional
bn:00002179n	objetivo meta objeto
bn:00002180n	
bn:00002185n	aire atmósfera atmósfera_terrestre atmósfera_de_la_tierra atmósfera_de_tierra heterosphere
bn:00002186n	aire
bn:00002188n	brisa céfiro viento_suave
bn:00002189n	atmósfera atmósfera_terrestre aire atmosfera atmosfera_de_la_tierra atmosfera_terrestre atmósfera_de_la_tierra
bn:00002191n	melodía cuerda ton aire línea tonada línea_melódica linea_melodica melodías melódico melodicos melódicos frase_melódica
bn:00002195n	refugio_antiaéreo refugio_antiaerio refugio_antibombardeo refugio_antibombas refugio_antiaereo a_prueba_de_bombas bomba_refugio refugio_anderson refugios_antiaéreos
bn:00002209n	alveolo_pulmonar alvéolo_pulmonar alveolo alvéolo alveolos_pulmonares alveolos alvéolos_pulmonares alveolar alvéolos saco_de_aire sacos_de_aire
bn:00002216n	viento aire vientos biruje biruji golpe_de_aire golpe_de_viento golpes_de_aire golpes_de_viento masas_de_aire rafaga corriente_de_aire ráfagas_de_viento
bn:00002267n	aire_ola
bn:00002275n	aeronave aeroplano avión vehiculo_aereo vehículo_aéreo aeronaves máquina_voladora más_pesado_que_el_aire más_pesado_que_el_aire_vuelo
bn:00002276n	portaaviones portaviones portaaeronaves ataque_de_portaaviones portaaviones_de_ataque
bn:00002295n	ventilación aireo ventilacion ventilación_industrial
bn:00002306n	piloto aviadora piloto_de_aviación aviador piloto_aviador piloto_de_aviacion piloto_de_aeronaves piloto_de_avión aeroplano_piloto aviadores piloto_militar
bn:00002315n	pista_de_aterrizaje franja franja_de_vuelo pista vuelo_tira
bn:00002320n	corredor nave_lateral pasillo naves_laterales
bn:00002335n	alaska ak estado_de_alaska alaska,_estados_unidos la_última_frontera alasca alascano last_frontier
bn:00002356n	alabama corazón_de_dixie al alabama,_estados_unidos estado_de_alabama camellia_estado
bn:00002410n	alarma consternación espanto intranquilidad nerviosismo
bn:00002490n	albúmina albumina albúminas
bn:00002544n	concejal edil alderman regidor concejales regidora
bn:00002589n	alerta vigilancia
bn:00002671n	alga algas alga_marina algal algae alga_filamentosa algas_marinas algologo algas_filamentosas
bn:00002714n	coartada alibi
bn:00002726n	extraño extrangero extranjero forastero intruso
bn:00002741n	alineamiento alineación
bn:00002744n	semejanza alikeness
bn:00002745n	alimento nutrición nutriente nutrimento sustento alimentación comida nutrientes ciencia_de_la_nutrición gastrointestinal intestinal intestinos lumen_intestinal mucosa_intestinal nutritivo sistema_gastrointestinal tracto_gastro-intestinal tracto_gastrointestinal_humano tracto_gastrointestinal_superior tracto_intestinal órganos_digestivos
bn:00002749n	alimentación nutrición
bn:00002761n	vida animación existencia
bn:00002766n	carmín_de_alizarina carmin_alizarina carmin_de_alizarina carmin_de_granza carmín_alizarina carmín_de_granza alizarina_carmesí rojo_de_alizarina
bn:00002773n	nomia_melanderi abeja_álcali
bn:00002793n	sulfonato_de_alquilbenceno_lineal alquil_benceno_sulfonato las linear_alkylbenzene_sulfonate acido_dodecilbencensulfonico acido_dodecilbencensulfónico dodecilbencensulfonato dodecilbencensulfonico dodecilbencensulfónico ácido_dodecilbencensulfonico ácido_dodecilbencensulfónico alquilbencenosulfonato
bn:00002814n	prunus_alleghaniensis endrino alleghany_ciruela allegheny_ciruela
bn:00002829n	allegro_con_spirito
bn:00002848n	alivio desahogo descanso respiro sosiego tranquilidad apaciguamiento
bn:00002855n	halloween noche_de_brujas jalogüin noche_de_difuntos noche_de_los_muertos víspera_de_todos_los_santos el_despertar_de_los_muertos jalogüín jálogüin samhain all_hallows'_eve dia_de_las_brujas día_de_las_brujas hallowen noche_de_las_brujas noche_de_todos_los_santos allhallows_eve de_halloween hallowe'en
bn:00002869n	aligator aligátor piel_de_caimán
bn:00002870n	aligátor aligator alligator caimán gator alligatorinae cocodrilo
bn:00002910n	asignación reparto
bn:00002911n	asignación prorrateo reparto distribución parcelación erogación repartimiento mala_distribución
bn:00002955n	aliado
bn:00002956n	aliado compañero aliada coligado confederado
bn:00002966n	dios_todopoderoso el_creador el_todopoderoso deidad divina pluralidad_de_dioses señor todopoderoso
bn:00003002n	hawái hawai hawaii hawai'i estado_de_hawái el_estado_de_aloha hawái,_estados_unidos hi estado_de_hawai hawaianos hawaï hawái'i islas_hawaianas moku`a-ina_o_hawai`i aloha_estado
bn:00003005n	alejamiento distancia distanciamiento
bn:00003111n	altitud alt distancia_cenital sistema_de_coordenadas_horizontal
bn:00003125n	cambio alteración modificación evolución variación
bn:00003132n	alternativa decisión opción elección
bn:00003142n	altitud altura elevación altitud_absoluta altura_snmm m.s.n.m. m_s._n._m. m_s_n.m. m_s_n_m m_s_n_m. m_snm metro_sobre_el_nivel_del_mar metros_sobre_el_nivel_del_mar metros_sobre_nivel_del_mar msnm s._n._m. sobre_el_nivel_del_mar altitudes altura_geopotencial
bn:00003158n	altruismo altruísmo desinterés altruista hombría_de_bien
bn:00003164n	alumna alumno alumni diplomado graduado titulado alumnus estudiante antiguo_alumno alumnae antiguos_alumnos ex_alumno ex_alumnos exalumno exalumnos alumn alumnas alumnos antigua_alumna
bn:00003195n	maestría_en_artes m.a. ma maestria_en_artes magister_artium m.a maestría master_of_arts
bn:00003200n	criada sirvienta doméstica mucama asistenta chacha cholera chopa gata moza nacha nana ama doncella doncella_doméstica asesora_del_hogar cachifa empleada_doméstica fregona muca muchacha_de_servicio señora_de_servicio famula fámula domestica imilla muchacha
bn:00003203n	fusión amalgamación fusión_empresarial unión consolidación
bn:00003232n	aficionado aficionada amateur
bn:00003242n	asombro sorpresa admiración estupefacción estupor pasmo
bn:00003251n	embajador embajadora representante_permanente embajador_representante_permanente plenipotenciario embajador_cultural embajadores
bn:00003263n	ambiente atmósfera atmosfera
bn:00003268n	ámbito alcance rango esfera marco extensión
bn:00003281n	púlpito ambón estrado podio tarima ambo entarimado podium tribuna plataforma pulpito ambon pulpi púlpitos
bn:00003286n	ambrosía pan_de_abeja ambrosia beebread
bn:00003300n	emboscada celada zalagarda encerrona trampa al_acecho ataque_sorpresa emboscadas
bn:00003328n	amen_corner
bn:00003330n	declaración_rectificatoria declaración_enmendada
bn:00003337n	amento candelilla catkin amentos
bn:00003341n	estados_unidos estados_unidos_de_américa américa eeuu e.e.u.u. united_states united_states_of_america américas estados ee.uu. usa ee._uu. estados_unidos_de_america eua los_estados_unidos_de_américa revolucion_estadounidense u.s.a. america estados_unidos_de_norteamérica los_estados_unidos afro-estadounidense broken/ee._uu. broken_ee._uu. broken_ee_uu e._e._u._u. e._u._a. e.u. e.u.a. e_u_a ee-uu ee_uu estadinense estadinenses estado-unidense estado-unidenses estados_unidos_de_america_del_norte estados_unidos_de_américa_del_norte estados_unidos_de_norte_america estados_unidos_de_norteamerica estadounidenses estadunidense estadunidenses los_estados_unidos_de_america población_afroestadounidense populación_afroestadounidense república_de_estados_unidos the_united_states u.s. u_s u_s. u_s.a. u_s_a u_s_a. union_americana unión_americana unión_estadounidense us usamericano usamericanos usana usanas usano useno usense usenses useña useñas useño useños los_estados
bn:00003343n	estadounidense americano norteamericano pueblo_estadounidense
bn:00003344n	inglés_americano inglés_estadounidense american_english inglés americano en-us ingles_estadounidense ame ingles_de_los_estados_unidenses inglés_de_los_estados_unidenses ingles_americano ingles_de_estados_unidos ingles_de_los_estados_unidos inglés_de_estados_unidos inglés_de_los_estados_unidos inglés_estadunidense ee.uu_inglés lenguaje_americano
bn:00003365n	washington washington_d.c. washington_d._c. distrito_de_columbia wáshington ciudad_de_washington district_of_columbia washington,_dc washington,_distrito_de_columbia washington_dc d._c. distrito_federal_de_ee._uu. el_distrito broken/id:1883665 broken/washington,_d._c. broken/washington_d._c. broken_id:1883665 broken_id_1883665 broken_washington_d._c. broken_washington_d_c columbia d.c. d_c huachinton_dc huáchinton_dc washington,_d._c. washington,_d.c washington,_d.c. washington,_d_c washington,_d_c. washington._d.c. washington_d.c washington_d_c washington_d_c. washington_dc. washingtoniana washingtoniano wáshington,_d._c. wáshington_d._c. capital_de_los_estados_unidos el_capital_norteamericano
bn:00003418n	indígenas_de_américa indio piel_roja amerindio indigenas_de_america aborígenes_americanos americanos_nativos indigena_americano indigenas_americanos indio_americano indios_americanos indoamericanos indígena_americano indígenas_americanos nativo_americano nativos_americanos pueblos_amerindios pueblos_indigenas_americanos pueblos_indígenas_americanos pueblos_originarios etnias_de_américa indígenas_del_continente_americano pueblos_indígenas_de_américa amerindios indígenas_de_américa_del_norte indígenas_de_las_américas pueblos_indígenas_de_américa_del_norte pueblos_indígenas_de_las_américas
bn:00003461n	guerra_de_independencia_de_los_estados_unidos revolución_estadounidense revolución_americana revolución_de_las_trece_colonias guerra_de_independencia_estadounidense guerra_de_la_independencia_estadounidense guerra_revolucionaria_americana guerra_anglo-estadounidense guerra_anglo_estadounidense guerra_de_independencia_americana guerra_de_independencia_de_estados_unidos guerra_de_independencia_de_los_estados_unidos_de_américa guerra_de_la_independencia_de_estados_unidos guerra_de_la_independencia_de_los_estados_unidos guerra_revolucionaria_estadounidense guerra_revolucionaria_norteamericana revolución_de_estados_unidos revolución_de_los_estados_unidos revolución_de_los_estados_unidos_de_américa revolución_en_estados_unidos revolución_en_los_estados_unidos revolución_en_los_estados_unidos_de_américa revolucion_norteamericana revolucion_estadounidense guerra_de_independencia_de_los_estados_unidos_de_america historia_de_la_independencia_de_los_estados_unidos_de_america historia_de_la_independencia_de_los_estados_unidos_de_américa historia_la_independencia_de_los_estados_unidos_de_america historia_la_independencia_de_los_estados_unidos_de_américa revolucion_de_estados_unidos revolucion_de_los_estados_unidos revolucion_de_los_estados_unidos_de_america revolucion_de_los_estados_unidos_de_américa revolucion_en_estados_unidos revolucion_en_los_estados_unidos revolucion_en_los_estados_unidos_de_america revolucion_en_los_estados_unidos_de_américa revolución_de_los_estados_unidos_de_america revolución_en_los_estados_unidos_de_america revolución_norteamericana american_revolution guerra_de_la_independencia guerra_de_la_independencia_americana
bn:00003496n	nacionalismo_estadounidense americanismo nacionalismo_americano
bn:00003504n	simalia_amethistina morelia_amethistina python_amatista
bn:00003511n	buen_humor amabilidad buen_carácter
bn:00003529n	aminometano metilamina
bn:00003537n	cordialidad
bn:00003543n	municiones munición bala municion 7.62×51_nato 7_62x51_nato proyectíl munición_real
bn:00003601n	cantidad suma monto importe cantidad_de_dinero suma_de_dinero
bn:00003602n	cantidad cuantía número
bn:00003603n	cantidad cuantía medida montante monto cuantitativo
bn:00003604n	suma total adición cantidad montante monta monto
bn:00003667n	amplitud amplitud_de_oscilacion amplitud_de_oscilación amplitud_del_sonido amplitud_de_onda
bn:00003736n	anacronismo anacronía anacronica anacronico anacronismos anacrónica anacrónico destiempo misdating
bn:00003742n	anaconda eunectes_murinus anaconda_verde anaconda_comun anaconda_común boa_gigas boa_murina boa_scytale eunectes_barbouri murinus
bn:00003753n	anestesia anestesiología anestesiologia_y_reanimacion anestesiologia_y_reanimación anestesiología_y_reanimacion anestesico anestesiologo antestesico antestésico anestesiados
bn:00003783n	computadora_analógica ordenador_real ordenador_analógico calculadora_analógica computador_analógico calculadora_analogica computacion_analogica computacion_analógica computación_analógica computador_analogico computador_analogo computador_análogo computadora_analogica ordenador_analogico
bn:00003786n	analogía analogia analogia_lexica analogia_léxica analogia_semantica analogia_semántica analogias analogo analogía_lexica analogía_léxica analogía_semantica analogía_semántica analogías análogo razonamiento_analogico razonamiento_analógico
bn:00003793n	análisis
bn:00003794n	análisis pensamiento_analítico
bn:00003795n	análisis
bn:00003801n	analista
bn:00003806n	cubismo_analítico
bn:00003810n	evocación recordación remembranza rememoración anamnesia
bn:00003864n	anastomosis inosculación anatomosis autoinjerto injerto_espontáneo inosculation anastomosan
bn:00003879n	estructura_anatómica estructura estructura_corporal estructura_de_la_carrocería parte_del_cuerpo_complejo
bn:00003882n	cuerpo_humano fisiología_humana figura carne forma físico anatomía cuerpo soma complexión constitución esqueleto osamenta fisiologia_humana fisiológicas organismo organismo_humano anatomía_humana bod cuerpo_físico material_del_cuerpo pigmentación_de_la_piel
bn:00003893n	ascendencia descendencia estirpe linaje línea_de_sangre sangre herencia abolengo casta línea línea_de_descendencia origen parentela parentesco pedigrí saga árbol_genealógico herencia_biológica herencia_genética sangre_line
bn:00003896n	pilar puntal
bn:00003978n	andrena andrenid minería_abeja
bn:00004021n	anécdota chilindrina historieta chascarrillo anecdota anecdótico
bn:00004063n	ángel mensajero_de_dios angel beney_elohim angeles angeliologia jerarquia_de_angeles jerarquia_de_ángeles jerarquía_de_angeles ángeles
bn:00004065n	avelista patrocinador promotor sponsor partidario
bn:00004085n	cólera ira bravura enfado enojo rabia
bn:00004117n	ángulo ángulos_complementarios ángulos_consecutivos ángulos_opuestos_por_el_vértice ángulos_suplementarios angulo_complementario angulo_suplementario angulos_complementarios angulos_consecutivos angulos_opuestos_por_el_vertice angulos_suplementarios ángulo_complementario ángulo_suplementario ángulo_agudo ángulo_oblicuo ángulo_obtuso angulo angulo_agudo angulo_colineal angulo_completo angulo_concavo angulo_convexo angulo_cóncavo angulo_entrante angulo_llano angulo_nulo angulo_obtuso angulo_perigonal angulo_plano angulo_saliente angulos_opuestos_por_el_vértice region_angular región_angular ángulo_colineal ángulo_completo ángulo_concavo ángulo_convexo ángulo_cóncavo ángulo_entrante ángulo_llano ángulo_nulo ángulo_perigonal ángulo_plano ángulo_saliente ángulos ángulos_opuestos_por_el_vertice ∠ medición_angular
bn:00004139n	anglicano
bn:00004141n	comunión_anglicana iglesia_de_inglaterra comunion_anglicana iglesia_anglicana iglesia_de_la_ley iglesia_inglesa church_of_england cisma_anglicano iglesia_en_inglaterra
bn:00004147n	angloamericano
bn:00004148n	anglo-catolicismo anglocatolicismo anglo-católico anglo_catolicismo anglocatólico anglicanismo_católico anglocatolico catolicismo_anglicano anglo-catolico anglo_catolico anglo_católico alto_anglicanismo
bn:00004157n	anglofilia
bn:00004175n	angustia angst nerviosismo pánico
bn:00004188n	angustia tormento agonía martirio suplicio torcedor tortura acidia
bn:00004221n	censura animadversión condena desaprobación rechazo
bn:00004222n	animal animales fauna criatura bestia animalia res reproducción_animal vida_animal reino_animal reino_animalia metazoos animalae animales_salvajes el_animal el_reino_animal metazoa metazoario metazoarios metazoo epifauna infauna macrofauna ser_animado
bn:00004273n	animosidad inquina manía repulsió tirria animadversión mala_sangre ánimo
bn:00004274n	anión
bn:00004293n	tobillo articulatio_talocruralis tobillos articulación_del_tobillo articulación_tobillo
bn:00004336n	aniquilación obliteración
bn:00004352n	proclamación anuncio pregón proclama promulgación proclamacion proclamaciones proclamar proclamación_real proclamas
bn:00004353n	anuncio comunicación notificación
bn:00004356n	disgusto fastidio incomodidad irritación enojo
bn:00004357n	suplicio vejación contrariedad
bn:00004388n	ánodo anodo polo_positivo anódico anódica ánodos
bn:00004451n	respuesta dictamen contestación
bn:00004452n	solución respuesta resultado resolución solvente
bn:00004453n	contestación respuesta
bn:00004493n	vestíbulo foyer antecámara antesala hall zaguán lobby entrada recibidor prodomos vestibulo vestibulum recepción sala_de_entrada área_de_recepción sala
bn:00004498n	antílope antilope antílopes antilopes
bn:00004527n	himno himnos anthem hymnus himnos_nacionales autor_de_himnos himno_cristiano himnógrafo hymnist hymnodist
bn:00004545n	antesis floración florecimiento cierne florescencia
bn:00004584n	antropología antropológico antropológica antropologia antropologica antropologico antropologos antropología_evolucionista antropólogos
bn:00004600n	anticatolicismo anti-catolicismo anti_catolicismo antipapismo anticatólica anticatólico catolicofobia
bn:00004611n	antisemita perseguidor_de_judíos judio-baiter
bn:00004612n	antisemitismo antijudaismo antijudaísmo judeofobia antisemita anti-semita anti_semita antijudaicos antijudaícos antisemitas antisemitismo_moderno violencia_antisemita
bn:00004629n	anticuerpo inmunoglobulina anticuerpos inmunoglobulinas inmunoglobina dominio_variable
bn:00004638n	predicción anticipación previsión adivinación pronóstico
bn:00004665n	antígeno ag antígenos antigeno antigénico antigenico antigenos
bn:00004710n	antipatía aversión disgusto repugnancia repulsión inquina malquerencia repelo abominación aborrecimiento asco horror odio
bn:00004734n	antirredeposición
bn:00004742n	suero_inmunológico suero_inmunologico antisuero antisueros
bn:00004753n	caso_antimonopolio
bn:00004785n	antónimo contrario antónimos antonimia antonimo antonimos palabra_opuesta
bn:00004798n	yunque bigornia ayunque
bn:00004801n	ansiedad zozobra ansioso
bn:00004836n	apartamento departamento piso vivienda apartamentos complejo_de_apartamento apartamento_con_jardín bloque_de_pisos bloque_mansión complejo_de_apartamentos edificios_de_apartamentos
bn:00004847n	mono hominoidea simio primate antropoide antropoides antropomorfo antropomorfos haplorhini hombre-mono hominidae_s.l. hominidae_s_l hominoideae hominoideo hominoideos monos_antropomorfos homínidos simios
bn:00004906n	abeja apis_mellifera apis abeja_melífera abeja_melífera_occidental abeja_domestica abeja_doméstica abeja_europea abeja_melifera abeja_melifera_occidental apis_melifera apis_mellífera apis_melífera abejas_meliferas abejas_melíferas abeja_de_la_miel abejas
bn:00004989n	onza_troy onza onzas_troy oz_boticarios
bn:00004992n	boticario farmacéutico apotecario farmacéutica farmaceuta farmacéuticos farmaceutico farmaceuticos apothecario apothicario farmaceutica quimico_farmaceutico químico_farmacéutico especiero quimico_farmaceutico_biologo boticarios píldora_empujador píldora_rodillo
bn:00004993n	farmacia botica farmacias apoteca ciencias_farmaceuticas ciencias_farmacéuticas farmaceutica farmaceútico farmacia_comunitaria farmacologicos farmacológicos técnicos_en_farmacia botica_de farmacia_tienda
bn:00005004n	aparato dispositivo equipo
bn:00005007n	ropa atavío vestimenta prendas_de_vestir vestir
bn:00005017n	súplica imploración petición ruego
bn:00005019n	apelación recurso_de_apelación apelaciones apelado recurso_de_apelacion apelable apelacion apelante apelar juicio_de_apelación apeló autorización_para_apelar examen_en_apelación junta
bn:00005021n	apelación_bordo junta_de_apelaciones junta_de_apelaciones_de
bn:00005023n	apariencia aspecto cara presencia apariencia_visual aparición aspecto_visual
bn:00005024n	aparición
bn:00005043n	apéndice
bn:00005053n	aplauso palmas palmada aplaudir palmadas plauso aplausos mano_aplaudiendo
bn:00005076n	manzano melo pomo
bn:00005088n	gadget gizmo aparato artilugio adminículo armatoste dispositivo ingenio utensilio gadgets widget widget_de_interfaz_gráfica_usuario
bn:00005091n	solicitante candidato aspirante peticionario postulante
bn:00005092n	aplicación aplicación_práctica
bn:00005093n	solicitud aplicación
bn:00005094n	aplicación baño capa cobertura mano revestimiento acabado
bn:00005106n	ingeniero ingeniera tecnólogo tecnóloga científico_aplicado
bn:00005109n	cita citado nombramiento persona_designada
bn:00005110n	nombramiento asignación designación
bn:00005111n	cita compromiso esponsales hora
bn:00005112n	
bn:00005119n	yuxtaposición
bn:00005125n	apreciación
bn:00005126n	apreciación discernimiento gusto perceptividad
bn:00005129n	agradecimiento gratitud appreciativeness
bn:00005133n	aprensión terror pavor recelo temor
bn:00005134n	comprensión entendimiento aprehensión discernimiento sapiencia aprehencion intelección entender comprender comprension intelecto
bn:00005136n	arresto detención aprehension aprehensión detencion arrestada arrestar orden_de_arresto teniendo_en_custodia
bn:00005137n	aprendiz aprendizaje meritorio formación_profesional aprendices
bn:00005141n	aproximación ataque planteamiento enfoque plan_de_ataque
bn:00005142n	acercamiento aproximación planteamiento venida enfoque
bn:00005159n	
bn:00005160n	recepción_favorable aprobación
bn:00005164n	estimación aproximación idea presupuesto valoración estimacion estimado
bn:00005169n	abril abr 31_de_abril abrileno abriles abrileño
bn:00005180n	delantal mandil delantales
bn:00005200n	turquesa azul_verdoso aqua aguamarina azul_cobalto azul_real azul_turquesa color_turquesa aturquesado color_aqua turquesa_oriental turquesado turqui turquí agua azul_eléctrico
bn:00005242n	argón ar número_atómico_18 argon
bn:00005348n	pérgola cenador enramada pergola pérgolas
bn:00005361n	arco_voltaico descarga_eléctrica arco_eléctrico chispa_eléctrica chispa centella arco_electrico chispa_electrica descarga arco descarga_de_arco
bn:00005362n	arco arco_de_círculo curva arco_geometrico arco_geométrico arco_de_circunferencia arco_circular
bn:00005380n	grado grado_sexagesimal grado_arco grados_sexagesimales arcdegree grados
bn:00005399n	arzobispo arzobispado archidiócesis arquidiócesis arzobispos archiepiscopal arzobispo_ad_personam arzobispo_católico arzobispo_emerito arzobispo_emérito arzobispo_metropolitano arzobispal
bn:00005433n	paleocórtex arquicorteza archipallium archipalio arquipalio paleocortex paleocorteza archicortex arqueocortex arqueocórtex arquicortex arquicórtex lobulo_limbico lobulo_límbico lóbulo_limbico lóbulo_límbico allocortex
bn:00005435n	arquitecto diseñador arquitecta diseñadora arquitectos diseñadores ingeniero_de_construccion ingeniero_de_construcción arq. arquitectas disenador disenadora estudio_de_arquitectura
bn:00005461n	ártico artico ártica región_ártica árctico regiones_articas regiones_árticas región_del_ártico artica continente_ártico region_del_artico árticas arctic_zone norte_frigid_zone
bn:00005465n	círculo_polar_ártico circulo_polar_artico circulo_polar_ártico círculo_polar_artico circulo_artico circulo_ártico círculo_artico círculo_ártico
bn:00005511n	fervor ardor fogosidad fervidness
bn:00005513n	área región area superficie area_de_superficies sección área_de_superficies área_de_un_triángulo área_geométrica
bn:00005514n	área campo terreno
bn:00005515n	área región zona
bn:00005516n	área campo dominio esfera terreno ámbito órbita
bn:00005517n	zona área
bn:00005524n	areaway
bn:00005599n	controversia discusión bronca pelea polémica riña disputa lid pendencia quimera controversial controversias desavenencia controvertido argumentando argumento argumentos disceptation lucha
bn:00005600n	argumento
bn:00005601n	debate discusión argumento programa_de_debates debates debatir argumentación debate_político discutir equipo_debate teoría_de_la_argumentación
bn:00005605n	argumento argumento_lógico argumentación argumento_en_general línea línea_de_razonamiento
bn:00005658n	triamcinolona acetónido_de_triamcinolona aristocort aristopak kenalog
bn:00005674n	aristóteles aristoteles aristoteles_de_estagira aristóteles_de_estagira aristotelica aristotelico aristotélica aristotélico estagirita filosofia_aristotelica filosofia_aristotélica filosofía_aristotelica filosofía_aristotélica
bn:00005676n	aritmética aritmetica operaciones_aritméticas arimetica arimética aritmetica_elemental aritmética_elemental aritmético calculo_aritmetico calculo_aritmético cálculo_aritmetico cálculo_aritmético las_cuatro_operaciones_basicas las_cuatro_operaciones_básicas operaciones_basicas_de_la_aritmetica operaciones_basicas_de_la_aritmética operaciones_básicas_de_la_aritmetica operaciones_básicas_de_la_aritmética operación_aritmética
bn:00005702n	brazo braco brazo_y_mano braceto jarrete cupo parte_superior_del_brazo
bn:00005704n	arma armas armamento sistema_de_armas armamentos sistemas_de_armas
bn:00005706n	sucursal_bancaria subdivisión división oficina_bancaria sucursal sucursal_de_banco rama
bn:00005707n	manga funda
bn:00005717n	armadillo cachicamo cusuco dasypodidae gurre pitero quirquincho tatú toche ayotoste armado carachupa jerrejerre mulita tumulle armadillos
bn:00005721n	armamento arma
bn:00005729n	sillón butaca poltrona
bn:00005731n	combate contienda acción batalla lid pendencia pugna reyerta riña lidia lucha pelea combatir garata lides lidiar peleador peleadora peleadoras peleadores pelear pendenciar pendenciera pendencieras pendenciero pendencieros renir reñir rinas riñas combate_armado entrenamiento_de_combate peleas
bn:00005732n	fuerzas_armadas ejército las_fuerzas_armadas fas fuerza fuerza_armada ejercito ejercitos ejércitos fuerzas_militares milicia aparato_militar capitalismo_y_socialismo castrense estado_militar ff._aa. ffaa maquinaria_militar militar militares máquina_de_guerra rama_militar resistencia_armada servicios_armados
bn:00005737n	servicio_militar rama_militar conscripción mili servicio_militar_obligatorio la_mili conscripcion contingente_del_servicio_militar rama_de_servicio ramas_militares servicio_armado servicio_militar_en_espana servicio_militar_en_españa alistarse armado_de_servicio
bn:00005768n	armero armario
bn:00005769n	blindaje armadura acorazamiento coraza blindados blindar
bn:00005778n	tanque carro_de_combate vehículo_blindado_de_combate vehículo_de_combate_blindado carro_blindado tanque_de_guerra vehículos_blindados_de_combate afv blindado carro_armado vehiculo_blindado vehiculo_blindado_de_ataque vehiculo_blindado_de_combate vehiculo_de_ataque_blindado vehiculo_de_combate_blindado vehiculo_militar_blindado vehículo_blindado vehículo_blindado_de_ataque vehículo_de_ataque_blindado vehículo_militar_blindado carro_de_asalto carros_de_combate clasificación_de_tanques fuerzas_acorazadas mbt tanque_de_combate_principal tanque_principal_de_combate tanques_de_guerra tanques_en_el_periodo_de_entreguerras tanques_en_el_período_de_entreguerras tanques_en_la_guerra_fría tanques_en_la_primera_guerra_mundial tanques_en_la_segunda_guerra_mundial comandante_tanque ejército_de_tanques tanques
bn:00005787n	armería arsenal inventario
bn:00005793n	armas armamento material_de_guerra, munición sistema_de_armas
bn:00005803n	ejército ejército_de_tierra ejército_regular fuerzas_armadas ejercito_regular fuerzas_terrestres ejercito_de_tierra ejercitos_regulares ejércitos_regulares ejércitos las_fuerzas_de_tierra
bn:00005804n	movimiento ejército muchedumbre multitud horda movimiento_social
bn:00005813n	cabaña barraca campo_choza ejército_cabaña
bn:00005845n	olor aroma propiedad_olfativo
bn:00005851n	voltaire françois-marie_arouet françois_marie_arouet francois-marie_arouet francois-marie_arouet,_voltaire francois-marie_arouet_voltaire francois_arouet francois_marie_arouet francois_marie_arouet,_voltaire francois_marie_arouet_voltaire françois-marie_arouet,_voltaire françois-marie_arouet_voltaire françois_arouet françois_marie_arouet,_voltaire françois_marie_arouet_voltaire volteriana volterianismo volteriano arouet
bn:00005862n	arreglo disposición
bn:00005863n	organización sistema disposición orden ordenación
bn:00005864n	colocación
bn:00005869n	vector formación orden arreglo estructura_de_datos_la_matriz
bn:00005896n	flecha indicador
bn:00005913n	culo nalgas nalga trasero glúteos pompis asiento keister posterior ancas ano as_de_oros asentaderas cachas cachetes cola fin fondo grupa ocóte pandero posaderas posas poto rulé suelo tras traste tuje fundillo gluteo gluteos glúteo pompas traseros natis nádega nádegas pigofilia aboral apical basal bollos caudal caudalmente contralateral derriere detrás distal dorsolateral dorsoventral extremo_posterior extremo_trasero imbécil ipsilateral lateral línea_media_clavicular nates plantar posteriormente proximal región_glútea tooshie tush términos_anatómicos_de_localización términos_para_la_localización_anatómica ventral ventrolateral
bn:00005926n	arte bellas_artes
bn:00005928n	arte maestría pericia valor
bn:00005929n	gráfico gráficos arte obra_de_arte graficos cuestión_no_textual gráfica obras_de_arte
bn:00005951n	profesor_de_arte educación_artística educador_de_arte
bn:00006042n	arteria_pulmonar arteria_pulmonalis tronco_pulmonar arterias_pulmonares tronco_de_las_pulmonares truncus_pulmonalis presión_arterial_pulmonar pulmonalis_arteria
bn:00006121n	artículo artículo_periodístico articulo articulos artículos articulo_de_prensa articulo_periodistico artículo_de_prensa articulista
bn:00006122n	artículo
bn:00006125n	ropa prenda indumentaria vestimenta vestuario habiliment atavío traje vestido prenda_de_vestir atuendo prendas_de_vestir apparel atuendos confección_de_prendas_de_vestir indumentarias ropas uniforme_tercero uniforme_titular uniforme_visitante vestidos vestidura vestiduras vestimentas ropa_de_mujer usable
bn:00006128n	convicción certeza certidumbre convencimiento creencia_fuerte
bn:00006129n	mueble mobiliario muebles meuble moblaje muebleria mueblería artículo_de_mobiliario diseño_de_muebles muebles_para_el_hogar
bn:00006139n	codo articulación_del_codo cubitus articulacion_del_codo articulatio_cubiti codazo articulación_codo articulatio_cubital codo_humano codos cubital_conjunta
bn:00006140n	rodilla articulación_de_la_rodilla genu hinojo rodillas articulatio_genus rotura_de_menisco articulatio_género rodilla_humana
bn:00006143n	muñeca carpo articulación_radiocarpiana articulatio_radiocarpea huesos_del_carpo carpal huesos_carpianos ossa_carpalia ossa_carpi muneca carpus articulación_de_la_muñeca garra muñecas
bn:00006148n	articulación modo_de_articulación
bn:00006155n	ardid artificio artimaña astucia estratagema truco martingala regate treta
bn:00006157n	artesano oficial artesana artífice menestral artesanos artesanado artesanal jornaleros
bn:00006169n	satélite_artificial satélite orbitador satelite satélites_artificiales satelite_artificial satelites_artificiales bus_de_satelite bus_de_satélite modelo_de_satelite modelo_de_satélite sistema_satelital orbiter satélites
bn:00006174n	arma recurso
bn:00006175n	fuego_de_artillería cañón_de_fuego
bn:00006178n	artillero ametrallador cañonero servidor servidor_del_cañón
bn:00006182n	artista artistica artística artistas artistico artístico persona_creativa
bn:00006188n	inocencia ingenuidad naturalidad
bn:00006195n	humanidades artes_liberales artes letras humanistica letras_humanas saber_humanístico saberes_humanisticos saberes_humanísticos ciencia_humana ciencias_humanas saber_humanistico bachiller_en_humanidades formación_humanística grado_en_humanidades letras_puras teoria_de_las_ciencias_humanas teoría_de_las_ciencias_humanas arte_liberal disciplina_humanística estudios_liberales humaniora siete_artes_liberales
bn:00006248n	ascendiente dominio dominancia control dominación sometimiento sumisión ascendence ascenso
bn:00006301n	sonar sónar asdic sound_navigation_and_ranging ecosonda sonar_activo sonar_pasivo
bn:00006306n	fresno fraxinus fresnos
bn:00006329n	asia asiatica asiática continente_asiatico continente_asiático geografia_de_asia geografía_de_asia
bn:00006351n	digresión aparte excurso paréntesis digresion digresiones
bn:00006382n	aspecto faceta
bn:00006383n	aspecto matiz punto
bn:00006384n	panorama vista escena imagen_panorámica aspecto perspectiva panorámica imagen_panoramica panoramica vista_panoramica vista_panorámica panorama_visual panoramas
bn:00006386n	expresión aspecto apariencia estampa expresiones_faciales expresión_facial mirada
bn:00006399n	adustez rigor rigurosidad severidad
bn:00006461n	asesino asesina assassinator asesino_a_sueldo bravo sicario
bn:00006473n	comprobación ensayo informe prueba test
bn:00006479n	colectividad
bn:00006484n	ensambladura ensamblaje
bn:00006496n	afirmación aseveración aserción
bn:00006502n	juicio evaluación valoración
bn:00006506n	hijo_de_puta gilipollas bastardo cabrón capullo cerdo hideputa hijoputa hijueputa huevón pendejo motherfucker coño mierda mf mf'er mofo hija_de_puta hijo_puta
bn:00006509n	asiduidad aplicación concentración constancia dedicación entrega esmero
bn:00006513n	tarea cometido encargo deber_de_cesión
bn:00006522n	asistencia assist
bn:00006523n	asistente ayudante auxiliar
bn:00006531n	asociado socio
bn:00006532n	camarada compañero acompañante amigo compañera asociado camarada_politico camarada_político camaradas tovarich tovarisch tovarishch továrich továrisch továrishch correligionario companero miembro
bn:00006539n	asociación club asociacion asociación_voluntaria asociacion_voluntaria asociacion_sin_animo_de_lucro asociacion_sin_fin_de_lucro asociación_sin_fin_de_lucro asociación_sin_ánimo_de_lucro entidad_sin_animo_de_lucro entidad_sin_fin_de_lucro entidad_sin_ánimo_de_lucro organizacion_no_lucrativa organizacion_sin_animo_de_lucro organizacion_sin_fin_de_lucro organización_no_lucrativa organización_sin_fin_de_lucro organización_sin_ánimo_de_lucro asociaciones asociaciones_no_incorporadas asociación_no_incorporada organización_voluntaria
bn:00006541n	asociación
bn:00006554n	miscelánea variedad mezcla surtido cajón_de_sastre
bn:00006558n	premisa supuesto premisas
bn:00006559n	suposición asunción supuesto
bn:00006560n	toma asunción reclamando
bn:00006565n	autoconfianza confianza_en_sí_mismo confianza seguridad seguridad_en_sí_mismo aplomo autoridad certeza certidumbre convicción
bn:00006567n	
bn:00006682n	asincronismo asincronía desincronización desincronizar
bn:00006691n	en_casa
bn:00006717n	lenguas_atabascanas lengua_atabascana lenguas_atapascanas lenguas_atapascas athabascan athabascans idioma_athapaskan idiomas_athabascan idiomas_de_athabaskan lengua_athabaskan
bn:00006747n	deportista atleta personalidad_del_deporte atletas deportista_retirado deportistas
bn:00006752n	campo campo_deportivo pista_de_juego campo_de_deportes terreno_de_juego campo_de_juego campos_de_juego igualdad_de_condiciones área_de_juego
bn:00006759n	deporte atletismo deportes depor evento_deportivo acontecimiento_deportivo actividad_deportiva beneficios_del_deporte_a_la_salud deportista deportistas deportiva deportivo eventos_deportivos
bn:00006771n	atlanta capital_de_georgia atlanta_city atlanta_ga ciudad_de_atlanta el_melocotón_grande atlanta,_eu atlanta,_ga atlanta,_georgia atlanta_georgia
bn:00006773n	océano_atlántico atlántico océano_atlántico_sur océano_atlántico_norte atlantico_norte atlantico_sur oceano_atlantico oceano_atlantico_norte oceano_atlántico atlantico atlántico_norte ka_futa_lafken ka_füta_lafken mar_atlantico mar_atlántico mar_oceanica mar_oceánica mar_océana mar_océano oceano_atlantico_sur oceano_atlántico_norte océano_atlantico océano_atlantico_norte
bn:00006803n	atmósfera atm atmosfera presión_estándar atmósfera_estándar atmósferas condiciones_estándar condiciones_normales_de_temperatura_y_presión metros_cúbicos_normales presión_normal temperatura_y_presión_estándar
bn:00006807n	atmósfera atmosfera aire atmosfera_de_un_cuerpo_celeste atmosferico atmosférico atmosféricos composicion_de_la_atmosfera composicion_de_la_atmósfera composición_de_la_atmósfera
bn:00006808n	tiempo tiempo_atmosférico condición_atmosférica estado_del_tiempo clima condiciones condiciones_metereológicas tiempo_atmosferico tiempo_meteorológico condiciones_atmosféricas estado_atmosférico tiempo_meteorologico condiciones_climáticas
bn:00006814n	átomo atomo estructura_atómica átomos atomico atomos atómica atómico estructura_atomica sistemas_atómicos
bn:00006815n	mota partícula corpúsculo insignificancia menudencia miaja molécula pellizco pizca átomo
bn:00006823n	hidrógeno número_atómico_1 hidrogeno elemento_1 elemento_uno h primer_elemento protio hydrogenium dihidrógeno gas_hidrógeno hidrógeno_molecular molécula_de_hidrógeno molécula_hidrógeno
bn:00006835n	sodio na número_atómico_11 natrium sodico sódico
bn:00006845n	fósforo número_atómico_15 p fosforo fosforio
bn:00006847n	cloro número_atómico_17 cl chloro gas_cloro
bn:00006848n	potasio k número_atómico_19 kalium
bn:00006849n	helio número_atómico_2 he helium helio_superfluido
bn:00006850n	calcio número_atómico_20 ca calcios cálcico factor_de_coagulación_iv iones_de_calcio
bn:00006854n	cromo cr número_atómico_24 chromo dióxido_de_cromo cromo_hexavalente
bn:00006856n	hierro número_atómico_26 fe ferroso ferro ferrosa fierro ayas_shyama fabricacion_del_hierro fabricación_del_hierro ferrugiento ferrugineo ferruginoso ferrugíneo minas_de_hierro mineral_de_hierro metales_ferrosos
bn:00006859n	cobre número_atómico_29 cu cuprifera cuprifero cuprífera cuprífero cúprico
bn:00006883n	yodo iodo número_atómico_53 i iodina iodización yodado
bn:00006906n	tungsteno volframio wolframio número_atómico_74 w wolfram wólfram tugsteno
bn:00006910n	platino pt número_atómico_78
bn:00006912n	oxígeno oxigeno número_atómico_8 o elemento_8 elemento_ocho octavo_elemento átomo_de_oxígeno formula_quimica_del_oxigeno oxigeno_atomico oxigeno_atómico oxígeno_atomico oxígeno_atómico oxígeno_molecular
bn:00006913n	mercurio hidrargirio hg hidrargiro azogue número_atómico_80 hydrargyrum hidrargirium hidrárgiro contaminación_por_mercurio
bn:00006915n	plomo número_atómico_82 pb plomería saturnisno mineral_de_plomo
bn:00006921n	flúor número_atómico_9 fluor f fluorado fluoro
bn:00006939n	atomización fragmentació fragmentación
bn:00006944n	compensación expiación satisfacción vindicación
bn:00006979n	atrofia emaciación emaciacion atrofiado atrofiar atrófica consumiéndose
bn:00006992n	atadura lazo ligadura unión
bn:00006994n	ataque asalto arremetida agresión
bn:00006995n	ataque ofensiva
bn:00006997n	atentado tentativa asalto ataque delito_tentado intento
bn:00007002n	caza avión_de_combate avión_de_ataque_a_tierra avión_de_caza cazabombardero ataque_a_tierra aviación_de_caza avion_caza avion_de_ataque avion_de_ataque_a_tierra avion_de_ataque_al_suelo avion_de_ataque_ligero avion_de_caza avion_de_combate aviones_caza avión_caza avión_de_ataque avión_de_ataque_al_suelo caza_de_reaccion caza_de_reacción aviones_de_combate aeronave_de_combate aviacion_de_caza avión_de_ataque_ligero caza_a_reacción caza_de_combate caza_diurno aviones_de_ataque aviones_de_ataque_a_tierra
bn:00007011n	intento esfuerzo conato deber tentativa tratar_de
bn:00007013n	asistencia presencia
bn:00007020n	atención atencion
bn:00007021n	atención
bn:00007022n	atención consideración detalle miramento
bn:00007046n	traje atavío atuendo veste vestido uniforme_militar uniformes_militares
bn:00007047n	actitud disposición postura actitudes actitud_mental
bn:00007048n	posición postura actitud ademán
bn:00007051n	abogado abogada letrado letrada notario defensor jurista picapleitos abogados abogadas licenciada licenciado licenciado_en_derecho abogacía abogado_criminal abogado_defensor asesor_legal
bn:00007063n	atracción
bn:00007067n	dimensión_de_un_espacio_vectorial atributo cualidad propiedad virtud dimension_de_un_espacio_vectorial dimensión dimension_de_hamel dimension_espacial dimensión_de_hamel dimensión_espacial dimensión_vectorial dimensión_finita espacio_vectorial_de_dimensión_finita
bn:00007073n	tasa_de_cancelación_de_clientes tasa_de_cancelacion_de_clientes tasa_de_deserción tasa_de_desgaste
bn:00007078n	posada albergo albergue auberge fonda hostería mesón parador hospedaje hospedería hostal hotel venta hostelería posadero
bn:00007096n	audiencia público espectador publico espectadores participación_del_público
bn:00007098n	audiencia vista
bn:00007101n	sonido audio volumen
bn:00007108n	sistema_de_audio sistema_de_sonido almacenamiento_audio almacenamiento_de_audio grabaciones_sonoras grabación_y_reproducción_de_sonido sistema_sonido sonido_grabado
bn:00007134n	sonido sensación_auditiva sentido_del_oído
bn:00007140n	agosto ago agusto de_agosto
bn:00007146n	nada cero nulo nix zip nula 0 ninguno algo huevo_de_ganso nada_de_nada zippo
bn:00007182n	tía tia tita tiíta tía_paterna tía_abuela hermana_del_padre tia_paterna
bn:00007184n	aura aureola halo nimbo gloria_divina dar_fama gloria mandorla
bn:00007189n	clortetraciclina clorotetraciclina aureomicina
bn:00007205n	amanecer aurora alba orto madrugada salida_del_sol albor alborada amanecida mañana crepusculo_matutino crepúsculo_matutino diluculo dilúculo lubrican lubricán amaneceres canto_de_gallo primera_luz romper_del_día
bn:00007228n	australia mancomunidad_de_australia austrália commonwealth_of_australia australiana australiano commonwealth_de_australia aussie australianos nacionalidad_australiana reino_de_australia straya
bn:00007286n	autenticidad casticidad legitimidad
bn:00007287n	autor escritor autora escritora autores escritores autoras escritoras autor_literario autoria autoría coautor escritora_de_cuentos
bn:00007288n	autor artífice
bn:00007293n	autoridad autorización dominación dominio autorizado
bn:00007299n	régimen gobierno autoridad régimen_político regimen regimen_politico regimenes regímenes autoridades
bn:00007304n	capital_social acciones_autorizadas
bn:00007306n	composición escritura autoría encierro
bn:00007309n	automóvil auto coche carro máquina turismo vehículo automovil automóviles 🚗 automocion automoviles parque_automotor
bn:00007339n	autofluorescencia autoflorescencia
bn:00007366n	automatización mecanización robotización automación maquinización automatización_industrial automatica automatizacion automatizacion_industrial ingenieria_automatica ingenieria_automática ingenieria_de_control ingeniería_automatica ingeniería_de_control control_en_lazo_abierto_y_en_lazo_cerrado mecanizacion mecanizar automatización_de_fábrica automatizado automatizar mecanizada
bn:00007389n	autonomía liberalismo autonomia autonomía_individual autonomía_nacional gobierno_autónomo libertad
bn:00007406n	otoño otoñada equinoccio_de_otoño agüerro otonal otono otonos otoñal otoños
bn:00007434n	avaricia codicia avaritia avidez concupiscencia rapacidad siete_pecados_capitales
bn:00007449n	media promedio término_medio media_estadistica media_estadística media_aritmética
bn:00007452n	coste_medio coste_total costo_medio costo_promedio coste_medios costos_medios
bn:00007485n	evitación sorteo alejamiento evitando
bn:00007495n	despertar despertamiento
bn:00007496n	laudo concesión laudo_arbitral
bn:00007497n	premio galardón prémio galardon galardonar lista_de_premios medallas_y_condecoraciones premios prize
bn:00007498n	conciencia conocimiento conciencia_fenoménica conciencia_humana consciente estado_de_conciencia mente_consciente
bn:00007502n	sobrecogimiento respeto
bn:00007514n	cubierta_de_paseo huracán_cubierta huracán_techo toldo_cubierta
bn:00007517n	hacha hachas hachazo hachear hachero hacha_fuego
bn:00007528n	máxima aforismo axioma sentencia
bn:00007530n	eje
bn:00007594n	bacillus bacilo bacillus_polymyxa
bn:00007630n	bebé bebe infante lactante nene niña niño criatura guagua neonato rorro niña_de_pecho niño_de_pecho recién_nacidos bebés infantil neonatal
bn:00007645n	benjamina benjamín menor pequeña pequeño
bn:00007652n	habitación_de_bebé la_habitación_del_bebé
bn:00007675n	infancia primera_infancia infancia_temprana la_primera_infancia
bn:00007699n	tabaco baccy
bn:00007727n	espalda dorso espaldar respaldo lomo
bn:00007728n	reverso envés revés posterior dorso fondo parte_de_atrás parte_trasera trasera
bn:00007729n	parte_de_atrás fondo trasero
bn:00007731n	columna_vertebral raquis espina_dorsal espinazo espalda rosario columna_vertebralis vertebrales vértebras
bn:00007732n	cubierta portada tapa encuadernación lomo encuadernación_de_libros
bn:00007753n	porche_trasero back_porch
bn:00007763n	backbend arco puente salto_mortal_hacia_atrás
bn:00007767n	moxie agallas cojones coraje discernimiento huevos nervio sangre_fría valor
bn:00007770n	broma impertinencia fisga réplicas bromas burlas
bn:00007772n	marcha_atrás vuelta_atrás escalar_hacia_abajo retractación
bn:00007782n	fondo segundo_plano trasfondo
bn:00007785n	fondo
bn:00007786n	campo esfera marco ámbito
bn:00007797n	patrocinio patrocinazgo
bn:00007817n	propina baksheesh pourboire adehala propinas yapa backsheesh bakshis bakshish punta
bn:00007824n	bastidores entre_bastidores bambalinas lateral
bn:00007828n	receptor
bn:00007837n	suplente sustituto substituto doble_de_luces doble relevo hombre_de_copia_de_seguridad rellenar
bn:00007846n	patio_trasero patio_de_atrás traspatio traspuesta jardín_trasero
bn:00007875n	maldad malo
bn:00007884n	mala_suerte desdicha desgracia desventura infortunio la_mala_suerte
bn:00007896n	distintivo medalla placa insignia pin piocha insignias
bn:00007921n	desconcierto ofuscación perplejidad abobamiento alelamiento atolondramiento atontamiento atontolinamiento befuddlement
bn:00007922n	bolsa bolso
bn:00007924n	base
bn:00007925n	bolso cartera bolsa bulto bolsos_de_mano bolsa_de_mano bolsos
bn:00007927n	maleta valija bolsa_de_viaje mala petaca
bn:00007932n	bolsa_de_trucos
bn:00007951n	burdel lupanar mancebía prostíbulo puticlub bawdyhouse casa_de_mala_reputación casa_de_putas meublé bagno casa_de_citas mancebia prostibulario prostibulo prostibulos prostíbulos puti-club whiskeria whiskería burdeles bagne casa_de_prostitución deportivo_casa
bn:00007974n	fianza libertad_provisional caución bono depósito libertad_bajo_fianza la_fianza
bn:00007985n	campo_de_estudio campo disciplina ramo tema área area_de_jurisdicción estudio terreno ámbito área_de_estudio área_temática cátedra materia campo_académico campo_temático disciplina_académica
bn:00008043n	equilibrio balance
bn:00008044n	saldo
bn:00008047n	residuo resto remanente restante sobra
bn:00008051n	simetría correspondencia_matemática correspondencia_matematica biunivoca biunívoca biunívoco correspondencia_biunivoca correspondencia_biunívoca correspondencia_inversa correspondencia_univoca correspondencia_uno-a-uno correspondencia_unívoca univoca univocamente univoco unívoca unívocamente unívoco correspondencia simetrías simétrica symmetricalness
bn:00008120n	pelota balón bola balón_de_fútbol pelota_de_fútbol balon_de_futbol balon pelota_de_futbol balon_de_fútbol balón_de_futbol ⚽
bn:00008121n	bala_de_mosquete bala mosquete_pelota
bn:00008123n	
bn:00008124n	testículo cojón testículos bola huevo pelota cojones dídimo gónada turma óvulo bolas cataplines huevos testiculo testicular cojon gonada_masculina gónada_masculina testiculos ballock bollocks teste
bn:00008127n	bola bodoque bultito bulto pella terrón trozo glob
bn:00008141n	club club_de_béisbol ball_club equipo_de_béisbol bola_club
bn:00008153n	balada poema_narrativo balada_pop balada_rock baladas baladas_de_poder
bn:00008161n	barretter lastre lastre_eléctrica resistor_de_lastre
bn:00008164n	bailarina ballerina danseuse
bn:00008179n	misil_balístico misiles_balísticos misil_balistico misiles_balisticos misilies_balísticos misilies_balisticos
bn:00008197n	papeleta boleta_electoral balota papeleta_de_voto papeleta_electoral boletas_electorales papeletas tarjeta_electoral boletas_de_votación cédula_de_votación papeleta_de_votación
bn:00008198n	voto votación votacíon boleta_electoral elección votacion votada votado votante voto_popular un_hombre,_un_voto votador papeleta_de_votación papeleta_mariposa votantes
bn:00008205n	jugador_de_béisbol beisbolista beisbolero pelotera pelotero el_jugador_de_béisbol
bn:00008243n	baltimore baltimore,_maryland baltimore,_md baltimore_city baltimore_maryland baltimore_md ciudad_de_baltimore
bn:00008247n	balaustrada pasamanos barandilla pasamano parapeto baranda barandillas_pasamanos
bn:00008250n	estallido explosión golpe percusión zarpazo zumbido
bn:00008267n	cliché tópico banalidad lugar_común perogrullada fruslería futilidad nimiedad trivialidad clisé cliche clise clichés frase_común vulgar
bn:00008279n	grupo banda conjunto círculo
bn:00008280n	banda grupo artista_en_solitario banda_de_música banda_musical banda_pop bandas_de_rock conjunto_instrumental conjunto_musical grupo_de_música proyecto_en_solitario
bn:00008282n	raya faja tira
bn:00008333n	cinturón derribo golpe golpe_fuerte hostia lechazo leche mamporro piña tortazo zambombazo
bn:00008335n	emoción entusiasmo excitación pico
bn:00008363n	banco margen orilla ribera vera talud terraplén orilla_del_río
bn:00008364n	banco banca bancos entidad_bancaria entidad_de_crédito casa_bancaria entidad_de_depósito sucursal_bancaria banca_al_detalle banca_telefonica banca_telefónica bancaria banquero casas_bancarias entidades_bancarias entidades_de_crédito intermediación_financiera templos_banco banca_de_empresas banca_internacional banca_preocupación banco_extranjero bancos_extranjeros banqueros industria_bancaria institución_financiera_depositaria sistema_bancario
bn:00008375n	billete_de_banco billete papel_moneda letra billetes_de_banco billetes billete_bancario moneda_fiduciaria cuenta_bancaria dólar federal_reserve_note gobierno_nota
bn:00008378n	cheque talón cheques cheque_en_blanco cheque_postal cheque_bancario
bn:00008406n	banquero banquera
bn:00008418n	
bn:00008424n	pancarta serpentina pendón banner estandarte telón_de_publicidad banderola pendon
bn:00008464n	barra lanza palo vara
bn:00008465n	compás bar barra_de_compás barra_de_compas compas medida
bn:00008467n	prevención
bn:00008472n	pastilla
bn:00008532n	barra barra_con_pesas haltera
bn:00008547n	barbitúrico barbiturico barbitúricos barbiturate barbituricos
bn:00008556n	william_shakespeare shakespeare bardo_de_avon el_bardo shakesperiano w._shakespeare w_shakespeare shakspere
bn:00008568n	trato pacto acuerdo arreglín bicoca ganga
bn:00008572n	comerciante mercader monger distribuidor tratante trading trader mercante operador_de_mercado trader_de_mercados_financieros
bn:00008576n	barcaza gabarra hoy barca bombo lanchón panga barcazas barco_de_piso barco_plano más_ligero
bn:00008594n	corteza corteza_de_árbol ritidoma corteza_de_arbol peridermis
bn:00008596n	bricbarca barca velero_de_cuatro_mástiles velero_de_tres_mástiles
bn:00008614n	granero galpón establo cobertizo construcción_agrícola alpende alpendre galpon galpones
bn:00008636n	presión_atmosférica presión_barométrica
bn:00008639n	magnate mogol potentado archipámpano gran_empresario líder_empresarial fabricante líder_industrial magnate_empresario ejecutivo el_líder_empresarial gran_hombre_de_negocios industrial industriales madera_barón magnate_naviero magnates
bn:00008674n	barraca caserna cuartel
bn:00008690n	cañón gun_barrel barril anima anima_rayada ánima_lisa ánima_rayada cañón_de_la_pistola
bn:00008691n	barril cuba tonel barriles tonele barrica
bn:00008700n	tonel aileron_roll barrel_roll flick_roll medio_tonel rudder_roll rueda_de_toneles slow_roll snap_roll tonel_(maniobra_aerea tonel_(maniobra_aérea tonel_4_tiempos tonel_de_aleron tonel_de_alerón tonel_en_4_tiempos tonel_en_8_tiempos tonel_en_dos_tiempos tonel_lento tonel_rápido tonel_volado
bn:00008703n	honky-tonk honky_tonk barrelhouse garito
bn:00008733n	barras_paralelas bares paralelas
bn:00008781n	base base_de_operaciones
bn:00008782n	base cimentación cimiento fundación fundamento pie subestructura cimentacion cimientos understructure
bn:00008783n	
bn:00008785n	base mínimo
bn:00008786n	base fundamento base_hamel base_ordenada vector_de_la_base vectores_de_la_base
bn:00008787n	base fundamento peana pedestal pie soporte stand
bn:00008793n	tema raíz lexema base radical tema_morfologico tema_morfológico madre raíz_de_la_palabra tallo
bn:00008800n	base_por_bolas boleto pasaporte transferencia bases_por_bolas
bn:00008804n	béisbol beisbol baseball base_ball beisbolista pelota_base pelotas_y_bats juego_de_béisbol jugadores_béisbol
bn:00008821n	línea_base referencia
bn:00008824n	sótano sotano subterráneo bodega bodegas sótanos
bn:00008832n	constatación suposición_básica verdad_evidente
bn:00008868n	lavabo lavamanos aljofaina jofaina palancana palangana
bn:00008870n	base cimentación cimiento fundamento
bn:00008872n	cesta cesto handbasket canasta canastilla cestos cuevano espuerta roscadero capazo cuévano cestilla cestas
bn:00008887n	armadura_de_cesta
bn:00008889n	baloncesto básquetbol basketball basquetbol baloncestista básket basket básquet basquet basquetball basquetbolista básketbol básquetball historia_del_baloncesto jugador_de_baloncesto aros club_baloncesto club_de_baloncesto juego_de_baloncesto jugador_de_baloncesto_estonia
bn:00008922n	contrabajo contrabajista violón contrabajos doble_bajo bajo_acustico bajo_acústico contrabajistas interpretes_de_contrabajo intérpretes_de_contrabajo bajo_de_viola bordón contra_el_bajo doble_bajista pie_bajo toro_violín
bn:00008985n	montón passel avalancha barbaridad bestialidad burrada cantidad cúmulo enormidad fajo lote mogollón montaña multitud pila dineral fortuna bastante_un_poco buena_suma gran_cantidad mickle mucho muckle
bn:00008990n	
bn:00008995n	cuarto_de_baño baño lavabo cuarto_de_bano sanitario baños
bn:00009007n	bañista nadador natator bañador bañadora nadadora tortuga_plana
bn:00009020n	aseo baño cuarto_de_baño lav excusado inodoro lata lavabo retrete váter
bn:00009052n	bateador batedor bateador_de_poder porcentaje_de_slugging promedio_de_slugging slugging_promedio toletero
bn:00009055n	batallón ejército masa multitud gran_número
bn:00009059n	caja_de_bateo
bn:00009062n	ariete arietes
bn:00009064n	batería batería_eléctrica pila acumulador pila_eléctrica acumulador_electrico bateria bateria_electrica bateria_eléctrica bateria_recargable batería_electrica baterías_eléctricas eléctrico_de_batería
bn:00009074n	instructor_de_bateo coach_de_la_banca entrenador_de_bateo
bn:00009078n	batalla lucha conflicto acción combate batallar batallas compromiso escaramuzas
bn:00009079n	lucha batalla esfuerzo pugna puja
bn:00009085n	grito_de_guerra
bn:00009184n	frente primera_línea frente_de_batalla frente_militar frente_de_combate frente_de_guerra primera_linea
bn:00009186n	combatiente guerrero beligerante luchador batallador battler peleón
bn:00009200n	baviera bavaria bayern estado_libre_de_baviera bavara bávara estado_de_baviera freistaat_bayern
bn:00009212n	bahía bahia bahias bahías ensenada
bn:00009233n	massachusetts estado_de_massachusetts mancomunidad_de_massachusetts estado_de_la_bahía ma massachusetts,_estados_unidos masachusets masachúsets massachusets massachussets massachussetts old_colony
bn:00009248n	bayoneta bayonetas carga_a_la_bayoneta
bn:00009263n	playa playas costa
bn:00009301n	beadsman bedesman
bn:00009313n	haz haz_de_radio
bn:00009314n	viga sovigano sovigaño teoria_de_vigas_de_navier-bernouilli teoria_de_vigas_de_navier_bernouilli teoría_de_vigas_de_navier-bernouilli teoría_de_vigas_de_navier_bernouilli teoria_de_vigas_de_euler-bernoulli teoria_de_vigas_de_euler_bernoulli teoría_de_vigas_de_euler-bernoulli teoría_de_vigas_de_euler_bernoulli trabe trabes vigas
bn:00009315n	haz_de_electrones
bn:00009316n	rayo_de_luz rayo haz_de_luz haz rayo_luminoso irradiación luz_incidente rayo_principal
bn:00009334n	boston capital_de_massachusetts el_centro_del_universo la_atenas_de_américa la_ciudad_que_camina la_cuna_de_la_américa_moderna la_cuna_de_la_libertad boston,_ma boston,_massachusetts boston_massachusetts bostoniana bostoniano beantown eje_del_universo frijol_town
bn:00009361n	barba vibrisas barba_cerrada bigote bigotes barbas cara_hongo sombra_de_las_cinco
bn:00009373n	toter distribuidor mensajero portador porteador recadero repartidor transportista
bn:00009374n	mozo portador portadora
bn:00009380n	porte meneo postura zarandeo
bn:00009396n	ritmo pulso cadencia compás tiempo ritmo_musical células_rítmicas celulas_ritmicas metro ritmos rítmica agógica ritmica ritmicos ritmo_compuesto rítmico rítmicos fuera_de_compás unidad_rítmica
bn:00009400n	métrica metro cadencia medida ritmo metrica metrica_poetica métrica_española métrica_poética metrica_espanola metrica_española metrica_poética métrica_espanola versificacion versificación metro_cuantitativo verso_cuantitativo
bn:00009410n	superación
bn:00009440n	lulu belleza bombón maravilla mujer preciosidad tía_buena combates_de_lucha_libre_profesional countout dos_de_tres_caídas_partido lucha_libre_profesional luchador_profesional luchadores_profesionales
bn:00009472n	cama catre piltra lecho sobre catrera
bn:00009474n	lecho fondo
bn:00009485n	ropa_de_cama ropa_cama
bn:00009493n	sábana sabana sábanas hoja_de_cama
bn:00009495n	dormitorio alcoba cuarto recámara habitación cámara habitación_de_huéspedes pieza alhania alhanía habitaculo recamara habitáculo coche_cama dormitorios
bn:00009510n	columna_de_la_cama
bn:00009524n	abeja anthophila abejas abejuno abeja_solitaria
bn:00009536n	haya fagus madera_de_haya pellín phegos hayedos beech_tree hayas árbol_de_haya
bn:00009543n	carne ganado_vacuno_para_carne ganado_vacuno
bn:00009544n	carne_de_res carne_de_vaca boeuf buey carne_de_buey vacuno carne_de_vacuno carne_bovina carne_vacuna
bn:00009586n	satanás belcebú diablo satán demonio príncipe_de_las_tinieblas beelzebub espíritu_maligno lucifer luzbel baal_zebub baalzebu baalzebub baalzebuth baalzebú beelzebu beelzebuth beelzebú belcebu el_senor_de_las_moscas el_señor_de_las_moscas satan satanas el_tentador old_nick
bn:00009589n	cerveza birra industria_de_la_cerveza 🍺 🍻 cerveza_sin_gluten cervezas panza_cervecera industria_cervecera
bn:00009591n	botella_de_cerveza botellín_de_cerveza botella_cerveza
bn:00009616n	padre papá papi papa pa papito chaw engendrador padre_biológico progenitor_masculino
bn:00009632n	comienzo inicio principio comenzamiento
bn:00009633n	inicio principio comienzo umbral primer_momento showtime tiempo_de_inicio
bn:00009634n	principio comienzo
bn:00009635n	origen fuente raíz germen nacimiento principio venero inicio
bn:00009652n	representación
bn:00009654n	comportamiento conducta actuación pauta postura proceder conducción hechos
bn:00009655n	comportamiento conducta mala_conducta
bn:00009656n	comportamiento conducta proceder maneras modales pauta postura comportamiento_social mala_conducta porte
bn:00009664n	coloso figura hombre_de_peso monstruo mujer_de_peso titán
bn:00009668n	observador espectador perceptor
bn:00009676n	existencia ser existente existir estado_de_ser
bn:00009677n	ser organismo ser_vivo organismos criatura organismo_vivo organismos_vivos seres_vivos clasificacion_del_ser_vivo flora_y_la_fauna seres
bn:00009716n	creencia sistema_de_creencias convicción creencias convicciones creer creyente creyentes creyer creencia_verdadera_justificada sistemas_de_creencias
bn:00009717n	impresión creencia sentimiento sensación noción idea
bn:00009720n	adorador creyente devoto fiel
bn:00009727n	campana
bn:00009728n	timbre campanilla_de_puerta timbres timbre_de_la_puerta
bn:00009737n	curva_normal campana_de_gauss función_gaussiana curva_de_campana curva_gausiana forma_gausiana funcion_gaussiana curva_de_gauss gráfica_de_campana curva_en_forma_de_campana función_de_gauss gaussian_curva gaussian_forma núcleo_gaussiano
bn:00009800n	ombligo omphalus pupo ónfalo cachube region_umbilical región_umbilical umbilical hipótesis_de_omphalos omphalos
bn:00009815n	propiedad bien posesión pertenencia posesiones inmueble dominio derecho_de_dominio derechos_de_propiedad duena dueno duenos dueña dueño dueños ius_abutendi ius_fruendi ius_utendi propietario propietarios título_de_propiedad pertenencias
bn:00009819n	amado querida amor cariño cielo corazón querido sol
bn:00009822n	correa_de_transmisión correa correa_de_transmision
bn:00009823n	cinturón cinto cincho correa faja cinturon cinturones
bn:00009829n	la_hebilla_del_cinturón
bn:00009834n	carretera_de_circunvalación circunvalación variante disyuntor ronda carretera_de_circunvalacion carreteras_de_circunvalación anillo_de_circunvalacion anillo_de_circunvalación anillo_periferico anillo_periférico anillo_perimetral anillo_vial autopista_de_circunvalacion autopista_de_circunvalación autovia_de_circunvalacion autovia_de_circunvalación autovía_de_circunvalacion autovía_de_circunvalación avenida_de_circunvalacion avenida_de_circunvalación carreteras_de_circunvalacion variantes_de_poblacion variantes_de_población vía_de_circunvalación autopista_orbital carretera_circunvalación ruta_de_camiones ruta_de_circunvalación
bn:00009853n	banco_de_trabajo mesa_de_trabajo banco_de_carpintero obrador
bn:00009867n	curva recodo curvatura giro vuelta
bn:00009904n	prestación subsidio beneficios
bn:00009905n	beneficio provecho ventaja
bn:00010002n	duelo luto aflicción luto_oficial
bn:00010061n	distribución_binomial distribución_de_bernoulli distribución_bernoulli distribución_binómica distribucion_de_bernoulli distribucion_dicotomica distribución_dicotómica probabilidad_binomial distribucion_binomial binomial distribucion_binomiala distribucion_binominal distribución_binomiala distribución_binominal probabilidad_binominal
bn:00010066n	baya fruta_del_bosque frutas_del_bosque fruta_de_clima_templado fruto_del_bosque fruto_silvestre frutos_del_bosque frutos_rojos frutos_silvestres bayas
bn:00010073n	puesto cargo lugar oficina posición empleo
bn:00010075n	coy camarote litera desembarcadero catre construido_en_la_cama
bn:00010086n	sitiador
bn:00010097n	
bn:00010102n	mejor_amigo
bn:00010110n	donante dador donador otorgador
bn:00010111n	apuesta postura apuestas bring-in participaciones
bn:00010161n	cónyuge esposo consorte marido media_naranja esposa conyugal conyuge conyuges cónyuges contrayente contrayentes esposos compañero persona_casada socio
bn:00010183n	bebida bebidas potable trago beber bebestible bebible brebaje fabricación_de_bebidas
bn:00010210n	prejuicio sesgo inclinación parcialidad predisposición prejuicios prejudicialidad imparcial sesgos sin_perjuicio
bn:00010217n	biblia sagrada_escritura biblia_cristiana la_biblia las_escrituras el_buen_libro la_palabra las_sagradas_escrituras libro antiguo_y_nuevo_testamento sagrados_textos santos_libros sagradas_escrituras santa_biblia la_santa_biblia biblias escrituras_sagradas santas_escrituras biblica biblico biblista bíblica bíblico bíblicos la_escritura textos_biblicos textos_bíblicos buen_libro escritura escritura_sagrada escrituras escrituras_cristianas libro_sagrado texto_religioso texto_sagrado textos_religiosos textos_sagrados
bn:00010248n	bicicleta bici bicicletas velocipedo velocípedo bicicleta_de_carretera bicicleta_hibrida bicicleta_plegable
bn:00010258n	ciclista bicycler ciclistas
bn:00010260n	orden dictado mandato comando
bn:00010261n	
bn:00010270n	gallina pollo
bn:00010271n	pollito polluelo pollo
bn:00010307n	megabucks mucho_dinero
bn:00010317n	división_de_honor primera_división grandes_ligas mayores
bn:00010390n	irritabilidad desabrimiento hosquedad manía pettishness
bn:00010392n	proyecto_de_ley proposición_de_ley anteproyecto proposicion_de_ley propuesta_de_ley proyectos_de_ley
bn:00010394n	volante periódico_de_gran_formato circular broadsheet flyer formato_sábana periodico_de_gran_formato volante_de_papel volante_propagandistico volante_propagandístico formato_sabana costado distribución_de_folletos sábana volantes
bn:00010395n	cartel pancarta letrero póster anuncio rótulo pancartas pasacalle pasacalles
bn:00010411n	acusación imputación procesamiento acusaciones acusado acusar auto_de_procesamiento
bn:00010422n	nota línea breve_carta
bn:00010429n	billetera cartera billetero cartera_de_bolsillo
bn:00010489n	
bn:00010508n	binoculares prismáticos gemelos gemelos_de_teatro aclínico binoculares_de_teatro binocular prismatico prismaticos prismático
bn:00010514n	guerra_biológica arma_biológica arma_bacteriológica bioarma guerra_bacteriológica armas_biológicas arma_bacteriologica arma_biologica armas_bacteriologicas armas_bacteriológicas armas_biologicas bioarmas guerra_bacteriologica guerra_biologica guerra_quimica_y_biologica guerra_quimica_y_biológica guerra_química_y_biologica guerra_química_y_biológica ataque_biológico bioataque bw
bn:00010534n	biografía vida biografías biografia biografias biografico biograficos biográfico biográficos biografiado biografiar biografo biográfica biógrafa biógrafo historia_de_su_vida
bn:00010569n	biopsia biopsias
bn:00010578n	biociencia ciencias_de_la_vida ciencias_biológicas
bn:00010605n	aves pájaro ave pájaros dinosaurio_aviano dinosaurio_aviar pajaro pajaros pajarraco pajarracos avafauna avifauna
bn:00010607n	bomba moza chica gachí muchacha muñeca nena polla tía
bn:00010671n	planificación_familiar control_de_la_natalidad anticoncepción control_de_natalidad contracepción método_anticonceptivo metodo_anticonceptivo métodos_contraceptivos prevencion_de_embarazo prevencion_de_embarazos prevención_de_embarazo prevención_de_embarazos productos_anticonceptivos anticoncepcion contraconcepcion metodos_contraceptivos planificacion_familiar anticonceptivos anticonceptiva anticonceptivas anticonceptivo contracepcion contraceptivo contraceptivos contraconcepción contraconceptivo control_de_la_fertilidad control_natal metodos_anticonceptivos métodos_anticonceptivos pildora_trifasica prevencion_del_embarazo prevención_del_embarazo nacimiento_prevención
bn:00010678n	cumpleaños aniversario natalicio fiesta_de_cumpleanos fiesta_de_cumpleaños cumpleanos onomásticos
bn:00010679n	cumpleaños fecha_de_nacimiento natalicio aniversario día_natal fiestas_de_cumpleaños
bn:00010696n	galleta hallulla
bn:00010706n	obispo obispo_católico obispo_emérito
bn:00010712n	papa santo_padre pontífice sumo_pontífice obispo_de_roma vicario_de_cristo papa_católico papa_catolico papa_de_roma papa_romano pastor_supremo patriarca_de_roma primado_de_italia romano_pontifice sumo_pontifice papa_de_la_iglesia_católica papal máximo_pontífice romano_pontífice servus_servorum_dei siervo_de_los_siervos_de_dios sucesor_de_pedro el_papa los_diez_pontificados_mas_cortos los_diez_pontificados_más_cortos papa/2006 papa/2007 papa/2008 papa_2006 papa_2007 papa_2008 papa_cristiano papa_de_la_iglesia_catolica papado papas poder_papal pontífices_romanos sumos_pontifices sumos_pontífices titulos_del_papa títulos_del_papa papa_católico_romano
bn:00010726n	pedazo trozo poquita poquito poco
bn:00010727n	copo fragmento parte pedazo brizna jirón miaja migaja pizca retazo triza trocito átomo
bn:00010728n	momento instante minuto segundo
bn:00010729n	
bn:00010744n	mordedura mordisco mordedura_animal mordeduras
bn:00010788n	resentimiento rencor amargura encono resentida resentido
bn:00010805n	acantonamiento campamento campo cantón vivac vivaque acantonamientos
bn:00010806n	camping campamento vivaque vivac campismo cámping área_de_camping lugar_de_acampada zona_de_acampada área_de_acampada área_de_campamento campamentos camping_ground campings lugar_para_acampar refugio_vivac zona_de_camping
bn:00010807n	campamento camping acampada cámping vivac acampar campin campings campismo refugio_vivac tenting vivaqueando
bn:00010816n	negro negror negrura negruzco atezado bruno nigerrimo nigérrimo renegrido color_negro inkiness
bn:00010820n	negro negroide negra raza_negra negroides ascendencia_africana comunidad_negro moro mujeres_negras negros persona_negro
bn:00010866n	cuerpo_negro radiacion_de_cuerpo_negro radiacion_del_cuerpo_negro radiación_del_cuerpo_negro radiación_de_cuerpo_negro espectro_de_cuerpo_negro negro radiador_completo
bn:00010892n	ojo_morado moratón ojo_a_la_funerala ojo_amoratado ojo_negro
bn:00010894n	revés adversidad contratiempo descalabro percance tropiezo
bn:00011038n	apagón dimout
bn:00011080n	
bn:00011081n	espada garrancha guarnición kaskara shotel ⚔ espadas
bn:00011107n	
bn:00011110n	espacio
bn:00011117n	espacio_en_blanco blanco
bn:00011119n	manta frazada colcha cobertor cobija frisa cobijas frazadas
bn:00011120n	capa manto
bn:00011134n	profanación sacrilegio blasfemia profanamiento profanacion profanar sacrílega sacrílego
bn:00011135n	
bn:00011136n	ráfaga racha soplido soplo
bn:00011183n	graderío gradas grada tribuna gradería graderio
bn:00011193n	hemorragia sangrado hemorragias hemorragico hemorrágico ahorcamiento antihemorragico antihemorrágico sangradura hemorrágica pérdida_sangre sangría
bn:00011198n	aleación
bn:00011204n	
bn:00011224n	maría virgen_maría la_virgen miriam la_virgen_maría mary maria madre_de_jesús santa_maría bienaventurada_virgen_maria nuestra_señora aeiparthenos bienaventurada_virgen_maría madre_de_jesus maria_de_nazaret maria_de_nazareth maria_virgen maría,_madre_de_jesús maría_de_nazaret maría_de_nazareth maría_santísima maría_virgen nuestra_senora nuestra_senora_de_belen nuestra_senora_santa_maria nuestra_senora_santa_maría nuestra_señora_de_belén nuestra_señora_santa_maria nuestra_señora_santa_maría santa_madre_de_dios santisima_virgen santisima_virgen_maria santisima_virgen_maría santísima_virgen santísima_virgen_maría virgen_maria virgen_santa_maria virgen_santa_maría virgen_santisima virgen_santísima vírgen_maría virgen
bn:00011227n	cháchara conversación_insustancial conversación_vana disparate parleta chin_music contar_bolas parlotear ralentí_charla
bn:00011237n	desperfecto infortunio plaga
bn:00011241n	bloke chico muchacho niño tipo tío
bn:00011247n	
bn:00011271n	ceguera invidencia ceguedad ofuscación ciega ciego invidente invidentes cecity discapacidades_visuales legalmente_ciego sightlessness
bn:00011276n	instante momento periquete santiamén parpadeo segundo en_un_periquete en_un_pispás en_un_santiamén suspiro abrir_y_cerrar_de_ojos centelleo fracción_de_segundo new_york_minute
bn:00011277n	intermitente
bn:00011303n	torsión_gástrica torsion_gastrica torsion_gástrica torsión_gastrica hinchazón hinchar
bn:00011308n	bloque
bn:00011309n	manzana manzana_urbana cuadra barriada_de_la_ciudad bloque
bn:00011312n	bloque
bn:00011321n	bloque_capital bloque_carta
bn:00011327n	bloqueo embolsamiento bloqueo_internacional bloqueo_naval estrategia_de_bloqueo bloquearon bloqueos cerco circunvalación
bn:00011346n	sangre sangre_humana celula_sanguinea celula_sanguínea celulas_de_la_sangre circulacion_de_la_sangre circulacion_sanguinea circulacion_sanguínea circulación_de_la_sangre célula_sanguinea célula_sanguínea células_de_la_sangre haema irrigación_sanguinea sanguis tejido_sanguineo tejido_sanguíneo hematológicos sangre_oxigenada
bn:00011347n	carácter sangre
bn:00011357n	hermano
bn:00011383n	plasma plasma_sanguíneo plasma_sanguineo plasmáticas
bn:00011389n	suero suero_sanguíneo plasma suero_hematico suero_hemático suero_sanguineo
bn:00011392n	torrente_sanguíneo corriente_sanguínea circulacíon_de_la_sangre corriente_sanguíne sangre sanguíneo
bn:00011396n	vaso_sanguíneo vías_sanguíneas vas_sanguineum vaso_sanguineo vasos_sanguíneos vasos_sanguineos avascular intravascular vascular
bn:00011398n	perro_de_san_huberto sabueso bloodhound blood_hound sabueso_de_san_huberto
bn:00011422n	flor floración copa_de_la_flor florecimiento planta_floral floracion brotes flores temporada_de_crecimiento
bn:00011424n	lozanía rosáceo rosaceo
bn:00011428n	blooper pifia cagada chapucería error flub metedura_de_pata boner buñuelo cantada cante caída chapucear chapuza disparate embrollo equivocación estropeo gazapatón gazapo patinazo patochada plancha condoro desatino descache desliz embarrada garrafal metida_de_pata quilombo toma_falsa topinada torpeza tropiezo bluper chascarro bloopers boo-boo bungle carrete_blooper lío meter_la_pata
bn:00011442n	golpe golpetazo impacto
bn:00011447n	secador_de_pelo secador secador_de_cabello secapelos secadora_de_pelo soplador_de_mano
bn:00011454n	soplador ventilador fuelle
bn:00011461n	bufadero respiradero géiser_marítimo bufón geiser_maritimo lumbrera venthole
bn:00011462n	soplo
bn:00011468n	explosión explosion detonación explosiones
bn:00011479n	
bn:00011480n	azul_del_cielo blue_air cielo_azul aire_azul azul_cielo wild_blue_yonder
bn:00011571n	pastel_de_arándanos tarta_de_arándanos tarta_de_arandanos
bn:00011581n	pomatomidae pomatomus_saltatrix anjova sastre anjora pez_golfar golfar pescado_azul
bn:00011593n	dibujo diseño esquema figura proyecto
bn:00011633n	boa_constrictor boa_constrictora boa constrictor_constrictor
bn:00011638n	buró comité consejo junta
bn:00011639n	tablón tabla plancha tablero plancha_de_madera tablon tablones
bn:00011643n	mesa_de_comedor mesa
bn:00011660n	embarque embarco embarkment
bn:00011672n	autobombo jactancia autoadulación farde autoelogio fanfarrón jactarse
bn:00011674n	barco bote barca barcos embarcación nave barcos_menores barco_menor
bn:00011732n	corpiño almilla jubón
bn:00011744n	cuerpo estructura_física estructura_orgánica cuerpo_físico
bn:00011745n	cuerpo asociación comunidad corporación
bn:00011747n	cuerpo
bn:00011748n	torso tronco cuerpo
bn:00011749n	cuerpo
bn:00011750n	consistencia eubstance
bn:00011755n	complexión constitución físico cuerpo_y_construcción
bn:00011766n	cuerpo_de_agua agua masa_de_agua extensión_de_agua cuerpos_de_agua masas_de_agua
bn:00011769n	parte_del_cuerpo parte_corporal
bn:00011773n	ladrón_de_cadáveres gul cuerpo_snatcher ladrones_de_cuerpos
bn:00011779n	peso_corporal peso_del_cuerpo_humano peso masa_corporal masa_corporal_humana masa_humana peso_humano de_peso_corporal peso_corporal_al peso_corporal_ideal
bn:00011780n	culturista fisicoculturista muscleman hombre_musculoso construcción_del_cuerpo constructor_del_cuerpo culturismo culturistas musclebuilder musculación músculo-constructor músculo_constructor
bn:00011781n	guardaespaldas escolta espaldero guardaespalda
bn:00011807n	coco fantasma trasgo
bn:00011809n	bogi
bn:00011897n	rayo trueno chispa
bn:00011900n	fuga_precipitada salida_repentina
bn:00011917n	bomba explosivo bomba_convencional bombazo bomba_explosiva bomba_de_caida_libre bomba_de_caída_libre bomba_de_proposito_general bomba_explosivo 💣 atentados bombas
bn:00011918n	bomba_calorimétrica calorímetro_de_bomba
bn:00011929n	bombardeo bombardeo_aéreo ataque_aéreo bombardeo_aereo bombardeos_aéreos
bn:00011933n	bombay mumbai bombai mumbay
bn:00011963n	gourmet epicúreo gastrónomo bon_vivant sibarita foodie goloso vividor gurmet comidista epicúrea vividora manjar gourmets
bn:00011973n	enlace enlace_químico enlaces_químicos combinacion_quimica combinacion_química combinación_quimica enlace_quimico enlaces_quimicos union_quimica union_química unión_quimica unión_química enlace_de_un_electron enlace_de_un_electrón enlace_de_un_solo_electron enlace_de_un_solo_electrón
bn:00011974n	bono obligación bonos bono_de_deuda bonos_garantizados_por_el_estado obligación_financiera bono_certificado
bn:00011975n	cadenas cuerdas grillete trabas
bn:00011984n	esclavitud servidumbre subyugación esclavo esclavos mano_de_obra_esclava obra_esclava propietario_de_esclavos
bn:00012000n	tejido_óseo
bn:00012010n	médula_ósea tuétano médula meollo médula_ósea_humana medula_osea caracú medula_ósea medulla_ossium médula_osea tuetano
bn:00012017n	harina_de_hueso harina_de_huesos
bn:00012042n	incentivo plus
bn:00012048n	televisor televisión caja_idiota tele aparato_de_televisión caja_tonta television tv televisores receptor_de_televisión caja_de_gafas pantalla_televisión teta_tubo tv_set
bn:00012059n	libro libros librario
bn:00012060n	volumen rollo ejemplar libro tomo vol vol. volúmenes rollo_de_papiro rollos_manuscritos diseñador_de_libros diseño_de_libros
bn:00012061n	registro relación libro_borrador
bn:00012127n	reserva contratación reservación
bn:00012128n	reserva reservación
bn:00012132n	contaduría teneduría teneduría_de_libros contabilidad contaduria contaduría_pública auxiliar_de_contabilidad clerking
bn:00012135n	librería erudito estudiante docto especialista estudioso sabio comercio_de_libros librerías libreria librerias venta_de_libros comercio_librero mercader_de_libros bookman librero libreros persona_erudita tienda_de_libros
bn:00012146n	trueno estruendo retumbo fragor
bn:00012171n	patada puntapié coz patadas patear patada_de_hacha
bn:00012188n	contrabandista_de_licores moonshiner
bn:00012193n	saqueo botín dinero_sucio presa sacomano dinero_b dinero_en_b dinero_negro
bn:00012195n	licor bebida_destilada aguardiente alcohol bebida_fuerte trago bebida_alcohólica_fuerte licor_espirituoso bebida_alcohólica bebidas_duras espíritu espíritus john_barleycorn licor_destilado licores licores_destilados sidra
bn:00012213n	borde límite perímetro frontera margen
bn:00012214n	borde orilla canto margen frontera contorno filo
bn:00012232n	aburrimiento tedio hastío apatía hastio aburrida aburrido aburridor aburrir tedioso
bn:00012256n	concejo ciudad
bn:00012273n	vaca bos_taurus ganado toro bueyes vacas ganado_vacuno vacuno bos_primigenius_taurus ganado_bovino bovino bovinos ternero becerro bos_primigenius bos_taurus_taurus toros ternera anojo anojos añojo añojos becerra becerras cuatrena cuatrenas cuatreno cuatrenos cuatreña cuatreñas cuatreño cuatreños erales ganadería_bovina res rimi uro utreras utrero utreros vaca_lechera bovinos_domésticos ganado_doméstico
bn:00012289n	corazón alma
bn:00012293n	jefe capitoste caporal gaffer jefa patrona patrón mandamás
bn:00012297n	saliente_redondo
bn:00012327n	problema alboroto escándalo lata lío molestia
bn:00012339n	botella frasco botellas botella_de_vidrio botellín
bn:00012340n	botella botellita
bn:00012361n	constricción embotellamiento gollete punto_de_congestión cuello_de_botella
bn:00012365n	parte_inferior envés inferior
bn:00012366n	fondo inferior
bn:00012368n	bottomland tierras_altas tierras_bajas
bn:00012389n	boucle tejido_con_bucles bouclé
bn:00012399n	rama cepo gajo ramo
bn:00012412n	rebote
bn:00012415n	bouncing_betty mina-s mina_saltarina mina_s
bn:00012417n	borde frontera arista límite lado
bn:00012418n	límite frontera límites
bn:00012419n	límite frontera raya
bn:00012432n	ramillete ramo corsage ramita ramillete_de_flores
bn:00012434n	bourbon
bn:00012465n	lazo nudo_de_cordón_de_zapato nudo_de_cordon_de_zapato arco bowknot
bn:00012466n	arco
bn:00012484n	intestino intestinos entrañas tripa tripas entraña intestino_grueso tubo_digestivo intestinal tracto_intestinal gastrointestinal lumen_intestinal mucosa_intestinal sistema_gastrointestinal tracto_gastro-intestinal tracto_gastrointestinal_humano tracto_gastrointestinal_superior órganos_digestivos
bn:00012494n	cuenco
bn:00012519n	cuerda_de_arco cuerda_del_arco cuerda
bn:00012524n	caja cajas
bn:00012525n	palco luneta reservado caja
bn:00012526n	caja_llena
bn:00012553n	furgón vagones
bn:00012569n	niño chico muchacho joven jovencito chaval garzón mozo niño_varón hijo_varón
bn:00012570n	muchacho
bn:00012571n	hijo niño
bn:00012580n	infancia niñez
bn:00012591n	burro idiota imbécil estúpido necio zoquete gilí
bn:00012592n	hombre tipo tío
bn:00012595n	abrazadera
bn:00012596n	pareja par díada dúo tándem dístico coplas dos duada pareado pareados
bn:00012597n	par par_ordenado pares_ordenados
bn:00012679n	cerebro encéfalo celebro cerebral cerebrales cerebrum dano_cerebral funciones_del_cerebro lobulo_optico lobulo_óptico lóbulo_óptico cerebro_de_los_mamíferos función_cerebral
bn:00012680n	agudeza capacidad_intelectual capacidad_mental ingenio inteligencia mentalidad capacidad_de_aprendizaje cerebro poder_mental gracia listeza la_capacidad_de_aprendizaje
bn:00012681n	mente nous psique cabeza cerebro psiquis psiquismo mente_humana psiquico psíquico mental mentales contenido_mental
bn:00012682n	genio cerebro genia crack einstein genialidad brainiac
bn:00012686n	adivinanza enigma acertijo interrogante misterio rompecabezas quisicosa adivinanzas cerebro_teaser
bn:00012706n	insight idea intuición idea_genial
bn:00012724n	frenos sistema_de_frenos
bn:00012738n	rama ramas ramificación tira-savia tira_savia tocon_de_rama tocón_de_rama
bn:00012739n	ramificación
bn:00012742n	ramal ramal_ferroviario estimular_el_seguimiento ramales
bn:00012758n	marca nombre_comercial marca_registrada nombre_de_fábrica razón_social dba ergónimo identidad_de_marca marca_de_fábrica marcas marketing_de_la_marca nombres_comerciales
bn:00012759n	marca
bn:00012760n	
bn:00012789n	latón oro_de_abisinia azófar laton similor azofar oro_abisinio bronce objetos_de_bronce
bn:00012864n	ruptura caiga
bn:00012877n	sustento medio_de_vida manutención sustentación ganarse_la_vida trabajo pan_y_mantequilla
bn:00012886n	estómago tum barriga buche granero panza estomago cardias_del_estomago esfinter_esofagico esfinter_esofágico esfínter_esofagico esfínter_esofágico estomacal estomáquico funcion_del_estomago incisura_cardial esfínter_esofágico_inferior gaster gástrica orificio_cardiaco secreción_gástrica
bn:00012893n	ancho anchura amplitud
bn:00012899n	pausa receso recreo respiro recreo_estudiantil descanso pausa_escolar recreo_escolar el_tiempo_de_espera
bn:00012900n	ruptura fractura quebrantamiento quiebra b-boy b-boying b-boys bailarín_de_la_rotura break-dance break_dancer breakdance breakdancer
bn:00012907n	interrupción paréntesis pausa
bn:00012914n	romper_el_sello
bn:00012922n	alteración dislocación desglose ruptura
bn:00012930n	desayuno almuerzo desayunar parvo desayunos
bn:00012933n	mesa_de_desayuno
bn:00012940n	descubrimiento hallazgo
bn:00012944n	alejamiento desapego desprendimiento desunión separación
bn:00012945n	rompeolas espigón escollera malecón dique baluarte bastión muelle cortaolas espigon malecon espigones embarcadero breakwall lunar
bn:00012950n	pecho pechuga seno
bn:00012965n	respiración
bn:00012966n	aliento respiración
bn:00012973n	respiración ventilación respiro aliento respiracion respiracion_tisular respiración_tisular respirar respiración_externa
bn:00012986n	raza variedad raza_de_animal_doméstico linaje pedigrí criados razas
bn:00012992n	educación instrucción
bn:00012995n	reproducción procreación reproduccion procrear estado_reproductivo estrategia_reproductiva fisiologia_reproductiva fisiología_reproductiva procreacion reproduccion_animal reproducción_animal reproductivo autogamia autógama hechos_de_la_vida reproducirse reproductiva
bn:00013046n	bric-à-brac chuchería curiosidades fuslería bric-a-brac baratijas estante knickknackery nicknack
bn:00013047n	ladrillo ladriello ladrillazo ladrillos ladrilloso fabricación_de_ladrillos ladrillo_buff ladrillo_rojo terracota
bn:00013059n	albañilería
bn:00013078n	puente circuito_puente
bn:00013079n	
bn:00013102n	memoria_judicial brief escrito escrito_legal
bn:00013112n	bergantín brigo bergantines
bn:00013115n	general_de_brigada brigadier brigadier_general general_brigadier brigadier_mayor comandante_de_brigada general_brigada
bn:00013121n	brillo brillantez luminosidad
bn:00013123n	luminancia luminosidad luz brillo nivel_de_brillo
bn:00013130n	grandeza brillantez esplendor grandiosidad magnificencia
bn:00013132n	brillo lustre brillantez esplendor lucimiento realce brillante
bn:00013135n	borde lado
bn:00013139n	agua_de_mar agua_salada agua_marina salmuera agua_del_mar de_agua_salada
bn:00013142n	entrega reparto distribución delivery reparto_a_domicilio entrega_a_domicilio trayendo
bn:00013173n	reino_unido reino_unido_de_gran_bretaña_e_irlanda_del_norte gran_bretaña reino_unido_de_la_gran_bretaña_e_irlanda_del_norte reino united_kingdom uk u.k. gb gbr inglaterra britanica britanicos británica británicos cabo_dungeness el_reino_unido futbol_de_inglaterra fútbol_de_inglaterra gran+bretana gran+bretaña gran_bretana_e_irlanda_del_norte gran_bretaña_e_irlanda_del_norte inglesas nacionalidad_britanica nacionalidad_británica r._u. r.u. r_u r_u. reino_unido_de_bretaña reino_unido_de_gran_bretana_e_irlanda_del_norte reino_unido_de_la_gran_bretana reino_unido_de_la_gran_bretana_e_irlanda_del_norte reino_unido_de_la_gran_bretaña reinounidense ru rudgbeidn rugbin u_k u_k. united_kingdom_of_great_britain_and_northern_ireland
bn:00013179n	londres greater_london london capital_británica gran_londres londres,_inglaterra london,_uk londres,_reino_unido londinense london,_england london_england londres_inglaterra londrés capital_del_reino_unido el_capital_británico
bn:00013234n	emisión difusión transmisión trasmisión retransmisión
bn:00013247n	ensanchamiento
bn:00013248n	
bn:00013281n	duelo dolor angustia congoja sufrimiento aflicción desconsuelo calamidad corazón_destrozado corazón_roto desamor pena pesadumbre pesar sinsabor duelo_patológico duelo_psicológico duelo_solidario duelo_patologico duelo_psicologico quebranto
bn:00013283n	agencia_de_corredores casa_de_bolsa casa_de_corretaje corretaje sociedad_de_bolsa corredor correduría agencia_de_bolsa agencia_de_corretaje brokerage firma_de_corredores firma_de_valores la_firma_de_corretaje
bn:00013297n	azul_de_bromofenol tetrabromo-fenolsulfonaftaleína
bn:00013306n	bronco bronc mesteño mustang broncos potro_cerril
bn:00013307n	arteria_bronquial ramas_bronquiales_de_la_aorta_torácica arterias_bronquiales arteriae_bronchiales rami_bronchiales_partis_thoracicae_aortae ramas_bronquiales_de_la_aorta_toracica
bn:00013311n	bronquiolo bronquiolo_respiratorio bronquiolo_terminal bronquiolos bronchioli bronquíolo bronquíolos
bn:00013333n	cría nidada lechigada prole
bn:00013340n	arroyo riachuelo caleta
bn:00013347n	brooklyn brooklyn,_nueva_york brooklyn,_new_york brooklyn,_ny brooklyn_new_york brooklyn_nueva_york brooklyn_ny condado_de_kings kings
bn:00013371n	hermano
bn:00013372n	compañero camarada amigo amigote compinche hermano acompañante amigota amigueta amiguete colega compañera cuate edecán hermana pal socia socio sidekick patada_lateral
bn:00013379n	sindicato sindicatos organización_sindical sindical organizacion_sindical sindicato_obrero agente_socieconomico agente_socieconómico organizaciones_sindicales representante_sindical sindicais sindicales sindicalismo_obrero sindicatos_obreros sistema_sindical uniones_obreras unión_obrera organizaciones_laborales sindicalista sindicalistas sindicalizados sindicato_de_maestros
bn:00013385n	alboroto algarabía barahunda batahola bullicio greguería gresca grita guachafita guirigay jaleo rebullicio tole zurriburri barahúnda
bn:00013389n	frente frons
bn:00013390n	ceja supercilium cejas arco_supraorbitario
bn:00013406n	lignito lignita carbón_lignito
bn:00013465n	toro matón strapper
bn:00013488n	matorral bosquecillo monte_bajo soto boscaje bosquete broza floresta maraña maleza
bn:00013489n	cepillo brocha pincel escobilla cepillo_del_pelo cepillos
bn:00013515n	ferocidad saña barbarie brutalidad salvajismo crueldad
bn:00013548n	fuente_de_agua fuente_de_beber fuente_pública fuente bebedero caño_de_vecindad caño_vecinal fuente_publica fuente_pública_comunal fuente_vecinal agua_de_la_fuente burbujeador fuente_de_agua_potable
bn:00013560n	bucanero pirata corsario filibustero corsaria bucaneros barco_pirata mar_ladrón
bn:00013577n	plinto bóveda caballo_largo potro_de_madera
bn:00013578n	dólar pavo pavos billete_de_un_dólar dólar_proyecto_de_ley dólares estados_unidos_de_un_dólar_proyecto_ley un_dólar_proyecto_de_ley
bn:00013585n	soldado_raso soldado cabo privado recluta soldado_común
bn:00013587n	vaquero buckaroo buckeroo
bn:00013590n	cubo balde cubeta pozal tobo cubo_de_cinco_galones
bn:00013597n	ohio estado_de_ohio cuna_de_la_aviación el_estado_de_buckeye oh ojaio ojayo buckeye_estado
bn:00013600n	hebilla chape
bn:00013609n	caballo_isabelino
bn:00013623n	campesino lugareño provinciano pueblerino trabajador_agrícola campesinos
bn:00013625n	capullo
bn:00013628n	buda buda_gautama gautama sidarta_gautama siddharta_gautama gautama_buddha siddharta sakyamuni gautama_buda siddhartha_gautama buda_gautamá buda_hechos_mas_importantes buda_sakia buda_sakiamuni buda_sakyamuni buddha buddha_gautamá budha butsu fó gautama_shakiamuni gautama_siddharta_buda gautamá_buda principe_sidarta príncipe_sidarta sakiamuni_buda sakyamuni_buda shaka_nyorai shakia_muni shakiamuni shakyamuni shakyamuni_buda shākyamuni sidarta_gautama_buda sidarta_gautamá siddarta siddartha_gautama siddharta_gautama_buda siddharta_gautama_buddha siddharta_gautamá_buda siddhartha_gautama_buda siddhartha_gautamá siddhattha_gotama siddhārtha_gautama sākyamuni sākyamuni_buda śakyamuni śakyamuni_buda śākyamuni śākyamuni_buda siddhartha
bn:00013643n	gastos_generales overhead opex gasto_de_explotación gasto_fijo gastos_de_funcionamiento gastos_operacionales costo_operacional gastos costes_generales gastos_de_operación costos_de_operación el_costo_de_operación partidas_presupuestarias
bn:00013648n	aficionado amante devoto aficionada entusiasta fanático fan amiga amigo apasionada apasionado devota fanática admirador simpatizante admiradora seguidor seguidora admiradores fans forofo
bn:00013651n	ante anteado ocre_ante pardo_ante caramelo_marrón marrón_amarillento
bn:00013670n	buffer tampón
bn:00013679n	aparador bufet ambigú bufé seibó alacena estante mueble_aparador trinchero guardarropa vasar
bn:00013686n	payaso bufón payasa clown payasos augusto contraugusto payasada payaso_augusto merry_andrew
bn:00013716n	corneta cornetista
bn:00013719n	constructor detergente_constructor
bn:00013722n	edificio edificación edificios edificio_público casa construcción inmueble edificaciones edificacion edificio_publico edificios_públicos
bn:00013723n	construcción edificación obra_de_construcción tecnicas_de_construccion técnicas_de_construcción construccion construcción_de_edificios industria_de_la_construcción proyecto_de_construcción
bn:00013724n	construcción
bn:00013726n	unidad
bn:00013744n	bulbo bulbillo bulbos bulbillos bulbosa
bn:00013745n	bombilla lámpara_incandescente bombilla_incandescente luz_eléctrica ampolleta bombillo lámpara_de_incandescencia ampolla_eléctrica bombillas_incandescentes iluminación_eléctrica luz_electrica bulbo lampara_incandescente lamparita lámparas_incandescentes bombita foco lamparas_incandescentes alumbrado_eléctrico bombilla_de_luz luces_eléctricas luz_artificial bombillas eléctrico_de_la_bombilla filamento_eléctrico iluminación_incandescente luz_incandescente
bn:00013761n	bulto dorsiflexión flexión_plantar extensión extrusión joroba prominencia protuberancia corcova excrecencia abultamiento dorsiflexion extensio flexion_plantar plantarflexion plantarflexión aducción extensor extensores gibbousness gibosidad hiperextensión hiperflexión pronación rotación_externa rotación_interna
bn:00013767n	mayoría grueso granel mayor_parte
bn:00013768n	volumen masa mole
bn:00013775n	mierda huevada babosadas gilipollez huevonadas pendejada irish_toro mierda_de_perro
bn:00013777n	policía bofia gris guili guindilla guripa madero marrón pasma pitufo poli polizonte romano tira tombo
bn:00013785n	diana
bn:00013807n	bala proyectil ojiva balas
bn:00013843n	intimidación bullying hostigamiento matonismo vejación acoso_psicológico acoso_escolar acoso matonaje ultraje acoso_moral acoso_psicologico acoso_psiquico acoso_psíquico acoso_sicológico acoso_siquico acoso_síquico intimidado intimidar
bn:00013848n	baluarte muralla bastión muro pared
bn:00013851n	fulano git sinvergüenza vagabundo bribón cabrón canalla gilipollas miserable perro rata villano vómito zorro indigente vagabunda basca bastardo cretino mierda pendejo conque escoria_bolsa lowlife perro_sucio
bn:00013854n	abejorro abejarrón bombus abejón jorge jicote moscardón abejarron mangangá manganga abejorros humblebee
bn:00013873n	grupo manojo puñado amontonamiento clúster cúmulo racimo agrupación bonchote ramo clustering
bn:00013874n	multitud muchedumbre grupo pandilla basca cuadrilla hato panda gentío montón turba vulgo gentio
bn:00013882n	paquete bulto lío mazo atado fajo haz
bn:00013888n	bungalow bungaló cabaña chalet chalé rancho cottage bungalo búngalo cambuche rancherio rancherío bungalows casa_de_campo casa_de_verano
bn:00013894n	alimentar_litera
bn:00013896n	nonsense sinsentido tontería despropósito disparate hokum sin_sentido non_sense tontería_poco_escondida
bn:00013941n	carga peso preocupación
bn:00013942n	carga
bn:00013948n	cómoda cajonera gavetero pecho_de_cajones
bn:00013969n	avena avena_espesa
bn:00013980n	entierro inhumación enterramiento sepultura funeral sepelio sepultamiento soterramiento inhumacion sepultación enterramientos lugares_de_enterramiento enterrado entierros exhumar inhumaciones
bn:00014000n	birmania myanmar burma myanmar_[birmania] birmania/myanmar republica_de_la_union_de_myanmar república_de_la_unión_de_myanmar union_de_myanmar unión_de_myanmar unión_de_birmania república_de_la_unión_de_birmania birmana birmanos burmeses burmia republica_socialista_de_la_union_de_birmania republica_socialista_de_la_unión_de_birmania república_socialista_de_la_union_de_birmania union_de_birmania
bn:00014024n	combustión quemado oxidación combustion combustion_completa combustión_completa gas_de_combustion gas_de_combustión reaccion_de_combustion reacción_de_combustión combustión_incompleta combustion_incompleta
bn:00014037n	sepia rojo_veneciano caoba marrón_rojizo siena rojo_de_venecia acajou aguano marron_sepia marrón_sepia ocre_sepia pardo_sepia rojo_caoba rojo_venecia color_sepia siena_tostado
bn:00014044n	rebaba desbarbar
bn:00014066n	explosión estallo ráfaga erupción estallido reventón explosion
bn:00014067n	descarga descarga_cerrada salva ráfaga andanada estallido fusilería tiroteo ataque_con_arma_de_fuego
bn:00014084n	compañía_de_autobuses autobús_de_la_empresa servicio_de_autobús
bn:00014091n	parada_de_autobús parada_de_autobus parada_de_bus parada_de_colectivo tótem paradas_de_autobús
bn:00014094n	ayudante_de_camarero bachero ayudante_de_mozo galopino camarero mozo
bn:00014095n	arbusto mata arbustiva arbustos arbustivas arbustivo sufrutice sufruticosa sufrútice frutescente sufruticoso
bn:00014097n	chaparral breña chaparro maleza matorral
bn:00014113n	ligas_menores arbusto_liga menores_de_edad
bn:00014136n	negocio asunto asunto_de_negocios empresa organización_comerical organización_de_negocios negocios_preocupación organización_empresarial
bn:00014137n	negocios negocio empresa organización_comercial organizacion_comercial negociante negocioso negozuelo con_fines_de_lucro empresa_comercial empresas negocio_de_la_empresa sistema_de_negocios
bn:00014138n	trabajo ocupación empleo empresa profesión negocio day_job brete camello chamba curro laburo pega talacha ocupacion línea_de_trabajo vacante
bn:00014140n	asunto negocio
bn:00014143n	clientela negocio parroquia patronaje cliente
bn:00014145n	actividad_comercial actividad_empresarial
bn:00014147n	agente_de_negocios
bn:00014152n	acuerdo comercio negocio operación_comercial transacción trato trato_comercial
bn:00014155n	distrito_financiero downtown centro centro_ciudad centro_de_ciudad cbd central_business_district centro_financiero distrito_central_de_negocios distritos_financieros corazon_financiero corazón_financiero centro_de_la_ciudad zona_comercial
bn:00014157n	domicilio_social establecimiento_comercial
bn:00014160n	empresa compañía firma casa empresas empresa_negocio
bn:00014169n	oficina commercial_offices office_worker oficinas oficinas_comerciales oficinista oficina_de_negocios
bn:00014175n	hombre_de_negocios empresario negociante
bn:00014231n	mayordomo despensero maestresala sommelier sumiller pantryman
bn:00014234n	extremo tope_final
bn:00014237n	blanco_de_tiro blanco diana acertero
bn:00014238n	cigarrillo cigarro pitillo colilla cigarrillos cigaro cigarros_y_cigarrillos pucho cigaret
bn:00014305n	botón boton botonadura botones
bn:00014306n	botón tecla botón_pulsador pulsar pulsador boton botones presione_el_botón
bn:00014332n	comprador cliente adquiriente consumidor clienta compradora caveat vendee
bn:00014334n	compra adquisición adquisitivo compras
bn:00014373n	grado_celsius grado_centígrado c
bn:00014382n	billete_de_cien_dólares_estadounidenses 100_dólares_estadounidenses 100_usd 100_uss billete_de_100_dólares_estadounidenses billete_de_100_us$ billete_de_cien_dolares_estadounidense billete_de_cien_dolares_estadounidenses billete_de_cien_dólares_estadounidense billete_de_us$_100 billete_de_usd_100 cien_dolares_estadounidenses cien_dólares_estadounidenses usd_100 100_dolares_usa billete_de_100_dólares_usa cien_dolares_usa cien_dólares_usa 100_dolares_estadounidenses 100_us$ billete_de_100_dolares_estadounidenses billete_de_100_usd billete_de_100_uss billete_de_uss_100 c-note cien_dólares_factura
bn:00014403n	california alta_california estado_de_california el_estado_dorado californiano ca calif. california,_estados_unidos ca. californiana californianos califórnia golden_state
bn:00014418n	cabaña
bn:00014437n	camarote cabina
bn:00014438n	cabaña cabina
bn:00014445n	armario vitrina
bn:00014447n	casillero armario locker taquilla gabinete lócker vestidor taquilla_de_vestuario casilleros lockers almacenamiento armario_de_almacenamiento ebanista ebanistería gabinetes trabajo_de_casos
bn:00014485n	sello_de_aprobación cachet distinción prestigio sello sello_distintivo
bn:00014512n	cadáver fiambre muerto cenizas cuerpo restos restos_mortales tieso cadaver difunto cadáveres cadaver_humano cadáver_humano calavera cuerpo_muerto
bn:00014531n	amarillo_de_cadmio amarillo_cadmio pigmentos_de_cadmio rojo_cadmio
bn:00014537n	cuadro cuadro_de_mandos cadre
bn:00014550n	julio_césar cayo_julio_césar julius_caesar césar cayo_julio_cesar gayo_julio_césar julio_cesar gayo_julio_cesar divus_iulius gaio_giulio_cesare gaius_iulius_caesar
bn:00014557n	cafetería café cafetín cafeteria cafe cafeterias cafeterías café_bar cafés
bn:00014561n	cafetería comedor mensa cantina autoservicio casino cafeterías mess_hall
bn:00014574n	jaula
bn:00014640n	desastre calamidad tragedia catástrofe cataclismo desgracia hecatombe siniestro catastrofe debacle destruccion desastres destrucción calamidades catastrofico
bn:00014681n	lactato_de_calcio e327 e_327 lactato_cálcico lactato_calcico
bn:00014688n	cuenta cálculo calculo cómputo computación cálculos
bn:00014706n	calendario
bn:00014710n	mes mes_de_calendario mes_civil meses
bn:00014717n	novillo becerro ternero novilla novillos
bn:00014731n	calidad calibre cualidad embergadura calidades
bn:00014732n	calibración normalización calibrado calibraje estandarización calibrar calibracion
bn:00014743n	califa calif kalif kaliph kalifa califas khalifah orden_sufí tariqa tariqah tariqat
bn:00014791n	llamada_telefónica llamada llamada_de_teléfono telefonazo teléfono llamada_telefonica
bn:00014792n	
bn:00014793n	grito vociferación algarada clamor protesta tole gritar
bn:00014794n	demanda llamada llamado reclamo afirmación declaración proposición reclamación
bn:00014808n	cabina_telefónica locutorio cabina_de_teléfono cabina_telefonica caja_telefonica caja_telefónica cabina_de_telefono caja_de_llamada callbox teléfono_quiosco
bn:00014824n	visita
bn:00014839n	vocación carrera profesión vocación_profesional vocacion_profesional vocacion carreras llamado llamando profesional vocaciones vocación_religiosa
bn:00014878n	ecuanimidad autodominio calma calmosidad compostura serenidad tranquilidad
bn:00014940n	parto
bn:00015008n	cámara cámara_fotográfica camara camara_fotografica cámara_de_fotos camara_de_fotos camara_fotográfica camaras_fotograficas camaras_fotográficas cámara_de_fotografía cámara_óptica cámaras_fotográficas maquina_de_fotos máquina_de_fotos cámaras
bn:00015009n	cámara cámara_de_televisión cámara_de_video_profesional cámara_de_vídeo_profesional cámara_de_tele tv_cámara
bn:00015033n	camuflaje
bn:00015036n	campamento campo
bn:00015037n	campamento
bn:00015050n	campaña_electoral campaña_política campaña campañas_políticas propaganda_política publicidad_política campañas_electorales campana_electoral campana_politica campana_política campanas_electorales campanas_politicas campanas_políticas campaña_politica campañas_politicas propaganda_politica publicidad_politica campaña_presidencial
bn:00015051n	causa campaña cometido cruzada empeño misión movimiento
bn:00015052n	campaña_militar campaña campana_militar campañas_militares
bn:00015056n	candidato candidata nominada nominado activista paladín
bn:00015076n	campista excursionista explorador
bn:00015097n	campus campus_universitario campus_universitarios
bn:00015106n	inodoro orinal retrete vater wáter aseo baño cagadero excusado lavabo servicio taza water-closet bacineta bacinica bacinilla pelela baño_a_la_turca baños_a_la_turca escusado poceta sanisette toilete water bote crapper ir_al_baño
bn:00015115n	canadá canada dominio_de_canadá can norteamérica_británica canadense canadenses canadiense dominio_de_canada dominio_del_canadá el_canada el_canadá norteamérica_septentrional reino_de_canadá republica_de_canada
bn:00015144n	conducto canal vía ducto canales_iónicos conducto_epitelial
bn:00015180n	cáncer carcinoma cancer tumor_maligno enfermedad_neoplasica enfermedad_neoplásica neoplasia_maligna cancerosas celulas_cancerosas celulas_del_cancer cáncer_en_medicina células_cancerosas células_de_cáncer células_del_cáncer sistema_tnm_para_estadiaje_de_tumores. terapia_oncológica anti-cáncer cánceres enfermedad_neoplásica_maligna pacientes_con_cáncer terapia_del_cáncer
bn:00015211n	vela candela bujía cerillo cirio cera_luz velas
bn:00015267n	perro perro_doméstico canis_lupus_familiaris can canino canis_familiaris perra perros c._lupus_familiaris dogo 🐕 🐶 canis_lupus_sp._familiaris el_perro perro_domestico familiaris
bn:00015312n	carne_de_cañón carne_de_cañon pescado_fresco
bn:00015320n	canon
bn:00015322n	cañón canon canón desfiladero barranca congosto cañó cañon garganta cañones
bn:00015343n	cantata oratorio cantada cantatas oratorios
bn:00015349n	medio_galope galope lope
bn:00015381n	lienzo lona lienzos
bn:00015383n	
bn:00015387n	encuesta_de_opinión encuesta sondeo sondeo_de_opinión encuesta_pública solicitud sondeo_público encuesta_de_opinion_pública encuesta_de_opinion sondeo_de_opinion encuestas_de_opinión demoscopia encuestas_de_opinion sondeos_de_opinion sondeos_de_opinión sondeos_electorales encuesta_de_opinión_pública encuestas_de_opinión_pública índice_de_aprobación
bn:00015396n	caucho caucho_natural goma hule goma_elástica poliisopreno caucho_vulcanizado seringa cauchos
bn:00015398n	gorra sombrero_con_visera gorra_con_visera toca
bn:00015399n	chapa
bn:00015401n	
bn:00015409n	capacidad
bn:00015413n	amplitud capacidad espaciosidad commodiousness
bn:00015415n	condensador condensador_eléctrico capacitancia capacidad_eléctrica capacitor capacitador capacitores condensador_electrico capacitiva condensadores
bn:00015418n	capacidad
bn:00015419n	capacidad contenido
bn:00015427n	cabo punta ness
bn:00015428n	capa capa_corta manto manteo
bn:00015491n	capilar tubo_capilar
bn:00015493n	lecho_capilar
bn:00015496n	capital capital_de_trabajo fondo_de_maniobra fondo_de_rotación patrimonio_empresarial capital_circulante capital_corriente capital_de_rotación capital_de_rotacion capital_empresarial flujo_de_capital fondo_de_rotacion rentas_del_capital capital_extranjero capital_financiero flujos_de_capital
bn:00015497n	capital capital_financiero
bn:00015499n	mayúscula letra_mayúscula caja_alta letra mayúsculas letras_mayúsculas letras_minúsculas minúscula
bn:00015507n	plusvalía ganancia_de_capital plusvalía_de_capital ganancias_de_capital
bn:00015510n	pérdida_de_capital minusvalía pérdida_capital
bn:00015540n	parís capital_de_francia ciudad_de_la_luz capital_francesa paris la_ciudad_de_la_luz la_ciudad_luz ciudad_de_parís la_ciudad_de_las_luces paris,_france paris,_francia paris_francia parisiense parisiis parisino parís,_francia parís_francia capital_francés
bn:00015546n	honolulu honolulú capital_de_hawai honolulu,_hawai honolulu,_hawaii honolulu,_hawái honolulu_hawai honolulu_hawaii honolulu_hawái honolulú,_hawaii
bn:00015550n	indianápolis indianapolis capital_de_indiana capital_mundial_de_las_carreras capital_mundial_del_deporte_amateur ciudad_circle ciudad_del_ferrocarril encrucijada_de_américa indianapolis,_indiana indianapolis_indiana indianápolis,_indiana
bn:00015555n	jerusalén capital_de_israel jerusalem jerusalém al_quds jerusalen yerushalayim hierosolimitano hierosolimitanos hierosolomitano jerosolimitano
bn:00015556n	roma capital_de_italia capital_italiana ciudad_eterna la_ciudad_eterna roma,_italia roma_italia
bn:00015576n	saint_paul capital_de_minnesota st._paul st_paul saint_paul_minnesota st._paul_minnesota st_paul_minnesota saint_paul,_minesota saint_paul,_minnesota san_paul,_minnesota san_paul st._paul,_minnesota st_paul,_minnesota
bn:00015596n	columbus capital_de_ohio capital_del_arte_indie ciudad_del_arco la_ciudad_del_descubrimiento la_pequeña_ciudad_más_grande_de_américa colombus,_ohio columbus,_ohio columbus_ohio
bn:00015605n	varsovia warszawa capital_de_polonia warsaw
bn:00015607n	providence providence,_rhode_island providence_rhode_island providencia,_isla_rhode capital_de_rhode_island providencia
bn:00015634n	moscú capital_de_rusia moscow moscu ciudad_de_moscú moscovita moscovitas cultura_de_moscu cultura_de_moscú demografia_de_moscu demografia_de_moscú demografía_de_moscu demografía_de_moscú maskva maskvá mockba moscovítico москва capital_de_la_federación_de_rusia capital_rusa
bn:00015656n	pena_de_muerte ejecución pena_capital castigo_capital condenado_a_muerte ejecuciones ejecutado privación_de_vida abolición_de_la_pena_de_muerte ajusticiamiento condena_a_muerte condenada_a_muerte ejecucion penas_de_muerte sentencia_de_muerte ultima_pena última_pena crimen_capital delito_capital ejecución_judicial ejecución_pública ejecutar
bn:00015663n	capitalismo capitalistas capitalismo_de_mercado clase_capitalista corporate_class paises_capitalistas países_capitalistas sistema_capitalista economía_capitalista capitalismo_de_libre_mercado capitalismo_global capitalismo_industrial capitalista libre_empresa sociedad_capitalista
bn:00015720n	cabra chivo cabrón capra_aegagrus_hircus ganado_cabrío cabra_lechera cabras caprino leche_cabra leche_de_cabra
bn:00015740n	cabrestante cabestrante argue argüe baritel cabrestantes malacate malakate
bn:00015749n	capitán capitan capitan_primero capitan_segundo capitanear capitán_primero capitán_segundo
bn:00015750n	capitán capitán_de_navío capitan_de_navio capitan_de_navío capitán_de_navio
bn:00015751n	capitán capitán_de_policía jefe_de_policía capitán_de_la_policía el_jefe_de_policía
bn:00015752n	capitán capitán_de_navío capitana patrón patrona capitano_di_vascello capitán_de_barco capitan_de_navio capitan_de_navío capitán_de_navio capitan capitana_de_navío comandante capitán_de_mar
bn:00015753n	jefa jefe
bn:00015767n	preso prisionero cautivo pdg recluso detenida detenido presa prisionera presos
bn:00015775n	captura
bn:00015784n	cabeza sesera punta mente chola coco maceta marote melón sabiola tarro testa cabezazo cefálica
bn:00015785n	automotor vagón vehículo_ferroviario coche tren coche_automotor material_remolcado vagón_de_ferrocarril vagon vagon_ferroviario coche_de_ferrocarril coche_ferroviario coche_motor cochemotor vagon_de_ferrocarril vagón_ferroviario automotor_diésel automotor_eléctrico caja_de_ferrocarril vagones_de_ferrocarril autovía diesel_automotor ferrocarril_coche transporte_ferroviario vagón_de_tren vehículos_ferroviarios
bn:00015795n	estacionamiento aparcamiento parking parqueo parqueadero aparcadero parque aparcamiento_de_coches zona_de_aparcamiento aparcamientos
bn:00015839n	caravana cáfila camellero caravanero ruta_caravanera rutas_caravaneras camino_carretero tren_de_equipaje vagón_de_tren
bn:00015851n	carabina chimbera carabinas
bn:00015875n	tetracloruro_de_carbono tetraclorometano cloruro_de_carbono ccl4 carbono_tet perchloromethane
bn:00015876n	carbono_tetrahaluro
bn:00015897n	cadáver carcasa corpacho cuerpo
bn:00015914n	carta naipe tarjeta cartelera evento_principal supercard tarjeta_evento
bn:00015916n	tarjeta carta
bn:00015923n	juego_de_cartas juego_de_naipes juegos_de_cartas juego_de_naipes_o_cartas juegos_de_naipes naipes_y_juegos_de_naipes tarjetas
bn:00016012n	cautela cuidado miramiento precaución prevención previsión recaudo tiento
bn:00016013n	preocupación cuidado inquietud miedo temor
bn:00016015n	tutela atención cuidado custodia esmero
bn:00016019n	carrera carrera_profesional trayectoria
bn:00016032n	negligencia desamparo descuido dejadez desidia despreocupación incuria neglicencia abandono incumplimiento negligente
bn:00016047n	carga carga_de_pago envío flete cargamento carguío partida remesa mercancía transporte_de_mercancías transporte consignación flete_marítimo transporte_de_carga
bn:00016067n	islas_caribe islas_del_caribe insulares_del_caribe
bn:00016124n	relación_sexual acto_sexual coito cópula relaciones_sexuales coitus copulación acto_carnal concúbito relación carnal_knowledge relacion_sexual actos_sexuales copular actividad_sexual coitar coitos copula_sexual copulacion copulador copulas cópula_sexual cópulas ficken guarrerida_española hacer_el_amor penetracion_sexual penetración penetración_sexual penetrador penetradora penetradoras penetradores penetrante penetrantes penetrar penetrativa penetrativas penetrativo penetrativos practicar_el_coito práctica_sexual prácticas_sexuales relacion_carnal relaciones_íntimas relación_carnal tener_sexo venéreo conocimiento_carnal actividad_sexual_humana actividades_sexuales coito_vaginal comportamiento_sexual_humano encuentro_sexual sexo_piedad sexo_vaginal sexual_congreso sexuales_piedad
bn:00016191n	carpintero ebanista madedero carpintera
bn:00016237n	intersección cruce cruce_de_caminos encrucijada carrefour intersección_vial bifurcación crucero interseccion_vial interseccion tenedor
bn:00016261n	bolsa_de_papel bolsa bolsa_plástica_de_compra bolso costal saco bolsas_de_papel bolsa_ecologica bolsa_ecológica bolsa_plastica_de_compra bolsa_de_papel_plástico bolsa_de_plástico bolsa_papel
bn:00016286n	actuación cumplimiento desempeño ejecución realización llevar_a_la_acción rendimiento
bn:00016287n	implementación ejecución puesta_en_práctica cumplimiento realización implementacion
bn:00016291n	carreta carro
bn:00016300n	cartel trust cártel corporate_trust consorcio truste cartelización confianza_empresarial cárteles
bn:00016329n	tira_cómica tira tira_de_prensa historieta tiras_cómicas comic_strip historieta_en_prensa tira_comica tira_de_cómic tira_diaria tiras_comica tiras_comicas tiras_de_comic tiras_de_cómic tiras_de_historietas tiras_de_prensa tiras_diarias tira_de_comic tiras_dominicales cómic_strip tiras_cómica cómic historietas
bn:00016330n	humorista_gráfico dibujante animador humorista_grafico humorista_grafica humorista_gráfica
bn:00016347n	dólar_de_plata
bn:00016356n	escultor escultora entallador tallador tallista estatua_fabricante
bn:00016401n	caso ejemplo instancia vez
bn:00016402n	acontecimiento caso ocasión evento acontecimientos suceso historia_evenemencial corta_duracion corta_duración evento_histórico hecho_historico hecho_histórico hechos_historicos hechos_históricos historia_de_los_acontecimientos suceso_historico suceso_histórico
bn:00016403n	causa demanda pleito acción caso juicio litigio proceso proceso_judicial querella demanda_judicial caso_judicial argumento caso_legal demandado parte_demandada caso_civil causal causalidad demanda_civil demandó disputa_legal litigantes previas_al_juicio sistema_causa tribunal_civil
bn:00016404n	caso
bn:00016405n	
bn:00016406n	
bn:00016407n	sujeto
bn:00016408n	caso
bn:00016409n	
bn:00016413n	tipo elemento excéntrico tipo_de_datos tipos_de_datos
bn:00016425n	historial historia_de_un_caso
bn:00016426n	ejemplo precedente ejemplo_de_ello
bn:00016448n	efectivo dinero_en_efectivo dinero_efectivo dinero_en_metálico metálico moneda en_efectivo dinero_metalico dinero_metálico dinero_contante dinero_contante_y_sonante dinero_en_metalico dinero_físico usuario:eduardo3877/taller usuario:eduardowikipedista/taller
bn:00016473n	casino establecimiento sitio casino_de_juego timo_de_los_casinos_online juegos_de_casino
bn:00016526n	dramatis_personae reparto elenco elenco_de_personajes
bn:00016528n	molde
bn:00016529n	apariencia aspecto facciones fisonomía forma
bn:00016565n	moldeado molde fundición casting modelado colada troquel objeto_hecho_con_molde contracción fundición_de_metales moldeo
bn:00016606n	gato gato_doméstico gata felis_silvestris_catus gato_domestico gatuno felis_catus gatos michi micho micifuz minino morrongo morroño 🐈 🐱 felis_catus_domesticus gatas gatimu minina quichito usuario:amitie_10g/taller/pruebas/pruebas_de_módulo:ficha_de_taxón/taxón/gato/artículo_original gato_de_la_casa gato_verdadero
bn:00016651n	catálogo
bn:00016652n	catálogo
bn:00016689n	desastre catástrofe tragedia
bn:00016714n	
bn:00016719n	lema eslogan eslógan divisa mote shibboleth leyenda eslogan_publicitario esloganes eslogans eslóganes motto slogan lema_heráldico lemas
bn:00016731n	clasificación categorización
bn:00016733n	clase categoría familia
bn:00016739n	oruga lagarta cuncuna chua chúa trúa orugas
bn:00016756n	china china_continental república_popular_china república_popular_de_china catay china_roja china_comunista rpc catai china_popular mainland_china r._p._china r.p._china r_p._china r_p_china republica_pop._china republica_popular_de_china república_pop._china rp_china sinensis táiwan 中国 cathay comunista_de_china
bn:00016768n	catéter sonda algalia cateter catéteres
bn:00016771n	cátodo catodo polo_negativo catódico catódicos catódica
bn:00016776n	católico católica
bn:00016780n	catolicismo catolicidad católico fe_católica catolica catolicismo_apostolico_romano catolicismo_apostólico_romano catolicismo_romano catolico catolicos católica católicos fe_catolica religion_catolica religión_católica cristiandad_católica
bn:00016782n	panacea panacea_universal curalotodo sanalotodo droga_de_charlatán remedio_milagroso panacea_en_medicina catholicon
bn:00016808n	rancho granja propagación ganadería ganadero ganaderos ganados_granja ranchos
bn:00016810n	corral corral_ganadero corral_para_vacas ganado_pluma vaca_pluma
bn:00016814n	vaquero cowboy gaucho huaso llanero cow-boy cow_boy cowgirl paniolo vaquera cowpoke cowpuncher ganadero
bn:00016822n	caucasoide persona_blanca blanco caucásico raza_caucásica europoide raza_blanca raza_caucasica caucasoides
bn:00016845n	agente_causal causa ente_causante organismo_causal
bn:00016850n	causa
bn:00016851n	causa fundamento motivo razón causal
bn:00016859n	sarcasmo sátira ironía sátiras sarcastico sarcástico satírico  películas_satíricas satira satiras satirica satirico satirizaba satirizaron satírica observación_cáustica película_satírico satirizar
bn:00016863n	advertencia
bn:00016876n	coracero soldado_de_caballería soldado_montado soldado
bn:00016878n	cueva caverna gruta cavernario cavernoso cavernas cueva_sagrada cueva_sagrada_minoica cuevas sistema_de_cuevas
bn:00016896n	brecha cavidad fosa foso hoyo pozo
bn:00016913n	centímetro_cúbico mililitro cc ml centimetro_cubico centimetro_cúbico centímetro_cubico cm centímetros_cúbicos
bn:00016974n	techo techos
bn:00016975n	techo cima_de_la_nube cima_de_las_nube
bn:00017014n	órbita órbita_planetaria orbita revolución_orbital revolucion_orbital movimiento_de_los_planetas movimiento_planetario órbita_celeste órbitas
bn:00017017n	esfera_celeste empíreo firmamento bóveda_celeste cielos cielo esfera empireo boveda_celeste bóveda_de_los_cielos el_empíreo welkin
bn:00017026n	celda
bn:00017027n	célula celula célula_biológica células celulas celulas_vivas células_vivas polaridad_celular células_animales proceso_celular subcelular
bn:00017037n	núcleo núcleo_celular nucleo núcleo_de_la_célula nucleo_celular nucleo_de_la_celula nucleo_de_la_célula núcleo_de_la_celula nucleadas
bn:00017050n	respiración_celular respiración_interna respiracion_celular glicolisis_aerobia glucólisis_aeróbica metabolismo_aeróbico metabolismo_oxidativo respiración_aeróbica
bn:00017056n	celuloide cine cinema film película
bn:00017057n	celulosa e_460 la_celulosa celulolítica celulolíticas
bn:00017080n	cemento
bn:00017094n	censura de_revisión_de_seguridad
bn:00017099n	centavo centésimo céntimo cent centavos centimo
bn:00017120n	centro corazón medio ojo
bn:00017121n	centro exterior_central jardín_central
bn:00017122n	centro
bn:00017123n	centro punto_medio medio mitad núcleo punto_equidistante
bn:00017124n	esencia meollo sustancia médula núcleo centro corazón enjundia quid medula esencial corazón_y_el_alma esencias
bn:00017125n	centro_de_atención
bn:00017130n	centro
bn:00017134n	centro_comercial mall galerías plaza área_comercial centros_comerciales parque_comercial shopping shopping_center shopping_mall centro_comercial_cerrado centro_comercial_regional centro_comercial_súper-regional zona_comercial
bn:00017141n	línea_central bisectriz central
bn:00017153n	enfoque centrándose
bn:00017163n	centímetro cm centimetro ㎝ centímetros centimetros
bn:00017178n	centro centro_ciudad centro_de_la_ciudad city_center ciudad_central el_centro_de_la_ciudad
bn:00017185n	oficina_central sede sede_central administración cuartel_general centro_de_operaciones hq oficina_general sede_administrativo
bn:00017191n	tailandés idioma_tailandés siamés idioma_tailandes lengua_siamesa idioma_siamés idioma_tai idioma_thai lengua_thai lenguaje_thai ไทย tailandés_central
bn:00017209n	centrifugación cetrifugado centrifugacion centrifugado centrifugador centrifugar
bn:00017210n	centrífuga separador centrifugadora desnatadora centrifugador centrifuga microcentrifuga microcentrífuga centrífugas centrífugo
bn:00017234n	siglo centuria siglos centenario
bn:00017269n	ceramista alfarero cantarero alfarera arte_de_la_cerámica cerámica_de_arte pintura_de_vasijas
bn:00017330n	cerebelo cerebellum capa_de_purkinje corteza_cerebelar núcleos_del_cerebelo
bn:00017332n	corteza_cerebral córtex_cerebral manto_cerebral palio cabrex_cerebral cortex_cerebral cortex_cerebri pallium capa_multiforme placa_cortical
bn:00017339n	pensamiento intelección meditación reflexión pensar pensante cerebración ción pensamientos proceso_del_pensamiento
bn:00017344n	sudario obenque paño_mortuorio paño_de_tumba sudarios cubiertas liquidación_ropa mortaja mortajas
bn:00017345n	ceremonia ceremonial cultura_ceremonial celebración ceremonia_de_clausura ceremoniales ceremonias observancia ocasión_ceremonial
bn:00017349n	ceremonia
bn:00017363n	certeza cosa_segura
bn:00017367n	credencial certificación certificado cartas_credenciales credenciales
bn:00017371n	certificación certificar certificacion certificaciones certificado
bn:00017377n	certidumbre certitud cocksureness exceso_de_confianza
bn:00017378n	azul_cerúleo
bn:00017393n	cérvido ciervo cérvidos cervidae venado ciervos cierva cervatillo cervato cervido cervidos venados venao
bn:00017395n	cuello pescuezo cerviz nuca cervical cervicular cogote collum nucal
bn:00017428n	
bn:00017444n	cha-cha-cha chachachá cha-cha cha-cha-chá cha-cha-chás cha_cha-cha cha_cha-chá cha_cha_cha cha_cha_chá chachacha
bn:00017474n	cáscara gluma cascabillo paja barcia farfolla
bn:00017483n	disgusto humillación desazón mortificación zaherimiento pesar humillacion humillar
bn:00017487n	cadena concatenación encadenamiento concomitancia
bn:00017488n	cadena química_en_cadena
bn:00017490n	cadena
bn:00017505n	reacción_en_cadena reaccion_en_cadena
bn:00017514n	hierros cadenas
bn:00017515n	silla pata_de_silla asiento butaca respaldo sillas
bn:00017517n	presidenta presidente presidente_del_consejo_de_administración moderador convocante secretario_general chairperson chairman líder coordinador presidencia presidente_de_la_junta presidente_ejecutivo presidentes vice-presidente vicepresidente
bn:00017518n	silla_eléctrica silla silla_mortal silla_electrica muerte_silla
bn:00017525n	chaise_longue cheslón diván chaise meridiana tumbona chaise_lounge cheslon sillon_largo sillón_largo
bn:00017562n	desafiador competidor contendiente rival adversaria adversario aspirante competición competidora contrincante desafiadora retador retadora retante
bn:00017585n	música_de_cámara músico_de_cámara musica_de_camara musica_de_cámara musico_de_camara musico_de_cámara música_de_camara músico_de_camara camerata_artistica camerata_artística camerística música_cámara orquesta_de_cámara
bn:00017586n	cámara_de_comercio camara_de_comercio camaras_de_comercio camaras_de_comercio_de_espana camaras_de_comercio_de_españa camaras_de_comercio_e_industria chambre_de_commerce_et_d'industrie consejo_superior_de_camaras_de_comercio consejo_superior_de_cámaras_de_comercio cámaras_de_comercio cámaras_de_comercio_de_espana cámaras_de_comercio_de_españa cámaras_de_comercio_e_industria
bn:00017591n	camarera fille_de_chambre
bn:00017605n	campeón ganador_deportivo campeon campeona vencedor_deportivo el_campeón campeones campeón_del_mundo titular
bn:00017614n	campeonato
bn:00017621n	oportunidad posibilidad chance ocasión probabilidad
bn:00017622n	suerte fortuna azar peligro ventura buena_fortuna suertudo buena_suerte mala_suerte mufa seyous oportunidad
bn:00017624n	probabilidad chance oportunidad posibilidad probabilísticos procedimientos_probabilísticos probabilidades
bn:00017625n	porvenir perspectiva
bn:00017628n	variable_aleatoria variante variable_estocástica variables_aleatorias variable_casual variables_estadisticas variables_estadísticas posibilidad_variables variate
bn:00017651n	cambio alteración modificación variación
bn:00017652n	cambio
bn:00017653n	
bn:00017656n	cambio reemplazo
bn:00017678n	conversión reconversión transición cambio
bn:00017681n	canal canal_de_transmisión canal_de_comunicaciones modelo_canal
bn:00017683n	ranura acanaladura estría hendidura surco ranurado
bn:00017696n	jánuca hannukah hanukah hanukkah janucá hanuka januká fiesta_de_la_dedicación chanukah januca januka hanukka jenukiá channukah channukkah chanukkah festival_de_las_luces fiesta_de_las_luces
bn:00017718n	sombrero chapó chapeau sombreros chapo preámbulo puggaree
bn:00017719n	capilla capilla_axial capilla_bautismal capilla_lateral capillas_laterales capillas
bn:00017722n	chapelgoer inconformismo inconformista no_conformidad no_conformistas
bn:00017730n	capítulo capitulo capitulo_de_un_libro capitulo_de_una_obra_escrita capítulo_de_libro capítulo_de_un_libro capítulo_de_una_obra_escrita
bn:00017746n	personaje personaje_ficticio personaje_de_ficción personaje_de_ficcion personajes_de_ficción personaje_imaginario personajes personajes_de_ficcion personajes_ficiticios personajes_ficticios carácter_ficticio personaje_animado personaje_de_dibujos_animados personaje_secundario personajes_de_dibujos_animados
bn:00017747n	calidad carácter característica
bn:00017748n	carácter carácter_moral caracter_moral
bn:00017749n	papel parte personaje figura persona papel_teatral personae personajes
bn:00017751n	referencias el_carácter_de_referencia
bn:00017758n	caracterización delineación descripción descripción_verbal imagen representación retrato retrato_hablado palabra-pintura palabra_imagen pintura_palabra
bn:00017761n	característica rasgo
bn:00017762n	característica característico
bn:00017777n	carbón_vegetal carbón carbon_vegetal carbón_de_leña e153 e_153 carbon_de_lena carbon_de_leña carbón_de_lena
bn:00017778n	carboncillo fusain
bn:00017779n	gris_carbón gris_oxford
bn:00017789n	carga_militar acometida acometimiento carga carga_millitar
bn:00017790n	denuncia cargo imputación cargos querella acusación imputacion acusacion acusado imputación_judicial cargos_criminales
bn:00017791n	importe
bn:00017793n	misión encargo encomienda
bn:00017803n	tarifa tipo precio_por_unidad
bn:00017904n	gráfico cuadro tabla gráfica grafico grafica graficas graficos graficos_estadisticos graficos_estadísticos gráficas_estadísticas gráficos gráficos_estadisticos esquema graficas_estadisticas gráficos_estadísticos analisis_grafico análisis_gráfico
bn:00017905n	carta mapa
bn:00017963n	chaulmoogra_aceite
bn:00017970n	buhonero mercachifle revendedor cheap-jack
bn:00017971n	crédito_blando dinero_barato
bn:00017983n	cuenta nota
bn:00017998n	chequera talonario_de_cheques portacheques talonario
bn:00018012n	lista_de_control lista_de_comprobación lista-control lista_de_verificación
bn:00018024n	mejilla cachete mejillas cacha nalga bucca papos
bn:00018028n	descaro atrevimiento desvergüenza impertinencia insolencia procacidad desenvoltura impudencia
bn:00018031n	ovación viva vítor alegría
bn:00018093n	laboratorio_de_química
bn:00018096n	sustancia_química químico producto_químico sustancia sustancia_pura substancia sustancia_quimica sustancias_quimicas sustancias_químicas química químico_sustancia químicos
bn:00018101n	compuesto_químico compuesto compuesto_quimico compuestos_químicos sustancia_pura sustancia_quimica_pura sustancia_química_pura compuestos compuestos_quimicos sustancia_compuesta
bn:00018109n	equilibrio_químico equilibrio equilibrio_de_la_reaccion equilibrio_de_la_reacción equilibrio_quimico reacción_de_equilibrio
bn:00018111n	grupo_funcional grupo_químico grupo radical familia grupos_funcionales serie_homologa serie_homóloga resto serie_química
bn:00018115n	mecanismo_de_reacción mecanismo mecanismo_químico mecanismo_de_reaccion mecanismos_de_reaccion mecanismos_de_reacción
bn:00018121n	reacción_química reacción cambio_químico producto reacciones_químicas cambio_quimico fenomeno_quimico fenomeno_químico fenomenos_quimicos fenomenos_químicos fenómeno_quimico fenómeno_químico fenómenos_quimicos fenómenos_químicos reaccion_quimica reaccion_química reacciones_quimicas reacción_quimica tipos_de_reacciones_quimicas tipos_de_reacciones_químicas químicamente
bn:00018123n	química ciencias_químicas ciencia_química ciencias_quimicas chimica chímica composicion_quimica composicion_química dia_del_quimico día_del_químico grado_en_quimica grado_en_química licenciado_en_ciencias_quimicas licenciado_en_ciencias_químicas licenciatura_en_ciencias_quimicas licenciatura_en_ciencias_químicas quimica quimicos químicas químicos tecnico_universitario_en_quimica tecnico_universitario_en_química técnico_universitario_en_quimica técnico_universitario_en_química química_aplicada
bn:00018131n	químico química quimico quimica químicos
bn:00018207n	tórax pecho pectus caja_torácica cavidad_torácica torso torax caja_toracica cavidad_toracica cavidad_toraxica cavidad_toráxica region_toracica region_torácica región_toracica región_torácica torácica
bn:00018239n	goma_de_mascar chicle chiclet chiclé
bn:00018253n	chicago chicago,_illinois la_reina_de_occidente ciudad_de_los_vientos ciudad_de_chicago ciudad_junto_al_lago la_ciudad_ventosa la_segunda_ciudad chicago,_il chicago_illinois
bn:00018265n	pollo poulet volaille carne_de_pollo gallina gallus_gallus pechuga pollo_doméstico pollos
bn:00018266n	pollo gallina gallus_gallus_domesticus gallo gallo_domestico gallo_doméstico alforrocho gallinas gallináceo gallo_de_corral gallo_rojo gallos kikiriki pollito quiquiriqui quiquiriquí
bn:00018319n	jefe cabeza líder responsable mandamás
bn:00018323n	presidente_de_los_estados_unidos presidente_de_estados_unidos presidente presidenta presidente_de_los_ee.uu. presidencia_de_los_estados_unidos presidente_estadounidense el_presidente_de_ee.uu. el_presidente_de_los_estados_unidos estadounidense_presidente peu presidenta_de_estados_unidos presidencia_de_estados_unidos presidencia_de_los_ee.uu. presidencia_de_los_ee_uu presidencia_de_los_ee_uu. presidente_actual_de_estados_unidos presidente_actual_de_los_estados_unidos_de_america presidente_actual_de_los_estados_unidos_de_américa presidente_de_ee._uu. presidente_de_ee.uu. presidente_de_ee_uu presidente_de_ee_uu. presidente_de_eeuu presidente_de_los_ee._uu. presidente_de_los_ee_uu presidente_de_los_ee_uu. presidente_de_los_eeuu presidente_de_los_estados_unidos_de_america presidente_de_los_estados_unidos_de_américa presidente_eeuu ee.uu_el_presidente potus presidencia_de_los_ee.uu presidente_de_ee.uu presidente_de_los_estados_unidos_américa presidente_u.s u_s_presidente
bn:00018345n	menor_de_edad niño menor joven niña nene pececillo minoría_de_edad alevín chango chaval chico chiquillo chiqüelo criatura cría crío jovenzuelo mozalbete muchachuelo tike infancia papa_frita menores_de_edad edad_legal minoridad_legal minoria_de_edad menores chamaca chamaco chavo conservacion_de_los_derechos_de_los_ninos conservacion_de_los_derechos_de_los_niños conservación_de_los_derechos_de_los_ninos conservación_de_los_derechos_de_los_niños minoridad ninas ninez ninos niñez niños piba piberio piberío primera_edad
bn:00018346n	hijo niño niños hija ninzzo niña escolares pre-púberes
bn:00018350n	juego juego_de_niños jugando jugar
bn:00018365n	infancia niñez
bn:00018366n	infancia niñez primera_edad ninez
bn:00018387n	frío fresco gelidez gelidity
bn:00018388n	escalofrío estremecimiento emoción espeluzno hormigueo tiritón fresco frisson
bn:00018414n	chimenea chimeneas chacuaco
bn:00018415n	chimenea chimenea_de_quinqué tubo_de_cristal tubo_de_lámpara tubo lámpara_chimenea
bn:00018426n	barbilla mentón barba pera menton mentum
bn:00018428n	dominada barbilla ejercicio_de_tracción chin-up pull-up
bn:00018493n	tintineo tintín
bn:00018545n	cincel escoplo formón piqueta zapapico puntero_de_cantero cinceles
bn:00018557n	caballerosidad caballería caballería_medieval galantería generosidad nobleza politesse
bn:00018629n	clorpromazina clorpromacina cloropromazina thorazine largactil
bn:00018637n	calzo cuña
bn:00018638n	chocolate_caliente chocolate chocolate_deshecho cacao_en_polvo chocolate_de_taza chocolate_a_la_taza bebida_de_chocolate
bn:00018660n	elección selección
bn:00018661n	elección selección decisión escogencia escogimiento opción eleccion decisiones
bn:00018665n	coro coral խմբերգ canto_coral conjunto_vocal coro_mixto coros agrupacion_coral agrupación_coral coreuta orfeon orfeón agrupación_vocal coro_de_concierto coro_de_la_iglesia coro_de_niños música_coral
bn:00018670n	niño_de_coro niño_cantor choirboy niño_coro
bn:00018692n	cólera furia impaciencia mal_humor
bn:00018744n	cuerda cuerda_de_una_curva
bn:00018756n	tarea quehacer trabajo faena labor mandado cometido
bn:00018783n	estribillo coro estribillos abstenerse
bn:00018805n	cristo jesucristo jesús jesús_de_nazaret el_nazareno jesus_christ buen_pastor jesus cristo_jesús jesus_de_nazaret dios_hijo el_buen_pastor el_cordero_de_dios el_divino_maestro el_hijo_de_dios el_hijo_del_hombre el_león_de_la_tribu_de_judá el_mesías el_redentor el_rey_de_los_judíos el_salvador el_señor segunda_persona_de_la_santísima_trinidad christus cristo_jesus cristos divino_redentor el_verbo iesus jesus_de_nazareth jesus_nazareno jesuscristo jesús_de_nazareth jesús_en_el_cristianismo jesús_nazareno nuestro_padre_jesus_nazareno nuestro_padre_jesús_nazareno nuestro_salvador nuestro_senor nuestro_señor_jesucristo santísimo_cristo señor_jesucristo señor_jesús yaso yeshu_ben_pandera yeshua_de_nazaret yeshúa_de_nazaret yisus del_nazareno jesús_cristo
bn:00018815n	bautizo cristianar
bn:00018818n	cristiano cristiana cristianos
bn:00018819n	iglesia iglesia_cristiana cristianismo iglesias_cristianas ecclesia
bn:00018828n	cristianismo religión_cristiana iglesia_cristiana cristianego cristianería cristianidad fe_cristiana religion_cristiana cristiandad christianismo cristiana cristianas cristianeria cristiano cristiano_evangelico cristianos rumí tradicion_cristiana vision_cristiana_de_la_vida_y_la_sociedad visión_cristiana_de_la_vida_y_la_sociedad corriente_principal_del_cristianismo
bn:00018843n	tarjeta_de_navidad tarjeta_navideña christmas tarjeta_navidena crismas tarjetas_de_navidad
bn:00018869n	matiz tinte tono tonalidad color coloración cromaticidad diagrama_de_cromaticidad
bn:00018875n	cromatografía fase_estacionaria cromatografia cromatografia_inmunoafinidad cromatograma cromatográfica fase_móvil tiempo_de_retencion tiempo_de_retención cromatografica fase_movil cromatografía_analítica cromatografía_líquida cromatógrafo
bn:00018876n	columna cromatografía_de_columna
bn:00018885n	ácido_crómico acido_cromico acido_dicromico ácido_dicrómico
bn:00018887n	acero_inoxidable inox_316 inox acero_al_cromo inoxidable
bn:00018976n	chuckwagon carromato_de_provisiones chuck_wagon
bn:00018995n	iglesia templo_cristiano iglesia_conventual iglesias_parroquiales parroquia edificio_de_la_iglesia
bn:00018996n	culto_cristiano iglesia servicio servicio_religioso servicios_religiosos
bn:00019003n	padre_de_la_iglesia padres_de_la_iglesia dios padres_católicos padres_de_la_iglesia_catolica padres_de_la_iglesia_católica padres_de_la_iglesia_de_rito_latino padres_orientales santos_padres padres_catolicos cuatro_padres_de_la_iglesia_latina
bn:00019013n	iglesia_católica_romana iglesia_católica iglesia_de_roma iglesia_occidental iglesia_romana occidental_iglesia
bn:00019028n	cementerio camposanto adro acre_de_dios
bn:00019056n	cicatriz alforza descalabradura lacra chirlo costurón cicatrizal cicatrices herida_pasada
bn:00019082n	caja_de_puros caja_de_cigarros
bn:00019083n	pava puro_culo
bn:00019098n	ciliophora ciliado ciliophoran ciliados ciliate cilioforos cilióforos ciliado_protozoo
bn:00019114n	cincinnati cincinnati,_oh cincinnati,_ohio cincinnati_oh cincinnati_ohio
bn:00019120n	pretina banda cinto cintura cinturón faja ceñidor cinturilla fajín
bn:00019169n	círculo circunferencia circulo circunferencial circunferencialmente la_circunferencia círculos
bn:00019181n	tour circuito gira periplo patrón_de_tráfico_aeródromo
bn:00019187n	circuitería circuito circuitos circuito_electrónico circuitos_electrónicos
bn:00019196n	
bn:00019218n	circunstancia
bn:00019219n	circunstancia contexto marco
bn:00019220n	consideración circunstancia condición
bn:00019222n	destino fortuna suerte circunstancias sino ventura
bn:00019266n	
bn:00019281n	ciudadano ciudadana
bn:00019283n	ciudadanía ciudadanos pueblo gente
bn:00019284n	comité comité_de_ciudadanos
bn:00019295n	acimboga cidra
bn:00019319n	ciudad metrópoli metrópolis urbe capital ciudad/pueblo aglomeración_urbana zona_metropolitana área_metropolitana metropoli cibdad citadino ciudad_metrópoli ciudades metropoli_colonial metropolis centro_urbano
bn:00019320n	ciudad divisiones_administrativas_de_la_república_popular_china nivel_de_condado_división
bn:00019333n	alcalde alcaldesa burgomaestre presidente_municipal intendente regente alcaldes_de_islandia gerente_municipal gestión_urbanística síndica síndico alcalde_por_el_estado_llano alcalde_por_el_estado_noble encargado_municipal alcalde_de_la_hermandad_por_el_estado_noble alcaldes autoridad_municipal_de_mayor_rango alcaldable alcaldesas mayor prefecto prefectura prefeito presidenta_municipal administrador_de_la_ciudad alcalde_interino alcaldía encargado_de_la_ciudad reeve
bn:00019336n	los_ángeles los_angeles el_pueblo_de_nuestra_señora_de_los_ángeles_de_porciúncula l.a. la el_pueblo_de_nuestra_señora_la_reina_de_los_ángeles_del_río_de_porciúncula nuestra_señora_de_los_ángeles nuestra_señora_la_reina_de_los_ángeles santa_maría_de_los_ángeles el_pueblo_de_nuestra_señora_la_reina_de_los_ángeles_de_la_porciúncula el_pueblo_de_nuestra_señora_la_reina_de_los_ángeles_de_la_porciúncula, l_a l_a. la_capital_del_entretenimiento_mundial los_angeles,_ca los_angeles,_california los_angeles_ca los_angeles_california los_ángeles,_ca los_ángeles,_california los_ángeles_ca los_ángeles_california pueblo_de_la_reina_de_los_ángeles angeles ciudad_de_los_ángeles
bn:00019362n	derecho_continental derecho_civil derecho_interno derecho_nacional derecho_romanista derecho_continental_europeo derecho_neorromanista derecho_romano-germanico derecho_romano-germánico derecho_romano_germanico derecho_romano_germánico sistema_romano_frances sistema_romano_francés
bn:00019374n	función_pública servicio_civil funcionariado funcion_publica servicio_publico servicio_público funciones_publicas funciones_públicas administración_pública empleado_del_gobierno funcionarios funcionarios_públicos
bn:00019378n	guerra_civil guerras_civiles conflicto_civil conflictos_civiles guerra_intestina
bn:00019380n	civil paisano civiles
bn:00019383n	cultura civilización
bn:00019384n	civilización civilizacion civilizaciones civilizado civilizada civilizar antigua_civilización civilizaciones_antiguas civilización_antigua civilización_humana
bn:00019403n	reclamación
bn:00019404n	reclamación afirmación proposicional proposición proposición_lógica
bn:00019405n	reclamación pretensión
bn:00019406n	queja reclamo
bn:00019410n	actor demandante solicitante
bn:00019414n	almeja bivalvia almejas
bn:00019436n	exclusividad espíritu_de_clan exclusivismo
bn:00019439n	lengua lingua jihwá lingual sinhueso glossa
bn:00019459n	claridad lucidez nitidez transparencia
bn:00019477n	clase curso promoción forma grado
bn:00019478n	clase_social clase estrato_social estrato clases_sociales rango_social clase_socioeconómica clase_económica clases_bajas grupos_socioeconómicos sistema_de_clases sociedad_de_clases
bn:00019479n	curso asignatura clase curso_académico curso_de_instrucción
bn:00019480n	división categoría
bn:00019501n	compañero_de_clase condiscípulo compañera compañera_de_clase compañero compañero_de_colegio condiscípula colegio
bn:00019566n	música_clásica clásico música_culta música_seria musica_clasica musica_academica musica_académica musica_culta musica_docta musica_orquestal musica_selecta musica_seria música_academica música_académica música_docta música_orquestal música_selecta musica_clásica música_clásica_europea música_clásica_occidental la_música_clásica musica_academica_europea musica_académica_europea musica_clasica_europea musica_clasica_occidental musica_clásica_europea musica_clásica_occidental musica_erudita musica_sinfonica musica_sinfónica música_academica_europea música_académica_europea música_clasica música_clasica_europea música_clasica_occidental música_de_orquesta música_erudita música_sinfonica clásica música_del_arte_occidental músicos_clásicos
bn:00019578n	clásicas estudios_clásicos arte_y_cultura_clásicos arte_y_cultura_clásica cultura_clasica arte_clasico arte_clásico arte_y_cultura_clasica civilizacion_clasica civilización_clásica cultura_clásica cultura_grecorromana estudios_clasicos formacion_clasica formación_clásica arte_greco-romano arte_greco_romano arte_grecorromano arte_y_cultura_clasicos civilizacion_clásica civilizacion_greco-romana civilizacion_greco_romana civilizacion_grecorromana civilización_clasica civilización_greco-romana civilización_greco_romana civilización_grecorromana cultura_greco-romana cultura_greco_romana formacion_clásica formación_clasica la_civilizacion_grecolatina literatura_clasica literatura_greco-romana literatura_greco_romana clásicos filología_clásica literatura_clásica
bn:00019618n	gancho garfio garra trampa
bn:00019624n	arcilla barro arcilloso arcillas arcilla_de_bola arcilla_sedimentaria arcillosos esmectita minerales_de_arcilla minerales_de_la_arcilla smectita
bn:00019625n	barro lodo cieno fango légamo barreales
bn:00019637n	cerámica clayware alfarería loza olla
bn:00019643n	limpiador producto_de_limpieza agente_de_limpieza
bn:00019647n	limpieza lavado detersión limpiar
bn:00019658n	materiales_transparentes translúcido
bn:00019685n	raja rendija fisura grieta hendidura quebradura quebraja resquebradura scissure
bn:00019708n	clemencia misericordia perdón
bn:00019718n	puño puño_cerrado puño_en_alto
bn:00019727n	clérigo reverendo sacerdote eclesiástico pastor sacerdote_católico clero_cristiano hombre_de_la_tela ministro ministro_cristiano ministro_ordenado ministro_religioso
bn:00019735n	administrativo oficinista escribiente secretario empleado empleado_de_oficina trabajador_de_oficina
bn:00019736n	dependiente comerciante empleado tendero vendedor shop_assistant tienda_oficinista
bn:00019762n	cliente clienta
bn:00019763n	cliente receptor_de_un_servicio clientes
bn:00019767n	acantilado cantil despeñadero peñasco precipicio risco acantilados cara_de_la_roca
bn:00019781n	clima estado_de_ánimo humor
bn:00019787n	clímax climax acmé punto_culminante apogeo auge cúspide anticlimax
bn:00019788n	orgasmo clímax clímax_sexual el_orgasmo gratificación_sexual
bn:00019792n	ascenso subida escalada trepa trepada
bn:00019848n	vez ocasión
bn:00019878n	alcantarillado alcantarilla cloaca red_de_saneamiento albañal alcantarillados alcantarillar pozo_de_tormentas red_de_alcantarillado cloacas
bn:00019887n	reloj cronoscopio 🕜 caracteristicas_de_un_reloj características_de_un_reloj relojería relos relós segundero reloj_mecánico
bn:00019893n	hora reloj_de_tiempo
bn:00019918n	cierre fin meta conclusión final finis terminación término punto_de_parada
bn:00019923n	close_call por_los por_los_pelos escape_por_los_pelos salvado_por_los_pelos salvarse_por_un_pelo
bn:00019936n	circuito_cerrado
bn:00019951n	intimidad relación_íntima confianza familiaridad franqueza relación_personal relacion_intima relacion_personal
bn:00019955n	armario alacena closet clóset despensa vitrina compartimento armario_empotrado alhacena ropero gabinete studiolo
bn:00019978n	coágulo grumo
bn:00019980n	tela textil tejido género paño material trapo telas textiles
bn:00019992n	tendedero enjugador tendedero_plegable tendedor tenderete ténder
bn:00020001n	nube
bn:00020002n	nube nubes nuboso rumazón formación_de_nubes
bn:00020012n	aguacero chubasco chaparrón diluvio torrente gota_fría chaparrada nubada pelter turbión lluvia_torrencial
bn:00020039n	gremio club cofradía colegio liga logia guilda club_social asociación clube fraternidad lodge sociedad germanía asociacion_gremial corporación sistema_gremial asociación_gremial gremios corporacion corporacion_de_artes_y_oficios corporacion_de_oficios corporacion_medieval corporación_de_artes_y_oficios corporación_de_oficios corporación_medieval gremio_de_artes_y_oficios gremio_de_artesanos gremi gremialismo_medieval club_privado clubes dorar gremio_artesanal gremio_mercantil gremios_artesanales
bn:00020041n	club clube casa_club
bn:00020042n	palo_de_golf palo palos_de_golf golf-club
bn:00020057n	cloqueo clo cacareo cacareando
bn:00020058n	pista insinuación
bn:00020082n	confusión desorden revoltijo mezcolanza enredo emborracharse nido_de_yegua
bn:00020110n	co-ocurrencia coincidencia concurrencia conjunción casualidad
bn:00020111n	cooperativa sociedad_cooperativa cooperativas coop s.coop. s_coop s_coop. sociedades_cooperativas cooperativa_de_trabajadores registro_de_cooperativas s._coop. co-op
bn:00020112n	cooptación cooptacion
bn:00020114n	coordenada coordinar coordenadas de_coordenadas
bn:00020118n	compañero_de_trabajo colega compañera compañera_de_trabajo compañero workfellow
bn:00020119n	entrenador entrenadora gerente entrenador_de_fútbol director adiestrador instructor míster seleccionador técnico gestor jefe director_técnico directora_técnica entrenador_de_futbol mánager director_tecnico entrenador_deportivo exentrenador entrenador_asistente entrenador_en_jefe_asistente
bn:00020128n	colaboración cooperación coacción
bn:00020133n	carbón industria_del_carbón industria_carbonera hulla carbon_de_piedra carbon_mineral carbón_de_piedra carbón_mineral hidrocarburos_solidos hidrocarburos_sólidos carbon carbón_de_coque yacimientos_de_carbón
bn:00020164n	costa litoral costera playa costas modelado_costero costeras ecosistemas_costeros mar-costa orilla_del_mar zona_costera
bn:00020167n	deslizamiento desliz slide derrapaje
bn:00020184n	abrigo casaca saco chaqueta sobretodo tapado gaban gabán abrigos
bn:00020194n	acabado remate retoque tratamiento_de_superficies acabado_textil
bn:00020229n	coca-cola coca_cola coke coca-cola_light_con_limon coca-cola_light_con_limón coca-cola_vainilla coca_cola_light_con_limon coca_cola_light_con_limón coca_cola_vainilla coca coca-cola_black_cherry_vanilla coca-cola_blak coca-cola_blāk coca-cola_c2 coca-cola_con_lima coca-cola_light coca-cola_light_sango coca-cola_with_lime coca_cola_black_cherry_vanilla coca_cola_blak coca_cola_blāk coca_cola_c2 coca_cola_cherry coca_cola_con_lima coca_cola_light coca_cola_light_sango coca_cola_with_lime cocacola coke_light diet_coke diet_vanilla_coke raspberry_coke vanilla_coke
bn:00020266n	gallo
bn:00020295n	cabina cabina_de_vuelo carlinga cabina_del_piloto cabina_de_mando cabina_de_pilotaje cockpit
bn:00020320n	coco cocotero cocoanut coconut_palm cocos árboles_de_coco
bn:00020329n	capullo
bn:00020348n	coda finale final codetta
bn:00020352n	código codificación códigos código_de_la_ley código_de_leyes
bn:00020378n	coeficiente_de_correlación correlación establecer_correlación correlaciones correlación_estadística
bn:00020414n	café cafeto efectos_del_café_en_la_salud java feca grano_de_café tinto cafe cafe_y_salud café_y_salud efectos_del_cafe_en_la_salud cafelito cafes caficultor café_instantaneo cafés infusion_de_cafe_molido infusión_de_café_molido
bn:00020445n	rigor validez rigurosidad rigor_científico rigor_matemático rigor_metodológico riguroso
bn:00020446n	prueba evidencia_convincente
bn:00020452n	cognición conocimiento noesis saber conocer procesos_cognitivos cognicion cognitivo cognitivos conocimientos_previos procesado_de_informacion procesado_de_información procesamiento_de_la_informacion procesamiento_de_la_información proceso_cognitivo capacidad_cognitiva capacidades_cognitivas cogniciones función_cognitiva procesamiento_cognitivo
bn:00020471n	coherencia coherencia_textual cohesión ilación cohesión_del_grupo cohesión_social
bn:00020490n	hélice espiral aduja roleo rosca voluta verticilo
bn:00020497n	moneda divisa pieza cambio historia_de_la_moneda monedas acunacion_de_moneda acunación_de_moneda acuñacion_de_moneda acuñación_de_moneda moneda_de_cecesidad moneda_de_necesidad numisma exergo
bn:00020534n	resfriado_común resfriado catarro gripa gripe resfriamiento resfrío constipación resfriado_comun resfriados rinofaringitis anticatarral constipacion constipada constipado resfrio resfrio_comun resfrio_común resfrío_comun resfrío_común nasofaringitis
bn:00020535n	frío temperatura_baja fria frio fría frígido baja_temperatura
bn:00020548n	vivero_de_plantas marco_frío
bn:00020563n	guerra_fría
bn:00020574n	samuel_taylor_coleridge coleridge s._t._coleridge s_t._coleridge s_t_coleridge
bn:00020593n	collage montaje montaje_fotográfico collages colaje montaje_musical
bn:00020598n	lipotimia colapso
bn:00020602n	carpa tienda tienda_de_campaña barraca_de_feria caseta_de_feria toldo caseta_de_campaña jaima casa_de_campaña caseta_de_campana tienda_de_campana refugio_plegable tiendas_de_campaña
bn:00020603n	cuello collar tirilla cuello_de_pajarita
bn:00020636n	
bn:00020638n	pieza_de_colección artículo_de_colección obra_maestra
bn:00020641n	escuela_universitaria universidad
bn:00020688n	colusión confabulación connivencia complot contubernio colusion colusiones
bn:00020701n	colon colon_sigmoide colon_sigmoideo
bn:00020706n	coronel
bn:00020708n	colonial colono
bn:00020714n	colono colona colonizador poblador colonizadora colonos pionero
bn:00020718n	colonia asentamiento poblado colonia_celular
bn:00020719n	colonia
bn:00020726n	color coloración colorido tez negra negro ciencia_del_color colores gama tinte viso colores_neutros cromo incoloro
bn:00020729n	personas_de_color gente_de_color
bn:00020765n	coloratura_soprano soprano_de_coloratura coloratura soprano_d'agilita soprano_d'agilità soprano_di_coloratura soprano_coloratura
bn:00020822n	columna
bn:00020823n	columna fila hilera
bn:00020824n	columna
bn:00020826n	columna pilar poste
bn:00020831n	pulgada_de_columna pulgada pulgada_de_columna_de
bn:00020849n	peine peinar
bn:00020858n	combate lucha pelea acción batalla brega
bn:00020872n	combinación
bn:00020897n	réplica contrarréplica
bn:00020899n	comediante cómico cómic humorista cuentachistes standupero comediantes actor_comico actor_cómico comedianta comico cómica
bn:00020904n	comedia comicidad cómica comedias género_de_comedia obra_cómica comedia_teatral comediografa comediografo comediógrafa comediógrafo comica
bn:00020913n	tranquilidad comodidad
bn:00020932n	fusión unión
bn:00020941n	dominio comando mando
bn:00020943n	
bn:00020955n	comandante oficial_al_mando comandante_militar comandanta jefe_militar
bn:00020961n	precepto
bn:00020977n	comentario observación consideración juicio aclaración explicación nota
bn:00020978n	comentario comento */ /* // comentario_de_textos
bn:00020979n	chisme cotilleo murmuración habladuría bochinche brete chambre chimento chirmol chismorreo cocoa copucha cuecho mitote vinazo chismes comadreo comadreos cotilleos habladuria habladurias habladurías murmuracion rumor
bn:00020980n	comentador comentarista observador comentadora
bn:00020982n	comercio mercantilismo comercialismo mercantilización comercializado comercio_internacional desarrollo_comercial mercantil
bn:00020987n	comercial anuncio spot spot_publicitario mensaje_comercial
bn:00020997n	derecho_mercantil lex_mercatoria ley_mercante derecho_comercial tribunales_mercantiles derecho_comercial_o_mercantil profesor_mercantil regulación_mercantil
bn:00021008n	piedad compasión conmiseración lástima pena
bn:00021013n	economato
bn:00021015n	comité comisión comité_directivo comité_ejecutivo comite comite_directivo comite_ejecutivo comités_ejecutivos comisiones_permanentes comité_parlamentario comité_permanente comités ispolkom
bn:00021030n	comisionado comisario comisionados
bn:00021033n	committedness
bn:00021038n	memorización memorizar compromiso_con_la_memoria
bn:00021042n	miembro_del_comité
bn:00021051n	parque común zona_verde ejido bienes_comunes comunes
bn:00021149n	gente pueblo plebe vulgo gente_común
bn:00021160n	sal sal_de_mesa sal_fina sal_común sal_de_cocina sodio la_sal sal_comun sal_gruesa producción_de_sal sal_sodio
bn:00021207n	democracia república democracias democratica democratico democraticos democrática democrático democráticos estado_de_la_libertad_en_el_mundo estado_democrático estados_democraticos estados_democráticos pais_libre pais_no_libre paises_libres paises_no_libres país_no_libre países_libres países_no_libres redemocratización regimen_democratico regimen_democrático régimen_democratico régimen_democrático sistema_democratico sistema_democrático sistemas_democráticos tirania_de_la_mayoria tirania_de_la_mayoría democracia_secular gobierno_democrático proceso_democrático
bn:00021211n	puerto_rico commonwealth_of_puerto_rico borinquen puerto san_juan_bautista estado_libre_asociado_de_puerto_rico mancomunidad_de_puerto_rico isla_del_encanto territorio_de_puerto_rico territorio_estadounidense_de_puerto_rico borinquén caparra cáparra isla_de_puerto_rico isla_de_san_juan_bautista portorriqueño puertoriquena puertoriqueno puertoriqueña puertoriqueño puertorriquena puertorriqueno puertorriqueña puertorriqueño puertorriqueños libre_asociado_de_puerto_rico
bn:00021212n	kerfuffle bullicio conmoción disturbio agitación alboroto barrila cacao confusión disturbios encargos lío movida pendientes perturbación quehacer revoloteo ruido ruptura sarao tomate trapisonda trastorno tumulto descalzaperros de_tareas hoo-ha hoo-hah
bn:00021217n	comuna municipio
bn:00021221n	comunicación comunicación_social ciencias_de_la_comunicación comunicacion_social comunicacion receptor comunicaciones el_intercambio_de_informacion el_intercambio_de_información comunicador_social comunicadora_social comunicar la_comunicacion la_comunicación teoria_de_la_comunicacion teoria_de_la_comunicación teoria_de_la_comunicacíon teoría_de_la_comunicacion teoría_de_la_comunicacíon comunicado comunicarse falta_de_comunicación habilidades_de_comunicación
bn:00021222n	comunicación
bn:00021223n	
bn:00021233n	comunión manduction_sacramental sagrada_comunión santa_comunión
bn:00021236n	comunicado despacho
bn:00021240n	sociedad_comunista comunismo comunismo_sin_estado comunismo_apátrida comunismo_puro
bn:00021248n	comunidad ciudad-comunidad_de_la_república_popular_china comunidad_residencial communitas ciudad-comunidad_de_la_republica_popular_china ciudad-comunidad comunal comunidades
bn:00021251n	comunidad_de_intereses comunidad
bn:00021268n	tren_de_cercanías cercanías trenes_cercanías
bn:00021279n	concentración densidad
bn:00021286n	empresa compañía sociedad actividad_empresarial azienda firma empresas compañía_comercial negocio negocios sociedad_empresarial compania_privada companía_privada compañia_privada empresa_comercial
bn:00021287n	compañía empresa rota compania companía compañia compania_militar companía_militar compañia_militar compañía_militar batallón_logístico
bn:00021288n	compañía empresa
bn:00021289n	compañía visita visitas
bn:00021290n	compañía partida
bn:00021295n	empresa_operadora
bn:00021301n	literatura_comparada
bn:00021303n	comparación confrontación cotejo comparando
bn:00021304n	comparación operador_relacional
bn:00021305n	compartimiento
bn:00021319n	compasión piedad misericordia
bn:00021326n	igual par compadre
bn:00021329n	compensación indemnización
bn:00021335n	competencia aptitud capacidad gestion_por_competencias gestión_por_competencias incompetente_para_ser_juzgado
bn:00021337n	competencia competición concurrencia competencia_economica competencia_económica competidor competencia_en_el_mercado mercado_competitivo
bn:00021338n	competición competencia concurso competidor campeonato certamen contienda prueba adversario contendiente participante competicion competidores
bn:00021345n	autocomplacencia complacencia suficiencia autosatisfacción satisfacción_de_sí_mismo
bn:00021351n	complemento complemento_sintáctico adjunto_sintactico adjunto_sintáctico complemento_sintactico
bn:00021352n	
bn:00021353n	dotación personal dotación_completa
bn:00021366n	completitud plenitud
bn:00021369n	complejo conjunto
bn:00021386n	complicación
bn:00021391n	cumplido cumplimiento
bn:00021394n	componente elemento factor ingrediente constituyente
bn:00021395n	componente parte porción componente_de_vector parte_componente suma_de_vectores suma_vectorial vector vector_euclidiano
bn:00021396n	elemento componente constituyente integrante
bn:00021397n	compositor compositora compositor_de_música compositora_de_música compositor_de_musica compositores compositor_musical
bn:00021406n	composición constitución composición_física
bn:00021408n	composición pieza composición_musical opus pieza_musical composición_de_música obra composicion composicion_musical compone composiciones_musicales pieza_de_música
bn:00021410n	composición informe redacción tema trabajo
bn:00021413n	compost abono_orgánico compostificación compostaje compos composta compós cómpost estiercol_vegetal estiércol_vegetal abono_organico compost_o_compostaje la_composta granja_de_lombrices lombricultura té_de_compost
bn:00021446n	compromiso acuerdo arreglo avenencia transacción
bn:00021452n	contraloría_general
bn:00021456n	compulsión impulso_irresistible
bn:00021458n	compulsivo comportamiento_compulsivo
bn:00021459n	compulsión compulsion compulsiones compulsividad
bn:00021464n	ordenador computador computadora calculador calculadora procesador procesador_de_datos computadora_electrónica computadoras clases_de_ordenadores clases_de_ordenadores: compu computador_de_proposito_general computador_de_propósito_general computador_digital computadora_digital computadora_electronica computadores computare computer la_computadora ordenador_digital ordenador_electrónico ordenadora ordenadores ordenata sistema_de_computación usuario:soyaploy computación_digital computación_máquina computadoras_digitales dispositivo_informático el_procesador_de_datos ordenador_de_propósito_general sistema_de_procesamiento_de_información sistema_informático sistemas_informáticos
bn:00021483n	memoria memoria_principal memoria_informática almacenamiento tarjeta_de_memoria almacenamiento_computacional almacenar almacén memoria_computacional dispositivo_de_almacenamiento memoria_informatica memoria_de_computadora almacenamiento_principal almacenamiento_informatico almacenamiento_informático computer_data_storage memoria_central memoria_de_computador memoria_de_ordenador memoria_de_un_ordenador memoria_en_disco memoria_primaria almacenamiento_de_información almacenamiento_información dispositivo_de_almacenamiento_datos equipo_de_almacenamiento equipo_de_almacenamiento_datos medios_de_almacenamiento medios_de_grabación memoria_de_la_computadora memoria_del_ordenador memoria_física memoria_interna unidades_de_disco
bn:00021512n	contras
bn:00021525n	privacidad secreto secreta clandestinidad protección_de_datos sigilo privacia privacía vida_privada esfera_privada secretismo derechos_de_privacidad secreto_militar
bn:00021526n	pantalla cubierta encubierta
bn:00021536n	concentrado
bn:00021538n	concentración concentracion_molar concentración_molar concentracion concentrado molal molalidad concentraciones concentración_analítica
bn:00021547n	concepto constructo concepción construcción construir idea concepto_filosófico conceptos imagen_mental imagenes_mentales imágenes_mentales concepto_de_la_filosofía concepto_en_filosofía objeto_conceptual objeto_ideal
bn:00021549n	concepción
bn:00021550n	concepción creación
bn:00021551n	innovación invención invento concepción diseño innovaciones ecoinnovacion innovacion innovadora innovar ecoinnovación innovador innovación_tecnológica inventado inventar inventores inventos
bn:00021556n	preocupación interés inquietud
bn:00021558n	preocupación quebradero quebradero_de_cabeza
bn:00021559n	concierto audición actuación representación concertación conciertos concertista concierto_de_música recital concerto concierto_de_musica bolo conciertos_de_música gira gira_de_conciertos música_en_vivo
bn:00021566n	concertina
bn:00021570n	concesión concesion concesionaria concesiones_publicas concesiones_públicas contrato_de_concesion contrato_de_concesión concesiones
bn:00021572n	concesionario
bn:00021584n	conclusión decisión determinación resolución dictamen
bn:00021587n	conclusión raciocinio
bn:00021588n	conclusión finalización terminación
bn:00021590n	decisión determinación resolución
bn:00021607n	concreto hormigón aglomerado_rigido aglomerado_rígido hormigon microconcreto hormigones_de_cementos_naturales mazacote trabajabilidad
bn:00021616n	concurrencia
bn:00021628n	sentencia condena sentencia_condenatoria juicio pena punición veredicto_condenatorio sentencia_judicial sentencias condena_penal condenas frase
bn:00021631n	condensación condensación) condensacion
bn:00021644n	condición circunstancias estado situación
bn:00021645n	condición estipulación
bn:00021649n	condición término contractual condición_implícita términos_y_condiciones
bn:00021658n	estímulo_condicionado
bn:00021662n	acondicionamiento condicionamiento condicionante
bn:00021675n	alambre cable cable_conductor
bn:00021678n	director_de_orquesta conductor director directora directora_de_orquesta directores_de_orquesta direccion dirección direccion_musical direccion_orquestal dirección_musical dirección_orquestal director_de_banda director_musical
bn:00021704n	conejo coneja conejito conejitos conejos
bn:00021721n	conferencia
bn:00021731n	reconciliación confesión reconciliacion sacramento_de_la_reconciliacion sacramento_de_la_reconciliación
bn:00021737n	confesor confesante penitenciario padre_espiritual confessor confesor_de_la_reina confesor_del_rey confesor_real confesor_regio confesores_reales padres_espirituales
bn:00021742n	confianza exceso_de_confianza
bn:00021751n	forma configuración conformación contorno
bn:00021757n	confirmación ratificación
bn:00021767n	discrepancia
bn:00021769n	disputa conflicto diferencia discusión querella repunta conflicto_interpersonal contencioso altercado conflictos confrontacion diferencia_de_opinión
bn:00021774n	conformidad
bn:00021782n	confrontación cara_a_cara conflicto encontronazo encuentro enfrentamiento pugna
bn:00021783n	confrontación oposición careo enfrentamiento
bn:00021788n	confusión confusión_mental desorden confusion_mental confusion confusedness
bn:00021789n	confusión
bn:00021834n	enhorabuena felicitaciones felicitación alabanza congratulación crédito elogio loa felicidades exaltación prestigio
bn:00021837n	congregación feligreses fieles
bn:00021844n	congreso_de_los_estados_unidos congreso congreso_de_estados_unidos congreso_de_eeuu congreso_de_los_ee.uu. congreso_estadounidense congreso_de_ee.uu. congreso_de_los_ee._uu. congreso_de_los_ee_uu congreso_de_los_estados_unidos_de_america congreso_de_los_estados_unidos_de_américa congreso_federal_de_los_estados_unidos congress_of_the_united_states congreso_de_los_ee.uu congreso_u_s
bn:00021852n	congresista miembro_del_congreso representante_popular congresistas
bn:00021869n	conjetura especulación suposición teoría conjetura_matematica conjetura_matemática conjeturas conjetural
bn:00021876n	conjugado conjugar_solución
bn:00021902n	conexión
bn:00021903n	conector conector_eléctrico conexión plug-in conector_electrico
bn:00021911n	contacto contactos enchufe padrinos conexión
bn:00021921n	berrinche pataleta rabieta rabieta_infantil cortón basca perra verraquera acaloramiento arrebatamiento arrebato arrechucho corajina perrera ramalazo histeria rabietas
bn:00021940n	conquista
bn:00021945n	conciencia sentido_del_bien_y_del_mal consciencia concientización escrúpulos sentido_moral sentimentalismo teoría_de_sentido_moral
bn:00021946n	conciencia
bn:00021951n	conciencia conocimiento consciencia consciente sentido conciencia_de_si conciencia_de_sí conciencia_moral
bn:00021959n	consentimiento disposición aprobación aquiescencia autorización dar_el_sí permiso sanción libre_consentimiento consensual
bn:00021961n	resultado consecuencia efecto desenlace conclusion conclusión
bn:00021962n	consecuencia importancia repercusión transcendencia trascendencia
bn:00021965n	conservación preservación
bn:00021966n	conservación conservación_de_la_naturaleza ética_de_conservación
bn:00021974n	conservadurismo conservatismo conservador conservadores conservadurismo_tradicionalista tendencia_conservadora conservadores_religiosos político_conservador
bn:00021989n	consideración reflexión
bn:00021990n	consideración
bn:00022014n	consonante_sistema sistema_consonántico
bn:00022026n	policía fuerzas_policiales policia fuerzas_del_orden cuerpo_de_policía fuerzas_de_seguridad agentes guardia constabularía fuerza_pública fuerzas_de_orden_público departamento_de_policía fuerza_de_policía fuerza_policial policial policías cuerpo_de_policia departamento_de_policia fuerza_de_policia policia_nacional policias policía_nacional agente_de_la_autoridad oficial_de_policia oficial_de_policía departamentos_de_policía policía_armada protección_policial
bn:00022050n	
bn:00022069n	construcción_gramatical construcción construccion_gramatical expresión
bn:00022070n	construcción síntesis_mental
bn:00022071n	estructura modelo construcción maqueta estructural estructurar estructuras sistema
bn:00022092n	consulta
bn:00022095n	consumidor consumidores consumidora proceso_de_toma_de_decisiones_del_comprador
bn:00022107n	ingestión consumo ingesta ingestion absorción ingerido ingieren
bn:00022112n	contacto
bn:00022115n	contacto fricción roce toque que_incide
bn:00022119n	contacto
bn:00022136n	contaminación infección verschmutzung mancha
bn:00022140n	reflexión cavilación consideración contemplación ensimismamiento especulación meditación pensamiento ponderación meditando
bn:00022143n	modernidad contemporaneidad actualidad modernez la_modernidad modernas modernos
bn:00022145n	edad_moderna historia_moderna epoca_moderna era_moderna época_moderna mundo_moderno historia_contemporánea los_tiempos_modernos moderna mundo_contemporáneo pre-moderna pre-modernas tiempos_actuales época_contemporánea
bn:00022153n	contenido
bn:00022154n	contenido mensaje tema materia
bn:00022157n	sujeto objeto_representado contenido tema sujeto_y_objeto
bn:00022164n	concursante adversario contendiente participante competidor concursantes
bn:00022168n	contexto contexto_lingüístico contexto_extralinguistico contexto_extralinguístico contexto_extralingüistico contexto_extralingüístico contexto_linguistico contexto_linguístico contexto_lingüistico contexto_de_uso
bn:00022173n	continente continentes
bn:00022190n	continuación
bn:00022200n	continuidad
bn:00022223n	contrabandista traficante contrabando matutero metedor pasador contrabandistas luna-cursor luna_cursor trata
bn:00022227n	contrato contratos legalmente_vinculante considerandos contracto eficacia_contractual teoria_del_contrato teoría_del_contrato acuerdo_contractual contractual contratación derecho_contractual garantías
bn:00022228n	
bn:00022240n	contratista
bn:00022244n	contradicción negación
bn:00022257n	contrario inverso opuesto lo_contrario lo_opuesto
bn:00022261n	contraste contraposición contraste_directo
bn:00022262n	contraste
bn:00022263n	demarcación línea_divisoria contraste línea
bn:00022269n	contribución aportación participación
bn:00022271n	donación donativo donaciones donar donó
bn:00022282n	contriver planificador planificadora inventor
bn:00022283n	control
bn:00022284n	control
bn:00022285n	control autodominio
bn:00022286n	control_científico grupo_de_control control control_de_condición control_experimental experimento_controlado
bn:00022287n	control
bn:00022288n	contención control mesura moderación
bn:00022289n	controlador controlador_de_periférico controladora control tarjeta_controladora adaptador_de_periférico controladora_de_periferico controladora_de_periférico
bn:00022324n	conveniencia
bn:00022333n	convención conferencia congreso convencion simposio conferencista adhiveshan conferencia_negocios
bn:00022334n	patrón regla fórmula normal convención modelo norma pauta
bn:00022349n	conversación charla conversacion conversaciones conversar destinatario
bn:00022381n	transporte transferencia calco impreso locomocion medio_de_transporte transportacion transportación transportar transportes
bn:00022391n	remolino convolución voluta vórtice
bn:00022407n	cocinero cocinera ayudante_de_cocina cocinero_profesional pinche_de_cocina chef cheff cocineros cocinero_de_comida_rápida cocinero_poco_tiempo
bn:00022412n	cocina cocción cocinar guisar coccion cocer cochura
bn:00022413n	fogón cookfire
bn:00022443n	negro nigga nigra nigger mayate mono negraso negrillo negrito negro_de_mierda negrote negra jigaboo
bn:00022452n	cooperación colaboración cooperacion
bn:00022467n	coordinador coordinadora
bn:00022525n	copia transcripción transcript
bn:00022526n	copia imitación réplica
bn:00022527n	copia materia_escrita
bn:00022556n	coral coral_claro rojo_coral rosa_coral
bn:00022592n	pana corderoy cotele cotelé
bn:00022626n	núcleo centro grupo_central
bn:00022629n	
bn:00022695n	maizal campo_de_maíz milpa trigal mieses
bn:00022696n	corn_flakes corn_flakes_de_kellogg's copos_de_maíz maíz_en_escamas
bn:00022726n	cornejo corno cornus cornejo_árbol
bn:00022733n	esquina rincón
bn:00022734n	esquina rincón
bn:00022735n	rincón recodo recoveco txoko esquina
bn:00022777n	profusión abundancia derroche lujo riqueza
bn:00022811n	corporación corp compañía empresa firma corporacion corporativa corporativo sociedad sociedad_corporativa allmennaksjeselskap corporaciones empresas
bn:00022814n	materialidad corporalidad corporeidad fisicalidad
bn:00022831n	cuerpo_del_delito corpus_delicti
bn:00022851n	probidad propiedad aptitud corrección decoro procedencia seriedad correctitude
bn:00022856n	correlación correlatividad
bn:00022861n	correspondencia carta carteo
bn:00022867n	corredor pasillo
bn:00022884n	depravación corrupción degeneración
bn:00022897n	séquito comitiva acompañamiento cortejo servidumbre sequito
bn:00022962n	cosignatario
bn:00022991n	universo cosmos macrocosmos macrocosmo mundo creación naturaleza cosmos,_sus_formas cosmos_sus_formas el_universo universos cosmo el_espacio espacio nuestro_cosmos nuestro_universo cosmico cósmico mundo_físico
bn:00022995n	costo coste costes costo_de_manufactura costos costoso caros gastos_contingentes
bn:00022996n	precio valor_monetario costo costa coste importe canon precio_unitario
bn:00022997n	coste precio
bn:00023011n	costilla costae costilla_osea costilla_ósea costillas
bn:00023028n	disfraz traje traje_tipico traje_típico vestir vestuario
bn:00023070n	pasador tirador chaveta
bn:00023072n	algodón fibra_de_algodón gossypium algodon
bn:00023101n	sofá sillón diván reposera sofa sofás
bn:00023119n	consejo concejo
bn:00023134n	orientación guía asesoramiento dirección
bn:00023136n	
bn:00023137n	asesor consejero
bn:00023140n	enumeración conteo lista cuenta numeración contar cómputo número relación principios_de_conteo principios_de_gelman_y_gallistel principios_del_conteo cálculo sistema_de_numeración
bn:00023153n	fisonomía fisiognomía fisionomía faz rostro semblante apariencia expresión fisiognómica fisiognómico portación_de_rostro fisiognomia fisiognomica fisiognomico fisionomia fisonomia
bn:00023156n	tabuladora tabulador maquina_tabuladora máquina_tabuladora
bn:00023196n	gegenschein contrabrillo
bn:00023208n	homólogo homóloga vis-a-vis complemento contraparte
bn:00023235n	país estado nación tierra estado_de_méxico estado_soberano países estado_mexicano pais paises estado_de_mexico país_estado_soberano estados_mexicanos
bn:00023236n	estado nación país estado_soberano res_publica pueblo república territorio nacion naciones estado_independiente estados estatal etat fundamentos_filosoficos_de_la_nacion fundamentos_filosoficos_de_la_nación fundamentos_filosóficos_de_la_nación poder_público cuerpo_político estados_soberanos gubernamentales nacional sociedad_política teoría_declarativa_de_la_estadidad
bn:00023237n	área_rural zona_rural campo país medio_rural rural ambiente_rural area_rural entorno_rural espacio_agrario espacio_rural espacios_rurales mundo_rural paisaje_rural paisajes_agrarios paisajes_rurales rustico rústico sector_rural zonas_rurales paisaje_agrario vida_rural
bn:00023241n	patria país_de_origen tierra_natal madre_patria hemland patrio patría
bn:00023245n	compatriota paisana paisano
bn:00023248n	campo
bn:00023251n	condado comunidad_autónoma departamento estado provincia
bn:00023258n	golpe_de_estado golpe golpista putsch alzamiento pronunciamiento putsh militarada golpes_de_estado derrocamiento golpe_institucional golpismo propósito_golpista golpe_militar autogolpe golpismo_militar proposito_golpista golpe_de_estado_militar
bn:00023260n	coup_d'oeil coup_d'œil ojeada vistazo mirada mirar
bn:00023268n	pareja dúo
bn:00023269n	pareja matrimonio compañeros
bn:00023270n	par
bn:00023274n	yugo
bn:00023285n	curso transcurso hilera línea trayectoria trazado
bn:00023286n	curso tendencia trazado
bn:00023287n	curso curso_de_acción
bn:00023288n	curso camino dirección trayectoria derrotero rumbo curso_de_navegacion curso_de_navegación ruta_de_navegacion ruta_de_navegación
bn:00023295n	currículo plan_de_estudios curriculum programa programa_de_estudios syllabus temario enseñanza_general curricula curriculo currícula plan_de_estudios_curriculo plan_de_estudios_currículo planes_de_estudios currículo_escolar educación_general requisitos_de_educación_general
bn:00023301n	tribunal corte juzgado sala_de_justicia tribunales
bn:00023302n	sala_de_justicia sala sala_de_audiencias corte juzgado sala_de_un_tribunal tribunal sala_de_vistas sala_del_tribunal
bn:00023310n	patio callejón cour cortile courtyard court cortil cortili patio_monumental patios
bn:00023333n	primo primo_hermano primo_carnal prima primo_o_prima primo_o_prima_carnal primo_cormano primo_en_primer_grado primer_primo_quitado_una_vez primo_completo primo_doble primo_quitado_una_vez primo_segundo primo_tercero primos_hermanos
bn:00023347n	cobertura envoltura
bn:00023362n	reportaje presentación_de_informes
bn:00023381n	vaca vaquita moo-vaca
bn:00023436n	hercio hz hertz ciclo_por_segundo cps cs ciclos_por_segundo ehz exahercio ghz hercios hertzio hertzios herzio herzios kilociclo kilohertz kilohertzs kiloherzios microhercio milihercio nanohercio petahercio phz terahercio thz ciclos_/_segundo mhz
bn:00023462n	chasquido crujido estallido
bn:00023470n	tirador francotirador pistolero tirador_de_élite tiradora tirador_de_elite crack_shot tiradores
bn:00023491n	cuna brezo
bn:00023496n	oficio profesión artesanado trabajo_manual comercio artesanía
bn:00023497n	nave
bn:00023498n	gremio oficio
bn:00023542n	vertebrado vertebrados craniate craniata vertebrata animales_vertebrados craneado craneados chordata_craniata enaima microvertebrado
bn:00023632n	crema la_crema
bn:00023652n	creación actividad_creativa
bn:00023653n	creación
bn:00023654n	introducción fundación inicio instauración creación iniciación institución cimiento innovación fundando
bn:00023658n	pensador pensadora pensador_creativo
bn:00023659n	creatividad inventiva ingenio ingeniosa ingeniosas ingenioso ingeniosos pensamiento_creativo proceso_creativo
bn:00023661n	alma_en_pena creatura criatura persona ser_humano almas_en_pena penando penar wight
bn:00023667n	crédito reconocimiento
bn:00023668n	crédito
bn:00023670n	crédito haber
bn:00023671n	crédito pago_aplazado pago_diferido credito creditos créditos crediticio relación_crediticia sistema_crediticio pago_a_plazos
bn:00023678n	hora_de_crédito hora_crédito semestre_horas
bn:00023685n	credo credos credo_apostolico credo_religioso credo_apostólico credo_catolico credo_católico credo_cristiano credo_de_los_apostoles credo_de_los_apóstoles simbolo_de_los_apostoles simbolo_de_los_apóstoles símbolo_de_los_apostoles
bn:00023747n	crepúsculo anochecer atardecer crepuscle evenfall gloam ocaso anochecida anochecido atardecida caída_de_la_noche caida_de_la_noche crepusculo_avanzado crepúsculo_avanzado crepuscule crepúsculo_astronómico crepúsculo_náutico
bn:00023757n	cresta cima cumbre valle
bn:00023758n	cima pico cumbre cresta cúspide extremo_superior culmen ápice
bn:00023774n	tripulación equipo
bn:00023782n	marinero marino tripulante marinero_mercante marino_mercante marinos régimen_especial_de_la_seguridad_social_de_los_trabajadores_del_mar gente_de_mar marineros
bn:00023796n	grillo gryllidae críquet grillos gríllidos
bn:00023807n	crimen delito delitos infracción criminal criminalidad actividad_criminal actividades_delictivas actividades_ilegales acto_criminal comportamiento_criminal delincuentes delito_criminal violación_de_la_ley
bn:00023815n	criminal forajido malhechor proscrito delincuente transgresor trasgresor bandido bandolero encartado salteador bandidos fuera_de_la_ley proscripción
bn:00023835n	ojal ojete ojete_de_metal ollao guardacabo estrobo gaza lazada lazo ollao_reforzado recodo ollado cringle arandela grumete ojales
bn:00023844n	crisis situación_de_crisis crisis_puntual
bn:00023845n	crisis momento_decisivo
bn:00023853n	estándar criterio medida piedra_de_toque norma patrón pauta regla nivel
bn:00023854n	estándar criterio
bn:00023867n	crítica sentencia_desfavorable
bn:00023876n	gañido graznido graznidos croar
bn:00023910n	crofter
bn:00023931n	cosecha
bn:00023964n	objetivo_opuesto malentendido propósito_contrario
bn:00023980n	bancada cruzar_frustrar frustrar
bn:00023990n	mestizaje cruce raza_mestiza fusión mixedblood relaciones_interraciales relación_interracial
bn:00024047n	agacharse
bn:00024049n	grupa anca ancas cuartos_traseros culata posaderas rabadilla trasero croupe
bn:00024054n	cuervo corneja
bn:00024065n	multitud masa montón horda movimiento movimiento_social
bn:00024076n	banderín corona gallardete insignia
bn:00024081n	agalla_de_la_corona
bn:00024098n	monitor pantalla monitor_crt pantalla_de_la_crt tubo_de_rayos_catódicos tubos_de_rayos_catódicos
bn:00024103n	crucifijo cruz cruz_triunfal crux_triumphalis triumphkreuz crucifijos cruz-árbol
bn:00024162n	llanto lágrima lloro llorera lagrima lagrimas llorar lloriquear lloriqueo lloroso llorador llorisquear vías_lagrimales lágrimas lagrimeo
bn:00024209n	cristal cristales sólido_cristalino acristalada solido_cristalino roca_cristalina
bn:00024210n	cristal
bn:00024244n	chico chaval hijo muchacho gardí hijito niño zagal sonny_boy
bn:00024247n	cuba república_de_cuba isla_juana republica_de_cuba .cu cu cub 🇨🇺 estado_cubano isla_de_cuba república_socialista_de_cuba
bn:00024258n	cubo hexaedro_regular terrón hexaedro cubico cubos cúbico dado_de_6 dado_de_6_caras dado_de_seis dado_de_seis_caras hexaedros_regulares frinkaedro
bn:00024266n	litro decímetro_cúbico l litros liter megalitro ℓ gigalitre hectolitros megalitre megalitros microlitro
bn:00024272n	cubismo cubista cubismo_analítico analítica_cubismo cubismo_sintético cubistas
bn:00024359n	refinamiento
bn:00024369n	cultura actividad_cultural cultura_humana cultura_universal cultural culturales culturas culturas_del_mundo culturizacion culturización culturizar
bn:00024394n	cúmulo cúmulus cumulus cúmulos nubes_cúmulos
bn:00024407n	coño concha cuca panocha chocho choro chucha cocho conejo punta raja vagina almeja chichi chocha patata bollo cunt idiota
bn:00024410n	copa taza vaso taza_de_pié vasos
bn:00024411n	taza copa
bn:00024412n	copa
bn:00024459n	pastor párroco ministro cura rector cura_párroco vicario curato congrua curatos parroco ministro_de_culto ministro_de_la_iglesia ministro_del_culto pastor_protestante pastora párroco_católico cura_parroco ministro_protestante pastor_cristiano pastor_evangélico ministro_de_la_religión clero_cristiano cura_auxiliar ministro_cristiano ministro_ordenado ministro_religioso pastor-maestro pastor_principal pastores
bn:00024461n	cura remedio remisión curativo terapéutico curativa medicamento remision curar
bn:00024486n	curiosidad peculiaridad rareza singularidad noche_de_reyes
bn:00024488n	curiosidad curioso
bn:00024504n	grosella
bn:00024510n	corriente_eléctrica corriente intensidad_de_corriente_eléctrica corriente_electrica intensidad corrientes_eléctricas fluido_electrico fluido_eléctrico intensidad_de_corriente intensidad_de_corriente_electrica intensidad_electrica intensidad_eléctrica corriente_convencional
bn:00024511n	corriente flujo agua_corriente
bn:00024512n	corriente curso flujo
bn:00024525n	palabrota blasfemia garabato grosería improperio juramento maldición palabra_malsonante profanidad reniego taco voto maldecir_palabra
bn:00024541n	patio curtilage corral
bn:00024550n	curva curva_cerrada_simple curvado curvilínea curvilíneo linea_curva línea_curva curva_suave curvilineo curva_cerrada curva_plana curva_simple curvas forma_curvada
bn:00024551n	curva
bn:00024588n	custodia autoridad_parental custodia_legal patria_potestad tutela manos
bn:00024591n	costumbre hábito usanza uso habituación derecho_consuetudinario
bn:00024592n	tradición costumbre hábito rutina usanza tradicional tradicionalmente tradiciones
bn:00024599n	parte provecho tajada
bn:00024630n	sentido_del_tacto tacto toque sentidos_cutáneos sentidos_piel toque_modalidad
bn:00024636n	monería lindura lindeza
bn:00024662n	montaje edición edicion edición_cinematográfica edición_de_cine montaje_cinematografico montaje_cinematográfico edicion_cinematografica edicion_de_cine director_de_montaje sala_de_montaje edición_de_películas
bn:00024724n	ciclo
bn:00024726n	ciclo
bn:00024880n	quiste lobanillo lupia fibromita quistico quístico quistes quística
bn:00024905n	citoplasma citoplasmática citoplasmatica citoplasmático citol
bn:00024933n	checoslovaquia checoeslovaquia checoeslovaco checoslovaco czechoslovakia república_checoslovaca republica_checoslovaca segunda_republica_checoslovaquia checoslovaca república_de_checoslovaquia
bn:00024942n	distrito_de_columbia district_of_columbia dc
bn:00024989n	papá pa papa papaíto papi papito pop pappa
bn:00024998n	demonio daimon diablo demon genio mandinga diablillo daimones daimôn dáimon dáimones dáimôn la_bicha demonios demoníaco espíritu_maligno malos_espíritus daimón demonejo demoniáco demono demontre demoníaca demoñejo demoño démones
bn:00025024n	delicadeza fineza fragilidad finura
bn:00025029n	vaca_lechera lechera milcher ordeñador vacas_lecheras ganado_lechero leche_de_vaca
bn:00025062n	dallas dallas,_tejas dallas,_texas dallas,_tx dallas_tejas dallas_texas dallas_tx
bn:00025080n	daño perjuicio deterioro hecho_dañoso
bn:00025083n	precio condiciones daño importe canon precio_unitario precios
bn:00025084n	daño daños_y_perjuicios daño_legal
bn:00025097n	dama señora dame
bn:00025142n	danza baile bailar bailes danzado danzador danzante danzar danzas
bn:00025144n	baile danza bailarines danzas
bn:00025153n	bailador bailarín terpsichorean bailaor bailarina bailarín_profesional danzante danzarín terpsícore bailarina_profesional
bn:00025170n	peligro
bn:00025191n	danés idioma_danés da dan idioma_danes danes lengua_danesa como_pudedo_aprender_el_danes dansk
bn:00025196n	dinamarca reino_de_dinamarca archipielago_danes archipielago_danés archipiélago_danés danesa dinamarca_continental dinamarques dinamarquesa dinamarqués danmark
bn:00025198n	dante dante_alighieri alighieri_dante durante_degli_alighieri alighieri dante_allighieri dantesco dantismo dantista de_vulgari_eloquentia durante_alighieri
bn:00025211n	mancha mota animal_picado merle motear
bn:00025233n	oscuridad negrura oscuro
bn:00025234n	iniquidad maldad
bn:00025236n	noche tarde oscuridad noches
bn:00025241n	edad_media medievo medioevo años_oscuros edad_medieval era_medieval baijomedieval baja_edad_media bajomedieval civilizaciones_medievales edad_media_tardía epoca_medieval historia_medieval la_edad_media medieval medievales medioeval medioevo_tardío middle_ages siglos_medios sociedad_medieval tardomedieval época_medieval edades_bárbaras época_medieval_temprana
bn:00025244n	microscopio_de_campo_oscuro microscopio_en_campo_oscuro microscopio_metalografico microscopio_metalográfico campo_oscuro iluminación_de_campo_oscuro iluminación_del_suelo_oscuro microscopía_de_campo_oscuro
bn:00025256n	amado favorito predilecto preferido querido cariño deary querida
bn:00025314n	datos dato data dato_elemental entidad_abstracta datos_científicos datos_estadísticos
bn:00025320n	archivo_de_datos archivo
bn:00025336n	fecha día_del_mes
bn:00025337n	acompañante cita escolta
bn:00025364n	hija hijo niña hijas
bn:00025407n	acero_gris davy_gris
bn:00025417n	día jornada
bn:00025418n	día
bn:00025419n	día jornada diurnas durante_el_día
bn:00025420n	día
bn:00025421n	
bn:00025428n	día_de_campamento
bn:00025436n	condena fin_del_mundo perdición
bn:00025441n	externado escuela_día
bn:00025455n	luz_del_día luz_de_día luz_diurna luz_de_dia luz_del_dia luz_natural
bn:00025463n	estupor aturdimiento conmoción desconcierto estupefacción perplejidad reacción_de_estrés_agudo shock
bn:00025464n	aturdimento estupefacción
bn:00025500n	difunta difunto extinta extinto fallecida fallecido muerta muerto muertos
bn:00025501n	muertos
bn:00025510n	bloqueo_mutuo estancamiento punto_muerto callejón impasse atolladero impase abrazo_mortal deadlock interbloqueo traba_mortal abrazo_de_la_muerte dead_lock bloqueo_activo callejón_sin_salida
bn:00025524n	conjeturas conjetura adivinanza suposiciones adivinación
bn:00025540n	pecado_mortal pecado_capital siete_pecados_capitales
bn:00025546n	dietilaminoetil_celulosa celulosa_deae
bn:00025547n	sordo
bn:00025567n	transacción negociación trato
bn:00025569n	contacto intercambio relación trato relaciones
bn:00025582n	muerte fallecimiento deceso defunción óbito expiración desaparición tránsito fallece muertes cadaveres defuncion disfunto expirar fallecer fallecido falleciendo fallecimientos fenecer finado matado matando matar morir mortal mortífero muelto muerte_natural muerte_y_agonía muertos muriendo obito perecer éxitus defunciones muerte_prematura murió
bn:00025583n	muerte
bn:00025584n	muerte
bn:00025585n	muerte fallecimiento moribundo
bn:00025588n	destrucción final muerte fin
bn:00025608n	postrimería
bn:00025621n	debate debate_público
bn:00025634n	escombros escombro basura cachureo cascote derribo detrito detritus resto restos ruinas fragmentos_glaciares morrena polvo
bn:00025643n	debut entrada inauguración introducción lanzamiento presentación primicia descubrimiento revelación primera_presentación
bn:00025645n	diciembre dic. 12 12.°_me decimosegundo_mes di di. duodécimo_mes mes_12. mes_decimosegundo mes_duodécimo último_mes decembrino deciembre
bn:00025646n	década decenio decada 10_años diez_años decenario decennium
bn:00025675n	decadencia declinación deterioro
bn:00025681n	engaño decepción fraude impostura mentira tergiversación engañosa
bn:00025683n	desaceleración deceleración ralentización retardación
bn:00025686n	nochevieja 31_de_diciembre víspera_de_año_nuevo día_de_año_viejo día_de_san_silvestre fin_de_año fin_de_ano noche_de_pura_a noche_vieja víspera_año_nuevo
bn:00025719n	cubierta cubierta_de_barco puente
bn:00025732n	declaración afirmación manifestación
bn:00025733n	declaración
bn:00025735n	resolución declaración resolucion
bn:00025737n	declaración_de_independencia_de_los_estados_unidos declaracion_de_independencia_de_estados_unidos declaracion_de_independencia_estadounidense declaración_de_independencia_de_los_estados_unidos_de_américa declaración_de_la_independencia_de_los_estados_unidos discurso_de_thomas_jefferson_sobre_la_declaración_de_independencia_de_los_estados_unidos_de_amèrica declaracion_de_independencia_de_los_estados_unidos declaracion_de_la_independencia_de_los_estados_unidos declaración_de_independencia_de_estados_unidos declaración_de_independencia_estadounidense declaración_de_la_independencia
bn:00025744n	
bn:00025746n	disminución reducción
bn:00025754n	descomposición vector_descomposición
bn:00025755n	descomposición
bn:00025756n	descomposición putrefacción podredumbre pudrición pudrimiento podre podrido descomposicion putrefaccion putrefaccion_y_descomposicion putrefaccion_y_descomposición putrefacción_y_descomposición descomposición_post_mortem estado_de_descomposición putrafacción perecederos
bn:00025764n	decoración
bn:00025765n	ornamento adorno decoración ornamento_arquitectónico ornamentación ornamentacion adorno_musical ornamentar ornamento_artistico ornamento_artístico
bn:00025766n	medalla medallón condecoración medallas medallista presea arte_medallic
bn:00025770n	decorador_de_interiores diseñador_de_interiores decorador diseñador interiorista casa_decorador habitación_decorador
bn:00025777n	disminución aminoración baja bajada caída descenso mengua rebaja reducción
bn:00025780n	disminución reducción debilitamiento merma abatimiento aminoración corte decaimiento mengua minoración step-down
bn:00025781n	decreto decretos edicto acto auto orden sentencia decreto_ejecutivo decreto_presidencial decreta decretar decreto_supremo decreto-ley edictos fíat real_decreto
bn:00025792n	dedicación consagración devoción entrega
bn:00025798n	desgravación beneficio_fiscal deducción deducciones_fiscales deducción_fiscal beneficios_fiscales desgravaciones ventaja_fiscal ventajas_fiscales amortización_del_impuesto deducción_de_impuestos deducibles_de_impuestos
bn:00025800n	consecuencia deducción implicación así en_consecuencia entonces luego por_consiguiente pues vinculación consecuencia_lógica consecuencia_semántica consecuencia_sintáctica implicatura
bn:00025803n	descuento reducción_de_precios
bn:00025825n	profundización
bn:00025827n	profundidad
bn:00025855n	derrota
bn:00025856n	frustración derrota fracaso frustracion frustrado
bn:00025878n	defensa medida_defensiva
bn:00025879n	defender defensa
bn:00025884n	acusado demandado sospechoso acusada defendido procesado querellado reo sospechosa acusados autor sospechosos
bn:00025885n	protector defensor tutor valedor apoderado guardia guardián defensora protectora shielder
bn:00025889n	dod departamento_de_defensa ministerio_de_defensa department_of_defense united_states_department_of_defense departamento_de_defensa_de_los_estados_unidos defensa departamento_de_defensa_de_estados_unidos el_pentagono el_pentágono ministerio_de_la_defensa_nacional ministerio_del_ejercito ministerio_del_ejército defensa_propia departamento_de_defensa_de_ee._uu. u.s._department_of_defense us_dept_of_defense estados_unidos_departamento_de_defensa del_departamento_de_defensa departamento_de_defensa_ee.uu departamento_de_defensa_estados_unidos derecho_a_la_legítima_defensa ee.uu_departamento_de_defensa establecimiento_militar_nacional subsecretario_de_defensa
bn:00025903n	deferencia respeto
bn:00025908n	desafío rebeldía
bn:00025909n	desafío provocación
bn:00025913n	deficiencia carencia falta carestía deseo escasez
bn:00025916n	déficit escasez carencia deficiencia falta exceso_de_demanda penuria sobredemanda
bn:00025923n	definir
bn:00025928n	definición definicion definir definiciones definición_formal
bn:00025929n	definición
bn:00025950n	deformación distorsión
bn:00025954n	pago abono defrayal defrayment
bn:00025965n	grado nivel grado_de_la_escala grado_evolutivo grados_de_la_escala
bn:00025966n	etapa grado punto fase nivel tramo
bn:00025967n	grado
bn:00025995n	deidad dios diosa divinidad inmortal deidades dioses ilah divinidades ser_divino
bn:00026000n	almuerzo tiffin comida dejeuner colación merienda refrigerio yanta almorzar
bn:00026014n	demora dilación espera retraso aplazamiento atraso tardanza tiempo_de_retraso
bn:00026022n	deleite goce delectación delicia gozo
bn:00026027n	omisión supresión
bn:00026047n	alegría deleite delicia gozada gozo placer
bn:00026061n	liberación rescate salvación salvamento entrega preservación rescatar
bn:00026068n	lanzamiento entrega
bn:00026090n	deltoides músculo_deltoides musculus_deltoideus deltoide muñón musculo_deltoides cometa
bn:00026093n	diluvio inundación avalancha
bn:00026101n	demagogo demagoga agitador demagogia demagógico demagogica demagogico demagógica demagogas demagogos
bn:00026103n	demanda exigencia petición reclamación
bn:00026104n	demanda
bn:00026105n	exigencia requisito
bn:00026107n	necesidad necesidades necesidad_como_termino_juridico necesidad_como_termino_jurídico necesidad_como_término_juridico necesidad_como_término_jurídico
bn:00026129n	territorio dominio tierra
bn:00026146n	democracia
bn:00026165n	demonio diablo fiera malvado monstruo ogro
bn:00026173n	demostración demonstración entrega presentación
bn:00026198n	desmitificación desmitologización
bn:00026200n	escondrijo guarida madriguera escondite
bn:00026239n	habitante habitantes residente residencia morador moradora vecina vecino población habitual lugareña lugareño
bn:00026245n	confesión denominación_religiosa confesion confesion_religiosa confesión_religiosa denominacion denominacion_religiosa denominación denominaciones_religiosas denominaciones_cristianas denominación_cristiana secta_cristiana
bn:00026259n	densidad espesor densidad_de_volumen masa_específica densidad_de_masa densidad_real masa_especifica masa_volumica masa_volúmica densidad_aparente ρ densidad_media denso densos unidades_de_densidad
bn:00026262n	densitometría densimetría densitometria
bn:00026279n	dentista odontólogo estomatólogo medico_dentista médico_dentista odontologa odontologo odontóloga diente_médico
bn:00026308n	departamento lista_de_secretarías_de_estado_de_estados_unidos lista_de_departamentos_ejecutivos_federales_de_estados_unidos lista_de_secretarias_de_estado_de_estados_unidos lista_de_secretarias_de_estado_de_los_estados_unidos lista_de_secretarías_de_estado_de_los_estados_unidos
bn:00026327n	departamento_de_trabajo_de_los_estados_unidos departamento_de_trabajo ministerio_de_trabajo departamento_del_trabajo_de_los_estados_unidos departamento_de_trabajo_de_estados_unidos departamento_del_trabajo_de_ee.uu. department_of_labor_of_the_united_states department_of_labor_of_the_united_states_of_america united_states_department_of_labor united_states_labor_department us_labor_department usdol secretaria_de_trabajo_de_estados_unidos secretaria_de_trabajo_de_los_estados_unidos del_departamento_de_trabajo departamento_del_trabajo
bn:00026336n	departamento_de_estado departamento_de_estado_de_los_estados_unidos lista_de_entidades_de_ayuda_al_desarrollo estado departamento_de_estado_de_e.u. departamento_de_estado_de_e_u departamento_de_estado_de_ee._uu. departamento_de_estado_de_ee_uu departamento_de_estado_de_estados_unidos departamento_de_estado_de_los_ee.uu. departamento_de_estado_de_los_ee_uu departamento_de_estado_los_ee._uu. secretaría_de_estado_de_los_estados_unidos united_states_department_of_state us_department_of_state us_state_department secretaria_de_estado_de_los_estados_unidos departamento_de_estado_de_ee.uu. departamento_del_estado_de_los_ee.uu. u.s._department_of_state departamento_de_estado_ee.uu ee.uu_del_departamento_de_estado estados_unidos_departamento_de_estado
bn:00026343n	partida salida marcha ida dejando va
bn:00026344n	diferencia desviación divergencia partida
bn:00026345n	deceso defunción expiración fallecimiento fenecimiento liberación partida pérdida trance tránsito óbito
bn:00026351n	dependencia
bn:00026373n	deportado desterrado exiliado
bn:00026374n	sedimento depósito depósito_sedimentario sedimentos
bn:00026379n	almacén depositario depósito depositaría
bn:00026385n	depositante cuentacorrentista depositador depositantes depositor
bn:00026386n	biblioteca bibliotecas biblioteca_depositaria depósito_legal
bn:00026387n	cochera estación_de_trenes terminal
bn:00026388n	almacén depósito
bn:00026397n	detractor depreciador desacreditador menospreciador depreciator disparager
bn:00026398n	predación depredación
bn:00026402n	depresión estado_depresivo depresivos desesperanza
bn:00026405n	depre depresión
bn:00026418n	profundidad
bn:00026425n	ayudante_del_shérif ayudante_del_sheriff diputado
bn:00026447n	derivada función_derivada diferencial cociente_de_la_diferencia funcion_derivada derivabilidad derivable derivada_de_primer_orden derivadas diferenciable funcion_derivable función_derivable coeficiente_diferencial derivado_primera primera_derivada
bn:00026488n	descendencia descendientes posteridad progenie
bn:00026501n	descripción descripcion la_descripcion,_clases_y_cualidades la_descripcion_clases_y_cualidades la_descripción,_clases_y_cualidades la_descripción_clases_y_cualidades pragmatografia pragmatografía describir descripciones análisis_lingüístico descripción_verbal descriptivo
bn:00026512n	forma significante descriptor palabra_forma
bn:00026516n	integración desegregación desagregada eliminar_la_segregación la_integración_de segregación_racial
bn:00026519n	desierto desiertos arida desertico deserticos desierto_costero desierto_semiárido desierto_árido desiertos_costeros desértico desérticos inhospito inhóspito modelado_desértico suelo_desertico árida áridas
bn:00026530n	merecimiento mérito
bn:00026535n	diseño modelo diseñar disenadores disenar diseno diseñado diseños filosofía_de_diseño filosofía_diseño proceso_de_diseño
bn:00026536n	plan proyecto trazado diseño
bn:00026537n	patrón adorno diseño figura estampado modelo ornamento patrones_geométricos patron patrones_geometricos patrones patrón_geométrico
bn:00026542n	identificación designación
bn:00026550n	deseo gana anhelo
bn:00026551n	deseo afán
bn:00026554n	escritorio pupitre bufete buro mesa_de_despacho escritorios
bn:00026574n	desamparo desolación soledad abandono descuido
bn:00026577n	desesperación desesperanza
bn:00026583n	desesperado
bn:00026603n	destino hado azar sino
bn:00026604n	destino hado sino
bn:00026606n	destructor destruidor contratorpedero destructor_barco_torpedo destructor_de_misiles_guiados destructor_minador destructores
bn:00026618n	distanciamiento separación
bn:00026619n	desprendimiento
bn:00026622n	detalle punto particular particularidad pormenor
bn:00026623n	detalle elemento
bn:00026624n	detalle pormenor detalles
bn:00026625n	
bn:00026628n	detalles información_interna información_confidencial
bn:00026630n	detective detective_trabajo detector
bn:00026631n	averiguación detección identificación
bn:00026633n	detective tec detective_de_policía detective_privado investigador inspector investigación detective_de_la_policía detectives
bn:00026638n	sensor detector sonda sensores sensores_electrónicos detectores elemento_de_detección sensor_óptico sensores_químicos
bn:00026644n	detergencia
bn:00026645n	detergente detergentes
bn:00026650n	determinación hallazgo decisión resolución
bn:00026651n	determinación resolución propósito decisión
bn:00026659n	detonando_fusible
bn:00026672n	detroit ciudad_del_motor detroit,_mi detroit,_michigan detroit,_míchigan detroit_michigan motor_city la_ciudad_del_motor motown sonido_motown
bn:00026684n	alemania deutschland república_federal_alemana alemania_occidental germany rfa republica_federal_de_alemania república_federal_de_alemania alemanas brd bundesrepublik_deutschland r.f.a. r_f.a. r_f_a r_f_a. republica_federal_alemana saksa schland teutona frg
bn:00026691n	promotor desarrollador constructor desarrollador_de_bienes_raíces desarrollo_de_bienes_raíces promoción_inmobiliaria promotor_inmobiliario promotores_inmobiliarios
bn:00026695n	desarrollo expansión economía_del_desarrollo
bn:00026696n	evolución desarrollo
bn:00026697n	ontogenia ontogénesis crecimiento desarrollo maduración ontogénico ontogenico ontogenético biología_del_desarrollo biólogo_de_desarrollo genética_del_desarrollo
bn:00026698n	
bn:00026699n	explotación explotación_económica explotacion_economica explotación_de_los_recursos_naturales desarrollo explotadora
bn:00026700n	desarrollo parcelación parcelación_de_la_tierra lotificación subdivisión subdivisión_residencial
bn:00026701n	desarrollo
bn:00026706n	con_problemas_de_desarrollo con_problemas_mentales discapacidad_intelectual personas_con_retraso_mental retardado retrasados_mentales
bn:00026716n	dispositivo máquina aparato mecanismo aparejo máquinas maquina maquinaria maquinas equipo
bn:00026745n	confección elaboración fabricación preparación configuración_de la_elaboración_de
bn:00026757n	devoción religiosidad
bn:00026786n	diyodotirosina di-yodotirosina
bn:00026791n	diabético
bn:00026827n	dialéctica dialectica dialéctica_hegeliana método_dialéctico dialéctico
bn:00026828n	
bn:00026836n	diálogo
bn:00026838n	negociación diálogo gestión tramitación negociaciones manejo_de_conflictos_socioambientales negociacion negociador negociar
bn:00026839n	diálisis dialisis predialisis diálisis_renal
bn:00026841n	diámetro calibre diametro diam diámetros
bn:00026876n	diafragma diafragma_fotográfico
bn:00026886n	diarrea colitis descomposición churrias antidiarreica antidiarreico antidiarréico cagalera despeno_diarreico despeño_diarreico diarrea_bacteriana diarréico enfermedad_de_diarrea_aguda enteritis irse_de_vareta enfermedades_diarreicas la_flojedad_de_los_intestinos
bn:00026901n	diatomea diatomeas bacillariophyceae bacillariophyta
bn:00026920n	dado dados juego_de_dados juegos_de_dados ⚀ ⚁ ⚂ ⚃ ⚄ ⚅ dado_trucado dados_cargados dados_poliédricos
bn:00026967n	diccionario léxico diccionarios libro_de_palabras diccionario_de_la_lengua diccionario_de_la_palabra
bn:00026980n	educación didáctica enseñanza instrucción sistema_educativo pedagogía educativo formación_profesional instruccional educacion educar educacional educacíon educacíón educador educadora educativa instruido sistema_educacional sistema_escolar sistemas_educativos actividad_educativa educadores pedagogo
bn:00026986n	troquel cuño
bn:00026996n	tradicionalista porfiada testaruda diehard
bn:00027011n	dieta régimen_alimentario alimentación régimen régimen_alimenticio
bn:00027022n	diferencia
bn:00027032n	coste_marginal costo_marginal costo_incremental costos_marginales diferencia_de_costos precios_por_costo_marginal
bn:00027034n	ecuación_diferencial ecuacion_diferencial ecuaciones_diferenciales
bn:00027036n	distinción diferenciación distinción_conceptual
bn:00027037n	diferenciación derivación
bn:00027041n	dificultad problema
bn:00027042n	dificultad complicación impedimento obstáculo pega problema
bn:00027043n	contrariedad dificultad obstáculo problema
bn:00027053n	difusión difusion_atomica difusion_de_la_materia difusion_molecular difusión_atómica difusión_de_la_materia difusión_molecular difusion_atómica
bn:00027055n	difusión diseminación divulgación propagación
bn:00027059n	excavación cavar excavar cavado
bn:00027075n	exhumación desenterramiento desenterrando
bn:00027077n	alojamiento domiciliación aposentamiento aposento casa hospedaje pensión posada trincheras
bn:00027078n	cifra dígito
bn:00027103n	dignidad autoestima amor_propio autorespeto dignidad_humana digno
bn:00027104n	dignidad gravitas
bn:00027131n	dilema disyuntiva dilemas pensar_en_extremos
bn:00027132n	diligencia
bn:00027151n	dimensión dimension medida
bn:00027195n	comedor comedor_universitario
bn:00027206n	cena comida cenar
bn:00027207n	cena
bn:00027216n	hora_de_cenar hora_de_la_cena
bn:00027283n	diplomático diplomática diplomatico diplomaticos diplomáticos diplomatica enviado_diplomatico enviado_diplomático diplomacía enviado diplomático_noruego
bn:00027303n	dipolo dipolo_eléctrico dipolo_electrico polaridad_electrica polaridad_eléctrica momento_dipolar_electrico momento_dipolar_eléctrico dipolos momento_dipolar_molecular
bn:00027343n	suma_directa sumando_directo
bn:00027352n	dirección camino curso rumbo sentido trayectoria
bn:00027353n	dirección camino curso trayectoria direccion orientacion orientación
bn:00027354n	dirección
bn:00027355n	gestión administración gerencia management dirección gerente ciencias_de_administración_y_gestión
bn:00027356n	consejo guía instrucción orientación
bn:00027357n	dirección
bn:00027366n	director directora gerente administrador gestor manager miembro_de_la_junta miembro_del_consejo_directivo miembro_del_directorio director_general
bn:00027368n	director director_de_escena director_de_teatro directora director_teatral directora_de_teatro dirección_teatral regisseur directora_teatral direccion dirección dirección_de_escena director_escénico directora_de_escena directora_escénica directores_de_teatro el_director_de_teatro
bn:00027386n	tierra suelo suciedad suelos
bn:00027387n	suciedad grunge mugre grasa inmundicia mugriento porquería grunge_música rock_grunge suelo
bn:00027407n	discapacidad invalidez minusvalidez minusvalía persona_con_discapacidad hándicap incapacidad discapacitada minusvalido minusválido persona_discapacitada capacidad_diferente capacidades_diferentes deporte_para_discapacitados discapacidades discapacitadas discapacitado discapacitados ley_de_igualdad_de_oportunidades liondau minusvalia minusválida minusválidas persona_con_capacidad_diferente persona_con_capacidades_diferentes personas_con_capacidades_diferentes personas_discapacitadas deshabilitar discapacidades_físicas inhabilidad personas_con_discapacidad
bn:00027422n	desacuerdo discordancia discrepancia divergencia disconformidad
bn:00027426n	desaparición desapareciendo
bn:00027427n	desaparición
bn:00027431n	desaprobación
bn:00027448n	incredulidad rechazo_mentales
bn:00027451n	gasto desembolso gastos regreso egreso gastar unidad_de_gasto barato
bn:00027452n	desembolso
bn:00027454n	disco disco_de_vinilo disco_fonográfico registro vinilo plato discos_de_vinilo disco_de_vinil disco_gramofonico disco_gramofónico disco_vinilo discos_gramofónicos grabacion_en_vinilo grabación_en_vinilo grabación_fonográfica vinilos disco_de_pasta disco_fonografico discos_gramofonicos ripping vinyl 7"_maxi microsurco 45rpm 78-rpm 78_rpm 78rpm 78s 7_pulgadas 7_single disco_de_gramófono discos_de_gramófono discos_fonográficos fonógrafo_grabación fonógrafo_registro grabación_acústica
bn:00027455n	disco
bn:00027471n	descarga
bn:00027499n	incomodidad
bn:00027506n	descontento insatisfacción inconformidad discontentedness
bn:00027507n	cesación descontinuación interrupción suspensión discontinuación
bn:00027509n	discordia desencuentro
bn:00027514n	descuento_comercial
bn:00027522n	sermón predicación arenga discurso sermones sermon homilia homilía predicar
bn:00027523n	discurso discusión
bn:00027529n	descubrimiento hallazgo descubrimientos descubrir descubridor descubridores avistamientos descubrimientos_científicos
bn:00027530n	descubrimiento hallazgo
bn:00027533n	discrepancia
bn:00027538n	discriminación favoritismo discriminación_social discriminacion discriminacion_de_genero discriminacion_de_género discriminacion_social discriminación_de_genero discriminación_de_género discriminador discriminatorio discrimen discriminación_por_embarazo discriminación_por_maternidad afuera contra_la_discriminación discriminados discriminar discriminatoria endogrupo exogrupo grupo_de_pertenencia
bn:00027539n	discriminación
bn:00027544n	discusión debate intercambio palabra
bn:00027546n	enfermedad dolencia afección enfermedades mal patología morbilidad condición_médica afeccion_medica afección_médica condicion_medica afeccion cornetafilia cuadro_clinico enfermo enfermos entidad_nosologica entidad_nosológica padecimiento patogena patógena condiciones_médicas morbosa tasa_de_morbilidad
bn:00027549n	enfermo persona_enferma
bn:00027553n	desilusión desencanto desengaño
bn:00027566n	vergüenza desgracia deshonra ignominia sambenito avergonzar verguenza avergonzamiento ignominiosa ignominiosamente ignominiosas ignominioso ignominiosos avergonzado
bn:00027573n	fuente plato vajilla
bn:00027605n	desintegración disolución
bn:00027624n	deslealtad
bn:00027653n	dispensa
bn:00027661n	dispersión distribución ubicación
bn:00027664n	suplantación desplazamiento suplantando
bn:00027665n	desplazamiento cambio
bn:00027666n	desplazamiento
bn:00027670n	exhibición indicio muestra signo
bn:00027672n	exhibición muestra presentación
bn:00027682n	desecho
bn:00027685n	temperamento carácter disposición manera_de_ser talante tempérament temperamental
bn:00027686n	disposición tendencia inclinación predisposición propensión actitud predilección proclividad disposicion
bn:00027696n	inquietud angustia ansia ansiedad desasosiego intranquilidad nerviosismo
bn:00027698n	descuido inobservancia negligencia
bn:00027700n	mal_estado
bn:00027706n	disección diseccion diseccionar disectivo
bn:00027712n	esclerosis_múltiple esclerosis_multiple mielopatía_desmielinizante esclerosis_diseminada esclerosis_múltiple_diseminado
bn:00027714n	disentimiento
bn:00027716n	protesta objeción disensión manifestación disidencia disidente manifestante protesta_grupo protesta_política protestas
bn:00027728n	disipación derroche despilfarro dilapidación disipación_de_energía disipación_de_potencia disipar disipativos
bn:00027747n	distancia candelas_estándar escala_cósmica_de_distancias vela_estándar
bn:00027749n	distancia eslora largo longitud distancias proximidad
bn:00027761n	destilación distillment alambicamiento destilería destilacion destiladores destileria aparato_de_destilacion aparato_de_destilacion_simple aparato_de_destilación_simple destilacion_a_vacio destilacion_a_vacío destilacion_seba destilación_a_vacio destilación_a_vacío destilación_seba destilado destilada destilador destilados destilar destilerías
bn:00027765n	preeminencia distinción eminencia
bn:00027766n	distinción
bn:00027767n	diferencia distinción
bn:00027775n	medalla_por_servicio_distinguido_de_la_armada medalla_por_servicio_distinguido
bn:00027777n	distorsión forma_distorsionada
bn:00027786n	distrés sufrimiento distres angustia
bn:00027795n	distribuidor distribuidora mayorista distribuidores
bn:00027797n	distribución distribución_estadística distribuciones_de_probabilidad distribución_continua distribución_de_probabilidad distribución_de_probabilidad_continua distribución_de_probabilidad_discreta distribución_discreta variable_aleatoria_continua variable_aleatoria_discreta variable_continua variable_discreta
bn:00027798n	distribución dispersión
bn:00027799n	distribución distribucion marketing_mix «cuatro_p'
bn:00027801n	coste_de_distribución distribución_de_los_costos
bn:00027810n	territorio distrito dominio circunscripción comarca dominio_británico país zona distritos distrito_administrativo territorio_administrativo territorio_federal territorio_politico territorio_político distrito_especial distrito_municipal dominio_territorial
bn:00027812n	gerente_de_distrito
bn:00027816n	alteración perturbación trastorno turbación
bn:00027817n	disturbio perturbación estorbo
bn:00027842n	variación_diurna
bn:00027844n	diván cama_turca divan diván_de_psicoanálisis
bn:00027862n	diversidad diversía multifariousness variedad
bn:00027865n	recreación diversión entretenimiento esparcimiento diversion diversiones es_para_mearse_de_risa actividades_recreativas
bn:00027874n	enajenación
bn:00027880n	dividendo dividendos
bn:00027898n	servicio_religioso oficio oficio_religioso servicio servicio_divino servicios_religiosos
bn:00027909n	teología
bn:00027911n	división división_militar division division_militar división_de_ejército división_blindada división_de_infantería
bn:00027912n	división sección parte
bn:00027937n	divorcio separación divorciada divorcios disolución_de_la_pareja disolución_del_matrimonio divorciado divorciar divorciarse divorcio_vincular ⚮ disolucion_de_la_pareja disolucion_del_matrimonio divorcio_express divorcio_exprés divorcio_incausado divorcio_por_mutuo_consentimiento divorcio_sin_causa divorcio_sin_el_consentimiento_de_alguna_de_las_partes divorcio_unilateral no-fault_divorce papeles_del_divorcio
bn:00027976n	médico médica medico doctor doctora facultativo dm doc dr. doctor_en_medicina medica licenciado_en_medicina médicos doctora_en_medicina día_internacional_del_médico estudiante_de_medicina licenciado_en_medicina_y_cirugia licenciado_en_medicina_y_cirugía oficial_médico
bn:00027980n	banquillo banquillo_de_los_acusados
bn:00027982n	muelle embarcadero malecón descargadero desembarcadero muellaje dársena muelle_de_pesca muelle_placer muelles nuez quai staithe
bn:00027986n	estibador arrumador cargador estiba estibadora trabajador_portuario dock-walloper estibadores muelle_trabajador tiempo_de_carga wharfie
bn:00027994n	jugar_a_los_médicos médicos jugar_a_los_medicos jugar_al_doctor
bn:00028005n	doctor_en_filosofía doctor_of_philosophy phd doctorado doctor_en_investigación philosophiae_doctor ph.d. philosophiæ_doctor doctorado_en_filosofía d.phil. doctor doctor_de_filosofía doctor_en_filosofia philosophae_doctor philosophæ_doctor d.phil d_phil dphil dr.philos dr_phil dr_philos estudiante_de_doctorado estudios_de_doctorado ph_d
bn:00028013n	doctrina escuela_de_pensamiento filosofía ismo doctrinas_políticas doctrinas escuela corriente tradición_intelectual doctrinal escuela_filosófica sistema_filosófico
bn:00028014n	documental docudrama película_documental reportaje cine_documental docu-drama pelicula_documental documentales serie_documental docu_drama documental_dramatico documental_dramático película_de_montaje series_documentales documentalista drama_documental información_y_entretenimiento películas_documentales
bn:00028015n	documento papeles cédula documentación pliego escrito documentos circular_informativa documento_escrito
bn:00028020n	documentación fundamento documentacion
bn:00028030n	astuta astuto gato pajarraca pajarraco pájara pájaro pícara pícaro zorro taimado
bn:00028114n	dólar dólar_surinamés dólares dolar dolares dollar dolár
bn:00028119n	dólar_volumen
bn:00028141n	mundo
bn:00028155n	ave_de_corral galloanserae ave aves_de_corral ave_domestica ave_doméstica galloanseri aves galloanseres
bn:00028160n	economía_doméstica economía_familiar artes_del_hogar ec_hogar economía_del_hogar estudios_de_la_familia
bn:00028175n	dominación
bn:00028176n	supremacía dominio
bn:00028188n	república_dominicana dominican_republic república república_dominica haití_español quisqueya república_de_santo_domingo santo_domingo republica_dominicana dominicana dominicanas dominicanismo dominicano la_república_dominicana rd republica_dominica república_dominocana
bn:00028190n	domingo día_del_señor dom día_del_senyor d do do. dom. día_del_sol día_dominical primer_día domingos surya_vara sūrya_vāra dominicus
bn:00028191n	autoridad dominio
bn:00028247n	puerta seguro marco_de_puerta puertas_francesas
bn:00028248n	puerta entrada acceso entada portal umbral habitación_con_acceso_a
bn:00028249n	
bn:00028252n	portero conserje portera guardabarrera ostiario hall_portero puerta_de_protección
bn:00028256n	manija manilla picaporte pomo perilla pomo_de_la_puerta tirador doorhandle manija_de_la_puerta
bn:00028266n	umbral doorsill puerta
bn:00028270n	hierba marihuana mary_jane maría sens cannabis chaquetón chocolate costo cáñamo grifa marijuana polen pote mariguana yerba diosa_verde sess
bn:00028286n	tonto dork
bn:00028288n	residencia_universitaria residencia_de_estudiantes residencia dormitorio alojamiento_para_estudiantes dormitorios dorter residence_hall residencia_estudiantes residencias
bn:00028319n	dosis dosificación
bn:00028320n	dosis dosaje dose dosis_máxima_tolerada
bn:00028329n	punto
bn:00028341n	doble dos_bagger dos_baser hit_de_dos_bases
bn:00028385n	doble programa_doble proyecto_de_ley_de_doble
bn:00028425n	duda incertidumbre pregunta incerteza
bn:00028426n	duda cuestión pregunta
bn:00028427n	escéptico incrédulo escéptica
bn:00028432n	masa pasta pasta_de_pan amasadora
bn:00028469n	plumón flojel neossoptilus pluma_de_polvo pluma_polvorienta plumon plumon_de_polvo plumon_polvoriento plumón_de_polvo plumón_polvoriento polvo_de_pluma polvo_de_plumón abajo abajo_pluma
bn:00028515n	gobs montones montón slews avalancha barbaridad bestialidad burrada cantidad cúmulo enormidad fajo lote mogollón muchos multitud pila runfla tanda balsas cargas decenas muchas puntajes tacos
bn:00028552n	trago latigazo lingotazo pelotazo tragantada trinquis
bn:00028562n	dibujo dibujo_técnico arte_del_delineante
bn:00028563n	mesa_de_dibujo tablero_de_dibujo mesa_de_dibujo_tecnico mesa_de_dibujo_técnico tablero_de_dibujo_tecnico tablero_de_dibujo_técnico restirador redacción_bordo
bn:00028591n	drenaje desagüe alcantarilla desaguadero sumidero sistema_de_drenaje canal_de_drenaje
bn:00028604n	obra_teatral drama obra_de_teatro obras_de_teatro obras_teatrales pieza_de_teatro pieza_teatral representaciones_teatrales juego juego_dramático obra
bn:00028605n	drama evento_dramático tragedia acontecimiento_dramático
bn:00028616n	dramaturgo dramaturga autor_teatral comediógrafo dramático escritor_teatral dramaturgos autora_teatral escritora_teatral dramaturgia
bn:00028636n	cajón gaveta cajón-cajonero cajon
bn:00028638n	dibujo
bn:00028639n	dibujo figura imagen retrato ilustración croquis esquema dibujos dibujantes
bn:00028658n	sueño soñar ensueño sueños ensoñación actividad_onírica ensueno ensueños onirico onírica onírico suenos
bn:00028664n	idealista visionaria visionario
bn:00028682n	vestido traje vestidos
bn:00028701n	bata batín descansando_túnica robe-de-chambre
bn:00028702n	camarín camerino vestidor vestuario
bn:00028709n	gota lágrima gota_de_agua gota_de_lluvia gotícula drib driblet gotas_de_lluvia gotitas
bn:00028719n	impulsión
bn:00028736n	práctica entrenamiento ejercicio repetición simulacro practica sesión_práctica
bn:00028749n	bebida copa alipús chínguere trago
bn:00028753n	beber bebida imbibing
bn:00028756n	vaso copa beber_vaso
bn:00028777n	empuje fuerza impulso fuerza_motriz unidad
bn:00028778n	accionamiento
bn:00028779n	calzada entrada camino_privado camino_de_entrada entrada_de_coches
bn:00028782n	
bn:00028783n	paseo_en_coche viaje_de_carro viaje_de_coche viaje
bn:00028795n	conductor chofer conductora chófer motorista
bn:00028809n	llovizna garúa calabobos cernidillo chirimiri jarina serimiri sirimiri tapayagua garua lloviznar aguarrada lloviznoso
bn:00028821n	zángano abeja_zángano abeja_zangano zangana zangano zángana
bn:00028834n	caída bajón caerse
bn:00028861n	impureza escoria contaminantes impurezas
bn:00028863n	sequía sequías sequedad sequia sequias sequía_artificial
bn:00028872n	droga fármaco medicamento narcótico drogas drogar drogas_de_abuso drogas_ilícitas drogodependencias
bn:00028891n	tambor membranófono tímpano membranofono membranofonos membranófonos atambor instrumento_de_percusión_de_membrana tambores tympan
bn:00028906n	parche_de_tambor parche témpano parches_de_tambor cabeza_de_tambor
bn:00028908n	drumlin
bn:00028934n	tierra suelo terreno tierra_firme territorio de_tierra_firme, tierra_seca tierra_sólida
bn:00028948n	ensayo secar_ejecutar
bn:00028953n	lavado secar_lavar
bn:00028967n	sequedad xerotes aridez waterlessness
bn:00029010n	pato ánade 🦆 patitos patos
bn:00029049n	vencimiento plazo fecha_de_vencimiento
bn:00029050n	este levante oriente e puel hacia_el_este
bn:00029052n	debido_proceso derecho_a_la_tutela_judicial_efectiva procedimiento_judicial proceso_legal tutela_judicial derecho_al_debido_proceso proceso_debido derecho_a_la_asistencia_letrada derecho_a_ser_asistido_por_interprete derecho_a_ser_asistido_por_intérprete derecho_al_juez_ordinario_predeterminado_por_la_ley garantías_procesales juez_natural debido_proceso_de_ley
bn:00029054n	oeste occidente poniente o w hacia_el_oeste
bn:00029062n	bolsa_de_lona
bn:00029065n	zoquete
bn:00029071n	dugout
bn:00029096n	pantomima mímica mimo mimodrama pantomimo pantomimas
bn:00029097n	mancuerna pesas
bn:00029105n	vertedero wasteyard basural basurero escombrera tiradero vertedero_de_basura basura_volcado residuos_yardas
bn:00029109n	volquete autovolquete dumper camión_basculante dúmper camión_bañera camión_de_volteo dompe camión_volquete punta_camión
bn:00029119n	pardo dun gen_dun
bn:00029149n	engrupido incauta incauto inocentón prima primo víctima engañar
bn:00029150n	engaño bulo engañifa filfa fraude trampa camelo mistificación pastrana patraña bobería disparate embuste farsa tontería
bn:00029154n	reproducibilidad reproducibilidad_y_repetibilidad reproducible repetibilidad repetibilidad_y_reproducibilidad duplicability
bn:00029170n	duración longitud
bn:00029192n	polvo
bn:00029209n	basurero recolector_de_desechos basura_carter basura_transportista garbageman rechazar_coleccionista recolector
bn:00029239n	deber obligación responsabilidad deuda compromiso cometido menester obligaciones
bn:00029240n	deber obligación
bn:00029277n	mengua disminución disminución_de_distancia
bn:00029324n	indigestión dispepsia empacho ahíto dispeptica dispeptico dispepticos dispéptica dispépticas dispéptico dispépticos indigestion dispepticas malestar_estomacal dispepsia_funcional
bn:00029336n	distrofia_muscular distrofia distrofias_musculares
bn:00029364n	disponibilidad prontitud
bn:00029372n	oído oreja orejas oido oído_humano aparato_auditivo oido_humano organo_vestibulo_coclear organo_vestíbulo_coclear oídos órgano_vestibulo_coclear órgano_vestíbulo_coclear
bn:00029373n	
bn:00029385n	conde earl condado condes jarl
bn:00029399n	juventud primeros_días
bn:00029411n	serio paga_y_señal señal
bn:00029415n	beneficio_neto beneficio ganancia ganancias lucro ingresos_netos ingreso_neto beneficios ganancia_neta net ganancias_netas beneficio_bruto beneficio_económico beneficios_de_ventas ingreso_integral_total medición_neta rendimiento_neto renta_neta rentabilidad resultado_final utilidad_neta valor_neto los_ingresos_netos neto
bn:00029416n	salario remuneración sueldo retribución paga asignación estipendio ganancias jornal nómina soldada reembolso pago remuneracion retribucion pagar salarios
bn:00029424n	tierra mundo globo_terrestre globo globo_terráqueo la_tierra planeta_tierra el_planeta nuestro_planeta el_globo el_mundo gaia madre_tierra pachamama planeta_azul sol_3 sol_iii tercer_planeta 🜨 atilio_gambedotti este_planeta ♁
bn:00029425n	tierra suelo
bn:00029428n	mundo preocupación_mundana preocupación_terrenal
bn:00029430n	superficie superficie_terrestre superficie_de_la_tierra superficie_de_tierra
bn:00029445n	terrícola terricola earthling earthman tellurian
bn:00029448n	sismo terremoto seísmo temblor terremotos actividad_sísmica chaka sacudida movimiento_sismico movimiento_sísmico seismo temblor_de_tierra evento_sísmico fenomeno_sismico fenomeno_sísmico fenómeno_sismico fenómeno_sísmico macrosismo macrosismos movimiento_telurico movimiento_telúrico movimientos_teluricos movimientos_telúricos seísmos sismica sismo_lento sismos sísmica terremóto sismicidad terremoto_lunar
bn:00029457n	reposo relajamiento relax descanso
bn:00029458n	caballete atril borriquete caballete_de_pintor
bn:00029462n	aligeración aligeramiento alivio desahogo descanso moderación respiro sosiego
bn:00029463n	oriente orientales
bn:00029545n	restaurante restorán comedor piqueteadero restaurantes restaurant restoran servicios_de_comidas_y_bebidas comer_lugar comiendo_casa
bn:00029546n	alimentación nutrición alimentacion alimentar alimentario alimenticio comer alimental comida
bn:00029570n	alborozo efusión entusiasmo animación euforia exaltación exhuberancia
bn:00029621n	eco reverberación reverb reverberancia reverberacion reverb_de_muelles ruido_por_reflexión tiempo_reverberación
bn:00029648n	eclipse ocultación ocultamiento ocultacion eclipses explica_eclipse_solar ocultaciones
bn:00029650n	eclíptica eclíptico plano_de_la_eclíptica ecliptica plano_de_la_ecliptica
bn:00029667n	economista economistas experto_en_economía
bn:00029676n	economía ciencias_económicas economía_política económicas ciencia_economica ciencia_económica ciencias_economicas economia_politica economia_política economia economista_político economica economicas economico economicos economistas económica económico económicos grado_en_economia recurso_economico recurso_económico actividad_económica económicamente
bn:00029678n	economía sistema_económico sistema_economico sistemas_económicos sistemas_economicos actividades_economicas economia actividad_economica actividad_económica actividades_económicas cooperación_económica la_actividad_economica la_actividad_económica sistema_economico_mundial sistema_económico_mundial economía_nacional economía_real economía_rural economías económico
bn:00029680n	valor valor_económico valor_economico valor_monetario teoria_del_valor teorias_del_valor teoría_del_valor teorías_del_valor
bn:00029684n	economía ahorro
bn:00029685n	ahorro ahorrado ahorrador ahorramiento ahorrar ahorrativo ahorros ahorro_nacional tasa_de_ahorro
bn:00029692n	éxtasis
bn:00029694n	terapia_electroconvulsiva electrochoque tec terapia_por_electroshock electroshock terapeutica_electroconvulsiva terapéutica_electroconvulsiva tratamiento_de_electrochoques electroconvulsoterapia terapia_por_electrochoque electrochoques terapia_electro-convulsiva terapias_de_shock terapia_de_electroshock ect la_terapia_electroconvulsiva terapia_de_choque_eléctrico terapia_de_electro-shock
bn:00029747n	
bn:00029764n	edificación sofisticación
bn:00029773n	variante versión
bn:00029774n	jefe_de_redacción redactor_jefe editor jefa_de_redacción redactora editor_en_jefe redactor-jefe redactora_en_jefe redactora_jefa editor-jefe jefa_de_la_redacción jefe_de_la_redacción redactor_en_jefe edición editado editor_adjunto editor_asociado editor_de_la_revista editor_de_libros editor_ejecutivo editores_en_jefe
bn:00029806n	estudiante alumna alumno pupilo educando pupila universitario discente alumnado estudiantil estudiar año estudiantes
bn:00029807n	educación formación instrucción
bn:00029808n	educación
bn:00029809n	educación
bn:00029815n	educador pedagogo educadora pedagoga educacionista
bn:00029857n	electroencefalograma eeg encefalograma actividad_cerebral electroencefalografía electroencefalográfica
bn:00029871n	efecto impresión
bn:00029872n	efecto
bn:00029876n	efectividad eficacia effectuality effectualness eficaz
bn:00029877n	potencia fuerza eficacia intensidad potencia_farmacológica
bn:00029889n	eficiencia eficiencia_de_la_alimentación
bn:00029897n	aguas_residuales efluente efluentes planta_de_tratamiento_de_aguas_residuales agua_residual estación_depuradora_de_aguas_residuales agua_de_desecho vertido aguas_negras aguas_contaminadas planta_depuradora agua_fecal agua_negra aguas_fecales aguas_servidas depuradora edar emanante estacion_depuradora estacion_depuradora_de_aguas_residuales estaciones_depuradoras estaciones_depuradoras_de_aguas_residuales estación_depuradora planta_de_depuracion planta_de_depuración ptar drenaje_del_agua tratamiento_de_aguas_residuales
bn:00029899n	esfuerzo afán dedicación desvelo codo_grasa
bn:00029909n	igualitarismo igualitaria igualitarias igualitario igualitarios igualitarista
bn:00029913n	huevo óvulo
bn:00029914n	huevo huevo_de_gallina huevos producción_de_huevos
bn:00029934n	ego egotismo egoísmo
bn:00029935n	ego yo
bn:00029945n	egotismo egoísmo cabeza_hinchada egoísta
bn:00030015n	expulsión exclusión eyección expulsion
bn:00030039n	refinamiento
bn:00030098n	espacio sitio camino elbow_room
bn:00030100n	mayor anciano señor anciana
bn:00030113n	elección elecciones proceso_electoral elección_popular jornada_electoral sistema_electivo electoral comicios_electorales eleccion eleccion_popular elecciones_generales elecciones_libres procesos_electorales democráticamente_electo elegidos política_electoral reelección voto_popular
bn:00030114n	elección selección
bn:00030122n	votante elector
bn:00030125n	sistema_de_votación sistema_electoral sistema_de_votacion sistemas_electorales legislacion_electoral ley_electoral ordenanza_electoral regimen_electoral representación_proporcional_por_listas régimen_electoral sistema_de_votación_electrónico sistemas_de_voto_único_no_transferible criterio_sistema_de_votación plurinominal sistemas_de_votación
bn:00030138n	compañía_eléctrica compañia_de_electricidad servicio_de_electricidad compañía_de_luz empresa_de_energía_eléctrica industria_de_la_energía_eléctrica la_eléctrica servicio_de_energía
bn:00030162n	afeitadora maquinilla_de_afeitar máquina_de_afeitar rasuradora máquina_de_afeitar_eléctrica rasuradora_eléctrica
bn:00030181n	energía_eléctrica electricidad energía_electríca energia_electrica energia_eléctrica energía_electrica
bn:00030192n	electricidad electrico eléctrico energia_electica energia_eléctica energía_eléctica producción_de_electricidad uso_domestico uso_doméstico eléctricamente
bn:00030227n	fuerza_electromotriz tensión voltaje fuerza_electromotríz fem emf
bn:00030231n	electrón negatrón electrones electron subcapa_electrónica electrónica
bn:00030242n	válvula_termoiónica tubo bulbo tubo_de_vacío valvula_termoionica tubos_de_vacío bulbo_de_radio bulbo_electrónico tubo_de_electrones tubo_electronico tubo_electrónico tubos tubos_de_vacio valvula_al_vacio valvula_al_vacío valvula_de_vacio valvula_de_vacío valvula_termoiónica válvula_al_vacio válvula_al_vacío válvula_de_vacio válvula_de_vacío válvula_electrónica válvula_termoionica electrón_tubo termoiónico_tubo termoiónico_tubo_de_vacío tubo_vacío válvulas_termoiónicas
bn:00030249n	aparato_electrónico dispositivo_electrónico
bn:00030251n	equipamiento_electrónico equipo_electrónico equipos_electrónicos
bn:00030270n	electrónica dispositivos_electrónicos electronica electronico electrónico dispositivo_electrónico sistema_electrónico tecnología_electrónica
bn:00030275n	electróforo electroforo
bn:00030293n	elegancia elegante cachet
bn:00030308n	escuela_primaria primaria colegio escuela escuela_primaria_en_italia escuela_básica scuola_primaria escuelas_primarias
bn:00030333n	ascensor elevador elevator_shaft asansör ascenseur ascensores aufzugsanlage hiss hissi
bn:00030339n	equipo_de_fútbol once equipo_de_futbol club_de_fútbol clubes_de_fútbol
bn:00030375n	excepción exceptuación exclusión
bn:00030407n	elipsoide elipsoidal elipsoides
bn:00030416n	olmo ulmus الدردار ulmus_campestris olmos
bn:00030440n	elución eluyente eluir eluyen fase_móvil
bn:00030464n	terraplén dique ribazo terraplen terraplenes terraplénes
bn:00030470n	embajada
bn:00030492n	rechonchez embonpoint gordura
bn:00030525n	emergencia apuro urgencia emergencias
bn:00030538n	papel_de_lija lija papel_esmerilado papel_lija lijado papel_abrasivo lija_de_esmeril
bn:00030567n	espectro_de_emisión espectro_de_emision espectro_de_energía espectros_de_emisión línea_de_emisión
bn:00030581n	emoción afecto emocion emocional emociones emocionante emotiva emotivo emociones_humanas
bn:00030584n	estado_emocional espíritu estado_de_ánimo humor ánimo
bn:00030585n	emotividad emocionalidad emoción
bn:00030600n	enfisema enfisema_pulmonar efisema_pulmonar efisema
bn:00030601n	imperio imperios imperial
bn:00030605n	nueva_york estado_de_nueva_york new_york ny new_york,_united_states empire_state
bn:00030607n	georgia estado_de_georgia el_estado_de_el_melocotón el_estado_del_imperio_sur ga georgia,_estados_unidos empire_state_del_sur peach_state
bn:00030612n	curanderismo empirismo quackery charlatán matasanos medicastro curandería fraude_en_salud quack charlatanería curandero fraude_en_la_atención
bn:00030615n	posicionamiento colocación emplazamiento lugar posición situación ubicación disposición
bn:00030616n	empleo ocupación trabajo profesión puesto_de_trabajo empleos puestos_de_trabajo relación_de_puestos_de_trabajo empleadores empleados emplear mano_de_obra_contratada personal vida_laboral
bn:00030618n	empleado empleada trabajador trabajadora
bn:00030624n	empleador empresaria empresario patrona patrono patrón
bn:00030625n	empleo trabajo ocupación profesión
bn:00030626n	contratación empleo
bn:00030627n	uso utilización empleo
bn:00030640n	evacuación vaciado nulidad
bn:00030654n	promulgación aprobación
bn:00030686n	conjuro encanto hechizo encantamiento trance brujería magia
bn:00030687n	bruja encantadora hechicera
bn:00030702n	acercamiento encuentro
bn:00030707n	invasión intrusión ocupación
bn:00030709n	intrusión usurpación
bn:00030716n	erudición aprendizaje conocimiento enciclopedismo sabiduría beca ciencia ilustración saber erudicion erudita erudito aprender aprendizaje_asociativo eruditeness proceso_de_aprendizaje
bn:00030718n	cabo final extremo
bn:00030719n	final conclusión fin finalización término
bn:00030720n	final fin etapa_final
bn:00030721n	meta objetivo fin fijación_de_metas finalidad propósito metas valor_intrínseco
bn:00030722n	fin final término
bn:00030724n	
bn:00030726n	
bn:00030747n	peligro riesgo riesgos arriesgado peligrar peligrosa peligrosamente peligroso peligros peligrosos riesgo_de_seguridad
bn:00030751n	empresa esfuerzo tentativa tarea empeño emprendimiento persistente
bn:00030757n	sufijo desinencia final terminación sufijos
bn:00030765n	hormona secreción_interna hormonales hormonas hormona_lipidica hormona_lipídica hormonal hormonas_lipidicas hormonas_lipídicas hormonas_peptidicas hormonas_sintéticas
bn:00030806n	don talento facultades presente dotación_natural
bn:00030811n	supervivencia aguante resistencia
bn:00030814n	enemigo combatiente_enemigo combatientes_enemigos
bn:00030815n	enemigo enemiga foeman adversario rivalidad
bn:00030817n	contraria contrario enemigo enemigo_íntimo oponente opositor
bn:00030820n	energía energía_libre_termodinámica energia energetico energia_libre_termodinamica energia_libre_termodinámica energia_quimica energético energía_libre_termodinamica la_energia la_energía transformacion_de_energia transformacion_de_energía transformación_de_energia unidad_de_energía unidades_de_energia unidades_de_energía energía_libre energía_total energías
bn:00030822n	brío energia energía get-up-and-go
bn:00030823n	energía nervio vigor
bn:00030830n	enervación
bn:00030844n	participación compromiso implicación colaboración constribución participación_política participativa
bn:00030858n	ingeniería tecnología técnica ingeniería_de_sonido ingeniería_de_audio tecnica tecnologías tecnologia avance_tecnológico avances_tecnológicos desarrollo_tecnologico desarrollo_tecnológico desarrollos_tecnologicos desarrollos_tecnológicos innovaciones_tecnologicas innovaciones_tecnológicas innovación_tecnológica tecnico tecnologia_apropiada tecnologias tecnologias_intermedias tecnologico tecnologo tecnología_apropiada tecnologías_intermedias tecnológica tecnológico tecnólogo técnico editor_audio editor_de_audio ingeniero_de_grabación ingeniero_de_sonido ingenieros_de_audio operador_de_sonido
bn:00030861n	inglaterra england inglesa
bn:00030862n	inglés idioma_inglés english english_language lengua_inglesa anglohablante angloparlante idioma_ingles ingles lengua_ingles lengua_inglés anglo en eng idioma_anglosajón idioma_de_inglaterra idioma_de_los_anglos idioma_de_shakespeare lang_-_en lengua_anglosajona lengua_de_inglaterra lengua_de_los_anglos lengua_de_shakespeare acento_de_boston anglofona anglofono anglófona anglófono el_idioma_ingles ingles_moderno inglés_moderno inglés_medio
bn:00030863n	ingleses inglés pueblo_inglés inglesa ingles pueblo_ingles los_ingleses
bn:00030864n	filología_inglesa inglés filologia_inglesa letras_inglesas anglicismo estudios_ingleses grado_en_estudios_ingleses estudios_de_inglés filología_inglés importante_inglés
bn:00030876n	muffin_inglés madalena english_muffin muffin_ingles panecillo_inglés
bn:00030891n	inglés
bn:00030917n	uso beneficio
bn:00030922n	expansión agrandamiento ampliación
bn:00030929n	suboficial oficial_alistado suboficiales
bn:00030933n	reclutamiento alistamiento contratación alistar hombres_alistados personal_de_tropa
bn:00030949n	bastante suficiente
bn:00030951n	pregunta averiguación consulta cuestión demanda functor indagación interrogación investigación
bn:00030952n	investigación atención encuesta estudio exploración interés
bn:00030988n	entrada
bn:00030989n	entrada entrante
bn:00031008n	empresa
bn:00031009n	iniciativa empresa empuje espíritu_emprededor iniciativa_empresarial mentalidad_empresarial enterprisingness
bn:00031011n	comerciante emprendedor emprendedor_comercial empresario
bn:00031012n	animador humorista artista satírico
bn:00031017n	entusiasmo entusiasta entusiastas
bn:00031021n	tentación
bn:00031025n	integridad totalidad enterez entereza entireness
bn:00031027n	entidad ente entity entidad_afin entidad_afín entidades_afines entidades
bn:00031044n	entrada zaguán acceso boca ingreso vía_de_acceso recibidor vestíbulo zaguan entranceway
bn:00031048n	newbie novato nuevo recién_llegado amateur entrante neófito pipiolo principiante usuario_nuevo noob n00b newb novatos
bn:00031062n	entrada registro
bn:00031067n	sobre ✉
bn:00031074n	entorno medio
bn:00031085n	enzima enzimas complejo_enzimatico complejo_enzimático complejo_multienzimatico complejo_multienzimático complejos_enzimaticos digestion_quimica digestion_química digestión_quimica digestión_química encimas fermento biocatalizadores enzimática holoenzima
bn:00031134n	poema_épico epos poema_heróico épica poema_heroico épico
bn:00031153n	epidemia epidemias peste
bn:00031208n	epífisis epifisis epiphysis hueso_subcondral
bn:00031224n	episodio
bn:00031225n	episodio
bn:00031256n	epíteto nombre
bn:00031261n	era época período éra periodo era_cronologica era_cronológica era_historica era_histórica eras_cronologicas eras_cronológicas eras_historicas eras_históricas
bn:00031268n	resina_epoxi epoxy resina_epoxídica epoxi epóxicos plastilina_epoxica plastilina_epóxica resina_epoxidica epoxy_pegamento resinas_epoxi
bn:00031287n	wyoming estado_de_wyoming wy el_estado_de_igualdad el_estado_vaquero gran_wyoming igualdad_estado
bn:00031294n	ecuador ecuador_terrestre linea_del_ecuador ecuatorial linea_ecuatorial línea_del_ecuador línea_ecuatorial paralelo_del_ecuador ecuador_de_la_tierra ecuadores_climáticos
bn:00031322n	equipo equipamiento artefacto artefactos
bn:00031332n	equidad
bn:00031337n	equivalente
bn:00031339n	sinónimo sinonimia sinonímia sinonimo sinónimos sinonimos palabra_equivalente
bn:00031345n	caballo yegua equinos equus_ferus_caballus caballos potranca potro yeguas equus_caballus equs_caballus equus_ferrus_caballus caballo_de_carrera caballo_domestico caballo_doméstico corcel corceles equina ganado_caballar mamporrera potra potrilla rocin rocín yeguada yeguarizo āśu āśú caballus
bn:00031480n	recado embajada mandado misión
bn:00031483n	creencia_errónea error
bn:00031485n	error equivocación fallo falta culpa yerro erróneo equivocado incorrecto erronea erroneo errónea metedura_de_pata
bn:00031487n	error yerro
bn:00031519n	eritrocito hematíe glóbulo_rojo eritrocitos glóbulos_rojos hematí hematíes globulo_rojo globulos_rojos hemati hematie hematies los_globulos_rojos células_rojas_de_la_sangre eritroides rbc rojos
bn:00031538n	escalada agravación agravamiento intensificación subida
bn:00031545n	escape fuga escapada huida escapar lucha_libre_colegial
bn:00031546n	escapismo evasionismo escapada escapatorio escape fuga liberación evasión
bn:00031550n	fuga derrame escape
bn:00031605n	españa reino_de_españa espana espainia espanya la_madre_patria la_piel_de_toro estado_español es esp spaña 🇪🇸 espagna espan espanha espania espanola españolas estado_espanol kingdom_of_spain reino_de_espana reino_espanol reino_español spanien territorio_español
bn:00031610n	agente_de_espionaje espionaje_agente
bn:00031622n	ensayo redacción ensayos ensayista libro_de_no_ficcion libro_de_no_ficción
bn:00031623n	ensayo
bn:00031631n	requerimiento requisito cosa_indispensable menester necesidad esencial necesario
bn:00031641n	institución instituto institucion institucional instituciones institucion_politica institucion_política instituciones_politicas instituciones_políticas institución_politica institución_política
bn:00031642n	establecimiento
bn:00031653n	aprecio estima respeto estimación estimar deferencia
bn:00031654n	respeto aprecio consideración estima reconocimiento reconocimiento_mutuo respetable respeto_mutuo
bn:00031661n	presupuesto
bn:00031685n	vida_eterna
bn:00031706n	sistema_de_valores ética valor_de_orientación
bn:00031709n	moral moralidad ética brújula_moral código_moral moralista moralistas motivo_ético propiedad valores_morales
bn:00031853n	música eufonía
bn:00031896n	europa el_viejo_continente viejo_continente continente_europeo clima_de_europa viejo_mundo continente_de_europa europea europeas europeo europeos vegetacion_de_europa vegetación_de_europa
bn:00031970n	evacuación
bn:00031973n	evaluación valoración avalúo calificación valuación justipreciación justiprecio tasa tasación evaluar evaluacion valoración_de_activos
bn:00031976n	evangelio evangelios cuatro_evangelios evangel evangelio_canónico evangelios_canónicos
bn:00031987n	evaporación vaporización vapor vaporación evaporacion evaporada evaporadas evaporado vaporizacion deficit_higrométrico evaporados evapora vaporizado vaporizar
bn:00031995n	eva santa_eva
bn:00031998n	noche tarde anochecer víspera atardecer even final_de_la_tarde vigilia mediatarde eventide incluso
bn:00032021n	evento suceso acontecimiento
bn:00032045n	evidencia base fundamento prueba evidencias
bn:00032046n	evidencia
bn:00032053n	malhechor pecador malhechora
bn:00032057n	evocación
bn:00032067n	aguamanil jarra cántaro pichel jarro olpe
bn:00032075n	veterano excombatiente veterana veterano_de_guerra veteranos_de_guerra veterano_militar veteranos
bn:00032093n	examen examinación análisis control escrutinio inspección investigación
bn:00032099n	ejemplo ejemplar
bn:00032100n	ejemplo modelo ejemplar dechado muestra modelado_conceptual modelo_conceptual
bn:00032102n	ejercicio
bn:00032111n	minería industria_minera excavación explotación_minera extracción residuo_mineral mineras mineria mineria_bajo_tierra minería_bajo_tierra extracción_de_minerales extracción_minera historia_de_la_minería industria_extractiva industrias_extractivas productos_mineros sector_minero minería_subterránea
bn:00032118n	excepción
bn:00032121n	exceso excedente sobra superávit surplusage demasía desmán plétora remanente sobrante residuo excedentes nimiety
bn:00032125n	intercambio
bn:00032126n	encontronazo intercambio diálogo
bn:00032127n	intercambio cambio intercambios
bn:00032138n	tesoro échiquier echiquier exchequer erario
bn:00032141n	excitabilidad irritabilidad
bn:00032145n	excitación entusiasmo
bn:00032148n	excitación regocijo
bn:00032149n	exclamación exclamando:
bn:00032175n	asesinato homicidio homicidio_calificado asesinar asesinato_en_segundo_grado asesinatos asesino asesinos asesina asesinado asesinó asesinato_en_primer_grado asesinato_tortura
bn:00032180n	ejecutivo autoridad_ejecutiva poder_ejecutivo rama_ejecutiva_del_gobierno
bn:00032182n	poder_ejecutivo organo_ejecutivo órgano_ejecutivo rama_ejecutiva ramo_ejecutivo oficina_ejecutiva_del_presidente
bn:00032203n	ejercicio ejercicio_físico entrenamiento actividad_física ejercicio_fisico actividad_fisica ejercicios_físicos ejercicios el_ejercicio_de entrenamiento_físico esfuerzo_físico
bn:00032207n	ejercicio_conjunto
bn:00032209n	pesas el_ejercicio_de_peso peso_libre
bn:00032214n	gas_de_escape humos gas_de_combustión gases_de_combustion gases_de_combustión pluma_de_combustion pluma_de_combustión gas_de_combustion gases_de_escape emisiones_de_vehículos_motor escape_de_los_automóviles los_gases_de_escape
bn:00032234n	exhortación
bn:00032286n	expectativa perspectiva perspectivas
bn:00032300n	gasto desembolso gastos egresos
bn:00032301n	expensas
bn:00032306n	experiencia experiencias
bn:00032307n	experiencia vivencia
bn:00032308n	experiencia
bn:00032309n	experimento experimentación experimentos ciencia_experimental experimental experimento_científico grupo_experimental investigación_experimental
bn:00032310n	ensayo experimentación experimento probatura prueba test verificación
bn:00032311n	experimento prueba tentativa
bn:00032317n	experimentalismo experimentalism
bn:00032322n	experto perito conocedor gurú peritaje perito_psicólogo expertos
bn:00032328n	explicación
bn:00032339n	exploración
bn:00032355n	exponente índice potencia
bn:00032363n	exportación exportaciones exportar estrategias_de_exportacion exportacion exportador exportadores exporta
bn:00032369n	exposición planteamiento exponiendo
bn:00032373n	objeción protesta reconvención reparo reproche
bn:00032375n	exposición
bn:00032376n	exposición
bn:00032377n	descubrimiento desvelamiento revelación
bn:00032381n	fotografía foto exposición figura imagen retrato fotografías fotoperiodicidad fotos
bn:00032391n	expresión manifestación reflejo
bn:00032392n	expresión expresión_verbal
bn:00032393n	dicho expresión locución refrán máxima proverbio dicho_popular decires decir
bn:00032394n	expresión
bn:00032395n	fórmula expresión expresión_matemática expresion_matematica fórmula_matemática formula formula_matematica expresion_algebraica expresion_matemática expresión_algebraica expresión_matematica fórmulas
bn:00032400n	estilo discurso estilo_artístico estilo_artistico estilo_expresivo
bn:00032402n	autopista autovía super-autopista vía_expresa autopistas autovia carretera_estatal acceso_controlado autopista_elevada carretera_de_acceso_controlado carretera_elevada carreteras_de_acceso_controlado conducto_de_paso semi-carretera thruway
bn:00032411n	prórroga
bn:00032414n	extensión_universitaria extensión_del_servicio
bn:00032425n	medida alcance extensión
bn:00032426n	extensión alcance
bn:00032429n	exterior
bn:00032430n	exterior
bn:00032432n	puerta_exterior exterior_de_la_puerta fuera_de_la_puerta
bn:00032492n	extremo punto_extremo
bn:00032493n	reaccionario reacción inmovilista ultraconservador ultraderechista reaccionarismo reacción_política contrarrevolucion pensamiento_reaccionario reaccionaria reaccionarias reaccionarios reaccionismo extrema_derecha ultraconservadora
bn:00032512n	ojo ojos oculus globo_ocular órbita globos_oculares organo_de_la_vision organo_de_la_visión órgano_de_la_vision órgano_de_la_visión oculi ojos_compuestos óculo óptica óptico
bn:00032513n	ojo vista
bn:00032514n	
bn:00032516n	ojo_radiante
bn:00032545n	monóculo ocular monoculo gafas lente
bn:00032558n	vista eyeshot
bn:00032559n	vista visión sightedness
bn:00032591n	leyenda fábula folk_tale lejendario
bn:00032598n	fachada fachadas fachada_falsa
bn:00032600n	cara rostro faz rostro_humano jeta vulto caras carátula facial pico pico_del_cuerpo_calloso pico_del_esfenoides pico_del_hueso_esfenoides pico_esfenoidal rostral rostro_del_cuerpo_calloso rostro_del_esfenoides rostro_del_hueso_esfenoides rostro_esfenoidal
bn:00032601n	cara rostro
bn:00032602n	cara
bn:00032604n	cara lado caras
bn:00032618n	polvo_para_la_cara polvo_de_cara polvos_para_la_cara
bn:00032629n	faceta_plano
bn:00032645n	instalación local servicio artista_de_instalaciones instalaciones_de_arte instalación_de_arte
bn:00032654n	hecho evidencia prueba
bn:00032655n	hecho evidencia faktum hecho_filosofico hecho_filosófico factualidad
bn:00032656n	realidad hecho
bn:00032657n	
bn:00032661n	factor component
bn:00032675n	fábrica planta fabrica factoría molino fábricas fabricas instalacion_industrial instalación_industrial sitio_fabril fabricante industria_manufacturera planta_fabril recinto_fabril fabricación planta_de_fabricación planta_de_fabricación_de plantas_de_fabricación trabajador_de_la_fábrica
bn:00032684n	facultad aptitud facultad_mental indriya
bn:00032702n	cola final restos
bn:00032718n	debilidad defecto error falla fallo
bn:00032721n	fracaso error
bn:00032722n	fracaso fallo fracasada fracasado fracasos perdedor perdedora
bn:00032724n	perdedor peyorativo despectivo persona_fracasada peyorativamente término_de_menosprecio término_peyorativo
bn:00032742n	blanco presa juego_limpio
bn:00032752n	calle canalizo fairway
bn:00032763n	cuento_de_hadas cuentos_de_hadas cuento_de_hada
bn:00032768n	fe religión creencia_religiosa religion creencia fé creyente credo confianza creencias_religiosas fe_religiosa religiones conviccion_religiosa convicción_religiosa confesiones_religiosas confesión_religiosa convicciones_religiosas costumbres_religiosas crisis_de_fe emuná prácticas_religiosas religiosa religioso saddha sraddha credos tradición_religiosa
bn:00032769n	confianza fe confiar desconfianza recelo
bn:00032770n	fe religión iglesia organización_religiosa religión_organizada
bn:00032804n	caída
bn:00032805n	caída pecado_capital caída_del_hombre
bn:00032825n	lluvia_radiactiva caída lluvia_radioactiva polvillo_radiactivo precipitación lluvia ceniza_radiactiva recaida_radiactiva nube_radiactiva poso_radioactivo consecuencias polvo_radiactivo
bn:00032830n	cascada catarata caída_de_agua fervenza salto_de_agua saltos_de_agua cascadas
bn:00032892n	familia núcleo_familiar menaje casa hogar nucleo_familiar casas
bn:00032893n	familia unidad_familiar familias institución_familiar la_familia relaciones_familiares
bn:00032894n	familia parientes hermandad linaje línea_familiar pariente familia_línea fratria
bn:00032897n	confraternidad comunión
bn:00032899n	empresa_familiar negocio_familiar negocio_de_la_familia
bn:00033599n	ventilador abanico aventador abanico_electrico abanico_eléctrico ventilador_de_techo ventiladores ventilador_de_refrigeración ventilador_mecánico
bn:00033616n	ilusión fantasía
bn:00033618n	afecto afición apego cariño estima gusto inclinación parcialidad
bn:00033622n	chulo proxeneta alcahuete proxenetismo cafiche golfo macarra ponce caficho alcahueta pandar proxenetas
bn:00033648n	fantasía género_fantástico genero_fantástico género_fantasía fantastica fantastico fantástica fantástico genero_fantastico género_fantastico géneros_fantásticos
bn:00033650n	fantods
bn:00033661n	farsa farsa_comedia farsas
bn:00033664n	menú
bn:00033671n	despedida palabras_de_despedida adiós palabra_de_despedida
bn:00033676n	granja finca fundo hacienda caserío cortijo estancia heredad masía explotación_agrícola chacra chacras granjero granjeros granjas
bn:00033678n	ganado animal_del_campo pecuaria pecuarias pecuario animales_de_granja industria_de_la_carne
bn:00033687n	agricultor granjero granjera labrador agricultora campesina campesino sodbuster ranchero agricultores labriego trabajador_rural
bn:00033693n	casa_rural alquería cortijo casa_de_campo casal casería caserío chacra granja hacienda quintería casa_de_labranza hábitat_rural la_casa_rural_en_espana la_casa_rural_en_españa vivienda_rural casa_de_hacienda habitat_rural arquitectura_rural
bn:00033726n	fascismo facismo fascismos fascistas régimen_fascista fachismo dictadura_fascista estado_fascista fachista fascismo_de_izquierdas fascista fasismo ideologia_fascista ideología_fascista movimiento_fascista neofascismo regimen_fascista regimenes_fascistas regímenes_fascistas
bn:00033729n	modo manera estilo vía forma guisa moda
bn:00033731n	moda modas fashionista intervalo_modal declaración_de_moda industria_de_la_moda
bn:00033750n	astucia engaño zancadilla un_rápido
bn:00033761n	grasa grasas lipoideo oleosa oleoso
bn:00033773n	calamidad fatalidad víctima_mortal muerte_humana
bn:00033794n	cansancio fatiga agotamiento desfallecimiento extenuación lasitud letargo letárgico
bn:00033830n	metedura_de_pata metida_de_pata pifia solecismo faux_pas
bn:00033832n	favor
bn:00033833n	favor
bn:00033834n	favor
bn:00033838n	favorito favorita predilecto preferido
bn:00033854n	miedo temor pavor susto pavura espanto terror miedos temores canguelo
bn:00033865n	plumaje pluma barbillas bárbulas plumas cobertora plumaje_de_eclipse péñola rémige cobertora_auricular cobertoras_auriculares fitopluma fitoplumas pluma_cobertera pluma_de_contorno pluma_genérica_de_contorno pluma_típica plumaje_reproductivo plumas_coberteras plumas_de_contorno plumas_genéricas_de_contorno plumas_remeras plumas_timoneras plumas_típicas rectrices rectriz remige remiges réctrice réctrices rémiges rétriz semicerda semicerdas semipluma semiplumas téctrice téctrices bárbula filoplume plumaje_eclipse
bn:00033882n	febrero
bn:00033909n	gobierno_federal gobierno_de_ee.uu gobierno_de_estados_unidos gobierno_de_los_ee.uu gobierno_estadounidense gobierno_federal_de_estados_unidos gobierno_federal_de_los_ee.uu gobierno_federal_de_los_estados_unidos
bn:00033912n	fha administración_federal_de_vivienda federal_housing_administration administración_federal_de_la_vivienda administración_de_vivienda_federal autoridad_federal_de_la_vivienda
bn:00033919n	serbia_y_montenegro yugoslavia serbia yugoeslavia republica_de_serbia_y_montenegro república_de_serbia_y_montenegro serbia-montenegro serbia_montenegro república_de_serbia servia_y_montenegro unión_estatal_de_serbia_y_montenegro jugoslavija república_federativa_de_yugoslavia unión_de_serbia_y_montenegro
bn:00033938n	fedora homburg sombrero_de_fieltro trilby fieltro borsalino gacho sombrero_fedora sombrero_homburg stetson sombrero_stetson
bn:00033939n	honorario cuota tarifa tasa estipendio honorarios
bn:00033946n	comida provisiones alimentar
bn:00033960n	espíritu sentimiento tono
bn:00033963n	sentimiento sensación sentir sentimientos
bn:00033964n	
bn:00033988n	ocelote leopardus_pardalis gatopardo felis_pardalis gato_onza manigordo ocelotes pantera_gato pardalis
bn:00034003n	simpatía compasión piedad conmiseración simpatia
bn:00034004n	miembro integrante compañero
bn:00034016n	hembra ser_humano_femenino mujer hembras fembra femenina sexo_femenino mujeres
bn:00034017n	hembra persona_de_sexo_femenino
bn:00034021n	niña chavala chica chiquitina joven jovencita lola moza muchacha nena pequeña rapaza zagala
bn:00034027n	madre mamá maternidad progenitora ma mama mami materno madre_biológica madres progenitor_femenino
bn:00034040n	fémur hueso_femoral os_femoris femoral fémures femur hueso_del_muslo
bn:00034048n	valla cerca alambrada seto cercado barda cerramiento
bn:00034051n	valla_línea
bn:00034054n	cerca_de_carril dividido_por_ferrocarril
bn:00034115n	ferocidad violencia braveza bravura fiereza fuerza furia vehemencia furiousness
bn:00034150n	festival festividad fiesta
bn:00034205n	fibra fibra_textil fibra_mineral fibras fibroso
bn:00034220n	fibrina
bn:00034230n	fibrosis antifibrótico fibrótica
bn:00034242n	ficción literatura_de_ficción ficcion ficcional ficticia ficticio obra_de_ficcion obras_de_ficción ficción_realista
bn:00034250n	violín violín_tradicional violines violinistas violin_tradicional fiddle violin violinista tocando_el_violín
bn:00034265n	campo labrantío sembradío terreno campo_agrícola campo_rural campos_agrícolas campo_agricola campos_agricolas
bn:00034266n	campo
bn:00034267n	campo campo_de_fuerzas campo_de_fuerza
bn:00034268n	género_de_actividad_comercial línea_de_producción ramo_de_negocio campo campo_de_operación
bn:00034269n	campo cuerpo teoría_de_cuerpos teoria_de_cuerpos cuerpo_algebraico cuerpo_topológico teoría_de_campo
bn:00034287n	picnic pícnic
bn:00034291n	quarterback quaterback mariscal
bn:00034326n	experimento_de_campo prueba_de_campo experimentos_de_campo campo_de_prueba
bn:00034364n	los_cincuenta a_mediados_de_los_años_cincuenta
bn:00034369n	figura
bn:00034386n	ceguera_objetiva ceguera_figural
bn:00034389n	figura
bn:00034390n	figura personaje_público nombre persona figura_pública figura_publica
bn:00034391n	figura
bn:00034392n	cifra
bn:00034393n	figura
bn:00034394n	número
bn:00034404n	testaferro hombre_de_paja figura_ceremonial encubridor tapadera jefe_de_estado_ceremonial figura_decorativa jefe_nominal
bn:00034406n	estatuilla figurilla figura figurita estatuillas figurillas figurine figuritas statuette
bn:00034424n	lima archivo
bn:00034444n	
bn:00034448n	filipino pueblo_filipino filipinos filipina nación_filipina pinay pinayes pinoy pinoyes pueblos_filipinos
bn:00034452n	empaste relleno
bn:00034453n	chica niña joven muchacha fille jovencita señorita chico mujercita señorito mujer chiquilla niñas
bn:00034468n	estación_de_servicio gasolinera bencinera gasolinería bomba_de_bencina bomba_de_gasolina bomba grifo area_de_servicio estacion_de_servicio gasolineria servicentro área_de_servicio estaciones_de_servicio q8 saras_energia saras_energía estación_de_gasolina estación_de_combustible
bn:00034471n	película film filme cine producción pelicula películas obra_cinematografica peliculas filmes films largometraje largometrajes obra_cinematográfica realizacion_de_cine realización_de_cine filmaciones filmación obras_cinematograficas obras_cinematográficas peli pelicula_cinematografica pelicula_cinematográfica pelicular peliculero peliculon peliculón película_cinematografica película_cinematográfica imagen_en_movimiento gran_película imágenes_en_movimiento motion-picture_show movimiento_se_muestra_la_imagen muestra_la_imagen pantalla_grande película_teatral
bn:00034473n	película capa
bn:00034484n	estrella_de_cine estrella artista_de_cine estrellas_de_cine estrella_cinematográfica la_estrella_de_cine protagonizada_por reparto
bn:00034519n	período_final
bn:00034520n	resultado consecuencia resultado_final
bn:00034543n	año_fiscal ejercicio ejercicio_anual ejercicio_económico año_financiero ejercicio_fiscal ano_fiscal fiscal_year
bn:00034545n	financiación financiamiento financiacion financiar funding financiada
bn:00034565n	dedo dedos_de_la_mano dedo_de_la_mano digiti_manus dedos_de_las_manos
bn:00034589n	huella_dactilar huella_digital dactiloscopia impresión_dactilar impresión_digital dactilograma dermatoglifo crestas_papilares dactiloscopista dactiloscopía dactiloscópico dibujos_papilares huellas_dactilares huellas_digitales impresion_dactilar minucias puntos_caracteristicos_de_las_huellas_o_impresiones_dactilares puntos_característicos_de_las_huellas_o_impresiones_dactilares identificación_de_huellas_dactilares
bn:00034609n	pueblo_finés finlandés finlandesa pueblo_fines finlandeses fineses clase_finn
bn:00034623n	fuego incendio
bn:00034624n	fuego
bn:00034625n	llama fuego flama incendio lumbre llamas llamarada fuegos incendios llameante
bn:00034676n	arma_de_fuego arma arma_portátil pistola arma_corta pieza_de_artillería arma_de_fuego_personal arma_de_pequeño_calibre arma_tienda armas_de_fuego armas_pequeñas pequeña_brazo tienda_de_armas
bn:00034696n	bomberos
bn:00034702n	hogar chimenea lar llar fogon fogón cocina chimenea_hogar chimeneas hogares
bn:00034733n	resolución determinación firmeza firmeza_de_propósito
bn:00034737n	primera primero
bn:00034786n	primer_oficial segundo oficial_de_cubierta primer_oficial_de_cubierta primera_oficial_de_cubierta
bn:00034788n	nombre_de_pila nombre nombre_de_bautismo nombre_propio nombre_que_se_da primer_nombre
bn:00034789n	1_de_mayo festividad_de_los_mayos día_del_trabajador uno_de_mayo 01_de_mayo 1.º_de_may 1_º_de_may 1°_de_may 1º_de_may calendimaggio fiesta_de_los_mayos los_mayos maibaum maya mayo puesta_del_mayo primero_de_mayo
bn:00034797n	iniciativa primer_paso abriendo_paso
bn:00034798n	rumen panza primer_estómago estómago_primera
bn:00034806n	primera_guerra_mundial la_guerra_para_terminar_la_guerra gran_guerra 1.ª_guerra_mundia 1ª_guerra_mundia guerra_de_guerras i_guerra_mundial 1_guerra_mundial primer_guerra_mundial 1gm gm1 guerra_mundial_1 guerra_mundial_de_1914 igm 1a_guerra_mundial 1°_guerra_mundia consecuencias_de_la_primera_guerra_mundial i_gm la_gran_guerra pgm world_war_i 1_ª_guerra_mundia guerra_para_acabar_con_la_guerra la_guerra_para_acabar_con_la_guerra la_primera_guerra_mundial
bn:00034816n	peces pez pisces pescado anadromo catadromo anfidromo anfidromos anfídromo anfídromos anádromo catadromos catádromo catádromos diadromo diadromos diádromo diádromos ictíofauna oceanodromo oceanodromos oceanódroma oceanódromo oceanódromos potadromo potadromos potádromo potádromos pterigióforo
bn:00034817n	pescado pescar
bn:00034854n	pescador pescadora pescadores
bn:00034869n	red_de_pesca atarraya fishnet redes_de_pesca
bn:00034898n	idoneidad aptitud fittingness
bn:00034899n	forma fitness buen_estado_físico buena_forma buena_forma_física fit buena_salud
bn:00034919n	reparación arreglo compostura enmienda instalación remiendo reparo solución
bn:00034921n	localización localizar posición ubicación solución
bn:00034949n	instalación_fija mueble_fijo elemento_fijo instalación
bn:00034969n	bandera_blanca bandera_de_tregua
bn:00034995n	mayal mangual cetro_nejej flagelo_nejej nejej
bn:00034996n	don talento
bn:00035052n	chispazo destello
bn:00035127n	flautista flauta
bn:00035137n	sabor gusto saborear saboreador saboreamiento saboreo saborgar saboroso agente_saborizante potenciador_del_sabor sabor_artificial sabores_naturales saborizantes_artificiales
bn:00035168n	fugitivo desertor tránsfugo joven_fugitivo
bn:00035182n	carne
bn:00035189n	flexibilidad flexibilidad_muscular flexibilidad_corporal
bn:00035190n	flexibilidad adaptabilidad
bn:00035198n	
bn:00035201n	centelleo parpadeo
bn:00035206n	escuadrilla
bn:00035207n	vuelo volar
bn:00035208n	tramo vuelo_de_pasos
bn:00035209n	escuadrilla chutai vuelo
bn:00035246n	pase
bn:00035304n	piso suelo solería pavimento planta
bn:00035305n	piso planta nivel pisos planta_de_numeración
bn:00035313n	tabla_de_entarimado tabla_del_suelo suelo_de_madera
bn:00035318n	planta plano plano_de_planta planta_y_alzado plantas_y_alzados icnografia icnografía arquitectura_cristiana diagrama_de_catedral planos_arquitectónicos planta_basilical planta_de_catedral planos
bn:00035324n	flora planta plantas plantae vegetación vida_vegetal mata especie_vegetal vegetal florística floras floristica florístico metafita metáfita origen_de_todas_las_plantas plant reino_plantae especies_de_plantas la_vida_vegetal
bn:00035370n	flujo dinámica_de_fluidos corriente flujo_constante
bn:00035371n	flujo_volumétrico caudal flujo flujo_volumetrico flujo_volúmico flujo_volumico tasa_de_flujo tasa_de_flujo_volumétrico velocidad_de_flujo
bn:00035372n	corriente flujo
bn:00035378n	flor floracion floración floral ⚘ florales flores
bn:00035383n	jardín_de_flores jardín_floral
bn:00035388n	pétalo petalo pétalos dianthus_hinoxianus apétalas pétalo_de_la_flor
bn:00035391n	despliegue florecimiento
bn:00035414n	variación fluctuación
bn:00035423n	
bn:00035426n	fluido fluidos propiedades_del_fluido
bn:00035448n	fluoresceína colorante_fluorescente fluoresceina fluoresceína_sódica colorantes_fluorescentes fluoróforo fluoróforos resorcinolphthalein
bn:00035450n	fluorescencia fluorescente agente_de_fluorescencia
bn:00035470n	ráfaga ráfaga_de_nieve nieve_ráfaga
bn:00035482n	flujo
bn:00035483n	flujo fluxión
bn:00035487n	campo_magnético flujo_magnético flujo campo_magnetico campos_magnéticos densidad_del_flujo_magnetico intensidad_de_campo_magnetico intensidad_de_campo_magnético línea_de_campo_magnético líneas_de_campo_magnético
bn:00035496n	bragueta mosca volar_frente
bn:00035497n	elevado pelota_elevada fly_ball
bn:00035558n	
bn:00035570n	niebla bruma neblina niebla_de_superficie
bn:00035580n	folio lámina_de_metal lámina hojuela
bn:00035584n	frustración desbaratamiento impedimento foiling frustrando
bn:00035596n	hoja follaje laphi foliar hojas roseta_basal tejido_en_empalizada margen_de_la_hoja dianthus_hinoxianus acuminada alargada alternas arrinonada arriñonada aserrada asimetrica asimétrica auriculada compuesta cordiforme coriacea coriácea crenada crenulada decusadas deltoidea dentada denticulada disticas dísticas entera escabrosa escotada escuamiforme esparcidas espatulada estriada fasciculadas flavelada hendida hipsofilo hipsófilo hirsuta hispida hoja_compuesta híspida lanceolada lenticulada lirada lisas lobulada membranosa mucronada obcordada oblanceolada obtusa opuestas orbiculada palmatilobada palmeada palmicompuesta palmisecta parapinnada perfoliadas piriforme puntado retusa revoluto romboidal sagitada serrulada sinuosa ternada ternadas trifida trifoliada truncada verticiladas abaxial adaxial axila axila_de_la_hoja axilas crenados hoja_basal hojas_compuestas leafage nervadura_central pubescentes vaina_de_la_hoja
bn:00035616n	escritor_popular popular_escritor
bn:00035617n	folclore folklore folclor demosofía folclórica cultura_autóctona demosofia folcklore folckore folclore_internacional folclores folclorica folclorico folclorista folclórico folklor folklorista folkloristas folklórico leyenda_popular tradiciones_populares cuentos_populares sabiduría_popular
bn:00035629n	partidaria partidario secuaz seguidor seguidora
bn:00035649n	nutriente nutrimento alimento comida alimentos sustento sustancia_nutritiva nutrientes macronutrientes
bn:00035670n	basura desperdicio_alimenticio migajas restos sobras chatarra deshecho residuo_doméstico desechos desperdicio_alimentario residuo_alimentario residuos_de_alimentos rechazar residuos residuos_domésticos residuos_municipales residuos_sólidos residuos_sólidos_urbanos
bn:00035672n	tonto bobo corto imbécil necio estúpido idiota tomfool tonto_como_un_niño
bn:00035679n	pie pes pata este feetsies carcanal carcañal pinrel pié planta_del_pie pie_humano
bn:00035680n	pie pies ft feet foot pies_de_acotamiento
bn:00035682n	patas invertebrados_pie
bn:00035683n	
bn:00035685n	infantería regimiento_de_infantería infanteria arma_de_infanteria arma_de_infantería soldados_de_infantería
bn:00035695n	carrera carrera_a_pie carrera_pedestre footrace
bn:00035696n	podredumbre_del_pie pedero pudrición_del_pie
bn:00035704n	fútbol códigos_de_futbol futbol balompié balón balón_de_fútbol codigos_de_futbol codigos_de_fútbol códigos_de_fútbol partido_de_fútbol
bn:00035727n	pisada paso
bn:00035732n	
bn:00035736n	huella pisada paso huella_del_pie huellas
bn:00035745n	
bn:00035746n	paso
bn:00035762n	longanimidad paciencia resignación tolerancia
bn:00035767n	fuerza
bn:00035768n	fuerza vigor fuerzas fuerza_de_contacto fuerza_fisica fuerza_física unidades_de_fuerza
bn:00035769n	vigor fuerza fortaleza
bn:00035770n	personal dotación plantilla
bn:00035771n	unidad_militar fuerza unidad formación formación_militar fuerza_militar grupo_militar la_fuerza_militar organización_militar unidad_combate unidad_de_combate unidades_militares
bn:00035773n	fuerza poder
bn:00035778n	presión presion_hidraulica presion_mecanica presión_hidráulica presión_mecánica kg/cm kg_cm presion presion_absoluta presión_absoluta fuerza_por_unidad_de_área nivel_de_presión presiones presión_del_agua presión_fluido
bn:00035801n	antebrazo antebrazos antebrachium
bn:00035814n	resultado_inevitable estar_cantado ser_de_prever cosa_normal
bn:00035815n	primer_plano primer_término
bn:00035832n	misión misión_religiosa estación_misionera misionero_mensaje
bn:00035835n	política_exterior politica_exterior politica_extranjera política_extranjera asuntos_exteriores
bn:00035851n	mañana am madrugada manana mananero matinal matutinas matutino matutinos mañanero alborada la_mañana mañana_hora
bn:00035855n	parte_delantera frente front parte_anterior
bn:00035859n	precursor
bn:00035868n	bosque bosques floresta selva wälder algaba arbolado arbolados arboledo arboledos boscosa forestal impacto_ambiental_potencial_del_manejo_de_bosques_naturales nemoral sector_forestal bosques_de_coníferas
bn:00035886n	pérdida
bn:00035894n	olvido descuido falta_de_memoria desmemoria mala_memoria memoria_de_pollo poca_memoria olvidar
bn:00035902n	tenedor
bn:00035907n	tipo clase forma género especie
bn:00035908n	forma estructura forma_musical patrón
bn:00035909n	forma configuración conformación
bn:00035911n	forma cepa var. variante cepa_bacteriana var
bn:00035914n	fase fase_de_la_materia fase_de_gas
bn:00035918n	parte_de_la_oración categoría_gramatical categoría_morfosintáctica parte_de_oración clase_de_palabra partes_de_la_oracion partes_de_la_oración categoria_gramatical categorias_gramaticales categorías_gramaticales categoria_morfosintactica parte_de_la_oracion categoría_léxica categorías_léxicas formulario_de_la_clase palabra_clase parte_de_su_discurso
bn:00035928n	lógica_matemática lógica_simbólica lógica_formal vocabulario logica_matematica logica_simbolica logica lógica neopositivistas_logicos neopositivistas_lógicos logica_matemática logica_simbólica lógica_matematica la_lógica_formal la_lógica_simbólica
bn:00035943n	formación
bn:00035960n	receta receta_culinaria receta_de_cocina fórmula recetas_de_cocina
bn:00035961n	fórmula
bn:00035965n	formulación preparación
bn:00035983n	punto_fuerte especialidad especialización fuerte oficio
bn:00035986n	piano pianoforte forte-piano piano_acústico piano-forte piano_acustico piano_de_cola piano_de_gran_cola piano_horizontal piano_jirafa piano_transpositor piano_vertical pianofortes pianístico tabla_armonica tabla_armónica fortepianista fortepiano piano_clásico piano_de_media_cola
bn:00035996n	quincena bi-semanal dos_semanas quincenal
bn:00036002n	fortuna
bn:00036041n	adoptador adoptante padre_adoptivo los_padres_de_crianza
bn:00036047n	
bn:00036063n	fundación fundamento cimiento
bn:00036077n	manantial fuente brollador emanación fuente_natural surtidor vertiente nacente naciente ojo_de_agua venero manantial_natural agua_de_manantial manantial_de_agua_dulce
bn:00036107n	cuadrado cuadro cuadrados foursquare
bn:00036110n	cuarta cuarto
bn:00036111n	cuarto cuarta_parte veinticinco_por_ciento barra_de_pan_de_cuatro_libras una_cuarta
bn:00036116n	tiempo cuarta_dimensión
bn:00036120n	4_de_julio día_de_la_independencia día_de_la_independencia_de_los_estados_unidos cuatro_de_julio 04_de_julio dia_de_la_independencia dia_de_la_independencia_de_los_estados_unidos tres_de_julio dia_de_la_independencia_de_ee._uu. día_de_la_independencia_de_ee._uu.
bn:00036129n	zorro raposa raposo zorra vulpini vulpeja 🦊 vulpine zorros
bn:00036152n	fracción
bn:00036159n	fraccionamiento
bn:00036178n	flaqueza vicio
bn:00036182n	marco
bn:00036184n	entrada inning capítulo episodio entradas
bn:00036197n	modelo modelo_económico marco marco_teórico modelo_economico explicación_teórica modelos_económicos
bn:00036202n	francia república_francesa france republica_francesa v_republica_francesa estado_de_francia estado_francés francesa francés frankreich l'hexagone país_del_hexágono poblacion_de_francia población_de_francia republica_de_francia republique_francaise republique_francasaise republique_française republique_françasaise república_de_francia république_francaise république_francasaise république_française république_françasaise francés_república
bn:00036207n	franquicia franchise
bn:00036284n	fraternidad organización_fraternal hermandad organizacion_fraternal frat fraternidad_universitaria fraternidades
bn:00036360n	radical radical_libre radical_lliure radicales_libres radical_orgánico radicalario radical_organico los_radicales_libres radicales_de_oxígeno reacción_radical
bn:00036376n	libertad autonomia
bn:00036377n	insurgente amotinado insurrecto rebelde sublevado luchador_por_la_libertad luchador_por_libertad movimiento_de_resistencia
bn:00036396n	liberación liberando
bn:00036426n	francés idioma_francés lengua_francesa idioma_frances fr fra frances francais francohablante francoparlante français habla_francesa
bn:00036431n	azul_francia azul_de_francia azul_real bleu_de_france azul_francés azul_ultramarino_francés ultramarino_francés
bn:00036456n	francés francesa francés_persona
bn:00036471n	frecuencia frecuencias cambio_de_la_frecuencia frecuencia_de_oscilación frecuencia_ordinaria frequence oftenness período
bn:00036472n	frecuencia frecuencia_estadística frecuencia_relativa frecuencia_absoluta analisis_de_frecuencia_estadistica análisis_de_frecuencia_estadística frecuencia_acumulada frecuencia_estadistica
bn:00036492n	frescura viveza
bn:00036512n	viernes vie vi. vie. 6.°_dí día_de_venus sexto_día v v. vi penultimo_dia penultimo_día sexto_dia sukravara sukravāra śukravara śukravāra
bn:00036522n	fósforo cerilla fosforo cerillo misto mixto lucifer fricción_partido fósforos_de_seguridad partido partido_fricción
bn:00036538n	amigo amiga camarada
bn:00036568n	periferia borde límite_exterior
bn:00036627n	parte_delantera
bn:00036632n	movimiento_social movimiento movimientos_sociales movimiento_ciudadano movimiento_popular movimientos_populares
bn:00036636n	puerta_principal portada portal portalada puerta_de_entrada entrada_principal
bn:00036638n	porche_delantero
bn:00036640n	sala_de_estar salón cuarto_de_estar sala living locutorio salita living_room salon cuarto_delantero
bn:00036642n	fachada
bn:00036654n	frontera territorio_fronterizo hombre_de_la_frontera
bn:00036657n	acuerdo_fronterizo avanzada puesto_fronterizo frontera_de_población
bn:00036686n	fruta fruto frutos fructificar frutas vaina_de_la_semilla
bn:00036687n	fruto producción
bn:00036700n	árbol_frutal frutales frutal árboles_frutales arbol_frutal arboles_frutales
bn:00036772n	general general_completa
bn:00036781n	tinglado tratamiento_completo camas_y_petacas equipo_completo todo todo_el_rollo caboodle_entero kit_completo kit_completo_y_boodle kit_completo_y_caboodle kit_y_boodle kit_y_caboodle obras_completas
bn:00036805n	fumble balon_suelto balón_suelto balones_sueltos manosear
bn:00036806n	humo vapor
bn:00036807n	roble_ahumado
bn:00036813n	diversión alegría divertimento holgorio jolgorio gracia amusement
bn:00036821n	función función_matemática mapa aplicación función_monovaluada correspondencia correspondencia_unívoca funcion funcion_matematica función_unívoca aplicacion transformación application f aplicacion_matematica aplicacion_matemática aplicación_matematica aplicación_matemática formas_de_expresar_una_funcion formas_de_expresar_una_función funcion_matemática funciones_matematicas funciones_matemáticas función_matematica graficas_de_funciones gráficas_de_funciones preimagen función_de_un_solo_valor teoría_de_funciones
bn:00036822n	función papel propósito uso
bn:00036823n	función cargo ministerio papel oficio parte rol oficina
bn:00036837n	funcionario alto_cargo funcionaria funcionario_público oficial funcionaria_pública alta_dirección alto_funcionario personal_de_alta_direccion personal_de_alta_dirección alta_direccion funcionario_de_alto_rango altos_cargos ejercer_electos funcionario_del_gobierno funcionarios funcionarios_electos oficiar
bn:00036839n	fondo fondo_monetario capital
bn:00036840n	reserva acervo acopio repuesto retén
bn:00036855n	funeral entierro rito_funerario ceremonia_fúnebre exequias rito_funebre rito_funeral rito_fúnebre funerales ceremonia_funebre ceremonias_fúnebres funerario funus honras_fúnebres ritos_funerarios servicio_funeral
bn:00036856n	funeraria tanatorio capilla_ardiente agencia_funeraria camara_funeraria casa_funeraria velatorio cocheria capilla_funeraria funeral-residencia funeral_iglesia funerarias
bn:00036875n	embudo forma_de_embudo
bn:00036882n	piel cuero pelaje pelamen pieles pelos
bn:00036894n	permiso erte permiso_laboral sabático furlough
bn:00036910n	rabia furia furor ur_mom
bn:00036926n	fusión unificación
bn:00036938n	futilidad inutilidad
bn:00036941n	futuro porvenir mañana venidero futurista futuro_próximo tiempo_para_venir
bn:00036957n	gramo g gm gr gram gramos 1_e-3_kg programa
bn:00036984n	espuela espuelas
bn:00036992n	artiligios artilugios cachivaches chismes aparatos
bn:00037008n	broma chiste chanza gracia jocosidad ocurrencia joke chistes chistoso chascarrillo chiste_verde jocosa jocoso
bn:00037011n	tag_line remate coronación gag punto_cúlmine remate_del_chiste chiste frase_clave gag_línea
bn:00037015n	calibre indicador calibre_de_limites calibre_de_límites
bn:00037018n	gagman gagster gagwriter
bn:00037022n	beneficio ganancia provecho
bn:00037030n	paso andadura ritmo andares zancada
bn:00037040n	galón
bn:00037140n	pila_voltaica pila_de_volta pila pila_galvánica pila_seca
bn:00037171n	casa_de_juego leonera tablaje timba casa_de_apuestas juego_infierno juegos_de_azar_den
bn:00037180n	juego juega juegos_juegos jugar ludica ludico lúdica lúdico
bn:00037181n	juego
bn:00037182n	juego
bn:00037187n	complot conjuración conspiración plan_secreto
bn:00037219n	juegos_de_tarjeta
bn:00037225n	gammaglobulina gamma_globulina gamaglobulina gamma_globulina_humana globulina_gamma
bn:00037253n	necrosis gangrena cangrena gangrena_gaseosa gangrenico gangrenoso gangrénico necrosis_tisular muerte_celular esfacelación necrosis_gangrenosa gangrenosas necrotizante tejido_necrótico
bn:00037256n	gángster gangster gánster mafioso pandillero pistolero gangsterismo gangsters ganster gángsters
bn:00037283n	garaje cochera garage garaje_residencial estacionamiento garage_residencial
bn:00037296n	tumulto estruendo garboil
bn:00037301n	jardín
bn:00037302n	jardín
bn:00037326n	producto_agrícola cosecha frutas_y_verduras huerta producir productos_de_la_huerta_pescados productos_verdes
bn:00037328n	cuidador_de_viveros jardinero horticultor
bn:00037382n	gas estado_gaseoso gaseoso gases materia_gaseosa fluido_compresible gaseosos gasoti
bn:00037383n	gas
bn:00037390n	gas_cocina gas_jet quemador_de_gas quemador_gas
bn:00037439n	bocanada boqueada resuello jadear paralenguaje paralingüísticos
bn:00037441n	
bn:00037486n	puerta verja barrera portón
bn:00037487n	puerta_lógica compuerta_lógica and compuerta_logica compuertas_logicas compuertas_lógicas if puerta_logica puerta_logica_not puerta_logicas puerta_lógica_not puerta_si puertas_lógicas not xnor circuito_lógico la_puerta_lógica lógica_discreta
bn:00037498n	san_luis st._louis saint_louis st_louis condado_de_saint_louis_city saint_louis_missouri san_luis_de_iluenses san_luis_missouri st._louis_missouri st_louis_missouri saint_louis,_missouri san_luis,_missouri san_luis,_misuri san_luis_de_ilinueses san_luis_de_illinues st._louis,_missouri st_louis,_missouri gateway_to_the_west
bn:00037524n	gauss g kilogauss
bn:00037526n	distribución_normal distribución_gaussiana distribución_de_gauss distribucion_normal ley_de_gauss distribucion_de_gauss distribucion_gaussiana normalidad_estadística distribución_normal_estándar normal_estándar
bn:00037541n	gay homosexual movimiento_homófilo gaius homofilia gays gais gais_y_lesbianas hombre_homosexual 1069bf ihwo international_homosexual_world_organisation movimiento_homofilo homófilo
bn:00037576n	juego_de_engranajes
bn:00037605n	joya tesoro
bn:00037609n	joya alhaja piedra_preciosa gema rubí piedras_preciosas
bn:00037633n	género género_gramatical genero femenino género_común sexo neutro clase_nominal genero_gramatical género_neutro clases_nominales género_ambiguo masculino género_femenino género_natural géneros_gramaticales sexo_masculino
bn:00037655n	legislatura poder_legislativo cuerpo_legislativo asamblea_legislativa asamblea_general legislador órgano_legislador órgano_legislativo autoridad_legislativa brazo_legislativo funcion_legislativa institucion_legislativa institución_legislativa legislativa legislativo organo_legislativo rama_legislativa classis legislaturas los_legisladores ministro_presbiteriano política_presbiteriana presbiterio
bn:00037676n	generación
bn:00037677n	generación
bn:00037679n	generación génesis
bn:00037765n	goy gentil pagano no_judío gentilitas infiel pagana paganos gentiles no-judio no-judios
bn:00037769n	caballero gentilhombre señor señores gentilhombre_de_placer gentilhombre_de_cámara gentilhombre_de_la_casa gentilhombre_de_manga caballeros
bn:00039375n	psithyrus genus_psithyrus género_psithyrus
bn:00040151n	geoquímica geoquimica geoquímico
bn:00040160n	área_geográfica región región_geográfica zona_geográfica
bn:00040169n	geólogo geóloga geofísico geólogos geologa geologas geologo geologos geólogas
bn:00040178n	irregularidad irregularidad_geométrica
bn:00040239n	george_washington president_washington washington jorge_washington el_presidente_washington
bn:00040284n	fuente germen semilla
bn:00040292n	alemana alemán pueblo_alemán alemanes pueblo_aleman
bn:00040293n	alemán idioma_alemán alto_alemán lenguas_altogermánicas alemana idioma_aleman lengua_alemana lenguas_altogermanicas habla_alemana de deutsch deutsche_sprache lang_-_de tudesco aleman_naturalizado alemán_naturalizado germanofono germanoparlante germanófona germanófono germanophone
bn:00040335n	gesto ademán gesticulación
bn:00040336n	gesto ademán gesticulación mímica gestos
bn:00040337n	gesto seña ademán
bn:00040368n	fantasma aparición espectro sombra wraith fantasmas
bn:00040371n	punto sombra toque
bn:00040386n	gigante
bn:00040387n	gigante
bn:00040432n	gibson_girl gibson_niña
bn:00040436n	regalo obsequio presente dádiva regalo_de_navidad regalos obsequiar regalar regalos_de_navidad
bn:00040443n	actuación
bn:00040509n	ginkgo_biloba ginkgo gingko gingko_biloba arbol_de_los_cuarenta_escudos ginko ginko_biloba árbol_de_los_cuarenta_escudos gingo árbol_de_culantrillo
bn:00040536n	novia chica compañera compañera_sentimental pareja prometida lady_amigo niña
bn:00040566n	precondición dado presunción presuposición presupuesto postulado precondicion precondiciones
bn:00040592n	glándula secreter secretor órgano_secretatorio órgano_segregatorio glandula glandular glándulas epitelio_glandular glandulas glanduloso glandulares órgano_secretor
bn:00040605n	vidrio cristal vidrio_comun vidrio_común vidro vítrea fabricación_de_vidrio vidriero
bn:00040628n	glaucoma glaucomatoso
bn:00040701n	oscuridad
bn:00040714n	resplandor esplendor gloria resplendency
bn:00040717n	glosario glosa glosarios glosas
bn:00040758n	pegamento cola goma mucílago mucilaginosa
bn:00040810n	tiempo_medio_de_greenwich horario_universal tiempo_universal greenwich_mean_time hora_media_de_greenwich hora_de_greenwich gmt greenwich_time ut1
bn:00040830n	producto_nacional_bruto pnb renta_nacional_bruta pib ingreso_nacional_bruto producto_bruto_nacional
bn:00040864n	marinero lobo_de_mar jack_shephard jack marinera marino navegante gente_de_mar jack-tar marineros
bn:00040870n	meleagrididae pavo pavo_polla pavos tom_turquía
bn:00040878n	dios deidad divinidad ser_supremo creador_sobrenatural deidad_creadora deidad_suprema el_altísimo el_creador el_divino el_eterno el_hacedor el_omnipotente el_señor el_supremo el_todopoderoso la_deidad la_deidad_creadora la_divinidad altisimo altísimo dios_supremo diós esop god lo_divino
bn:00040888n	diosa dios femenino_sagrado goddess triple_diosa diosas femenina
bn:00040917n	bocio coto papera papo güecho güegüecho bocio_endemico bocio_endémico bociógeno bocígeno tiromegalia
bn:00040918n	goitrogen bocígeno
bn:00041010n	golf campo_de_golf campos_de_golf foursome foursomes golfista golf_juego torneo_golf
bn:00041018n	hoyo playa_de_arena
bn:00041020n	enlaces campo_de_golf
bn:00041025n	golf_viuda
bn:00041059n	bien beneficio interés provecho utilidad
bn:00041061n	bien bueno bien_y_mal bondad el_bien_y_el_mal bien_moral bondadoso
bn:00041073n	buenos_días buenas buenas_mañanas
bn:00041083n	
bn:00041098n	ganso oca ánsar gansos
bn:00041113n	partido_republicano administración_republicana partido_republicano_de_estados_unidos administracion_republicana partido_republicano_de_iowa partido_republicano_de_los_estados_unidos republican_party gop
bn:00041188n	regido
bn:00041192n	ciencias_políticas ciencia_política política politología ciencias_politicas politologia analista_político ciencia_politica cientista_politico estudios_políticos politólogo ccpp ciencia_política_y_administración_pública ciencias_politicas_y_de_la_administracion ciencias_politicas_y_de_la_administración ciencias_políticas_y_de_la_administracion ciencias_políticas_y_de_la_administración cientista_político historia_de_la_ciencia_politica historia_de_la_ciencia_política licenciado_en_ciencia_política pensamiento_politico pensamiento_político politicas politicologo politicólogo politologa politologo politóloga polítologo polítólogo teoria_politica teoria_política teorico_politico teorico_político teoría_política teórico_politico teórico_político la_ciencia_política
bn:00041204n	gobernador gobernadora comisionado_civil eleccion_gubernamental elección_gubernamental governador gobernador_del_estado gobernador_militar gobernadores
bn:00041208n	vestido traje vestido_largo vestidos
bn:00041221n	gracia estado_de_gracia gracia_divina gracia_santificante divina_gracia gracia_de_dios gracia_divinizadora la_gracia_en_el_cristianismo
bn:00041239n	nivel grado
bn:00041241n	nota puntuación calificación grado marca promedio_de_calificaciones
bn:00041242n	nivel
bn:00041248n	gradiente gradiente_de_una_función_escalar vector_gradiente ∇ gradientes
bn:00041249n	pendiente gradiente desnivel inclinación talud pendiente_de_la_recta pendiente_de_una_recta coeficiente_angular pendiente_geométrica gradientes laderas pendientes
bn:00041258n	escala escala_de_medición mesa_graduado serie_ordenada
bn:00041278n	grano
bn:00041291n	graining veteado granulado woodgraining
bn:00041304n	gramático syntactician
bn:00041313n	abuela abuelita gran abue abuelo nan nana tata yaya
bn:00041333n	gran_jurado jurado_de_acusaciones gran_jurado_federal jurados
bn:00041360n	grandeza importancia prestigio relevancia
bn:00041363n	abuelo abuelos abuela abuelo_materno bisabuelo abuelo_o_abuela abuela_materna abuela_paterna abuelo_paterno bisabuela bisabuelo_materno abuelo/abuela abuelas agüelo
bn:00041380n	subvención
bn:00041402n	parra
bn:00041411n	boca_a_boca boca-oreja habladuría boca_oreja boca-a-boca palabra_de_boca vid
bn:00041412n	gráfica_de_una_función gráfica gráfico grafo grafo_de_una_función representación_gráfica_de_una_función grafica_de_una_funcion grafica_de_una_función graficar_funciones grafo_de_una_funcion gráfica_de_una_funcion representacion_grafica_de_una_funcion representacion_grafica_de_una_función representacion_gráfica_de_una_funcion representacion_gráfica_de_una_función representación_grafica_de_una_función registro_gráfico
bn:00041433n	hierba césped grama pasto gramíneas
bn:00041452n	saltamontes caelifera
bn:00041457n	rejilla enrejado reja
bn:00041463n	gratificación satisfacción
bn:00041467n	sepulcro sepultura
bn:00041473n	gravedad sobriedad
bn:00041491n	gravedad gravitación gravitacíon atracción_gravitacional fuerza_gravitacional gravitacional interaccion_gravitatoria atraccion_gravitacional atraccion_gravitatoria atracción_gravitatoria fuerza_de_atraccion_gravitatoria fuerza_de_atracción_gravitatoria fuerza_de_gravedad fuerza_de_la_gravedad fuerza_gravitatoria gravitacion gravitatorio interacción_gravitatoria aceleración_de_la_gravedad física_gravitacional ley_de_la_gravedad
bn:00041510n	gris grisáceo cenizo grisaceo griseo gríseo plomizo canicie
bn:00041512n	
bn:00041513n	
bn:00041536n	anciano abuelo viejo vejo
bn:00041544n	grasa aceite_lubricante
bn:00041585n	superpotencia potencia_mundial potencia superpotencia_internacional hiperpotencia superpoder influencia grandes_potencias gran_potencia potencia_del_mundo poder poder_en_las_relaciones_internacionales potencia_industrial potencia_internacional potencias_mundiales primera_potencia primera_potencia_mundial superpotencia_emergente superpotencias_emergentes gran_poder poder_mundial
bn:00041606n	abrigo sobretodo gabán paletó
bn:00041611n	nueva_york new_york_city new_york nova_york estado_de_nueva_york ciudad_de_nueva_york nyc capital_del_mundo centro_del_universo la_ciudad_tan_bonita_que_la_nombraron_dos_veces la_gran_manzana los_cinco_distritos ny_ciudad ciudad_de_new_york n_y neoyorkina neoyorquina neoyorquino new_york,_n.y. new_york,_n_y new_york,_n_y. new_york_city,_new_york new_york_city_new_york new_york_n.y. new_york_n_y new_york_n_y. nueva_yol nueva_york,_nueva_york nueva_york,_ny nueva_york_nueva_york nueva_york_ny nuevo_eborago nuevo_york transporte_en_la_ciudad_de_nueva_york greater_new_york
bn:00041634n	griego idioma_griego helénica lengua_helénica lengua_griega lenguaje_griego gr. grecohablante grecoparlante griego_moderno palabra_griega ελληνικά helénica_idioma helénico
bn:00041635n	heleno pueblo_griego griegos griega griego helénico
bn:00041648n	verde verdor verdoso aceitunado esmeralda glauco aguacate color_verde verde_manzana verde_mar verdancia
bn:00041654n	celos envidia celo celoso celosa celotipia monstruo_de_ojos_verdes
bn:00041658n	judía_verde ejote chaucha poroto_verde vainica vainita bajoca caparrón_verde fréjol habichuela habichuela_tierna habichuela_verde vaina judías_verdes chauchas judias_verdes sítao frijolitos frijolitos_verdes habichuelas porotos_verdes vainitas alubia_verde ejotes judia_verde
bn:00041678n	vermont vermontniano estado_de_vermont el_estado_de_la_montaña_verde vt vérmont vermonter green_mountain_state
bn:00041717n	groenlandia kalaallit_nunaat gronland gl 🇬🇱 groelandia isla_de_groenlandia norteamerica_boreal norteamérica_boreal
bn:00041736n	greenwich_village la_aldea greenwich_village,_manhattan greenwich_village_historic_district greenwich_village_manhattan
bn:00041739n	saludo salutación salva saludar saludos ¿que_hay ¿qué_hay hasta_la_proxima hasta_la_próxima hasta_la_vista hasta_luego
bn:00041774n	johnny_reb johnny johnny_rebel reb
bn:00041807n	sonrisa sonreír sonrisa_abierta sonriente sonreir sonriso sonriendo
bn:00041820n	mango asa asidero empuñadura manejar manija manilla tirador agarradera asimiento cogedero tomadero oreja
bn:00041837n	abacero tendero lonjista verdulero abacera abarrotera abarrotero
bn:00041848n	ingle región_inguinal inguen region_inguinal regio_inguinalis
bn:00041853n	entrenamiento formación enseñanza preparación adiestramiento capacitación entrenamiento_básico entrenamiento_basico entrenar
bn:00041855n	rodada
bn:00041868n	ingresos bruto renta_fija retorno
bn:00041881n	razón causa
bn:00041883n	suelo tierra perfil_edafico perfil_edáfico suelos los_suelos
bn:00041927n	innovador novador pionero innovadores pionera
bn:00041942n	grupo agrupación colectivo
bn:00041948n	reunión concurrencia concurrentes reunión_grupal encuentro reunión_organizada reuniones reunión_del_grupo
bn:00041966n	arboleda soto
bn:00041978n	crecimiento desarrollo
bn:00041979n	aumento crecimiento incremento crecida multiplicación
bn:00041986n	tasa_de_crecimiento índice_de_crecimiento
bn:00042006n	cerdo puerco sus cochino marrano sus_scrofa_domestica cerdo_gruñón chancho chon cochi cocho cochín cuchi cuto gocho gorrino guarro porc sus_scrofa tunco cerdo_doméstico sus_scrofa_domesticus cerdo_domestico cerdo_salvaje ganadería_porcina cerdos
bn:00042010n	guam guahan guaján guåhån san_juan territorio_de_guam guaham guajam isla_de_san_juan 🇬🇺 guahån guajan isla_de_guam gu
bn:00042039n	garantía aval garantia garantías incumplimiento_de_garantía
bn:00042043n	guardia guarda guardiana guardián guardés
bn:00042044n	guard guardia offensive_guard
bn:00042045n	seguro protección agarre_de_seguridad dispositivo_de_seguridad indicador_de_recámara_cargada prueba_de_fallos seguridad
bn:00042049n	precaución prevención salvaguarda medida_de_precaución
bn:00042081n	guerrilla guerrillero guerra_de_guerrillas guerrilleros lucha_armada tácticas_de_guerrilla
bn:00042090n	invitado convidado huésped
bn:00042120n	notable astro eminencia lumbrera el_máximo_representante luminaria luz_que_guía notabilidad
bn:00042128n	culpa culpabilidad culpable veredicto_de_culpabilidad
bn:00042149n	apariencia guisa pretensión pretexto semejanza aspecto
bn:00042150n	guitarra jarana sonanta guitarras guitarras_clásicas guitarristas viola guitarra_de_rock
bn:00042160n	golfo
bn:00042189n	gaviota gavia laridae gaviotas larido laridos lárido láridos
bn:00042191n	barranco arroyada barranca surco torrentera barranquera arroyo rambla barrancos quebrada
bn:00042221n	arma_de_fuego arma cañón escopeta obús pistola arma_de_proyectil armas_de_fuego armas
bn:00042223n	pistolero asesino_a_sueldo sicario asesino_profesional pistolera gatillero gun_for_hire gunfighting pistoleros
bn:00042250n	pólvora polvorín polvora pólvora_negra polvora_negra polvo_negro
bn:00042275n	gusto sabor percepción_gustativa gustacion gustación sentido_del_gusto sistema_gustativo aparato_gustativo percepción_del_gusto sabor_básico sabor_sensación sensación_gustativa
bn:00042286n	entusiasmo condimento gusto zestfulness
bn:00042316n	gimnasio gimnasios
bn:00042317n	tatami felpudo gimnasio_estera
bn:00042326n	gimnasia gimnástica ejercicio_gimnastico ejercicio_gimnástico gimnasia_general gimnastas gimnasia_olimpica gimnasta
bn:00042327n	caballo potro caballo_de_gimnasia
bn:00042360n	revolución vuelta rotación
bn:00042379n	agua h2o h₂o [oh2] agua_pura aqua hoh acido_hidrico acido_hídrico capacidad_calorifica_del_agua capacidad_calorífica_del_agua embotelladora_de_agua espacio_acuoso hidroxido_de_hidrogeno hidroxido_de_hidrógeno hidruro_de_oxígeno hidróxido_de_hidrógeno liquido_elemento líquido_elemento monoxido_de_hidrogeno monoxido_de_hidrógeno monóxido_de_hidrógeno oxido_de_dihidrogeno oxido_de_dihidrógeno oxido_de_hidrogeno oxido_de_hidrógeno recursos_hidraulicos solucion_acuosa ácido_hidrico ácido_hídrico óxido_de_dihidrogeno óxido_de_dihidrógeno óxido_de_hidrogeno óxido_de_hidrógeno agua_líquida
bn:00042404n	hábito costumbre habitud rutina
bn:00042409n	hábitat habitat microhábitat habitación microambiente hábitat_natural hábitats habitat_natural habitats casa_terreno
bn:00042437n	trabajo_de_rutina
bn:00042473n	hemoglobina desoxihemoglobina hb
bn:00042519n	granizo pedrisco piedra granizada granizadas
bn:00042526n	pelo cabello cabello_humano pelos pelambre pelo_de_la_cabeza peludo
bn:00042601n	mitad un_medio metad 0,5 0.5 1/2 medio la_mitad
bn:00042605n	mestizo
bn:00042611n	intensidad_media media_de_intensidad
bn:00042644n	corredor
bn:00042663n	pasillo vestíbulo recibidor sala corredor hall vestibulo sala_reuniones
bn:00042680n	alucinación ilusión alucinacion alucinaciones alucinaciones_visuales alucinando alucinante alucinar
bn:00042691n	halógeno halógenos halogeno biunseptio elementos_del_grupo_17 halogenado halogenos
bn:00042697n	alto interrupción parada
bn:00042729n	pueblo aldea aldehuela caserío aldea_grande poblado pueblito atraso_rural comunidad_rural entidad_poblacional köy nucleo_rural núcleo_rural poblacion_rural población_rural poblados pueblerina pueblerino aldeas kampung
bn:00042759n	mano manus palma pata zarpa mano_derecha mano_izquierda manos
bn:00042761n	caligrafía escritura letra escrito escritura_manuscrita mano
bn:00042780n	lupa cristal_de_aumento lente_de_aumento 🔍 🔎 lupa_mano simple_microscopio
bn:00042808n	pistola arma_de_fuego_corta arma_de_mano revólver arma_de_fuego_de_mano arma_corta pistolas arma_corta_de_fuego armas_cortas armas_cortas_de_fuego armas_de_fuego_cortas pistola_semiautomatica el_lado_del_brazo tiro_de_hierro
bn:00042810n	handicap ventaja discapacidad
bn:00042819n	manillar manubrio guía manillar_cuelgamonos
bn:00042823n	tratamiento trato manejo
bn:00042833n	mano_de_obra personal hombres trabajadores fuerza_de_trabajo fuerza_laboral población_activa lfpr tasa_de_participación_en_la_fuerza_de_trabajo la_fuerza_de_trabajo recursos_humanos
bn:00042872n	ansia deseo ganas anhelo
bn:00042904n	suceso happening acontecimiento hecho acontecimientos aparición evento_natural ocurrente
bn:00042905n	felicidad alegría :) bienestar 😃 😄 goce feliz
bn:00042918n	puerto refugio_marítimo puerto_natural puerto_marítimo puertos
bn:00042951n	adversidad infortunio trago trineo_áspero
bn:00042955n	esclava esclavo luchador trabajador
bn:00042973n	hardtack galleta_náutica galleta_marinera galleta_nautica galletas_marinas hard_tack bizcocho_de_mar bizcocho_marinero galleta_de_mar galletas_marineras ship_biscuit galleta barco_galleta piloto_galleta piloto_pan tachuela_dura
bn:00042994n	harén serrallo harem serail haren harenes serallo
bn:00043011n	daño lesión trauma traumatismo contusión herida mal
bn:00043023n	armonía harmonía
bn:00043043n	arpa harpa arpas arpista
bn:00043087n	universidad_de_harvard harvard harvard_university universidad_harvard la_universidad_de_harvard
bn:00043114n	apresuramiento apresuración prisa sopetón
bn:00043129n	escotilla incubación
bn:00043140n	odio odiar rencor
bn:00043153n	anca cuadril
bn:00043172n	alboroto caos disturbio estrago vandalismo estragos
bn:00043178n	hawaiano idioma_hawaiano lengua_hawaiana idioma_hawaiiano
bn:00043183n	archipiélago_de_hawái archipiélago_hawai islas_sandwich archipielago_de_hawai archipielago_de_hawái archipiélago_de_hawai archipiélago_de_hawaii islas_de_hawai islas_de_hawái islas_hawai islas_hawaianas islas_hawaii islas_hawái islas_sándwich archipielago_de_hawaii hawai hawaiian_islands
bn:00043190n	nariz_ganchuda halcón_nariz
bn:00043193n	vendedor_ambulante buhonero vendedor_puerta_a_puerta ambulante vendedores_ambulantes buhonera colportor vendedor_callejero vendedor_itinerante vendedora_ambulante vendedora_callejera vendedora_itinerante vendedora_puerta_a_puerta ambulantes comercio_ambulante comercio_informal mercado_ambulante
bn:00043206n	heno zacate forraje haystacks
bn:00043209n	polinosis fiebre_del_heno polenosis fiebre_de_heno
bn:00043214n	prado henar pradera vega dehesa prados
bn:00043217n	heno heno_tiempo
bn:00043234n	calima calina bruma bruma_seca neblina
bn:00043252n	cabeza
bn:00043254n	
bn:00043256n	núcleo_sintáctico nucleo_sintactico nucleo_sintáctico núcleo_sintactico cabeza
bn:00043267n	cuestión tema aspecto asunto encabezado materia titular tópico
bn:00043292n	cabellera cabello cabeza_de_pelo
bn:00043299n	ventaja head_start
bn:00043319n	faro iluminación_de_corto_alcance luz_alta luz_baja luz_corta luz_larga faros xenón_hid_faro
bn:00043325n	director director_de_escuela maestro_de_escuela
bn:00043356n	terapeuta curador sanador curandero terapista
bn:00043358n	salud salud_humana sanidad ben_ser salud_física saludable determinante_de_la_salud determinantes_de_la_salud salubre salubridad sano vida_saludable bienestar peligro_para_la_salud
bn:00043372n	audiencia vista audiencia_en_la_corte audiencia_pública audiencias_públicas
bn:00043377n	escuchar_examinador oficial_de_audiencia oficial_de_la_audiencia
bn:00043378n	rumor rumores voz chisme chismorreo cotilleo fábula hablada habladuría hablilla testimonio_de_oídas testimonio_de_oidas díceres
bn:00043383n	corazón corazón_humano cámara_cardíaca corazon cavidad_cardíaca cavidad_del_corazón corazon_humano cámara_del_corazón cardiaco cardiacos cardíaco cardíacos musculo_cardiaco corazón_derecho cámara_corazón
bn:00043384n	corazón agallas coraje entereza nervio temple valentía valor ánimo brío
bn:00043385n	espíritu ánimo
bn:00043415n	calor energía_térmica energía_calorífica calor_y_temperatura energia_en_transito energia_en_tránsito energía_en_transito energía_en_tránsito flujo_calorico flujo_calórico propagacion_del_calor propagación_del_calor cantidad_de_calor caluroso
bn:00043417n	calor ardor
bn:00043431n	calor_de_condensación calor_latente_de_vaporización entalpía_de_vaporización
bn:00043484n	semana semanal septenario semanas septenarios hebdómada
bn:00043492n	judío pueblo_judío judíos hebreo judía israelita hebrea judio pueblo_judio hebreos semita semitas ascendencia_judia ascendencia_judía judaico judeo judios nacion_israelita nación_israelita ¿quien_es_judio ¿quien_es_judío ¿quién_es_judio ¿quién_es_judío
bn:00043507n	seto seto_vivo valla hedgerow setos
bn:00043544n	altura alzada
bn:00043546n	alturas
bn:00043603n	infierno infierno_en_la_tierra los_pozos
bn:00043638n	desamparo impotencia impuissance
bn:00043647n	dobladillo bastilla orla
bn:00043802n	manada
bn:00043812n	herencia_genética herencia herencia_genetica herencia_biológica
bn:00043821n	acervo herencia patrimonio
bn:00043822n	legado clase_base herencia subclase superclase
bn:00043850n	héroe
bn:00043851n	héroe protagonista
bn:00043965n	hexámetro hexámetros hexametro hexametros exametro hexametro_dactilico hexametro_dactílico hexámetro_dactilico hexámetro_dactílico
bn:00043978n	alta_fidelidad hi-fi hi-fi_stereo hi_fi hifi
bn:00044002n	piel pellejo
bn:00044018n	jerarquía organización_jerárquica estructura_jerárquica estructura_de_poder orden_jerárquico
bn:00044028n	bachillerato preparatoria secundaria instituto liceo escuela_secundaria escuela_secundaria_superior escuela_superior escuelas_secundarias escuelas_secundarias_superiores highschool segundo_ciclo
bn:00044054n	barra_fija barra_horizontal listón_muy_alto
bn:00044075n	mediodía mediodia 12.00 12:00 12:00_horas 12_00 12_00_horas las_doce_del_mediodía mediodía_solar solo_ante_el_peligro
bn:00044082n	alta_mar aguas_internacionales altamar internacional vía_fluvial_internacional
bn:00044114n	bandolero salteador_de_caminos bandido ladrón_de_carretera atracador_de_caminos salteador bandido_de_caminos ladron_de_caminos ladrón_de_caminos highwayman
bn:00044127n	carretera_troncal camino_real autopista carretera vía_rápida carretera_nacional highroad
bn:00044128n	carretera autopista autovía highway carretera_principal carreteras pública vía_pública
bn:00044137n	senderismo caminata excursión paseo hiking caminata_ecológica ultra_nordic_walking bushwalker caminatas excursionismo excursionistas
bn:00044141n	colina cerro loma collado otero montaña monte puig alcor altozano cabezo monticulo montículo mota tesa teso tozal lomada
bn:00044145n	old_time_music old_timey hillbilly_music música_antigua música_de_antaño música_hillbilly
bn:00044148n	ladera falda
bn:00044151n	hilio hilus
bn:00044169n	pata_trasera
bn:00044196n	asomo indicio sombra traza
bn:00044198n	pelvis cintura_pélvica pelvis_humana cadera region_pelviana región_pelviana region_pelvica región_pélvica cintura_pelvica pélvico arco_pélvico
bn:00044258n	historiador historiógrafo historiadora historiógrafa historeador historeadora historiografo
bn:00044267n	historia
bn:00044268n	historia histórico definicion_de_historia ensayo_historico ensayo_histórico evento_historico geografia_e_historia geografía_e_historia grado_en_historia historia_y_geografia historia_y_geografía historica historicas historico histórica históricas realidad_historica realidad_histórica históricamente narrativa_histórica
bn:00044269n	historia
bn:00044270n	historia
bn:00044274n	hit golpe jit
bn:00044349n	azada azadón sacho azadon azaon jada zoleta azadilla
bn:00044386n	lenguas_hokanas
bn:00044390n	
bn:00044394n	agarradera colgador soporte
bn:00044396n	retención holding
bn:00044407n	agujero hoyo cavidad hueco orificio
bn:00044409n	agujero
bn:00044415n	vacaciones vacación vacacion
bn:00044416n	día_festivo feriado día_feriado día_de_fiesta vacaciones festividad fiesta dia_feriado dia_festivo dia_de_jubilo dia_inhabil dia_inhábil dias_festivos día_cívico día_inhabil día_inhábil días_festivos feriados festivos jornada_festiva fiesta_secular
bn:00044417n	resort complejo_turístico holiday_resort complejo_turistico estacion_turistica estacion_turística estación_turistica resorts
bn:00044419n	turista veraneante turístico
bn:00044423n	países_bajos holanda reino_de_los_países_bajos netherlands países países_bajos_europeos los_países_bajos los_paises_bajos paises_bajos ned nl nld holandesa holandeses nederlandia neerland neerlanda neerlandia país_bajos nederland
bn:00044427n	hueco depresión hondonada
bn:00044436n	hollywood cine_de_los_estados_unidos cine_de_estados_unidos cine_en_estados_unidos cine_estadounidense industria_cinematográfica_de_estados_unidos industria_cinematográfica_estadounidense películas_norteamericanas
bn:00044441n	sherlock_holmes holmes
bn:00044445n	holocausto
bn:00044463n	pistolera funda fundas
bn:00044488n	casa hogar país
bn:00044489n	base_meta home home_plate placa plato
bn:00044520n	home_run cuadrangular jonrón home-run jonron homer jonrones
bn:00044531n	regreso vuelta regreso_a_casa
bn:00044559n	cuclillas homesteader ocupantes_ilegales
bn:00044576n	homo ser_humano hombre humano humanidad homo_sapiens_sapiens humana gente homo_sapiens huma_anatomicament_modern humà_anatòmicament_modern mens persona personas raza_humana seres_humanos especies_humanas genero_humano género_homo especie_humana
bn:00044586n	homogeneizado
bn:00044587n	homogeneidad
bn:00044653n	honor honra
bn:00044702n	jade brunswick_verde feldgrau hooker_verde kelly_verde rifle_verde verde_oscuro
bn:00044710n	vandalismo gamberrismo gamberrada gamberro vandalidad vandalidades vandalismo_callejero vandalismo_civil vandalismo_puro vandalismos vandalizar daños_maliciosos
bn:00044712n	aro
bn:00044720n	indiana estado_de_indiana estado_de_hoosier in hoosier_estado
bn:00044736n	esperanza
bn:00044737n	esperanza
bn:00044763n	horizonte campo ámbito competencia
bn:00044774n	cuerno
bn:00044775n	cuerno cornada cornamenta cuerno_de_animal cuernos
bn:00044778n	cuerno
bn:00044815n	horror pavor horror_y_terror
bn:00044817n	revulsión horror repugnancia repulsión
bn:00044836n	carrera_de_caballos
bn:00044896n	hospital enfermería hospitales clínica casa_de_salud nosocomio sanatorio atencion_especializada centro_hospitalario centro_médico hospitalización nosocomios hospital_general_de_distrito
bn:00044906n	sala crujía pavellón sala_de_hospital
bn:00044910n	anfitrión hospedador
bn:00044911n	hospedador huésped host hospedero huesped anfitrión hospedante célula_huésped organismo_huésped planta_huésped
bn:00044913n	sede
bn:00044919n	hostelero hotelero hotelman administrador_de_hotel hostelera administración_hotelera director_de_hotel director_del_hotel
bn:00044967n	hotel albergue industria_hotelera hoteles habitación hotel_de_paso hoteleria hotelero hotelería cadena_hotelera hotel_de_negocios hotel_económico
bn:00044981n	hound_dog perro_de_caza sabueso perro
bn:00044982n	hora hora_del_día tiempo_de_día
bn:00044991n	hora horas
bn:00044992n	horas
bn:00044994n	casa arquitectura_doméstica casas
bn:00044999n	papás_y_mamás
bn:00045002n	teatro sala_de_teatro sala_teatral edificio_de_teatro espacio_teatral ambigú teatros
bn:00045015n	cámara_de_representantes united_states_house_of_representatives cámara_de_representantes_de_los_estados_unidos camara_de_representantes_de_estados_unidos camara_de_representantes_de_los_estados_unidos cámara_de_representantes_de_estados_unidos camara_de_representantes_estadounidense cámara_de_representantes_estadounidense camara_de_los_representantes_de_estados_unidos camara_de_representantante_de_los_estados_unidos camara_de_representantes_de_eeuu camara_de_representantes_de_los_ee.uu. cámara_de_los_representantes_de_estados_unidos cámara_de_representantante_de_los_estados_unidos cámara_de_representantes_de_ee._uu cámara_de_representantes_de_ee.uu. cámara_de_representantes_de_eeuu cámara_de_representantes_de_los_ee.uu. u.s._house congresista_de_los_ee.uu congresista_ee.uu cámara_de_ee.uu cámara_de_ee.uu. cámara_de_estados_unidos_representantes cámara_de_los_representantes cámara_de_representantes_ee.uu cámara_de_representantes_los_estados_unidos cámara_de_representantes_u.s cámara_de_representantes_u_s ee.uu._cámara_de_representantes estados_unidos_cámara_de_representantes representante_de_ee.uu representante_estados_unidos representantes_de_estados_unidos
bn:00045016n	casa_de_tudor tudor dinastía_tudor casa_tudor dinastia_tudor la_casa_de_los_tudor casa_de_los_tudor casa_de_tudur jefe_actual_extinta
bn:00045019n	boletín_informativo house_organ órgano_de_prensa revista_oficial casa_de_órganos órgano_oficial
bn:00045039n	quehaceres_domésticos tareas_domésticas tareaje_doméstico tareaje_domestico labores_de_la_casa labores_del_hogar labores_domésticas sus_labores tarea_doméstica tareas_del_hogar trabajo_doméstico limpieza tareas_de_la_casa
bn:00045052n	vivienda alojamiento casa viviendas hospedaje alojamiento_que_viven
bn:00045064n	choza cabaña casucha cuchitril cambuche casuca chabola chamizo covacha cumucho quilombo tugurio zahúrda barraca caseta chozo conejera
bn:00045073n	mortero obús obus lanzabombas cañón-obús howitzer mortero_de_trinchera obuses zanja_mortero
bn:00045074n	ululato ululeo aullido ululación zagruda zagruta clamoroso ulular
bn:00045106n	marido esposo hombre cónyuge hombre_casado
bn:00045108n	hibris hybris arrogancia hubris desmesura soberbia
bn:00045117n	
bn:00045122n	río_hudson hudson rio_hudson hudson_river
bn:00045161n	relación relación_interpersonal vínculo interpersonal relaciones_interpersonales relacion_humana relacion_interpersonal relación_humana compañía interacción_humana las_relaciones_humanas relaciones_humanas relación_a_largo_plazo relación_de_largo_plazo
bn:00045170n	humanista
bn:00045172n	humanidad
bn:00045173n	humanidad
bn:00045179n	humildad humilde
bn:00045183n	monotonía aburrido
bn:00045199n	humor agudeza humorada jocosidad sentido_del_humor divertido hilara hilaro imaginativo ingenio chiste graciosidad ocurrencia réplica
bn:00045200n	humor sentido_del_humor humorístico buen_humor humor_verbal humor_verde humorismo humoristas humoristico humorística
bn:00045201n	estado_de_ánimo humor temperamento piropiro estado_anímico ánimo estar animo estado_animico estado_de_animo
bn:00045206n	humorista
bn:00045216n	intuición corazonada presentimiento pálpito sospecha
bn:00045220n	centésimo céntimo centésima_parte centavo centésimas una_centésima uno_por_ciento
bn:00045229n	hambre
bn:00045230n	hambre ansia sed deseo ambición ansias carpanta gazuza gusa
bn:00045234n	anhelo añoranza acucia anhelación hambre pujo regosto sed suspiro
bn:00045245n	caza cacería montería caceria caza_deportiva cazata cinegetica cinegética actividad_cinegetica actividad_cinegética cacerías caza_ilegal cazar cinegetico cinegético coto_de_caza derecho_de_caza especie_cinegética caza_de_la_codorniz caza_excesiva cazadores
bn:00045273n	valla obstáculo
bn:00045278n	lanzador twirler picher pitcher pícher hurler lanzadores
bn:00045282n	huracán ciclón_tropical huracan ciclones_tropicales depresiones_tropicales depresión_tropical huracanes tifon tifón tormenta_tropical ciclon_tropical depresion_tropical supertifon supertifón temporal_tropical tifones baja_tropical núcleo_cálido tormentas_tropicales
bn:00045286n	dolor daño
bn:00045304n	campamento campamento_de_cabañas asentamiento_informal asentamientos_informales barriada barrios_de_chabolas campamento_de_ocupantes_ilegales chabolas hutment
bn:00045359n	hidruro h- hidruro_metalico hidruro_metálico hidruro_de_metal hidruros hidruros_metálicos
bn:00045379n	átomo_de_hidrógeno protio atomo_de_hidrogeno átomos_de_hidrógeno hidrógeno-1 hidrógeno_1 atomo_de_hidrógeno el_atomo_de_hidrogeno el_atomo_de_hidrógeno el_átomo_de_hidrogeno el_átomo_de_hidrógeno átomo_de_hidrogeno hidrógeno_atómico
bn:00045424n	hidroximetil
bn:00045458n	nupcias boda casamiento casorio esponsales hymeneals matrimonio himeneo fiesta_de_bodas bodas casarse nupcial primeras_nupcias boda_civil ceremonia_compromiso ceremonia_de_la_boda nupciales
bn:00045476n	hiperemia
bn:00045549n	hipertrofia hipertrofiado hipertrófico hipertrófica
bn:00045573n	jeringa_hipodérmica hipodérmica hipodérmico
bn:00045612n	glándula_pituitaria hipófisis pituitaria hipófosis glandula_pituitaria glándula_hipófisis hipofisis hormonas_hipofisarias glandula_hipofisis glándula_pituitaria_roja hypophysis hipofisaria
bn:00045629n	hipotálamo hipotalamo hormonas_hipotalamicas hormonas_hipotalámicas hypothalamus
bn:00045632n	hipótesis posibilidad teoría hipotesis hipótesis_científica hipotesis_cientifica hipotesis_de_trabajo hipótesis_de_trabajo supuesto teorías teórica
bn:00045677n	cociente_intelectual cociente_de_inteligencia coeficiente_de_inteligencia coeficiente_intelectual iq ci test_de_ci test_de_coeficiente_intelectual i.q. pruebas_de_inteligencia tests_de_inteligencia
bn:00045703n	misil_balístico_intercontinental misiles_balísticos_intercontinentales misil_balistico_intercontinental icbm misil_intercontinental misiles_balisticos_intercontinentales misil_nuclear misiles_nucleares
bn:00045705n	hielo agua_congelada agua_cristalina cosecha_de_hielo
bn:00045722n	helado nieve helado_frío sorbete helados crema_helada icecream
bn:00045744n	refrigerador frigorífico nevera heladera refrigeradora frío frigorifico fabrica_hielo refrigerador_con_freezer fábrica_hielo refrigeradores
bn:00045749n	islandia iceland república_de_islandia gardarsholmi garðarshólmi islandesa republica_de_islandia ísland
bn:00045772n	imagen ilustración retrato foto fotografía dibujo figura imágenes imagenes
bn:00045792n	ictus ataque_epiléptico ataque crisis rapto raptus convulsión_epiléptica convulsión ataques_epilépticos convulsiones
bn:00045800n	idea pensamiento ideas
bn:00045802n	idea
bn:00045804n	ideal ideal_ético
bn:00045805n	gas_ideal gas_perfecto gases_ideales
bn:00045820n	número_de_identificación número
bn:00045834n	ideología orientación_política ideólogo creencias_políticas ideario ideologia ideologia_dominante ideologica ideologicamente ideologico ideologicos ideologizacion ideologización ideologo ideologos ideológica ideológicamente ideológicas ideológico ideológicos ideólogos filosofía_política filósofo_político filósofo_social ideologías la_teoría_política pensamiento_político teoría_política
bn:00045840n	lenguaje habla modismo
bn:00045852n	ociosidad de_marcha_en_vacío holgazaneando
bn:00045892n	ignorancia ignorante ignorar ignorada ignorado
bn:00045895n	igor_stravinsky stravinsky ígor_stravinsky fyodorovich_stravinsky ígor_stravinski igor_stravinski estravinski estravinsky igor_fiodorovich_stravinski igor_fiódorovich_stravinski igor_stravisnki stravinky stravinski ígor_fiodorovich_stravinski ígor_fiódorovich_stravinski igor_fyodorovich_stravinsky
bn:00045911n	illinois estado_de_illinois tierra_de_lincoln estado_de_la_pradera il illinois,_estados_unidos la_tierra_de_lincoln prairie_state
bn:00045914n	ile-de-france isla_de_francia ile_de_france región_de_parís ile_de-france paris-ile-de-france paris-île-de-france paris_ile-de-france paris_ile_de-france paris_ile_de_france paris_île-de-france paris_île_de-france paris_île_de_france región_de_isla_de_francia región_parisina île-de-france île_de-france île_de_france īle-de-france īle_de-france īle_de_france
bn:00045936n	inferencia deducción ilación conclusion conclusión inferir inferencia_lógica inferencias
bn:00045952n	enfermedad afección mal patología dolencia malestar
bn:00045956n	luz iluminación
bn:00045960n	ilusión semblanza ilusion ilusiones
bn:00045962n	ilustración ejemplificación graficación representación ejemplo estampa instrucción
bn:00045964n	ilustrador ilustradora ilustradores ilustrador_técnico
bn:00045970n	imagen_mental imagen imágenes_mentales
bn:00045971n	persona imagen personaje
bn:00045975n	imagen_ortocón ortocón vidicón
bn:00045976n	imaginación imagen imagen_mental representación representación_mental magín imaginacion imaginaciones imaginada imaginado imaginar imaginativa imaginativas imaginativo imaginativos imágenes_mentales imágenes
bn:00045979n	imaginación visión imaginativa
bn:00045980n	
bn:00045998n	falsificación
bn:00046009n	inmediatez inmediación
bn:00046033n	inmortalidad
bn:00046038n	bienes_raíces bien_raíz bienes_inmuebles bien_inmueble inmueble inmobiliaria bien_raiz bienes_raices finca_raiz finca_raíz industria_inmobiliaria inmobiliario inmuebles derecho_inmobiliario inamovible industria_de_bienes_raíces sector_inmobiliario
bn:00046045n	inmunidad unsusceptibility
bn:00046064n	impacto fuerza_impacto
bn:00046065n	impacto consecuencia efecto
bn:00046094n	insistencia imperiosidad presión
bn:00046106n	imperialismo imperialista imperialistas consecuencias_del_imperialismo imperialismo_internacional imperio_colonial imperios_coloniales metrópolis_coloniales potencia_colonial potencias_coloniales imperialismo_occidental
bn:00046127n	herramienta implemento instrumento implementar
bn:00046128n	implicación significación significado connotación importancia
bn:00046139n	significado significación sentido significado_lingüístico
bn:00046143n	importancia
bn:00046148n	imposición inflicción
bn:00046154n	impotencia
bn:00046157n	pobreza empobrecimiento inopia miseria pauperismo desabrigo pobretería bajos_ingresos pobres empobrecedor empobrecer pobre pobreza_severa indigentes pobreza_global pobreza_relativa pobreza_urbana pobreza_voluntaria tasa_de_pobreza voto_de_pobreza
bn:00046166n	saturación solución_saturada
bn:00046169n	imagen imagen_mental impresión
bn:00046170n	sello
bn:00046185n	impromptu
bn:00046188n	impropiedad improperness
bn:00046197n	impulso capricho
bn:00046200n	impulso momentum impulso_mecánico impulsos
bn:00046205n	impureza impureness
bn:00046209n	pulgada pulgadas inch in pulgada_inglesa
bn:00046217n	incapacidad
bn:00046220n	inexactitud exactitud_y_precisión
bn:00046224n	inactividad inercia
bn:00046252n	reflejo acción_refleja acto_reflejo reacción_fisiológica reflejo_incondicionado reflejo_innato reflejo_instintivo respuesta_refleja reflejos refleja
bn:00046272n	incentivo aliciente estímulo incentivo_económico incentivos motivador
bn:00046280n	incidencia incidencia_relativa índice
bn:00046282n	incidente
bn:00046296n	acicate incitación provocación
bn:00046303n	cuesta falda inclinación pendiente subida
bn:00046315n	ingreso ingresos renta rédito fuente_de_ingreso fuente_de_ingresos fuentes_de_ingresos ingreso_medio
bn:00046317n	impuesto_sobre_la_renta impuesto_sobre_la_renta_de_las_personas_físicas irpf impuesto_a_la_renta impuesto_a_las_ganancias impuesto_de_la_renta impuestos_sobre_la_renta isr gravar_los_ingresos impuesto_sobre_la_renta_en_los_estados_unidos
bn:00046318n	declaración_de_impuestos declaración_fiscal declaración_tributaria renta declaración
bn:00046355n	aumento crecimiento incremento
bn:00046357n	acrecentamiento aumento crecimiento incremento multiplicación step-up
bn:00046406n	independencia emancipación_política emancipacion_politica emancipacion_política emancipación_politica nación_independiente
bn:00046456n	python_molurus pitón_de_la_india pitón_india indio_pitón_roca
bn:00046467n	veranillo veranillo_de_san_martín veranillo_de_san_martin veranillo_de_san_miguel veroño verano_de_san_martín
bn:00046482n	acusación denuncia imputación condenación inculpación formulación_de_cargos imputacion acusacion acusado imputación_judicial
bn:00046485n	apatía indiferencia
bn:00046491n	indignación indignacion
bn:00046516n	persona individuo mortal alguien humano ser alguno alma ser_humano individuos persona_individuo personaje_real sujeto concepto_de_persona individual individualidad indivisible personas
bn:00046517n	individuo
bn:00046520n	individualismo individualidad personalidad individuación
bn:00046522n	laissez_faire individualismo
bn:00046523n	individualista
bn:00046545n	iniciación establecimiento instalación iniciacion rito_de_iniciacion rito_de_iniciación ritual_de_iniciacion ritual_de_iniciación ceremonia_de_iniciación iniciados profanos
bn:00046566n	industrialización industrializacion industrializada industrializado produccion_masiva producción_masiva industrializar industrialismo empresa_industrial era_industrial industrializados
bn:00046567n	parque_industrial polígono_industrial zona_industrial poligono_industrial polígonos_industriales cinturon_industrial cinturón_industrial parques_industriales poligonos_industriales industrial
bn:00046568n	planta planta_física factoría fábrica plantas_industriales planta_industrial obras
bn:00046575n	industria
bn:00046576n	industria industrial industrias actividades_industriales sector_industrial sectores_industriales sistema_industrial desarrollo_industrial
bn:00046605n	inexperiencia impericia
bn:00046606n	inocente inexperto ingenuo persona_sin_experiencia
bn:00046624n	infección enfermedad_infecciosa contagio anti-infecciosos enfermedades_contagiosas enfermedades_infecciosas enfermedades_transmisibles infecciones infección_de_la_herida infección_secundaria infectar
bn:00046650n	inferioridad bajo_nivel inferior_rango
bn:00046659n	infidelidad infidelidad_amorosa infidelidad_conyugal infidelidad_matrimonial
bn:00046665n	espacio ambiente espacio_físico espacio_fisico conjunto_infinito infinito
bn:00046677n	ostentación pomposidad ampulosidad aparatosidad rimbombancia splashiness
bn:00046682n	flexión inflexión accidente flexion desinencia flexion_gramatical flexión_gramatical marcación inflexion marcacion morfología_flexiva palabra_invariable inflexiones
bn:00046683n	prosodia
bn:00046693n	influencia influjo
bn:00046694n	influencia
bn:00046695n	influencia factor
bn:00046696n	influencia
bn:00046698n	info información
bn:00046702n	informante fuente fuente_periodística informador fuentes_periodísticas fuente_periodistica fuentes_periodisticas soplón verificador fuente_noticias informante_de_la_policía informantes
bn:00046703n	informante testigo witnesser
bn:00046705n	información informacion informativa
bn:00046721n	delito_menor infracción contravención delito falta violación ofensa mala_conducta delincuente_de_poca_monta delitos_menores litigios_sobre_patentes
bn:00046723n	radiación_infrarroja infrarrojos infrarrojo rayos_infrarrojos luz_infrarroja radiacion_infrarroja camara_de_infrarrojos cámara_de_infrarrojos espectro_infrarrojo infrarroja infrarrojas ir rayo_infrarrojo ultrarroja ultrarrojo emisión_infrarroja infrarrojo_cercano infrarrojo_medio infrarrojo_térmico
bn:00046750n	componente ingrediente
bn:00046786n	inyección
bn:00046816n	paciente paciente_interno hospitalización
bn:00046819n	casco_antiguo barrio_urbano área_urbana_degradada centro_de_la_ciudad ciudades_del_interior
bn:00046833n	invención invento innovación invencion invenciones inventada inventar inventos
bn:00046836n	insinuación indirecta insinuacíon reticencia vareta insinuacion insinuacion_sexual insinuación_sexual insinuar insinuaciones insinuaciones_sexuales
bn:00046839n	inoculación vacunación vacunacion inoculado inocular vacunados vacunas
bn:00046844n	fosfato ortofosfato fosfatos fosfato_inorgánico monofosfato éster_fosfórico grupo_fosfato
bn:00046849n	estímulo estimulante input sugestión estimulación estimulo estímulos estimulos estimulo_aversivo estimulo_incondicionado estímulo_apetitivo estímulo_aversivo estímulo_condicionado estímulo_incondicionado estímulo_sensorial
bn:00046855n	interrogatorio preguntas preguntar
bn:00046867n	inscripción letras caligrafía caligrafía_de_asia_oriental calígrafo escritura
bn:00046870n	insecto insectos insecta anatomia_y_fisiologia_externa_de_los_insectos anatomia_y_fisiología_externa_de_los_insectos anatomía_y_fisiología_externa_de_los_insectos anatomia_externa_de_los_insectos anatomía_externa_de_los_insectos
bn:00046891n	interior
bn:00046904n	perspicacia penetración visión
bn:00046909n	insignificancia intrascendencia levedad
bn:00046910n	insistencia insistiendo
bn:00046922n	inspector inspector_de_policía inspectora
bn:00046932n	inestabilidad
bn:00046934n	instalación
bn:00046936n	letra plazo
bn:00046938n	compra_a_plazos pago_financiado plan_de_pago tiempo_al_plan
bn:00046942n	instante momento minuto instantánea
bn:00046949n	instilación instillment instilment
bn:00046956n	enseñanza pedagogía docencia educación instrucción
bn:00046958n	maestro instructor maestra profesor profesora educador monitor educadora instructora docente enseñante maestra_de_escuela profesores_de_preescolar
bn:00046961n	instrumento
bn:00046975n	músico instrumentista músicos música interprete_musical intérprete_musical musico musicos artista_de_la_música artista_musical artistas carrera_musical instrumentalista instrumentistas
bn:00046991n	insulina ins
bn:00046996n	seguro aseguramiento contrato_de_seguro compañía_de_seguros seguros aseguracion aseguración asegurar certificado_de_seguro poliza_de_seguro poliza_de_seguros póliza_de_seguro póliza_de_seguros reclamo_de_seguros certificado_del_seguro cooperativa_de_seguros entidad_aseguradora ley_de_ordenación_y_supervisión_de_los_seguros_privados aseguradoras compañías_de_seguros industria_de_seguros propiedad_y_accidentes
bn:00046998n	declaración_de_siniestro demanda_de_seguro reclamación_de_seguro
bn:00047003n	rebelión levantamiento revuelta insurrección alzamiento sublevación insurgencia solevamiento sublevamiento malestar_social rebeliones sublevacion rebelar rebelion insurrección_popular levantamiento_popular rebelde rebeldes
bn:00047009n	número_entero entero numero_entero entero_positivo enteros numeros_enteros numeros_entero números_entero números_enteros ℤ entero_no_negativo enteros_positivos número_entero_no_negativo número_natural números_naturales
bn:00047014n	integración integral
bn:00047016n	unidad integridad totalidad
bn:00047020n	entendimiento intelecto
bn:00047022n	intelectual
bn:00047028n	noticia noticias nuevas palabra
bn:00047033n	test_de_inteligencia prueba_de_ci prueba_de_inteligencia iq_test
bn:00047042n	intensidad fuerza nivel_de_intensidad
bn:00047043n	intensidad
bn:00047046n	intención significado
bn:00047052n	interacción interactuación
bn:00047062n	cruce enlace_viario cruce_de_caminos encrucijada nudo_de_carreteras distribuidor_vial autopista_de_intercambio intercambio intercambio_semi-direccional_t intercambio_t_direccional intercambio_trompeta intercambio_vial rampa_de_salida salida_a_la_izquierda salida_de_la_izquierda
bn:00047067n	interconexión
bn:00047077n	interés interes interés_mediático
bn:00047078n	interés beneficio bien provecho
bn:00047079n	interés interestingness
bn:00047080n	interés intereses interes interes_bancario interes_nominal interés_bancario redito rédito t.a.e. t_a.e. t_a_e. tasa_de_interes_bancaria tasa_de_interés_bancaria tipo_de_interes tipo_de_interes_bancario tipos_de_interes tipos_de_interés interés_nominal réditos t_a_e tipo_de_interés_bancario
bn:00047081n	interés participación
bn:00047082n	grupo_de_interés grupo_de_defensa grupo_de_presión grupos_de_defensa grupos_de_interés grupos_de_presión intereses_especiales los_grupos_de_interés
bn:00047100n	interiorismo diseño_de_interiores decoración decoración_de_interiores decoración_del_hogar diseñadores_de_interiores
bn:00047106n	ministro_de_interior secretario_del_interior
bn:00047118n	intruso entrometido entremetido intrusa
bn:00047119n	interludio
bn:00047140n	representación_mental representación imagen_mental representación_cognitiva representacion_cognitiva representacion_mental representación_interna
bn:00047141n	ingreso_interno ingresos_internos impuestos_internos
bn:00047156n	derecho_internacional derecho_internacional_público convenio_internacional derecho_internacional_publico legislacion_internacional leyes_internacionales derecho_público_internacional legislación_internacional ley_internacional derecho_de_gentes convención_internacional ley_de_las_naciones
bn:00047159n	milla estatuto_millas internacional_millas milla_terrestre millas_terrestres stat_millas tierras_millas
bn:00047191n	espacio_interplanetario espacio
bn:00047197n	interpretación versión
bn:00047203n	portavoz intérprete representante voz vocera vocero oficial_de_prensa portavoces
bn:00047207n	interrelación correlación
bn:00047208n	pregunta cuestión interrogativo interrogación interrogante oración_interrogativa averiguación consulta interrogatorio int. interrogativa_frase preguntas
bn:00047215n	intersección punto_de_intersección intersección_línea-línea intersección_de_dos_rectas intersección_entre_dos_rectas intersección_recta-recta intersección_entre_dos_líneas
bn:00047230n	intervalo intervalo_abierto intervalo_cerrado intervalo_semiabierto
bn:00047235n	tratamiento cura terapia
bn:00047238n	entrevista entrevista_de_television entrevista_de_televisión entrevista_periodistica entrevista_periodística programa_de_entrevistas entrevistas
bn:00047254n	entonación entonacion definición_de_la_afinación tono_contorno
bn:00047289n	introducción introduccion
bn:00047290n	introducción
bn:00047294n	introyección introyecto
bn:00047325n	invasión ocupación accion_militar invasion_militar invasión_militar invasiones invasion invasores
bn:00047331n	inventario existencia
bn:00047340n	inversión_térmica inversión inversión_de_temperatura inversión_meteorológica inversion_termica inversion_térmica inversión_termica
bn:00047355n	investigación indagación sondeo
bn:00047356n	investigador investigadora investigación_trabajador
bn:00047358n	inversión inversión_financiera inversion invertir inversiones inversión_económica inversion_financiera inversionista inversiones_de_capital inversionistas_extranjeros inversión_de_capital inversión_inmobiliaria
bn:00047360n	fondo_de_inversión fondos_invertidos inversión fondo_comun_de_inversion fondo_común_de_inversión fondo_de_inversion fondo_comun_de_inversión fondo_común_de_inversion fondo_mutuo_de_inversion_mobiliaria fondo_mutuo_de_inversión_mobiliaria fondos_de_inversion fondos_mutuos fondos_de_inversión inversión_colectiva logró_esquema_de_inversión los_fondos_de_inversión vehículo_de_inversión
bn:00047367n	inversor inversionista inversora inversores
bn:00047395n	yoduro ioduro
bn:00047408n	ion ión aniones_y_cationes iones aniones cationes catiónicos dianión iónico
bn:00047426n	pizca smidge smidgin adarme smidgeon ápice chispa punto_vocálico tilde
bn:00047493n	hierro
bn:00047500n	jaula_de_hierro
bn:00047549n	irregularidad unregularity
bn:00047554n	irreproductibilidad
bn:00047562n	riego irrigación hello sistema_de_irrigación agricultura_de_regadío regadío regar cultivo_de_regadio cultivo_de_regadío impacto_ambiental_potencial_de_proyectos_de_riego_y_drenaje irrigacion micro-irrigación regadio sistema_de_riego sistemas_de_riego tierras_de_regadío
bn:00047580n	isaac_newton sir_isaac_newton newton newtoniana newtoniano
bn:00047586n	isopleta isogram isolínea isarithm
bn:00047644n	aislamiento incomunicación
bn:00047651n	isómero isomería compuesto_isómero isómeros isomera isomeria isomeria_de_funcion isomeria_estructural isomeria_funcional isomero isomero_optico isomeros isomería_de_función isomería_estructural isomería_funcional isomérico isómera isómero_óptico isomérica
bn:00047683n	israelí israelíes pueblo_israelí israeli israelies nacionalidad_israelí
bn:00047688n	asunto
bn:00047690n	asunto cuestión materia tema
bn:00047691n	rendimiento ingresos rédito productividad recaudación
bn:00047693n	publicación
bn:00047705n	italia italy república_italiana italiana it ita 🇮🇹 estado_italiano republica_de_italia republica_italiana república_de_italia
bn:00047730n	punto ítem entrada
bn:00047731n	
bn:00047741n	camino ruta itinerario recorrido
bn:00047754n	marfil eburneo eburno ebúrneo
bn:00047756n	negro_marfil marfil_negro
bn:00047785n	empuje codazo empujón golpe hurgonada empujando hurgando jabbing
bn:00047795n	obrero obrera operaria operario mano_de_obra peón obrero_de_construcción trabajador trabajadora obrero_de_construccion peón_albañil trabajador_manual trabajadores
bn:00047824n	
bn:00047875n	jade nicoya jade_nefrita
bn:00047902n	jam_session jam_sessions concierto_de_jazz_improvisado
bn:00047908n	jamaicana jamaicano jamaiquino jamaiquinos jamaicanos jamaiquinas pueblo_jamaiquino jamaica
bn:00047960n	enero jan 01 1 1.°_me en en. ene ene. mes_1. mes_de_jano mes_del_dios_de_las_puertas mes_del_dios_jano mes_primero primer_mes
bn:00047974n	conserje bedel barrendero casero barrendera portero
bn:00047982n	jap
bn:00047985n	japón nihon japan estado_de_japón país_del_sol_naciente estado_de_japon el_japón estado_del_japón gobierno_de_japon isla_del_japon isla_del_japón japonesas nipon nippon nipón pais_del_sol_naciente tierra_del_sol_naciente 日本
bn:00047998n	prunus_serrulata cerezo_japonés oriental_cereza
bn:00048051n	mandíbula mandíbulas quijada mandibula
bn:00048068n	festival_de_jazz
bn:00048075n	jean-jacques_rousseau rousseau j._j._rousseau j_j._rousseau j_j_rousseau jean_jacques_rousseau jean_jaques_rousseau juan-jacobo_rousseau juan_jacobo_rousseau rousseau,_jean_jacques rousseau_jean_jacques rousseauniano
bn:00048079n	jean_racine jean_baptiste_racine racine
bn:00048161n	jesuita
bn:00048165n	jet avión_de_reacción avión_a_reacción reactor aeronave_a_reacción aeronave_jet avion_a_reaccion avion_de_reaccion avion_jet avión_jet aeronave_de_reacción jet_aircraft avion_a_reacción avion_de_reacción aviones_a_reaccion aviones_a_reacción aviones_de_reaccion aviones_de_reacción propulsión_a_chorro_plano
bn:00048237n	curro trabajo
bn:00048238n	
bn:00048239n	cargo deber tarea trabajo
bn:00048242n	problema dificultad problem lío
bn:00048321n	john_locke locke j._locke j_locke lockeano
bn:00048380n	resolución_común resolución_conjunta
bn:00048450n	apunte
bn:00048461n	periodista reportero periodistas licenciado_en_comunicación_social reportera_de_noticias reportero_ejecutivo cobertura_mediática periodista_de_la_televisión periodista_de_televisión
bn:00048463n	viaje jornada travesía singladura trayecto viajata viajar
bn:00048468n	alegría gozo júbilo regocijo ilusión joya felicidad dicha alegria
bn:00048493n	juicio opinión parecer
bn:00048496n	sentencia sentencia_judicial juicio fallo fallo_judicial condena decisión_judicial opinión_judicial
bn:00048511n	writ disposición mandato orden requisitoria auto decreto_judicial recurso requerimiento_judicial writs auto_judicial autos escritura
bn:00048548n	julio jul de_julio
bn:00048586n	cruce confluencia juntura
bn:00048587n	coyuntura motivo
bn:00048592n	junio jun jun.
bn:00048593n	21_de_junio solsticio_de_verano fiestas_juninas midsommar_en_suecia festa_junina fiesta_junina solsiticio_estival festas_juninas midsommar pleno_verano
bn:00048613n	joven
bn:00048619n	escuela_secundaria secundaria
bn:00048646n	júpiter sol_v bṛhaspati joviana jupiter planeta_jupiter planeta_júpiter ♃
bn:00048652n	jurisdicción división_jurisdiccional funcion_judicial jurisdiccion jurisdiccional jurisdicciones jurisdicción_criminal potestad_jurisdiccional division_jurisdiccional función_judicial jurisdiccion_civil jurisdiccion_criminal jurisdicción_civil tutela_jurisdiccional poder_legal
bn:00048653n	jurisdicción jurisdiccion jurisdiccional jurisdicciones jurisdicción_legal
bn:00048654n	jurisprudencia derecho ciencia_del_derecho ciencias_del_derecho ciencia_juridica ciencia_jurídica teoria_general_del_derecho teoría_general_del_derecho estudios_jurídicos filosofía_del_derecho filósofo_legal jurídicos la_filosofía_del_derecho
bn:00048655n	ley derecho jurisprudencia ciencias_juridicas ciencias_jurídicas juridica juridico jurídica jurídico lenguaje_legal batalla_legal legal legislativa teoría_legal
bn:00048658n	jurado juicio_con_jurado jury juicio_con_jurados juicio_por_jurado jurado_escabinado jurado_judicial jurado_popular jurados
bn:00048668n	justicia justedad justeza equidad injusticias
bn:00048670n	juez_de_paz justicia_de_paz juzgado_de_paz juzgados_de_paz tribunal_de_paz comisión_de_la_paz jueces_de_paz
bn:00048673n	justificación
bn:00048692n	kelvin grado_kelvin grados_kelvin k kelvins megakelvin
bn:00048698n	energía_cinética energia_cinetica energia_cinética energía_cinetica k.e.
bn:00048779n	kansas_city kansas_city_missouri kansas_city_mo calsas_city kansas_city,_missouri kansas_city,_misuri kansas_city,_mo área_metropolitana_de_kansas_city
bn:00048885n	conformidad
bn:00048967n	kerigma kerygma
bn:00048985n	llave clave llaves
bn:00049005n	teclado
bn:00049015n	orador_principal
bn:00049019n	pensilvania pennsylvania pa estado_piedra_angular estado_de_pensilvania mancomunidad_de_pensilvania estado_cuáquero estado_keystone commonwealth_of_pennsylvania estado_de_pennsylvania pensilvana pensilvanas pensilvano pensilvanos pensylvania
bn:00049073n	kickoff saque_inicial saque_de_centro patada_de_inicio saque
bn:00049083n	riñón renal riñones arriñonado rinon rinones rinón riñon
bn:00049099n	muerte asesinato homicidio matanza dar_muerte matando
bn:00049107n	muerte_violenta matanza
bn:00049129n	jardín_de_infancia parvulario guardería jardín_de_niños jardín_infantil kindergarten kínder escuela_infantil inicial jardín_de_infantes preescolar jardín_de_la_infancia
bn:00049141n	rey monarca monarca_masculino rex
bn:00049156n	león panthera_leo leon rey_de_la_selva león_africano felis_leo leon_africano leona phantera_leo leo leones
bn:00049181n	suecia reino_de_suecia sverige konungariket_sverige
bn:00049248n	cocina cocina_abierta cocinas muebles_de_cocina
bn:00049256n	mesa_de_cocina
bn:00049287n	kleenex pañuelo_de_papel clínex
bn:00049311n	sentadilla flexión_de_rodilla sentadillas
bn:00049322n	cuchillo faca cuchillos
bn:00049323n	cuchillo
bn:00049328n	puñalada cuchillada navajazo apuñalamiento acuchillamiento cuchillazo tajo estocada cuchillo_empuje
bn:00049331n	caballero_andante andante_caballeria andante_caballería caballeria_andante caballeria_errante caballero_errante caballería_andante caballería_errante ideal_caballeresco
bn:00049356n	golpeo golpeteo llamada golpe martilleo golpes
bn:00049381n	nudillo articulación_metacarpofalángica nudillos artejo articulación_metacarpofalangeana metacarpofalángica
bn:00049544n	luisiana louisiana estado_de_louisiana la_luisiana estado_de_luisiana estado_18 la pelican
bn:00049551n	laboratorio centro_de_investigación técnica_de_laboratorio técnicas_de_laboratorio normas_de_laboratorio laboratorio_de_quimica laboratorio_de_química laboratorio_químico laboratorio_de_ciencias institución_de_investigación institutos_de_investigación laboratorio_de_investigación laboratorio_investigación laboratorios técnica_laboratorio
bn:00049558n	sello_discográfico discografica sello_discografico compañías_discográficas grandes_sellos_discográficos sellos_discográficos subsello
bn:00049560n	etiqueta pegatina rótulo etiqueta_adhesiva pegata sello_de_calidad label sticker label_de_calidad etiquetas
bn:00049570n	clase_obrera proletariado clase_trabajadora trabajadores trabajo campesinos clases_trabajadoras clase_pobre clases_pobres cuarto_estado proletaria proletarias proletario clase_baja trabajadores_de_col_bleu trabajadores_de_cuello_azul working_class proletarios
bn:00049571n	trabajo faena labor mercado_de_trabajo economía_del_trabajo mercado_laboral mercados_laborales trabajar
bn:00049573n	tarea proyecto empresa emprendimiento incumbencia problema proyectos
bn:00049594n	laberinto laberintos laberíntica
bn:00049652n	escalera escalera_de_mano escala escalera_portable escalera_portatil escalera_portátil escaleras
bn:00049666n	ama dama señora
bn:00049696n	laguna albufera estero laguna_costera lagunas lagoon lagunas_costeras lagune
bn:00049804n	lámpara candil luminaria
bn:00049836n	finca terreno tierra
bn:00049845n	reforma_agraria ley_de_reforma_agraria reformas_agrarias
bn:00049847n	emplazamiento sitio tierras_sitio
bn:00049862n	descansillo descanso rellano
bn:00049863n	atracadero descansillo desembarco muelle rellano lugar_de_aterrizar
bn:00049877n	propietario arrendador casero patrona propietaria terrateniente hacendado ama casera dueña dueño patrón dueño_de_propiedad patron hacendados hacendando hacendero propiedad_de_la_tierra terratenientes victualler_licencia
bn:00049886n	paisaje paisaje_geográfico paisajes paisaje_geografico convencion_de_florencia convención_de_florencia convenio_europeo_del_paisaje elc european_landscape_convention paisaje_en_el_arte paisajes_culturales paisajes_geográficos paisajistica paisajistico paisajística paisajístico
bn:00049887n	paisaje pintura_paisajística
bn:00049892n	paisajismo jardinería jardinería_y_paisajismo paisajista paisajemiento paisaje_jardinería
bn:00049910n	lengua lenguaje idioma comunicación_lingüística idiomas lenguaje_humano lenguas lenguaje_tactil lenguajes diversidad_lingüística
bn:00049911n	habla lengua_hablada lenguaje_oral comunicación_oral comunicación_verbal lenguaje lenguaje_verbal lenguaje_hablado la_comunicación_oral comunicacion_oral hablar la_comunicacion_oral lenguaje_articulado comunicación_de_voz discurso_de_la_comunicación lenguaje_humano
bn:00049912n	letra lírica texto palabras
bn:00049944n	farol linterna linterna_de_papel linternas
bn:00049957n	laos republica_democratica_popular_lao república_democrática_popular_lao laosino republica_de_laos republica_democratica_popular_de_lao republica_democratica_popular_de_laos republica_democrática_popular_de_lao republica_democrática_popular_de_laos republica_democrática_popular_lao república_de_laos república_democratica_popular_de_lao república_democratica_popular_de_laos república_democratica_popular_lao república_democrática_popular_de_lao república_democrática_popular_de_laos democrática_popular_lao,_república
bn:00049960n	regazo
bn:00050048n	larva larvas larvario etapa_larval larval
bn:00050064n	las_vegas las_vegas_nevada las_vegas_nv ciudad_de_las_vegas vegas las_vegas,_nevada las_vegas,_nv vegas,_nevada
bn:00050095n	segunda_mitad segunda_parte última_mitad
bn:00050110n	dorsal_ancho músculo_dorsal_ancho lat musculo_dorsal_ancho musculus_latissimus_dorsi
bn:00050153n	bálago espuma jabonadura espuma_de_jabón
bn:00050198n	risa risas reír
bn:00050210n	lanzacohetes lanzamisiles lanzador_de_misiles
bn:00050216n	colada lavables lavandera lavandería lavandería_china
bn:00050240n	lavado colada jabonadura lavar lavation
bn:00050249n	ley
bn:00050250n	ley ley_natural derecho_natural derecho ius_naturale iusnaturalismo iusnaturalista jusnaturalismo derechos_naturales la_ley_natural leyes_naturales
bn:00050252n	derecho ejercicio_de_la_abogacía práctica_de_la_ley práctica_no_autorizada_de_la_ley servicios_legales
bn:00050255n	aplicación_de_la_ley aplicacion_de_la_ley cumplimiento_de_la_ley
bn:00050276n	agente_de_la_ley agente_del_orden_público agente_del_orden_publico oficial_de_la_ley oficial_de_las_fuerzas_del_orden oficial_del_orden_publico oficial_del_orden_público oficial_de_paz ley_oficial representante_de_la_ley
bn:00050278n	escuela_de_derecho facultad_de_derecho escuela_jurídica escuelas_de_derecho
bn:00050284n	césped cesped grama pasto prado pradera zacate pasto_natural
bn:00050313n	laico lego laica secular seglar profano laicos
bn:00050317n	escala alto escala_intermedia parada paraje
bn:00050327n	libra lb lb. lbs. libra_avoirdupois pound ℔ libra_romana libras libra_torre
bn:00050340n	delantera liderazgo ventaja
bn:00050341n	pista rastro
bn:00050342n	
bn:00050371n	líder autoridad dirigente cabeza jefe
bn:00050372n	liderazgo dirección jefatura mando líderes
bn:00050373n	liderazgo liderato capacidad_de_dirección capacidad_de_mando habilidades_de_liderazgo lider lideres lideresa líder líderes cabecilla
bn:00050430n	delgadez flacura flaqueza magrez magrura peso
bn:00050443n	contrato_de_arrendamiento leasing
bn:00050452n	cuero marroquinería piel coriáceo cueros marroquineria zapatos_de_cuero artículos_de_cuero
bn:00050486n	conferencia charla lectura lectura_pública conferencia_pública
bn:00050521n	izquierda
bn:00050523n	mano_izquierda izquierda mano_siniestra izquierdo
bn:00050524n	jardín_izquierdo
bn:00050529n	zurda zurdo
bn:00050536n	ventrículo_izquierdo ventriculus_sinister ventriculo_izquierdo
bn:00050541n	pierna piernas pata miembro_inferior miembro_inferior_humano extremidad_inferior_humana extremidad_inferior extremidades_inferiores membrum_inferius miembros_inferiores
bn:00050542n	pata extremidad_inferior extremidad_posterior miembro_inferior miembro_inferior_humano miembro_pelviano miembros_inferiores pelviano pierna
bn:00050561n	fiduciario curador fideicomisario fiduciaria educación_de_niños_desprovistos_de_cuidado_parental administrador_del_fideicomiso curadora custodio tutor_legal tutela tutor_ad_litem
bn:00050563n	procedimiento proceso_judicial acción_judicial diligencia procedimiento_judicial resolución_judicial tràmite trámite procedimientos_legales proceso proceso_jurisdiccional procedimiento_legale proceso_legal causa_judicial enjuiciamiento litis procesos_judiciales proceder procedimiento_legal
bn:00050587n	legislación ley_estatutaria estatuto_de_la_ley
bn:00050588n	ley estatuto estatut legal norma_juridica norma_jurídica ilegalmente leyes mandato_legal marco_jurídico acto_legislativo
bn:00050605n	botella_de_leyden jarra_de_leyden botella_de_leiden frasco_de_leiden frasco_de_leyden jarra_de_leiden leyden_jar tarro_de_leiden
bn:00050614n	ocio
bn:00050622n	lema
bn:00050627n	citrón limón
bn:00050641n	pastel_de_merengue_de_limón pastel_de_limón_con_merengue lemon_pie tarta_de_limón pastel_de_limón_merengado lemonpie pastel_de_limon lemon_meringue_pie pay_de_limon pay_de_limón pie_de_limon pie_de_limón pastel_de_limón tarta_de_lima pastel_de_merengue_limón
bn:00050660n	préstamo prestación prestar préstamos
bn:00050661n	entidad_de_crédito instituto_de_crédito institución_de_crédito
bn:00050662n	longitud largo extensión largura longitud_dimensional longitudes
bn:00050666n	alargamiento perpetuación prolongación
bn:00050673n	lente lense sistema_de_lentes lente_óptica lente_esférica lente_optica lente_optico lente_óptico lente_menisco sistema_de_la_lente
bn:00050775n	lesión lesiones lesion lesionador lesionar lesivo
bn:00050793n	lección clase leccion lecciones
bn:00050794n	lección moral moraleja moralidad moralina
bn:00050795n	lección
bn:00050802n	carta misiva letra carta_formal correspondencia
bn:00050816n	papelería papel_de_carta duodécimo tabloide tamaño_de_papel
bn:00050823n	letterman
bn:00050825n	letras
bn:00050860n	nivel
bn:00050861n	nivel nivel_de_burbuja arquipéndola nivel_de_albañil nivel_de_albañilería nivel_de_burbujas nivel_burbuja nivel_de_aire
bn:00050906n	léxico vocabulario lexicon lexicón lexico lexicales léxico_mental
bn:00050907n	lexicoestadística lexicoestadistica léxico léxico-
bn:00050912n	batalla_de_leyte leyte leyte_invasión leyte_island
bn:00050913n	baja_frecuencia bf low_frequency onda_larga lf nueva_línea
bn:00050935n	liberal progresista
bn:00050940n	liberalismo liberal espiritu_liberal espíritu_liberal ideologia_liberal ideología_liberal liberalismo_político politica_liberal política_liberal sociedad_liberal liberales pequeño-l_liberal
bn:00050979n	libreto guion_teatral libretos guión_teatral libretista libretto
bn:00050986n	licencia permiso acuerdo_de_licencia acuerdo_licencia licencias
bn:00050989n	matrícula número_de_licencia
bn:00051016n	mentira embuste falsedad infundio bola historia patraña película trola mentira_blanca mentira_de_emergencia mentirijilla mentirilla filfa mentir mentiras
bn:00051032n	bazo
bn:00051035n	lugar posición puesto sitio
bn:00051038n	teniente teniente_de_policía teniente_de_la_policía
bn:00051045n	vida
bn:00051046n	vida existencia
bn:00051047n	vida existencia
bn:00051048n	vida toda_la_vida duración tiempo_de_vida
bn:00051049n	vida existencia
bn:00051050n	vida existencia
bn:00051052n	vida lozanía vivacidad viveza sprightliness
bn:00051057n	estilo_de_vida forma_de_vida modus_vivendi estilos_de_vida life_style lifestile modos_de_vida way_of_life modo_de_vida el_estilo_de_vida estilo_vida
bn:00051064n	ciclo_vital ciclo_de_vida
bn:00051094n	halterófilo levantador_de_pesos levantamiento_de_pesas_olímpico weightlifter
bn:00051097n	ligamento ligamentos ligamenta ligamentoso
bn:00051108n	luz luz_visible radiación_visible fuente_luminosa energia_luminosa energia_radiante energía_luminosa energía_radiante radiacion_luminosa radiación_luminosa haz_de_luz naturaleza_de_la_luz radiacion_luminica radiacion_lumínica radiación_luminica radiación_lumínica fuente_de_luz onda_de_luz ondas_de_luz reflexión_de_la_luz
bn:00051109n	fuente_de_luz luz fuente_lumínica
bn:00051110n	luz
bn:00051113n	
bn:00051115n	iluminación luz
bn:00051138n	opereta operetas operetta opérette luz_ópera
bn:00051158n	ingravidez ligereza liviandad
bn:00051161n	rayo relámpago rayos
bn:00051217n	miembro extremidad
bn:00051237n	limen
bn:00051247n	terminus_ad_quem límite punto_final umbral terminal_de_punto
bn:00051251n	cortapisa limitación restricción
bn:00051252n	limitación restricción
bn:00051256n	edición_limitada edición_especial edición_de_lujo
bn:00051289n	línea
bn:00051290n	cola fila hilera línea
bn:00051291n	recta línea linea_recta línea_recta ecuaciones_de_una_recta ecuación_de_la_recta rayo semirrecta puntos_colineales
bn:00051292n	línea frase renglón verso
bn:00051293n	línea
bn:00051295n	línea trazo
bn:00051296n	tubería tubería_de_distribución conducto oleoducto
bn:00051297n	línea línea_ferroviaria ferrolínea línea_férrea vía vía_del_tren ferrocarriles servicio_ferroviario transporte_ferroviario
bn:00051298n	línea_telefónica circuito_telefónico línea línea_de_teléfono linea_telefonica linea_telefónica línea_telefonica línea_de_abonado
bn:00051308n	linebacker
bn:00051312n	línea_de_transmisión
bn:00051346n	álgebra_lineal teoría_de_matrices_y_álgebra_lineal algebra_lineal teoria_de_matrices_y_algebra_lineal teoria_de_matrices_y_álgebra_lineal teoría_de_matrices_y_algebra_lineal
bn:00051350n	operador_lineal aplicación_lineal transformación_lineal isomorfismo_lineal mapa_lineal mapas_lineales operadores_lineales transformaciones_lineales
bn:00051385n	lingüista científico_lingüista científico_lingüístico
bn:00051400n	nexo
bn:00051401n	linkup tie-in enlace nexo nudo vínculo
bn:00051423n	gasa
bn:00051440n	labio labios labia_oris labial
bn:00051471n	líquido
bn:00051472n	líquido estado_líquido liquido liquidez fase_líquida líquidos estado_liquido fluidez fluido_incompresible liquida liquidos semiliquida semilíquida líquida
bn:00051473n	líquido
bn:00051488n	asesino asesina homicida matador matadora victimaria victimario
bn:00051508n	lista repertorio
bn:00051520n	literatura encendido
bn:00051533n	plagiador plagiario plagiariser pirata literario_pirata
bn:00051535n	estudios_literarios los_estudios_literarios
bn:00051538n	literatura artes_literarias literaria literarias literario literato literatura_artistica literatura_artística literaturas obra_literaria prosa_de_ficción
bn:00051569n	camada ventregada
bn:00051575n	poco
bn:00051594n	rhode_island estado_de_rhode_island el_estado_del_océano ri estado_de_rhode_island_y_plantaciones_de_providence isla_de_rode rhode_isla state_of_rhode_island_and_providence_plantations ocean_state poco_rhody
bn:00051621n	hígado higado hepar hepatico hepático higadilla higadillo hepática
bn:00051640n	arreglo_de_vivienda
bn:00051644n	vivienda cuarteles cuartos
bn:00051672n	carga cargamento
bn:00051688n	hogaza barra_de_pan pan barra somun
bn:00051693n	préstamo empréstito crédito empréstito_de_obligaciones emprestito emprestito_de_obligaciones préstamo_financiero prestamistas préstamos
bn:00051700n	financiación_de_la_participación participación_préstamo préstamo_participativo
bn:00051716n	lóbulo lobulo lóbulo_anatómico lóbulos
bn:00051729n	lobscouse lobscuse scouse de_liverpool
bn:00051739n	regulares_británicos casacas_rojas casaca_roja lobsterback redcoat
bn:00051742n	lobularidad
bn:00051743n	lóbulo lobulillo
bn:00051745n	
bn:00051750n	gobierno_local administracion_municipal administración_municipal gobierno_municipal autonomía_local autoridad_local autoridades_locales autoridades_municipales gobierno_de_la_ciudad gobierno_del_condado gobierno_metropolitano gobiernos_locales política_local
bn:00051758n	vecindad vecindario barrio cercanía fraccionamiento inmediaciones lugar cuello_de_los_bosques localidad
bn:00051760n	lugar ubicación localización_geográfica ambiente escena escenario hábitat suburbio territorio vecindad área posición localizacion_geografica punto_geográfico lugares ubicación_geográfica
bn:00051783n	vestuario probador changeroom vestuarios
bn:00051795n	celda
bn:00051829n	tronco leño registro tronco_caído
bn:00051834n	log_cabin cabaña_de_troncos cabin cabañas_de_madera
bn:00051857n	positivismo empirismo_lógico ciencias_útiles positivismo_lógico neopositivismo positivista empirismo_racional filosofía_positivista neopositivistas_logicos positivistas_lógicos ciencias_utiles neopositivistas_lógicos ciencia_positiva ciencias_positivas concepción_heredada empirismo_logico filosofia_positivista filosofía_positiva positivismo_logico positivistas_logicos positivismo_sociológico positivistas
bn:00051877n	logos hijo lógos hijos
bn:00051906n	soledad aislamiento
bn:00051925n	hueso_largo os_longum canilla huesos_largos
bn:00051931n	long_island isla_long
bn:00051968n	mirada vistazo ojeada looking mirando
bn:00051969n	aspecto mirada
bn:00051972n	espectador espectadora telespectador televidente testigo looker
bn:00051973n	espectador balconeador contemplador curioso expectador
bn:00051979n	búsqueda tabla_de_consulta
bn:00052030n	lorelei loreley
bn:00052048n	mala_racha derrotas_consecutivas
bn:00052049n	pérdida losings pérdidas
bn:00052050n	pérdida
bn:00052051n	pérdida
bn:00052054n	pérdida déficit en_rojo números_rojos pérdidas tinta_roja
bn:00052061n	parcela solar loteo lote parcelable parcelacion parcelar parcelario
bn:00052068n	loción locion lociones
bn:00052076n	altavoz altoparlante bafle baffle parlante altavoces bafles buffle cajas_acústicas electrostatico leslie_speaker parlantes pmpo altavoz_de_la_unidad sistema_de_altavoces
bn:00052104n	louisianian luisiana
bn:00052121n	amor amar amores amor_filial psicologia_del_amor psicología_del_amor técnicas_amatorias_orientales interés_romántico
bn:00052122n	amor devoción pasión
bn:00052143n	amante enamorada enamorado persona_enamorada
bn:00052159n	nadir
bn:00052218n	lealtad deslealtad
bn:00052219n	lealtad
bn:00052293n	madera madera_para_la_construccion madera_aserrada madera_para_la_construcción
bn:00052329n	loco lunático maníaco demente locatis insano maniaco orate lunatico locos lunáticos
bn:00052341n	pulmón pulmones pulmon pulmonar lóbulo_pulmonar
bn:00052374n	lustre
bn:00052476n	letrista autor_de_canciones letra letra_de_canción letras_de_canciones letristas lírico
bn:00052501n	metro m metros m. metro_lineal metrof
bn:00052502n	molaridad concentración_molar m
bn:00052511n	mamá ma madre mama mami
bn:00052512n	miliamperio miliamperios
bn:00052556n	máquina
bn:00052565n	ametralladora ametralladoras artillero
bn:00052571n	maquinaria máquina machinery máquinas maquina
bn:00052628n	tinción
bn:00052664n	maestro experto maestra profesional
bn:00052671n	revista magazine magacín mag magacin revistas revista_de_moda
bn:00052674n	revista
bn:00052677n	artículo_de_revista
bn:00052688n	magia taumaturgia taumaturgo ilusionismo mágica mágico mágicos taumatúrgicas hacedor_de_milagros hacedora_de_milagros taumaturga taumaturgas taumaturgos artes_mágicas magia_sexual magico magicos maho poderes_taumatúrgicos taumaturgica taumatúrgica taumatúrgico wonderworking
bn:00052712n	imán magnete iman imanes caramida desimanacion desimanación imán_permanente polaridad_magnética imanes_permanentes imán_de_herradura imán_herradura materiales_magnéticos
bn:00052713n	magnetismo atracción_magnética energía_magnética magnetica magnética fuerza_magnética
bn:00052757n	magnitud valor_numerico valor_numérico
bn:00052777n	mahjong mah-jong mah_jong mahjongg mahong mah-jongg
bn:00052815n	correo correo_postal servicio_postal servicios_postales sistema_postal correo_ordinario correos correos_y_postas servicio_de_correos entrega_de_correo franqueo servicio_de_correo
bn:00052867n	mantenimiento
bn:00052875n	mayor comandante
bn:00052881n	eje_mayor distancia_orbital
bn:00052888n	planeta planetas cuerpo_planetario planemo planeta_mayor
bn:00052910n	fabricante
bn:00052911n	fabricante manufactura casa firma fabricación_de_negocios
bn:00052915n	calificación cualificación
bn:00052941n	malestar malestar_general
bn:00052967n	macho flor_perfecta monoicas polígamo-dioicas polígamo-dioico trioecious
bn:00052968n	macho masculino hombre varón genero_masculino género_masculino sexo_masculino masculina varonil persona_de_sexo_masculino
bn:00053018n	plasticidad maleabilidad deformación_plástica deformacion_plastica calculo_plastico cálculo_plástico
bn:00053077n	pezón niple pap teta tetilla tetina pezones papilla_mammaria pezon mammilla
bn:00053096n	militar serviceman personal_militar hombre
bn:00053097n	hombre persona
bn:00053107n	matrimonio cónyugues casarse marido_y_mujer matrimonial matrimonios pareja_casada pares_casados
bn:00053111n	hombre_de_letras literato intelectual intelectual_público intelectuales
bn:00053112n	rico hombre_acaudalado hombre_rico
bn:00053116n	administración gestión dirección patronal gerencia estudios_de_gestión gestión_empresarial jefe_de_departamento
bn:00053120n	personal_de_dirección personal_de_administración
bn:00053131n	manchester mánchester manchester,_new_hampshire manchester_new_hampshire mánchester,_nuevo_hampshire
bn:00053172n	táctica maniobra tactica tactico táctico
bn:00053192n	manhattan condado_de_new_york condado_de_nueva_york isla_de_manhattan manhattan,_new_york_city manhattan,_nueva_york manhattan_new_york_city manhattan_nueva_york new_york_county esquisto_de_manhattan
bn:00053200n	virilidad
bn:00053205n	maniacodepresivo maníaco-depresiva
bn:00053214n	manifestación
bn:00053218n	colector_de_escape colector
bn:00053226n	operador operadora manipulador operario
bn:00053238n	manera maneras talante manera_personal
bn:00053239n	
bn:00053241n	andar andares manera_de_caminar
bn:00053242n	modales maneras
bn:00053245n	manómetro medición_de_la_presión presión_absoluta presión_manométrica tubo_bourdon
bn:00053279n	manual
bn:00053285n	fabricante industrial productor hip_hop_instrumental productor_de_hip_hop
bn:00053288n	manuscrito manuscritos manuscrita manuscrito_medieval
bn:00053303n	mapa mapas figura plano coropleta mapa_cuantitativo mapa_de_puntos mapa_isopletico mapa_isoplético mapa_físico mapa_político
bn:00053307n	madera_de_arce
bn:00053318n	marzo mar march mar.
bn:00053338n	mármol alioj caliza_marmorea caliza_marmórea marmol mármor mármol_blanco
bn:00053339n	bolita canica bola bola_de_cristal boliche mable maule metra balita bolitas metras polquita juegos_de_bolas pito bolincha bolindre canicas mármol
bn:00053353n	marcha
bn:00053438n	yokuts mariposan lenguas_yokuts pueblo_yokut
bn:00053444n	marcador marca señal
bn:00053447n	
bn:00053450n	signo marca muestra indicio
bn:00053458n	mercado mercado_mundial mercados mercado_de_bienes_y_servicios mercados_economicos mercados_económicos mercado_economico mercado_económico fuerzas_del_mercado mercado_global
bn:00053459n	mercado
bn:00053461n	mercado plaza_de_mercado comerciante_del_mercado mercado_público
bn:00053474n	precio_de_mercado valor_de_mercado cotización precio_corriente precio_mercado valor_comercial valor_mercado
bn:00053479n	vendedor vendedora traficante tipos_de_proveedores comercial comerciante tratante tipos_de_proveedeores comercializador ventas
bn:00053480n	merchandising marketing venta comercialización mercadeo mercadotecnia márketing técnicas_de_venta técnica_de_venta técnicas_de_mercado tecnicas_de_venta micro-mercadotecnia tecnicas_de_ventas técnicas_de_ventas campaña_de_marketing comercializado consultor_de_marketing de_venta vendedores venta_técnica
bn:00053510n	entoldado pabellón carpa_de_fiestas carpa tienda
bn:00053518n	matrimonio connubio enlace unión compromiso_matrimonial contrato_de_matrimonio contrayente enlace_matrimonial matrimonial matrimoniales matrimonio_religioso matrimonios relaciones_matrimoniales relación_matrimonial ⚭ relación_conyugal
bn:00053521n	tálamo cama_matrimonial lecho_nupcial tálamo_nupcial
bn:00053528n	propuesta_de_matrimonio petición_de_mano oferta_de_matrimonio ofrecimiento_de_matrimonio propuesta proposición_de_matrimonio propuesta_matrimonial pedida_de_mano pedir_la_mano matrimonio_oferta matrimonio_propuesta
bn:00053531n	esposa cónyuge mujer mujer_casada esposo marido señora esposas
bn:00053536n	marte planeta_rojo ♂ ♂︎ astronomía_desde_marte meteorito_shergotty planeta_marte
bn:00053552n	alguacil mariscal marshal marshall
bn:00053578n	marciano marciana marcianos
bn:00053589n	martini dry_martini martini_de_vodka martini_seco vodka_martini
bn:00053637n	máscara careta mascarilla baile_sin_rostro mascara antifaz carátula máscaras
bn:00053662n	masa masa_convencional
bn:00053663n	
bn:00053665n	masa
bn:00053706n	mástil mastil palo mástil_de_mesana palo_de_mesana palo_mayor
bn:00053721n	dormitorio_principal
bn:00053765n	felpudo alfombrilla colchoneta estera tapete_de_entrada limpiabarros
bn:00053801n	material cosas cosa materia materiales
bn:00053802n	material datos
bn:00053803n	material
bn:00053823n	matemáticas matemática mates matemático ciencias_exactas matematica matematicas ciencias_matematicas ciencias_matemáticas grado_en_matematicas grado_en_matemáticas licenciatura_en_ciencias_matematicas licenciatura_en_ciencias_matemáticas metamatematica matemáticamente
bn:00053827n	producto producto_matemático productorio multiplicatoria multiplicatorio pitatoria producto_infinito productoria ∏
bn:00053867n	materia sustancia sustancia_material la_materia materia_artística propiedades_fisicas propiedas_intensivas
bn:00053884n	maduración inmaduro maturement
bn:00053885n	madurez
bn:00053911n	mausoleo mausoleos
bn:00053933n	máximo límite
bn:00053941n	mayo
bn:00053952n	mayflower flor_de_mayo_camaguey_cuba flor_de_mayo_camaguey flor_de_mayo,_camaguey,_cuba flor_de_mayo_camaguey,_cuba
bn:00053971n	megaciclo megaciclo_por_segundo megahercio mhz mc megahercios
bn:00053993n	comida pitanza comidas
bn:00054001n	media valor_medio media_de_la_población media_poblacional significar
bn:00054009n	significado sentido
bn:00054012n	medio manera método medios
bn:00054018n	paso decisión medida medidas
bn:00054019n	medición mediciones medida medidas medicion dato_empirico dato_empírico dato_experimental error_absoluto error_relativo medición_indirecta medir nocion_de_medicion nocion_de_medición noción_de_medición
bn:00054033n	ahumadero sala_de_ahumado ahumador casa_de_humo
bn:00054060n	mecánica cinetico cinético mecanica beetle
bn:00054061n	mecanismo mecánica
bn:00054063n	mecanismo maquinaria máquina
bn:00054107n	atención_médica asistencia_médica
bn:00054121n	informe_médico
bn:00054122n	facultad_de_medicina escuela_de_medicina escuelas_de_medicina facultades_de_medicina facultad_medica facultad_médica escuela_de_medicia estudiantes_de_medicina
bn:00054125n	especialista médico_especialista título_de_especialista
bn:00054126n	medicina especialidad_médica ciencias_medicas alfaquin alfaquín biomedico biomédico ciencia_medica ciencia_médica ciencias_médicas consulta_medica consulta_médica grado_en_medicina medicar medicina_basada_en_la_ciencia medicina_cientifica medicina_científica medicina_convencional medicina_humana medicina_moderna medicinal medicinar medico_cirujano medicos médica_cirujana historia_de_la_medicina
bn:00054149n	medio medio_de_comunicación medios_de_comunicación media medio_de_comunicacion medios_de_comunicacion medios_masivos_de_comunicacion medios_masivos_de_comunicación mass_media mcm medio_de_difusion medio_de_difusión medios_de_comunicacion_de_masas medios_de_comunicacion_masivos medios_de_comunicación_de_masas medios_de_comunicación_masivos via_de_comunicacion los_medios_de_comunicacion medio_de_telecomunicación medios_de_comunicaciones medios_de_difusión medios_de_información medios_de_telecomunicaciones medios_de_telecomunicación
bn:00054151n	medio
bn:00054184n	competición_deportiva deportes_reunión satisfacer
bn:00054243n	meleagris_gallopavo guanajo pavo pisco chumpipe cocono cócono guajolote_gallipavo pavo_salvaje
bn:00054244n	melilotus meliloto trebol_de_olor trébol_de_olor brachylobus melilothus meliloti meliotus sertula trébol_dulce
bn:00054268n	fusión derretimiento fundición deshielo colicuación licuación licuefacción derretir fusion fundir descongelación fundido metal_fundido puntos_de_fusión
bn:00054272n	crisol crisol_de_culturas crisol_de_razas melting_pot mosaico_de_razas mosaico_étnico
bn:00054276n	miembro
bn:00054281n	membresía adhesión
bn:00054282n	elemento
bn:00054291n	memorando memorándum memo memoria nota_recordatoria memorandum memorandos
bn:00054299n	memoria
bn:00054300n	memoria memoria_humana memorización recordando recuerdos
bn:00054301n	memoria retentiva
bn:00054307n	memphis menfis memphis,_tennessee memphis_tennessee
bn:00054311n	amenaza peligro
bn:00054316n	jardín_zoológico zoo zoológico parque_zoológico casa_de_fieras jardín_zoo jardin_zoologico jardin_zoológico zoológicos parque_zoologico zoologico zoologicos jardín_zoologico jardines_zoológicos
bn:00054319n	menarquia menarquía menarche menarca
bn:00054372n	psicoterapia higiene_mental
bn:00054380n	mentalidad actitud mentalidad_social
bn:00054390n	mención referencia
bn:00054414n	mercenario soldado_de_fortuna mercenarios mercenaria aventurero_militar
bn:00054416n	producto mercancía mercancías artículo género mercadería producto_final
bn:00054417n	comerciante mercader negociante comerciantes mercante
bn:00054453n	mérito virtud
bn:00054518n	rancho
bn:00054519n	comedor cantina comedor_militar lío_pasillo
bn:00054523n	mensaje recado mensajes mensaje_textual mensajería mensajeria comunicado
bn:00054550n	metal metales elemento_metálico metalico metalicos metálico metálicos iones_metálicos
bn:00054598n	meteoroide meteoro meteoros
bn:00054604n	condiciones_meteorológicas
bn:00054625n	método
bn:00054627n	método_de_elección
bn:00054679n	mexicano mejicana mejicano mexicana mexicanos charro pueblo_mexicano mejicanas pueblo_mejicano
bn:00054693n	méxico mexico estados_unidos_mexicanos méjico república_mexicana montañas_más_altas_de_méxico el_país_azteca nueva_españa estados_unidos_mejicanos mejico mx republica_mexicana república_mejicana mex mxn 🇲🇽 estados_unidos_de_mejico estados_unidos_de_mexico estados_unidos_de_méjico estados_unidos_de_méxico eum gobierno_federal_de_los_estados_unidos_mexicanos mejicana mejicano mexicana mexicano mèxico nacion_mexicana republica_de_mexico republica_de_méxico republica_federal_de_méxico república_de_mexico república_de_méxico república_federal_de_mexico república_federal_de_méxico sector_productivo_de_méxico
bn:00054701n	miligramo mg miligramos
bn:00054714n	micela micelas
bn:00054762n	micrometeoroide micrometeor micrometeorito micrometeoritos micrometeoro micrometoeritos
bn:00054781n	microscopio microscopios microscopica microscópica microscopico microscópico desarrollo_del_microscopio el_microscopio microscopio_y_sus_partes
bn:00054782n	portaobjetos portaobjeto tobogán montaje_húmedo portaobjetos_del_microscopio portaobjetos_microscopio
bn:00054789n	microsegundo microsegundos ms
bn:00054804n	microondas microonda radiación_de_microondas radiacion_de_microondas radiacion_microondas radiación_microondas tubo_de_microondas
bn:00054808n	radar radar_centimétrico radares el_radar radar_centimetrico rádar radiolocalización de_radar_de_microondas estación_radar radio_detection_and_ranging sistema_de_radar
bn:00054823n	mediados_de_junio a_mediados_de_junio
bn:00054838n	en_el_aire aire
bn:00054842n	centro medio
bn:00054884n	medianoche madrugada 00:00 00_00 0:00h_o_12:00am 0_00h_o_12_00am 24:00 24_00 media_noche
bn:00054888n	guardiamarina midshipman guardia_marina guardiamarinas seekadett
bn:00054897n	miércoles miercoles 4.°_dí cuarto_día día_de_mercurio mi mi. mie mie. mié. x cuarto_dia casarse
bn:00054902n	fuerza poder poderío potencia mightiness
bn:00054933n	hito mojón miliario cipo milepost milla
bn:00054944n	entorno medio entorno_social alrededores ambiente ambiente_social medio_ambiente_social medioambiente_social
bn:00054958n	ocupación ocupación_militar ocupación_extranjera ocupacion_militar ocupaciones_militares control_militar
bn:00054971n	misión misión_militar
bn:00054972n	oficial oficial_militar oficial_naval oficiales cuerpo_de_oficiales oficial_del_ejército oficiales_y_suboficiales
bn:00054973n	operación_militar operación maniobra operaciones_militares misión operacion_militar
bn:00054975n	soldadesca tropas efectivo milicia militares personal_militar soldados tropa
bn:00054992n	milicia milicias_populares reserva retén milicias milicia_popular milicias_no_organizadas milicianos miliciano milita reservas
bn:00054996n	leche leche_de_vaca leche_entera leche_deslactosada leche_vacuna me_cago_en_la_leche sólidos_de_leche
bn:00055019n	afeminado mariquita maricón alfeñique calzonazos mantecón muñeco timido,_retraido marica marico maricon maricones milquetoast
bn:00055031n	milenio 1000_años milenios
bn:00055052n	milímetro mm milimetro ㎜ milímetros 1_milímetro l/m litro_por_metro_cuadrado milimetros milimétrico
bn:00055084n	mimesis mímesis arte_imitativa artes_imitativas mimética mimético
bn:00055094n	minuto min minutos
bn:00055105n	mente mientes
bn:00055106n	
bn:00055114n	mina
bn:00055115n	mina
bn:00055124n	mineral minerales mineralia
bn:00055128n	aceite_mineral petróleo_mineral aceite_de_petróleo aceite_lubricante
bn:00055179n	ministerio
bn:00055261n	espejo espejos
bn:00055264n	imagen_especular imagen reflejo imagen_de_espejo imagen_en_el_espejo
bn:00055268n	misántropo misantropo
bn:00055272n	confusión malentendido equivocación error error_de_hecho
bn:00055278n	concepto_erróneo equivocación error malentendido
bn:00055283n	réprobo bellaco
bn:00055292n	desdicha desgracia infortunio miserableness miseria
bn:00055298n	duda escrúpulo recelo
bn:00055322n	misil misiles misiles_guiados misil_guiado misíl
bn:00055325n	misión trabajo_misionero misionero_cristiano misioneros_cristianos misiones_cristianas misión_cristiana
bn:00055345n	neblina niebla bruma calima calina nieblina
bn:00055383n	preparado premezcla
bn:00055400n	mezcla combinación_química mezclas combinacion_quimica admixtión mezcla_heterogenea mezcla_heterogénea mezclas_homogenea mezclas_homogénea
bn:00055408n	muchedumbre turba multitud asonada canalla chusma garulla garullada gentualla gentuza patulea populacho turbamulta
bn:00055446n	modelo
bn:00055447n	modelo maniquí modelo_de_artistas modelo_artístico modelo_artistico modelos_de_artistas
bn:00055448n	maqueta modelo representación simulación modelo_a_escala maquetismo_estatico maquetismo maquetismo_estático modelos_a_escala
bn:00055467n	moderno
bn:00055472n	griego_moderno griego idioma_griego_moderno griego_del_nuevo lengua_griega_moderna
bn:00055475n	modernización modernizacion modernizar teoría_de_la_modernización
bn:00055488n	atributo modificador complemento_atributivo prediación_nominal predicado_nominal calificador modificadores
bn:00055504n	modus_operandi rutina
bn:00055529n	humedad húmedo grado_de_humedad humedo humido húmido relente humedad_ambiental humedad_relativa humidad
bn:00055563n	masa_molecular peso_molecular masa_molecular_relativa peso-formula-gramo peso-fórmula-gramo peso_formula-gramo peso_formula_gramo peso_fórmula-gramo peso_fórmula_gramo
bn:00055564n	molécula molecula moléculas moleculas teoria_molecular teoría_molecular estructura_molecular molecular
bn:00055604n	cantidad_de_movimiento ímpetu momentum momento_lineal conservacion_del_momento conservacion_del_momento_de_inercia conservación_del_momento conservación_del_momento_de_inercia impetu_lineal ímpetu_lineal impetu momentum_lineal impulso
bn:00055605n	sobreprotección mimo_excesivo momism overshielding
bn:00055609n	lunes lun día_de_la_luna 2.°_dí l lu lu. lun. segundo_día segundo_dia
bn:00055629n	monasterio cenobio convento monastica monastico monástica monástico monasterios
bn:00055630n	monje monacato monjes monástica monástico
bn:00055644n	dinero divisa efectivo creacion_de_dinero creacion_monetaria creación_de_dinero creación_monetaria parne parné monetario
bn:00055645n	dinero
bn:00055669n	polinomio_mónico polinomio_normado polinomio_unitario
bn:00055682n	monitorización observación_médica monitor_de_signos_vitales monitor_fisiológico monitor_médico monitoreo
bn:00055685n	mono mico simio monos 🐒 🐵 luxo un_mono
bn:00055692n	monoyodotirosina mono-yodotirosina
bn:00055716n	monografía monografia monografias monografías
bn:00055725n	monólogo soliloquio
bn:00055768n	doctrina_monroe america_para_los_americanos américa_para_los_americanos
bn:00055772n	monzón monzones lluvia_monzonica lluvia_monzónica lluvias_monzonicas lluvias_monzónicas monsun monsón monsún periodo_de_los_monzones tormenta_monzónica monson monzon tormenta_monzonica monzónica monzón_del_suroeste monzón_noreste monzónico
bn:00055794n	mes mensual mes_lunar mes_natural mes_sideral mes_sinodico mes_sinódico meses
bn:00055809n	luna la_luna distancia_lunar distancia_a_la_luna
bn:00055811n	claro_de_luna luz_de_la_luna luz_de_luna lunada claro
bn:00055848n	virtud excelencia virtudes valor_moral virtudes_intelectuales virtudes_morales excelencia_moral virtuousness
bn:00055852n	moral
bn:00055859n	moralista
bn:00055928n	morfofonología morphophonemics morfofonologia morfofonológica morfofonémico
bn:00055942n	mortalidad
bn:00055944n	mortero argamasa argamaza
bn:00055948n	hipoteca
bn:00055973n	moisés moises moshé musa möses
bn:00056029n	movimiento actividad_locomotora locomoción_animal motilidad
bn:00056030n	movimiento mover
bn:00056033n	movimiento desplazamiento traslado jugada
bn:00056034n	cinéfilo aficionado_al_cine de_imágenes_en_movimiento_del_ventilador
bn:00056037n	motivación motivo necesidad motivacion desmotivación motivaciones motivador motivadora motivación_extrínseca motivación_intrínseca motivar
bn:00056041n	motor
bn:00056059n	camión camiones camioneta camion autocamión gandola tractomula camiones_de_carga camión_ligero camión_transporte vehículo_pesado vehículos_pesados
bn:00056067n	caballo_de_montar montura cabalgadura caballo_de_silla caballo_de_monta calallo_de_monta jinetes montar_a_caballo silla_de_montar_a_caballo
bn:00056119n	ratón mus rata ratón_o_rata raton ratones ratoncillo ratona
bn:00056135n	boca cavidad_oral rima_oris cavidad_bucal desembocadura abertura_bucal bucal cavitas_oris fisura_oral, perioral
bn:00056136n	boca nariz
bn:00056139n	
bn:00056155n	mudanza traslado reubicación
bn:00056157n	movimiento movimiento_musical
bn:00056161n	empleado_de_mudanzas empleados_de_mudanzas
bn:00056171n	ola onda ola_marina oleaje oleajes acción_de_las_olas moviendo_cresta ola_del_mar olas_de_viento onda_de_agua ondas_de_agua
bn:00056187n	mucho
bn:00056199n	membrana_mucosa mucosa mucosas membranas_mucosas
bn:00056277n	grabadora_multicanal
bn:00056284n	polinomio multinomial polinomios polinómico expresión_polinómica función_polinómica polinomio_multivariante
bn:00056302n	multiplicidad
bn:00056377n	músculo musculo muscular órgano_muscular masa_muscular musculatura musculite musculos musculoso músculos musculus
bn:00056402n	músculo_pectoral pectoral músculos_pectorales musculos_pectorales musculus_pectoral músculo_pectoral_mayor pectoral_mayor pectorales
bn:00056426n	museo museos edificio_de_museo museistica museistico museo_histórico museística museístico tipologia_de_museos tipología_de_museos museo_arqueológico museo_historia
bn:00056443n	música melómano artes_musicales estilo_libre jade,_chile jade jade_chile musica
bn:00056456n	banqueta banquillo música_taburete taburete_de_piano
bn:00056463n	nota nota_musical tono notas_musicales nota_de_musica nota_de_música
bn:00056468n	frase frase_musical fraseo fraseo_musical
bn:00056487n	mosquete mosquetes
bn:00056530n	mutante mutación espécimen_raro mutación_consonante mutantes
bn:00056538n	mudez silencio
bn:00056541n	motín amotinamiento sedición motines motin amotinada amotinadas amotinado amotinados
bn:00056550n	oposición_mutua
bn:00056593n	mielofibrosis mielofibrosis_con_metaplasia_mieloide osteomielofibrosis
bn:00056609n	miofibrilla miofibrillas myofibrilla sarcostyle
bn:00056632n	miríada
bn:00056659n	whodunit misterio novela_policíaca historia_de_misterio thriller novela_policial literatura_de_misterio ficcion_de_misterio ficción_de_misterio mystery_fiction whodunnit escritor_de_misterio ficción_misterio misterio_historia quién_lo_hizo
bn:00056668n	misterio
bn:00056669n	mito leyenda mitica mitico mítica mítico mitificacion mitificación
bn:00056674n	mitología mitografía mitógrafo mitólogo mitografia mitografo mitologia mitologías mitos mitografa mitógrafa mitologica mitologico mitologo mitológica mitológico mitología_de_fiji mitógrafos mítico
bn:00056727n	uña garra uñas
bn:00056728n	clavo uña punta clavar puntilla
bn:00056758n	nombre denominación nombre_propio nombrar nombres
bn:00056797n	nana niñera ama aya nodriza chichi norsa nurse pilmama tata enfermera enfermero
bn:00056857n	narración narrativa relato historia técnica_narrativa cuento punto_de_vista_narrativo técnica_literaria crónica modo_narrativo narracion técnicas_literarias modo_de_narracion modo_de_narración punto_de_vista_literario tecnica_literaria tecnica_narrativa tecnicas_literarias genero_narrativo narraciones narrativo texto_narrativo textos_narrativos técnicas_narrativas narración_en_tercera_persona narrado narrador_omnisciente narrativa_enfermedad narrativas perspectiva_en_tercera_persona
bn:00056915n	nacional ciudadano
bn:00056935n	estadista hombre_de_estado jefes_de_gobierno líder_nacional político solón
bn:00056940n	servicio_de_parques_nacionales national_park_service servicio_de_parques_naturales servicio_nacional_de_parques national_parks_service estados_unidos_servicio_de_parques_nacionales servicio_parques_nacionales_de_ee.uu
bn:00056956n	nacionalismo patriotismo compatriota dinasticismo patriota patriotas nacionalista nacionalistas orgullo_nacional ultra-nacionalismo ultra-nacionalista ultranacionalismo ultranacionalista
bn:00056996n	física filosofía_natural filosofía_de_la_naturaleza filosofia_de_la_naturaleza filosofia_natural fisica cosmologia cosmología ciencias_fisicas ciencias_físicas cosmología_racional grado_en_fisica grado_en_física licenciatura_en_ciencias_fisicas licenciatura_en_ciencias_físicas filósofo_natural filósofos_naturales la_filosofía_natural
bn:00056998n	recursos_naturales recurso_natural recurso compuesto_natural producto_natural recurso_de_la_naturaleza recursos_de_la_naturaleza los_recursos_naturales
bn:00057015n	naturaleza calaña madera natura
bn:00057017n	naturaleza naturalezas natural
bn:00057018n	naturaleza índole
bn:00057046n	bloqueo_naval
bn:00057052n	armada marina fuerzas_navales potencia_naval armada_nacional armadas flota_de_guerra marina_de_guerra navy fuerzas_marítimas militar_naval las_fuerzas_navales naval poder_naval
bn:00057075n	navegación transporte_marítimo náutica escora vela
bn:00057100n	carolina_del_norte north_carolina estado_de_carolina_del_norte nc carolina_del_norte,_estados_unidos el_estado_del_tacón_de_alquitrán north_caroline old_north tar_heel_estado
bn:00057102n	noreste nordeste norte oeste dirección_cardinal hacia_el_noreste nor'-este punto_cardinal puntos_cardinales
bn:00057131n	necesidad
bn:00057149n	corbata corbatas
bn:00057164n	necesidad
bn:00057169n	fonógrafo_aguja
bn:00057191n	carga_negativa
bn:00057219n	vecino vecina prójimo prójima
bn:00057221n	barrio vecindad
bn:00057237n	némesis nemesis ramnusia
bn:00057248n	neocórtex neocortex neopallium neopalio isocortex isocorteza isocórtex neocorteza neo-corteza
bn:00057267n	neoplasma tumor neoplasia neoplasias neoplasia_benigna neoplasia_cerebral neoplasia_maligna neoplasmas células_tumorales neoplasia_secundaria tumores tumores_sólidos
bn:00057309n	neptuno pontomedon pontomedón rey_neptuno
bn:00057322n	nervio nervus fibra_nerviosa fibras_nerviosas inervada inervado inervan nervios terminaciones_nerviosas
bn:00057338n	crisis_nerviosa ataque_de_nervios colapso_nervioso depresión_nerviosa colapso_mental
bn:00057341n	sistema_nervioso systema_nervosum sistema_neurologico sistema_neurológico neurogénica neuronales sistema_neural
bn:00057353n	nido madriguera nidificación nidifican
bn:00057354n	
bn:00057358n	ahorros ahorro
bn:00057361n	lugar_de_nidificación
bn:00057367n	red filete
bn:00057373n	tonelada_corta tonelada tonelada_neta tonelaje_neto
bn:00057379n	red
bn:00057430n	neurosis neuroticismo psiconeurosis neurótica neurótico neurotica neurotico
bn:00057436n	neutro
bn:00057440n	neutralización
bn:00057441n	neutralismo neutralidad
bn:00057443n	neutralidad
bn:00057453n	neutrófilo neutrófilos neutrofilo neutrofilos
bn:00057474n	nueva_inglaterra new_england
bn:00057476n	new_englander
bn:00057502n	new_waver
bn:00057503n	nuevo_mundo occidente hemisferio_occidental
bn:00057533n	recién_llegado
bn:00057543n	newport casnewydd
bn:00057546n	noticias noticia actualidades hecho_periodistico hecho_periodístico suceso_de_actualidad informe_noticias
bn:00057548n	
bn:00057552n	rueda_de_prensa conferencia_de_prensa ruedas_de_prensa conferencias_de_prensa conferencia_prensa
bn:00057554n	noticia
bn:00057561n	boletín_informativo newsletter boletín boletín_de_noticias hoja_informativa boletin_informativo boletin newssheet
bn:00057562n	reportero newsperson periodista reportera repórter comunicador_social comunicadora_social vendedor_de_periódicos
bn:00057563n	periódico diario prensa_escrita vespertino artículo papel_de_periódico periodico periódicos diario_escrito medios_de_prensa medios_gráficos periodico_escrito periodicos periodismo_escrito periódico_escrito prensa_diaria prensa_periodica prensa_periódica publicacion_periodica publicacion_periódica publicaciones_periodicas publicaciones_periódicas semanario periódico_de_la_tarde periódico_local periódico_nacional
bn:00057564n	periódico diario editor_de_periódico barón_de_los_medios magnate_de_la_prensa magnate_de_los_medios
bn:00057569n	periódico_crítico
bn:00057623n	matiz sutileza
bn:00057624n	nicho
bn:00057642n	nicotina adicción_a_la_nicotina dependencia_de_la_nicotina
bn:00057677n	visión_nocturna visión_escotópica vision_escotopica vision_escotópica vision_nocturna binoculares_de_visión_nocturna gafas_de_vision_nocturna gafas_de_visión_nocturna escotópica visión_crepuscular visor_nocturno vista_térmico
bn:00057682n	noche_de_juegos
bn:00057750n	nono novena noveno
bn:00057768n	esfuerzo nisus afán esmero pugna esfuerzos
bn:00057809n	no
bn:00057820n	número_ordinal ordinal no. numero_ordinal no números_ordinales
bn:00057847n	
bn:00057863n	ruido bullicio estrépito
bn:00057885n	nominación
bn:00057891n	denominaciones_cristianas denominación_cristiana no_católico secta_cristiana
bn:00057892n	sacerdote sacerdotes cura padre estado_clerical sacerdocio sacerdotal sacerdotales sacerdote_catolico sacerdote_católico senor_cura señor_cura no_cristiano_sacerdote
bn:00057894n	no_discriminación la_no_discriminación
bn:00057943n	no_ficción libro_de_no_ficción forma_de_literatura_no_ficcional no-ficción genero_de_literatura_no_ficcional género_de_literatura_no_ficcional libro_no_ficcional ficción prosa_no_ficción
bn:00057996n	noretindrona acetato_de_noretindrona norentandrolona noretisterona norlutin
bn:00058008n	norma
bn:00058031n	norte
bn:00058032n	la_unión unión la_union union unionistas_de_estados_unidos
bn:00058033n	norte
bn:00058061n	polo_norte polo_norte_geográfico polo_norte_geografico norte_geografico norte_geográfico
bn:00058096n	yankee yanqui soldado_del_norte yuma yanki dialecto_yanqui
bn:00058117n	nariz olfato órgano_olfactivo narices nasus órgano_olfativo
bn:00058124n	tobera boquilla tobera_de_laval alcribis alcribís boquillas tobera_magnética
bn:00058145n	nota
bn:00058146n	tono
bn:00058147n	nota
bn:00058164n	aviso
bn:00058165n	atención observación observancia comunicación notificación
bn:00058173n	notificación
bn:00058174n	noción concepto idea nocion
bn:00058192n	noviembre nov navarra nov. 11 11.°_me decimoprimer_mes mes_11 mes_11. mes_decimoprimero mes_undécimo penúltimo_mes undécimo_mes
bn:00058201n	novela romance novelas novela_de_ficción novelista novela_moderna
bn:00058205n	novelista novelistas
bn:00058217n	ahora
bn:00058218n	presente actualidad ahora reciente actualmente hoy_en_día
bn:00058254n	nucleolo nucléolo nucleole nucleolos
bn:00058259n	núcleo núcleo_atómico núcleo_del_átomo núcleos_atómicos nucleo_del_atomo nucleo_del_átomo núcleo_atomico núcleo_del_atomo nucleo estabilidad_del_nucleo_atomico nucleo_atomico nucleo_atómico nucleos_atomicos científico_nuclear
bn:00058262n	desnudo pintura_al_natural
bn:00058273n	molestia
bn:00058277n	espacio_nulo
bn:00058285n	número n. nro. numerica numerico numero numeros numérica numéricas numérico numéricos núm. ⠼ sistemas_numéricos
bn:00058286n	número_de_teléfono número teléfono número_telefónico numero_de_telefono numero_de_teléfono numero_telefonico numero_telefónico número_de_telefono número_telefonico tfno. tlf. números_de_teléfono
bn:00058287n	numeral cifra número letra_numeral
bn:00058341n	nuez núcula nuciforme
bn:00058398n	madera_de_roble roble
bn:00058420n	juramento voto
bn:00058431n	obediencia
bn:00058442n	objeto objeto_físico cosa objeto_inanimado cuerpo objeto_fisico cuerpo_físico
bn:00058443n	objeto complemento_del_verbo complemento complemento_directo objeto_directo complemento_verbal complemento_de_objeto los_complementos_verbales
bn:00058458n	
bn:00058462n	objetividad
bn:00058468n	obligación derecho_personal modo_de_extinguir_las_obligaciones obligacion_juridica obligacion_jurídica obligación_juridica obligacion
bn:00058492n	obscuridad
bn:00058494n	observación acechanza acecho atisbadura atisbo observancia vigilancia viendo
bn:00058495n	observación anotación registro observaciones observar observacion
bn:00058496n	idea pensamiento razonamiento reflexión
bn:00058508n	obsidiana vidrio_volcanico vidrio_volcánico
bn:00058511n	obstáculo barrera dificultad impedimento obstrucción traba escollo estorbo óbice obstáculos
bn:00058512n	obstáculo obstaculo obstáculos
bn:00058531n	
bn:00058540n	occidente civilizacion_occidental civilización_occidental cultura_euroatlantica cultura_euroatlántica cultura_occidental mundo_occidental occidentales paises_occidentales países_occidentales sociedad_occidental occidental sociedades_occidentales tradición_occidental
bn:00058546n	lóbulo_occipital lobulo_occipital lobus_occipitalis corteza_occipital lóbulos_occipitales
bn:00058557n	sobrenatural ocultismo oculto supernatural ente_sobrenatural ser_sobrenatural seres_sobrenaturales sobrenaturales fenómenos_sobrenaturales poderes_sobrenaturales
bn:00058562n	arrendamiento ocupación tenencia alquiler inquilinato inquilinos vacante
bn:00058564n	ocupante residente
bn:00058573n	existencia
bn:00058574n	océano mar ambiente_marino oceano océanos oceanos oceáno samudra medio_ambiente_marino
bn:00058579n	travesía viaje crucero jornada océano_viaje
bn:00058588n	ocre
bn:00058593n	octubre oct. otubre 10 10.°_me décimo_mes mes_10. mes_décimo ot. otu.
bn:00058596n	octaedro octaédrica antiprisma_triangular dado_de_8 dado_de_8_caras dado_de_ocho octaedrica octaedrico octaédrico octaedros bipiramide_cuadrada bipirámide_cuadrada dado_de_ocho_caras dipiramide_cuadrada dipirámide_cuadrada octaedricas octaedricos octaedro_regular octaedros_regulares octaédricas octaédricos octoedro
bn:00058638n	odesa odessa
bn:00058653n	olor percepción_olfativa olor_desagradable sensación_olfativa
bn:00058676n	resentimiento ofensa enojo ira
bn:00058679n	oferta ofrecimento ofrecimiento
bn:00058685n	poder cargo
bn:00058697n	oficial funcionario
bn:00058698n	policía agente_de_policía agente oficial guardia paco policial oficial_de_policía pitufo agente_de_policia oficial_de_policia policia agentes_de_policía el_oficial_de_policía policías
bn:00058715n	cría vástago jóvenes
bn:00058732n	aceite petróleo óleo aceites aceite_mineral aceites_minerales
bn:00058733n	color_al_óleo óleo aceite pintura_al_óleo
bn:00058741n	industria_petrolera industria_del_petroleo industria_del_petróleo industria_petrolifera industria_petrolífera mercado_de_la_gasolina mercado_de_la_gasolina_de_espana mercado_de_la_gasolina_de_españa mercado_de_la_gasolina_en_españa producción_petrolera aceite_negocios industria_de_petróleo_y_gas industria_petróleo la_industria_petrolera refinación_industria
bn:00058801n	veterano viejo_stager
bn:00058804n	
bn:00058809n	madre_patria patria país_de_origen país_natal terruño viejo_país
bn:00058824n	solterona solterón sotlerona mujer_soltera solteron solteronas solterones
bn:00058839n	viejo_sur old_south
bn:00058844n	mujer_mayor señora_mayor abuela vieja
bn:00058940n	omisión descuido omision
bn:00058967n	inicio que_se_acerca
bn:00058990n	tercio tercera tercera_parte una_tercera
bn:00058992n	milésimo milésima_parte una_milésima
bn:00059062n	aire_libre al_aire_libre fuera-de-puertas
bn:00059075n	casa_abierta
bn:00059094n	inauguración ceremonia_de_apertura apertura comienzo ceremonia_de_inauguración inauguracion inaugurado inaugurador inauguradora inauguradoras inauguradores inaugural inaugurales inaugurar
bn:00059099n	posible_acción oportunidad posibilidad
bn:00059107n	ópera opera cantante_de_ópera óperas cantante_de_opera genero_operistico género_operístico música_ópera operas operistica operistico operística operístico ópera_barroca
bn:00059122n	cirujano cirujana matasanos médico_cirujano medico_cirujano quirurgo zurujano cirujano_operar cirujanos
bn:00059125n	funcionamiento manejo operación
bn:00059126n	operación
bn:00059127n	operación
bn:00059130n	procedimiento operación
bn:00059139n	detective_privado investigador_privado detective agente detectives_privados detectivesco investigación_privada investigadores_privados shamus sherlock
bn:00059141n	operador operador_matematico operador_matemático
bn:00059150n	serpiente ofidio serpentes culebra serpientes sierpe víbora ahi ofidia ofidios
bn:00059168n	opinión apreciación convencimiento idea parecer punto_de_vista visión creencia persuasión opiniones opinion opinión_científica
bn:00059169n	vista criterio opinión parecer punto_de_vista
bn:00059170n	opinión_pública vox_populi opinion opinión opinion_publica opinion_pública opiniones_publicas opiniones_públicas opinión_publica la_opinión_popular
bn:00059171n	fallo decisión dictamen sentencia
bn:00059175n	opio anfión opiaceos opiáceos pulomanhī
bn:00059182n	zarigüeya didelphidae comadreja muca carachupa chucha faro rabipelado raposa tacuacín tacuazín tlacuache zorra zorro_cola_pelada zorro_pelón didelfido didelfidos didélfido didélfidos familia_didelphidae zarigueyas didelphimorphia zarigüeyas
bn:00059186n	oposición contraria contrario oponente
bn:00059192n	resistencia oposición
bn:00059193n	oposición
bn:00059196n	opresión subjugación
bn:00059235n	adivino clarividente vidente profeta oráculo_griego oráculo adivina adivinador adivinadora oraculo oraculo_griego profetizador vaticinator
bn:00059249n	naranja china la_salpicadura_de_naranja_trae_suerte naranjas
bn:00059250n	naranja anaranjado naranjado aloque azafranado butano china chinita mamey naranjo color_naranja naranjez
bn:00059285n	orquesta orquestra orquestas orquestal música_orquestal obra_orquestal orquesta_de_cámara orquesta_filarmónica orquesta_sinfónica orquestas_sinfónicas
bn:00059288n	orquestación orquestacion
bn:00059291n	orquídea orquidácea orquídeas planta_de_las_orquídeas
bn:00059303n	orden mandato
bn:00059304n	grado orden
bn:00059305n	orden
bn:00059306n	orden ordenación geometría_ordenada
bn:00059307n	orden
bn:00059309n	derecho_parlamentario iniciativa_legislativa procedimiento_parlamentario reglas_de_orden ley_parlamentaria procedimiento_legislativo proceso_legislativo
bn:00059313n	ordenación
bn:00059436n	ordenamiento reglamento reglamentos regulación regulación_gubernamental
bn:00059458n	órgano organo organo_anatomico organos organos_de_las_plantas organos_de_los_animales organos_del_cuerpo_humano órgano_anatómico órganos órganos_de_las_plantas órganos_de_los_animales órganos_del_cuerpo_humano organo_anatómico órgano_anatomico órgano_biológico visceral órgano_vital órganos_internos
bn:00059459n	órgano
bn:00059479n	organificación
bn:00059480n	organización establecimiento constitución formación fundación organizativo organizaciones organizacion organizar organizativa
bn:00059496n	orgía orgías orgias orgiastico orgiástico
bn:00059508n	orientación
bn:00059518n	origen_de_coordenadas origen
bn:00059529n	oración comunión petición grupo_de_oración oraciones
bn:00059588n	ortografía sistema_de_escritura escritura falta_de_ortografia ortografia_fonetica ortografia_fonética ortografica ortografico ortografía_fonetica ortografía_fonética ortográfica ortográfico reglas_ortograficas reglas_ortográficas sistemas_de_escritura falta_de_ortografía ortografia dirección_de_escritura ortográficas
bn:00059609n	
bn:00059610n	hueso_corto os_breve
bn:00059649n	presión_osmótica presión_de_pared presion_osmotica lisis_osmotica lisis_osmótica presion_osmótica presión_osmotica
bn:00059651n	osificación
bn:00059760n	afloramiento afloramiento_rocoso crestón farallón afloramiento_de_roca
bn:00059768n	espacio_exterior espacio espacio_vacío espacial espacio_sideral espacio_sidéreo espacio_vacio expacio_vacio expacio_vacío espacio_cislunar medio_intergaláctico
bn:00059772n	jardín jardin outfield jardines
bn:00059775n	equipo
bn:00059788n	producción rendimiento producción_económica
bn:00059789n	output salida_de_señal
bn:00059811n	afueras alrededores aledaños arrabales periferia extrarradio
bn:00059829n	horno estufa horno_de_barro
bn:00059839n	overachieving superación
bn:00059843n	overol mono jardinero mameluco zaragüellos braga jardinera mamelucos pantalón_de_peto mono_de_trabajo overols zaraguellos general
bn:00059878n	voladizo desplome extraplomo panza saledizo protuberancia sobresalir
bn:00059908n	supervisión superintendencia vigilancia supervision
bn:00059916n	derrocamiento deposición
bn:00059953n	propietario dueño ama amo dueña propietaria
bn:00059954n	poseedor dueño propietario ama amo dueña poseedora posesor posesora propietaria
bn:00059958n	posesión propiedad tenencia posesion poseedor dueño_de_la_mayoría propietarios
bn:00059986n	oxidación
bn:00060020n	oyabun
bn:00060040n	ozono o3 trioxigeno trioxígeno ozono_troposférico
bn:00060050n	pa megafonía sistema_de_refuerzo_de_sonido sistema_de_megafonía p._a. p.a._sistema sistema_pa
bn:00060064n	zancada paso tranco paso_largo
bn:00060066n	yarda yd paso passus vara vara_inglesa yarda_anglosajona metros patio ritmo
bn:00060085n	océano_pacífico pacífico océano_pacífico_norte océano_pacífico_sur oceano_pacifico cuenca_del_pacifico oceano_pacífico mar_del_sur oceano_pacifico_norte oceano_pacifico_sur oceano_pacífico_norte oceano_pacífico_sur océano_pacifico océano_pacifico_norte océano_pacifico_sur pacifico pacifico_norte pacifico_sur pacífico_norte pacífico_sur
bn:00060099n	tempo tiempo tempi tempos a_tempo tempo_musical tiempo_musical ritardando aire movimiento accelerando affrettando agogica piu_mosso rallentando rit. ritenuto prestissimo presto
bn:00060113n	promoción publicidad propaganda envoltura promocion auto-promoción evento_promocional material_promocional
bn:00060158n	página pagina numeración_de_página numeración_de_páginas paginación pie_de_página
bn:00060169n	
bn:00060181n	dolor aflicción angustia pesadumbre pesar
bn:00060182n	dolor algia doloroso dolor_agudo sensación_de_dolor sensación_dolorosa
bn:00060198n	pintor pintora
bn:00060201n	pintura cuadro imagen pintado lienzo pintor pintora pintura_artistica pintura_artística pinturas pintores cuadros obra_de_arte obras_de_arte pictorico pictórica pictóricas pictórico pictóricos pintura_clásica
bn:00060202n	pintura cuadro retrato
bn:00060204n	pareja par
bn:00060222n	palacio
bn:00060257n	pálido estaca
bn:00060340n	panamá república_de_panamá panama panameño panamena panameno panameña panameños republica_de_panama republica_de_panamá república_de_panama
bn:00060375n	ventana_de_cristal vidrio
bn:00060376n	boiserie artesonado panel panelería zócalo empanelamiento boiseries paneles revestimiento_de_madera
bn:00060420n	pensamiento viola_tricolor_hortensis viola_×_wittrockiana pensamientos viola_wittrockiana viola_x_wittrockiana
bn:00060424n	pernera pernil pantalones_pierna pantalón_de_pierna
bn:00060464n	papel hoja hoja_de_papel papel_de_escritura
bn:00060496n	papeleo
bn:00060539n	desfile procesión
bn:00060542n	paradigma
bn:00060547n	paradoja antilogía paradojas antilogia paradójico
bn:00060556n	párrafo parágrafo paragrafo parrafo párrafos
bn:00060562n	perico periquito paraquet paroquet parroket cotorra parroquet pericos
bn:00060598n	paranoico
bn:00060641n	parénquima parenquima tejido_parenquimatico tejido_parenquimático parenquimáticas células_del_parénquima células_parenquimatosas
bn:00060643n	padres padre progenitor parental padres_biológicos
bn:00060680n	parroquia parroquia_anglicana
bn:00060690n	parque parque_público parque_natural reserva zonas_verdes green_zone zona_verde parque_de_recreación parques_públicos
bn:00060699n	aparcamiento estacionamiento parking parqueo aparcamientos aparcar estacionar parqueadero parqueaderos parquear playa_de_estacionamiento aparcamiento_en_el_aeropuerto
bn:00060713n	sala locutorio salón
bn:00060761n	casa_parroquial casa_del_párroco rectoría vicaría rectoral casa_del_cura casa_rectoral
bn:00060764n	parte porción
bn:00060765n	parte pedazo porción trozo pieza
bn:00060766n	parte papel
bn:00060767n	región parte región_geográfica region region_geografica zona_geografica zona_geográfica regiones zg
bn:00060768n	parte porcentaje
bn:00060769n	carrera partido partidura raya retiro crencha raya_del_cabello raya_del_pelo
bn:00060782n	partenón el_partenón partenon el_partenón_de_atenas el_partenon partenón_de_atenas parthenon
bn:00060787n	idea_preconcebida parti_pris preconcepción prejuicio noción_preconcebida opinión_preconcebida
bn:00060798n	participante
bn:00060799n	jugador participante jugadora partícipe jugadores
bn:00060802n	partícula partícula_subatómica partículas
bn:00060807n	particular
bn:00060821n	sociedad partenariado consorcio acuerdo_estratégico-social sociedad_de_negocios acuerdo_estrategico-social asociaciones asociación
bn:00060834n	partido_político partido partido_politico partidos_politicos partidos_políticos partido_politicos agrupacion_politica agrupacion_política agrupación_politica partidismo partidos_politico partidos_político afiliación_política grupos_políticos
bn:00060835n	fiesta
bn:00060836n	fiesta celebración carrete pachanga reventón festividad fiestas gala juerga velada
bn:00060872n	pase juego_aéreo pasando_el_juego
bn:00060873n	pasaporte
bn:00060881n	paso transición pasaje
bn:00060885n	conducto pasillo
bn:00060888n	corredor galería pasillo túnel
bn:00060894n	pasajero pasajeros pasajera
bn:00060923n	pasividad
bn:00060927n	pasado antaño tiempo_pasado tiempos_pasados
bn:00060928n	pasado
bn:00060963n	golpecito palmadita rap
bn:00060967n	bancal era parcela_de_tierra
bn:00060969n	rato tiempo instante momento suspiro minuto segundo período mientras_que
bn:00060984n	patente patentes patente_de_invención modelo_de_utilidad patentar patente_de_invencion patente_industrial patentes_de_invención
bn:00061005n	camino estilo_de_vida senda trayectoria vida vía forma_de_vida manera
bn:00061006n	camino senda
bn:00061009n	patogénesis patogenia patogenesis nosogenia patogénica patogénico patogenesia
bn:00061017n	paciente pacientes pacientes_hospitalizados procedimiento_ambulatorio
bn:00061019n	patio terraza azotea terrado
bn:00061041n	patrulla sistema_de_patrullas ronda oficial_patrulla
bn:00061050n	clientela
bn:00061051n	madrina patrona patronne
bn:00061054n	costumbre hábito práctica patrón
bn:00061057n	progresión cambio_de_acorde cambios_de_acordes patrón_anticipado progresiones_de_acordes progresión_de_acordes secuencia_de_acordes
bn:00061084n	acera vereda andén banqueta escarpa calzada ándito vía_peatonal acerado aceras pasarela_peatonal
bn:00061087n	losa adoquín
bn:00061093n	garra pata patas
bn:00061106n	recorte_salarial reducción_salarial
bn:00061119n	pago abono desembolso pagos consignación consignante
bn:00061121n	gris_de_payne payne_gris
bn:00061123n	pago recompensa salario
bn:00061133n	tampón_fosfato_salino tampon_fosfato_salino buffer_fosfato_salino con_solución_tampón_fosfato pbs solución_salina_tamponada_con_fosfato
bn:00061135n	porcentaje por_ciento porciento tanto_por_ciento pct por_cien porcentage % punto_porcentual tanto_porcentual porcentajes
bn:00061149n	paz sosiego
bn:00061150n	paz
bn:00061177n	punta
bn:00061183n	mantequilla_de_maní crema_de_cacahuate manteca_de_cacahuete crema_de_maní manteca_de_maní pasta_da_cacahuetes crema_de_cacahuates crema_de_cacahuete crema_de_cacahuetes crema_de_mani jalea_de_mani jalea_de_maní manteca_de_cacahuates manteca_de_cacahuetes manteca_de_mani mantequilla_de_cacahuate mantequilla_de_cacahuete mantequilla_de_mani pasta_de_cacahuete peanut_butter
bn:00061187n	pera
bn:00061211n	guijarro canto_rodado china canto_pelado chinarro piedra_rodada cantos_rodados cascajar clasto_rodado glera guijarros
bn:00061278n	tablero_de_clavijas pegboard tablero
bn:00061296n	balín balin disparo pellet
bn:00061312n	pemmican pemican pemmikan
bn:00061325n	castigo pena penalización penable penada penadas penado penados derecho_penal_ejecutivo castigar sanción_penal sistema_penal
bn:00061330n	penitencia arrepentimiento expiación penitencia_pública penitencias
bn:00061333n	preferencia inclinación gusto predilección disposición predisposición proclividad propensión tendencia preferencias
bn:00061334n	lápiz lapiz lápices carbonilla lapices lapices_de_colores lápiz_de_color_cera
bn:00061370n	península peninsula peninsulas penisla penínsulas peninsular
bn:00061389n	penique pence penny centavo monedas_de_un_centavo peniques
bn:00061410n	pensionista jubilado cesante retirado
bn:00061418n	pentágono el_pentágono pentagon el_pentagono
bn:00061446n	lenguas_penutíes lengua_penutia lenguas_penutias lenguas_penuties lenguas_macro-penutias lenguas_macro-penuties lenguas_macro-penutíes macro-penuti macro-penutio macro-penutí
bn:00061450n	pueblo personas gente discurso_de_las_masas pueblo_trabajador pueblos
bn:00061453n	clase_dirigente clase_gobernante clase_dominante clase_política clases_dirigentes clases_dominantes clases_gobernantes grupo_dominante gente_en_el_poder la_clase_dominante
bn:00061485n	proteasa peptidasa proteasas peptidasas enzima_proteolítica proteinasa enzimas_proteolíticas escisión_proteolítica
bn:00061500n	percepción experiencia_perceptiva percepcion perceptivo percepción_humana percibir perceptivos psicología_de_la_percepción experiencia_perceptual percepciones percepción_sensorial
bn:00061547n	perfectibilidad
bn:00061550n	perfeccionista
bn:00061557n	línea_de_puntos
bn:00061560n	performance actuación presentación representación presentación_artística ejecución f función interpretación presentación_publica realización sesión presentacion presentacion_artistica presentación_pública realizar realizó
bn:00061561n	actuación interpretación rendimiento
bn:00061564n	ejecutante artista intérprete la_realización_de_artista
bn:00061605n	período etapa periodo período_de_tiempo
bn:00061610n	período_de_pieza
bn:00061617n	publicación_periódica periódico revista publicaciones_periódicas
bn:00061651n	permanencia
bn:00061661n	permiso
bn:00061666n	sustitución permutación substitución cambio
bn:00061684n	plomada
bn:00061727n	propiedad_privada bien_mueble bienes_muebles bien patrimonio pertenencia propiedad_particular la_propiedad_privada propiedad_personal
bn:00061736n	personalidad perfil caracter carácter personalidades rasgos_de_personalidad
bn:00061746n	perspectiva visión vista mirada posición
bn:00061748n	sudor diaforesis perspiración sudoración sudoresis transpiración traspiración
bn:00061751n	persuasiva persuasión
bn:00061826n	petición demanda instancia solicitud pedido peticiones derecho_de_petición peticion peticion_por_internet peticiones_de_internet peticiones_por_internet petición_por_internet derecho_de_peticion
bn:00061827n	peticionario solicitante suplicante postulante
bn:00061843n	futilidad pequeñez tenuidad trivialidad
bn:00061855n	ph ph_neutro escala_ph porque_se_da_la_reaccion_del_ph porque_se_da_la_reacción_del_ph potencial_de_hidrogeno potencial_de_hidrógeno reaccion_del_ph reacción_del_ph ph_escala
bn:00061889n	farmacia farmacéutica tecnología_farmacéutica botica
bn:00061897n	garganta faringe gaznate gargantas
bn:00061898n	etapa fase estadio período
bn:00061899n	ángulo_de_fase
bn:00061916n	faisán faisanes
bn:00061931n	fenómeno apariencia fenomenismo fenomeno fenomenal fenómenos
bn:00061933n	fenotiazina tiodifenilamina dibenzotiazina fenotiazinas
bn:00061963n	islas_filipinas archipiélago_de_filipinas filipinas philippines
bn:00061979n	filósofo filósofa filósofos filosofa filosofo filosofos
bn:00062019n	fonación voz voz_humana vocalización vox registro_vocal articulacion articulación articulacion_fonetica articulacion_fonética articulación_fonetica articulación_fonética fonacion tipo_de_voz
bn:00062020n	teléfono telefono telefonía_fija aparato_telefónico telefonia telefonia_fija telefono_fijo telefonía tlf ☎ puesto_telefónico teléfonos
bn:00062024n	guía_telefónica directorio_telefónico agenda guía_de_teléfonos listín listín_de_teléfonos agenda_telefónica guías_telefónicas guia_telefonica directorio_telefonico guías_telefónicas, directorios_telefónicos guia_de_telefono guia_de_telefonos guia_de_teléfono guia_de_teléfonos guia_telefónica guía_de_telefono guía_de_telefonos guía_de_teléfono guía_telefonica guías_de_teléfono guías_de_teléfonos listín_telefónico páginas_blancas
bn:00062025n	servicio_telefónico compañía_telefónica telco compañia_telefónica compañía_de_teléfono compañías_telefónicas de_servicios_de_telefonía empresa_de_telefonía empresa_telecomunicaciones empresas_de_telecomunicaciones operador_telecomunicaciones servicio_telefónico_ordinario
bn:00062034n	fonología fonológico fonémica fonemica fonologia fonologico fonologo fonólogo sistema_fonologico sistema_fonológico
bn:00062042n	fonógrafo tocadiscos gramófono tocata gramola fonografo fonógrafos fonografos fonógrafo_de_cilindro brazo platos
bn:00062044n	sistema_fonológico
bn:00062065n	intercambio_fotoquímico cambio_fotoquímico
bn:00062115n	frase sintagma sintagma_gramatical sintagmas frases
bn:00062147n	familia_de_lenguas familias_lingüísticas grupo_lingüístico grupos_lingüísticos
bn:00062166n	fenómeno_físico
bn:00062176n	físico física físicos fisico fisicos fisica
bn:00062203n	pianista pianista_de_música_clásica pianistas pianista_clásico
bn:00062205n	lección_de_piano lecciones_de_piano
bn:00062214n	plaza
bn:00062247n	piquete_barco piquete_radar
bn:00062275n	cuadro escena imagen
bn:00062280n	pamela
bn:00062281n	imagen_plano plano_de_la_imagen plano_del_cuadro
bn:00062297n	pedazo trozo pieza
bn:00062298n	pieza
bn:00062302n	parte porción trozo
bn:00062308n	hoja hoja_de_papel cuartilla folio papel pliego pedazo_de_papel
bn:00062309n	obra trabajo pieza_de_trabajo
bn:00062310n	escritura escrito material_escrito pieza_de_la_escritura
bn:00062339n	piedad piadoso
bn:00062340n	piezoelectricidad efecto_piezoeléctrico piezoeléctrico cristales_piezoelectricos cristales_piezoeléctricos efecto_piezoelectrico materiales_piezoelectricos materiales_piezoeléctricos piezoelecticidad piezoelectricas piezoelectrico piezoeléctricas material_piezoeléctrico transductor_piezoeléctrico
bn:00062349n	submarino sumergible pigboat u-boat buque_submarino buque_sumergible submarinos submarino_militar sumergibles submarino_alemán
bn:00062350n	paloma palomo pichón
bn:00062368n	piel_de_cerdo
bn:00062370n	bazofia tichate desperdicio_alimenticio desperdicio_alimentario residuo_alimentario pigwash
bn:00062387n	pilote pilotes_in_situ casquillo cimentación cimentación_profunda fundación_monopile pila_fundación pilotaje profundas
bn:00062397n	pastilla píldora
bn:00062414n	almohada cabecera almohadado almohadillar almohadillazo almohadillero almuada almohadas
bn:00062431n	proyecto_piloto programa_piloto
bn:00062445n	
bn:00062466n	bateador_emergente bateador_suplente como_bateador_emergente pizca_golpear
bn:00062481n	pine_knot pino_nudo
bn:00062507n	rosa rosado pink clavel rosada roseo róseo color_fucsia color_rosa rosáceo
bn:00062533n	mota
bn:00062560n	pionero
bn:00062570n	tubo
bn:00062643n	altura tono altura_tonal altura_musical alturas_musicales tono_musical
bn:00062644n	
bn:00062658n	horca horquilla horquillo bieldo tornadera tridente horqueta
bn:00062668n	crueldad
bn:00062679n	pittsburgh pitsbourg pitsbourgh pitsburg pitsburgh pittsbourg pittsbourgh pittsburg pittsburgh,_pennsylvania pittsburgh,_pensilvania pittsburgh_pennsylvania pittsburgh_pensilvania
bn:00062699n	lugar paraje sitio ubicación punto zona punto_topográfico ubicación_geográfica
bn:00062700n	lugar parcela propiedad terreno
bn:00062701n	lugar espacio sitio
bn:00062702n	lugar
bn:00062703n	lugar zapatos
bn:00062704n	posición lugar puesto sitio
bn:00062706n	asiento localidad plaza puesto
bn:00062723n	
bn:00062734n	tranquilidad serenidad placidez sosiego calma
bn:00062759n	plan programa proyecto director_del_programa gestión_de_programas planes
bn:00062766n	plano capa
bn:00062776n	satélite
bn:00062794n	planificación
bn:00062796n	planificación
bn:00062824n	colono hacendado terrateniente maceta plantación_propietario plantador
bn:00062856n	plástico plásticos plastico plasticos
bn:00062877n	lámina
bn:00062878n	plato ¿cuándo_hemos_comido_en_el_mismo_plato
bn:00062879n	plato fuente
bn:00062899n	programa_político programa programa_electoral plataforma plataforma_política plataforma_de_partido plataforma_electoral programa_de_partido plataforma_partido
bn:00062908n	termómetro_de_resistencia rtd pt100 platino_termómetro termorresistencia termómetro_de_resistencia_platino
bn:00062910n	platón platon aristocles diálogo_platónico
bn:00062913n	platonista platónico
bn:00062914n	sección pelotón seccion peloton
bn:00062928n	obra
bn:00062929n	jugada
bn:00062930n	juego jugada
bn:00062933n	
bn:00062950n	aficionado_al_teatro espectador_de_teatro theatregoer
bn:00062951n	resort_area área_recreativa lugar_de_vacaciones
bn:00062956n	juego
bn:00062963n	playoff juego_de_playoffs play-off play-offs playoffs post-temporada postemporada
bn:00062972n	placer goce alegre alegrías_sensuales deleite disfrute placeres placeres_sensuales agradable
bn:00063002n	plenitud lleno totalidad montón plenteousness plentifulness
bn:00063016n	pleura
bn:00063036n	aprieto apuro predicamento brete dilema
bn:00063052n	línea_argumental diagrama_de_puntos historia
bn:00063060n	arada arado
bn:00063067n	tapón corcho taponar
bn:00063086n	fontanería plomería instalación_de_cañerías cañería fontaneria gasfiteria gasfitería plomeria gasfiter gasfitero gásfiter tubería_del_sistema
bn:00063133n	primer_ministro_del_reino_unido primer_ministro premier primer_ministro_ingles primer_ministro_inglés primer_ministro_britanico primera_ministra_del_reino_unido premier_británico primer_ministro_británico primer_ministro_de_inglaterra
bn:00063155n	bolsillo bolsa ficka
bn:00063193n	poema oda poesía verso verso_forma
bn:00063195n	poesía poema verso poético lírica genero_poetico genero_poético género_poetico género_poético la_poesia obra_poética poesias poesías poeticidad poetico forma_poética poema_de_amor poemas poesía_amorosa
bn:00063196n	poeta poetisa versificador poetas poetisas
bn:00063210n	patetismo poignance
bn:00063213n	punto
bn:00063214n	punto
bn:00063215n	punto
bn:00063216n	punto instante momento punto_en_el_tiempo
bn:00063217n	punto
bn:00063221n	punto
bn:00063222n	punta
bn:00063236n	referencia punto_de_referencia punto_referencia referencias
bn:00063237n	punto_de_vista perspectiva visión óptica punto_de_observacion punto_de_observación punto_de_vista_filosofico punto_de_vista_filosófico punto punto_de_vista_técnico
bn:00063256n	veneno ponzoña tósigo toxina venenos venenosa venenoso emponzoñamiento envenenamiento ponzoñoso tóxico sustancia_tóxica sustancia_venenosa
bn:00063287n	polarización polarización_electromagnética luz_polarizada polarizacion_de_la_luz polarizacion_electromagnetica polarizacion_electromagnética polarización_de_la_luz polarización_electromagnetica
bn:00063293n	asta garrocha palo polaco vara poste
bn:00063295n	polo
bn:00063320n	departamento_de_policía departamento_de_policía_de
bn:00063326n	sargento_de_la_policía sargento sargento_de_policía sargentos
bn:00063329n	política
bn:00063330n	política política_organizacional politica_organizacional formulación_de_políticas políticas responsables_políticos
bn:00063343n	esfera_política arena_política
bn:00063351n	política politica políticamente estrategia_política figura_politica figura_política políticas cuestión_política político relación_política vida_pública
bn:00063353n	simpatía_política simpatías_políticas
bn:00063356n	política
bn:00063372n	polen grano_de_polen saco_polinico saco_polínico exina granos_de_polen microsporogénesis
bn:00063382n	colegio_electoral encuestas
bn:00063434n	polimerización polimerizacion polimerizar
bn:00063439n	polimiositis miositis_múltiple
bn:00063452n	polifosfato trifosfato
bn:00063506n	poncho poncho-unku
bn:00063508n	estanque charca pantano pozo estanques
bn:00063526n	poney poni pony
bn:00063534n	charca estanque piscina
bn:00063580n	amapola adormidera dormidera papaverales poppy
bn:00063584n	público mundo pueblo público_en_general
bn:00063586n	música_popular musica_popular musica_popular_urbana música_popular_urbana canciones_populares canción_popular género_de_música_popular pop_manufacturado
bn:00063595n	población población_humana poblacion habitantes poblacion_humana residentes poblacional población_absoluta
bn:00063597n	población población_estadística universo poblacion poblacion_estadistica subpoblación poblacion_estadística población_estadistica
bn:00063598n	
bn:00063604n	población_turno
bn:00063608n	porche pórtico soportal
bn:00063612n	poro
bn:00063640n	puerto atracadero portuario puertos puerto_pesquero puerto_fluvial puerto_maritimo puerto_marítimo puerto_marítimo_comercial ciudad_portuaria puerto_de_agua_caliente puerto_de_aguas_profundas puerto_libre_de_hielo puertos_marítimos
bn:00063648n	guardia_del_muelle portwatcher puerto_vigilante
bn:00063672n	portafolio portafolios carpeta cartera
bn:00063690n	portugués idioma_portugués idioma_portugues lengua_portuguesa lusohablante lusoparlante português portugues pt
bn:00063698n	farsante postureo posero impostor postureador postureadora posturero presumido
bn:00063703n	estado posición distinción estatus lugar prestigio rango status posición_social estatuto_personal
bn:00063704n	relación_espacial posición colocación emplazamiento localización lugar radicación sitio situación ubicación
bn:00063706n	posición posición_de_juego posicion posicion_de_juego
bn:00063707n	situación coyuntura trance cuadro
bn:00063708n	posición postura actitud
bn:00063727n	positivista racionalista
bn:00063729n	posse_comitatus destacamento pelotón
bn:00063738n	posibilidad
bn:00063739n	posibilidad possibleness
bn:00063743n	puesto
bn:00063804n	director_general_de_correos postmaster_general director_del_servicio_postal postmaster-general
bn:00063820n	olla cazo pote cacerola utensilios_de_cocina_y_para_hornear
bn:00063864n	potencial potencia
bn:00063904n	bolsa saquito
bn:00063925n	prisionero_de_guerra pdg prisionera_de_guerra prisioneros_de_guerra pow prisoner_of_war preso_de_guerra
bn:00063926n	polvo polvos
bn:00063927n	polvos
bn:00063940n	poder poder_político potencia poder_estatal poder_público poder_social poderoso powerfulness
bn:00063941n	potencia poder potencia_fisica potencia_física unidades_de_potencia
bn:00063990n	práctica
bn:00063994n	practicante práctico facultativo practcante
bn:00064005n	pragmatismo realismo
bn:00064010n	pradera praderas_de_norteamérica llanura pampa praderas_de_norteamerica las_praderas praderas
bn:00064038n	oración suplicación súplica oracion oracion_religiosa oración_religiosa plegaria rezo orar oratio precatio rezando rezar plegarias rezos
bn:00064059n	predicador sermoniser predicador_hombre predicadores sermoneador
bn:00064069n	incertidumbre precariedad incerteza uncertainness
bn:00064072n	prioridad precedencia
bn:00064077n	precepto norma_jurídica principio ordenanza norma norma_juridica norma_legal normas_juridicas normas_jurídicas norma_de_derecho ordenanza_civil ordenanzas ordenanzas_civiles preceptos
bn:00064093n	precisión puntualidad rigor
bn:00064104n	predecesor antecesor predecesora
bn:00064111n	predicator
bn:00064119n	predominancia predominio prepotencia
bn:00064165n	preocupación
bn:00064166n	escuela_preparatoria instituto_privado prepa preparatoria prep_school
bn:00064167n	preparación preparativo preparando
bn:00064168n	preparación disponibilidad disposición
bn:00064175n	preposición
bn:00064181n	requisito requisito_previo prerrequisito exigencia requerimiento
bn:00064192n	regla norma prescripción precepto
bn:00064201n	presencia
bn:00064202n	presencia
bn:00064214n	presentación presentacion presentaciones
bn:00064233n	presidente presidenta director directora presidente_director dirigente presidentes
bn:00064249n	flexión_de_codos flexión_de_brazos flexión abdominal plancha lagartija planchas flexion_de_brazos flexion_de_codo flexion_de_codos flexiones_de_brazos flexiones_de_codos flexión_de_codo flexiones push-up pushup
bn:00064262n	presión
bn:00064267n	cúpula_de_presión la_presión_del_domo
bn:00064276n	prestigio prestigiousness
bn:00064302n	premonición previsión
bn:00064308n	precio
bn:00064314n	reducción_de_precios precio_de_corte
bn:00064323n	escandallo fijación_de_precios
bn:00064340n	amor_propio autoestima orgullo
bn:00064346n	sacerdote cura párroco capellán mosén pastor presbítero reverendo padre sacerdote_anglicano sacerdote_episcopal sacerdotes
bn:00064422n	capital
bn:00064426n	principio regla
bn:00064428n	principio
bn:00064429n	principio regla
bn:00064468n	prisión cárcel penitenciaría centro_penitenciario cárceles encarcelado carcelario carcelazo carcelería penitenciaria prisiones reclusorio tumbero carceles centro_de_detención centro_de_reclusión institución_penitenciaria presidio carcel carceleria convicto encarcelada encarcelamiento institucion_penitenciaria penitenciarismo presidiario presos prision reclusa reclusion reclusión recluso reos seclusion cárcel_del_condado encarcelar institución_correccional mediana_seguridad sistema_penitenciario
bn:00064482n	escuela_privada colegio_privado educación_privada escuela_secundaria_privada escuelas_privadas
bn:00064489n	privilegio
bn:00064500n	profesional atleta_profesional atletas_profesionales deporte_profesional deportes_profesionales fútbol_profesional
bn:00064526n	problema problemas
bn:00064527n	problema
bn:00064536n	procedimiento proceso
bn:00064542n	proceso_de_servidor
bn:00064545n	procesado procesamiento tratamiento processing transformación
bn:00064570n	aprovisionamiento adquisición procural procurance licitación obtención
bn:00064582n	productor
bn:00064584n	producto producción
bn:00064585n	producto producto_químico producto_de_reacción producto_quimico productos_quimicos productos_químicos
bn:00064590n	producción elaboración
bn:00064591n	producción
bn:00064592n	presentación
bn:00064598n	productividad
bn:00064601n	profesor profesora catedrático catedrático_de_universidad catedratico_de_universidad catedrática_de_universidad profe profesor_universitario profesores catedrática catedratica_de_universidad catedratico_universitario catedrática_universitaria catedrático_de_escuela_universitaria catedrático_universitario cátedra_universitaria docente docente_de_universidad docente_universitaria docente_universitario ensenante enseñante profesor_de_universidad profesorado profesoral sala_de_profesores cátedra cátedras prof profesor_adjunto profesor_asistente profesor_emérito profesor_extraordinario profesor_ordinario profesor_titular
bn:00064607n	profesión profesiones
bn:00064608n	profesión profesion profesiones carrera_profesional profesionales profesionista profesionistas
bn:00064624n	proposición sugerencia ofrecimiento propuesta proffer
bn:00064627n	perfil profil
bn:00064645n	profecía predicción pronosticación vaticinio profecías profecia profecias proféticas profética vaticinación
bn:00064646n	programa
bn:00064659n	progresismo progresistas progresista progresismo_politico progresismo_político progresita frente_progresistas progre movimiento_progresista políticas_progresistas social_progresismo
bn:00064661n	prohibición_de_drogas prohibición prohibicion_de_drogas prohibicion_de_narcoticos prohibicion_de_sustancias_psicotropicas prohibicionismo prohibición_de_narcóticos prohibición_de_sustancias_psicotrópicas leyes_de_drogas leyes_sobre_drogas
bn:00064666n	cohete cohete_no_guiado
bn:00064667n	proyección
bn:00064668n	proyección
bn:00064673n	pantalla_de_proyección pantalla pantalla_de_cine pantalla_de_proyeccion
bn:00064681n	proletaria proletario obrera obrero trabajador
bn:00064695n	prometeo
bn:00064696n	importancia protagonismo prominencia
bn:00064699n	promesa obligacion obligación antecontrato contrato_de_promesa contrato_preliminar precontrato promesa_juridica promesa_jurídica prometer
bn:00064721n	pronombre pronombres pronombres_personales
bn:00064731n	apoyo pilar puntal
bn:00064735n	propaganda manipulación_política propagandista propagandistico propagandístico
bn:00064747n	hélice propulsor helice helice_en_cimitarra hélice_en_cimitarra hélice_skewback_diámetro hélices propellor
bn:00064752n	propiedad relación
bn:00064765n	proporción directamente_proporcional inversamente_proporcional proporcionalidad relación_directa
bn:00064776n	propuesta proposición oferta propuesta_de_negocios oferentes
bn:00064785n	empresa_individual propietario contratista_independiente cuenta_propia trabajador_por_cuenta_propia trabajadores_autónomos empresario_individual empresarios_individuales propiedad único_propietario
bn:00064795n	propiltiouracilo
bn:00064806n	fiscal procurador procuradora ministerio_público agente_del_ministerio_publico agente_del_ministerio_público agente_fiscal fiscalia_general fiscalía_general ministerio_fiscal ministerio_publico procurador_fiscal procuraduria_general procuraduría_general promotor_fiscal abogado_de_procesamiento fiscales persecución_oficial procesado
bn:00064837n	protección guarda guardia
bn:00064838n	protección cubierta_de_protección
bn:00064853n	protegido mentores tutoría
bn:00064855n	proteína proteina proteínas proteinas estructura_proteinica estructura_proteínica funciones_de_las_proteinas propiedades_de_las_proteinas propiedades_de_las_proteínas proteico proteinico proteínico protidos prótidos poliproteína síntesis_de_proteínas
bn:00064857n	proteólisis proteolisis degradacion_proteinica degradacion_proteínica degradación_proteinica degradación_proteínica proteolitico proteolítico degradación_de_proteínas proteolyic proteolítica
bn:00064862n	protesta reclamo
bn:00064865n	protestante
bn:00064866n	iglesia_protestante protestante iglesa_protestante protestantismo
bn:00064869n	protestantismo iglesia_protestante cristianismo_protestante cristiano_protestante iglesias_protestantes protestantes movimiento_protestante protestante religion_protestante religión_protestante grupos_protestantes
bn:00064912n	proveedor proveedora abastecedor aprovisionador asentista suministrador
bn:00064914n	provincia estado provincias estado_federal país provincianismo provinciano
bn:00064918n	provincialismo provincianismo
bn:00064919n	campo_de_maniobras campo_de_instrucción centro_de_entrenamiento polígono_de_pruebas área_de_entrenamiento área_de_entrenamiento_militar proving_ground
bn:00064921n	condición disposición cláusula provisión salvedad
bn:00064922n	abastecimiento abasto oferta aprovisionamiento provisión
bn:00064987n	pseudofloema pseudophloem
bn:00065006n	alma psique alma_humana animas ánimas
bn:00065026n	psicología sicología psicologia sicologia asistencia_psicologica asistencia_psicológica grado_en_psicologia grado_en_psicología psicologica psicologico psicologos psicológica psicológico psicológicos psicólogos sicologico sicológico ciencia_psicológica psicología_humana psicológicamente
bn:00065028n	psicólogo psicóloga sicólogo sicóloga terapeuta psicologa psicologo sicologo psicólogos
bn:00065036n	psicopompo psicompompo psicopompos
bn:00065090n	derecho_público derecho_publico derechos_públicos area_de_derecho_publico derechos_publicos área_de_derecho_público entidad_de_derecho_público
bn:00065095n	escuela_pública colegio_público escuela_estatal colegio_del_estado colegio_estatal escuela_del_estado escuela_pública_británica
bn:00065099n	plaza plaza_pública plazas plazoleta plazuela plaza_de_la_ciudad
bn:00065100n	transporte_público transporte_urbano trafico_colectivo transito transporte_colectivo transporte_publico transporte_público_de_viajeros transportes_publicos transportes_públicos tráfico_colectivo transporte_publico_de_viajeros de_transporte_público sistema_de_transporte sistema_de_transporte_masivo transporte_masivo
bn:00065106n	publicación publicacion difusion_publica difusion_pública difusión_publica difusión_pública
bn:00065108n	edición_de_libros editorial publicación edición edicion_literaria edición_literaria casa_editorial diva_elvira_puig_cardozo edicion edicion_de_libro edicion_de_libros edicion_de_revistas edición_de_libro edición_de_publicaciones edición_de_revistas editor_de_libros editor_de_publicaciones editor_de_revistas editorial_de_libros editoriales_de_libros empresa_editorial fondo_editorial industria_editorial industria_grafica industria_gráfica mundo_editorial producción_editorial publicacion_editorial publicación_editorial acuerdo_para_un_libro publicar
bn:00065111n	editorial ed. editor empresa_editorial
bn:00065158n	tracción tirón
bn:00065159n	atracción
bn:00065180n	vena_pulmonar venas_pulmonares vena_pulmonalis vena_pulmonaris venae_pulmonales
bn:00065194n	pulso_circuito_de_temporización
bn:00065198n	bomba bomba_hidráulica bombas bomba_de_balancín bomba_de_balancin bomba_hidraulica bomba_manual bomba_bomba_de_agua bomba_de_agua electrobomba bomba_de_desplazamiento_positivo bomba_de_vapor bomba_eléctrica bomba_vapor
bn:00065224n	signo_de_puntuación puntuación puntuacion puntuacion_marca signos_de_puntuación
bn:00065252n	pupila nina_del_ojo niña_del_ojo pupilas pupilas_dilatadas alumnos
bn:00065265n	compra adquisición
bn:00065266n	compra adquisición
bn:00065270n	agente_comercial agente_de_compras
bn:00065271n	departamento_de_compras
bn:00065272n	soledad solitud aislamiento
bn:00065281n	
bn:00065286n	expurgación purga purgación
bn:00065321n	intencionalidad sentido_de_propósito
bn:00065332n	
bn:00065338n	proveedor
bn:00065343n	empuje
bn:00065359n	salix_discolor sauce_blanco salix_ancorifera salix_discolor_var._overi salix_discolor_var._prinoides cola_de_gato
bn:00065414n	pyrex pirex
bn:00065438n	pirómetro pirometro pirometro_optico pirometro_óptico pirometros pirómetro_óptico pirometría
bn:00065461n	python pitón
bn:00065465n	python_sebae piton_de_seba pitón_de_seba roca_python roca_serpiente sebae
bn:00065485n	curandero
bn:00065538n	calidad cualidad característica cualidades cualitativo
bn:00065539n	timbre tono cualidad timbre_musical timbres tono_de_color tímbrica
bn:00065542n	calidad_de_vida habitabilidad medir_el_bienestar
bn:00065576n	quarter distrito_de_ciudad barrio ortsteil stadtteil
bn:00065623n	cuarteto cuarteta cuartetos
bn:00065625n	
bn:00065634n	reina gina gyne
bn:00065677n	cuestionario encuesta cuestionarios
bn:00065703n	silencio
bn:00065706n	calma quietud tranquilidad ausencia_de_sonido
bn:00065742n	látigo cuarta fusta
bn:00065772n	radio r radio_de_una_circunferencia radios
bn:00065798n	carrera
bn:00065800n	raza carrera color_de_la_piel color_de_piel interpretaciones_sociales_de_la_raza racial razas_humanas teoría_racial
bn:00065837n	
bn:00065841n	anaquel
bn:00065850n	chantajista estafador timador
bn:00065874n	radiación radiación_ionizante irradiacion irradiación radiacion radiaciones radiación_atómica
bn:00065875n	radiación
bn:00065882n	radiador
bn:00065899n	radio radiocomunicaciones radiocomunicación receptor telégrafo_sin_cables radiocomunicacion radiodifusion radiodifusión comunicaciones_de_radio comunicación_por_radio radio_terrestre radios sistema_de_recepción tecnología_de_radio transmisión_de_radio
bn:00065900n	sintonizador radio receptor_de_radio aparato_de_radio radiorreceptor sintonizadores recepción_de_establecer sintonizador_de_radio sintonizador_tv
bn:00065901n	radio radiofonía radioreceptor radiorreceptor
bn:00065909n	radio_brillo
bn:00065913n	ondas_de_radio onda_radioeléctrica emisiones_de_radio radiofrecuencia onda_de_radio ondas_hertzianas ondas_radio emisión_de_radio las_ondas_de_radio radio_radiación
bn:00065920n	radiotelescopio radiotelescopios telescopio_radar radio_reflector
bn:00065934n	radioclorina radiochlorine
bn:00065985n	andrajo harapo jirón trapo etiqueta_de_cierre
bn:00066008n	pretil pasamano barandal barandilla barra
bn:00066020n	ferrocarril ferrocarriles transporte_ferroviario compañía_de_ferrocarriles línea_de_ferrocarriles sistema_ferroviario ferrocarril_línea servicio_ferroviario
bn:00066026n	estación_de_ferrocarril estación_de_tren estación_ferroviaria estación estación_de_trenes train_depot estación_de_ferrocarriles terminal_de_ferrocarriles estacion_de_ferrocarril estacion_ferroviaria terminal_ferroviaria estacion_de_tren estaciones_de_ferrocarril estaciones_de_tren estracion_de_tren estacion estacion_de_trenes estaciones_de_ferrocaril estaciones_de_ferrocarriles estaciones_ferroviarias depósito_del_ferrocarril estación_ferrocarril estación_terminal parada_de_tren parada_ferroviaria_danesa parada_tren
bn:00066028n	tren trenes ferrocarril locomotora ferrocarriles tren_de_pasajeros ferrocarril_tren trainset trenes_de_pasajeros
bn:00066032n	lluvia aguacero precipitación agua_de_lluvia agua_pluvial llover llovida lluvia_torrencial lluvias_torrenciales lluvioso lluvias tormenta tormentas_de_lluvia
bn:00066043n	chubasco llovizna aguacero chaparrón
bn:00066084n	rally recuperación rallye rallies rallyes reunion_automotiva reunión_automotiva carreras_de_rally coche_de_rally
bn:00066091n	memoria_de_acceso_aleatorio ram memoria_ram memoria_de_acceso_directo memorias_de_acceso_aleatorio random-access_memory random_access_memory leer_/_escribir_en_la_memoria memoria_aleatoria
bn:00066125n	ranchero ganadero
bn:00066138n	alcance
bn:00066139n	dehesa rango
bn:00066140n	campo_de_tiro
bn:00066151n	fila columna rango
bn:00066152n	rango antigüedad categoría estatus jerarquía nivel standing
bn:00066153n	soldados_rasos rango
bn:00066164n	rescate rescate_dinero
bn:00066165n	rescate
bn:00066236n	tasa índice ritmo velocidad ratio
bn:00066242n	ratonera
bn:00066247n	razón ratio relación razón_aritmética cociente proporción índice razon rate razon_aritmetica razon_aritmética razon_geometrica razon_geométrica razon_por_cociente razón_aritmetica razón_doble razón_geometrica razón_geométrica razón_matemática razón_por_cociente razón_por_diferencia razón_simple ∶
bn:00066260n	racionalismo racionalista racionalistas neopositivistas_logicos neopositivistas_lógicos
bn:00066264n	racionamiento administración dosificación graduación racionamento racionamiento_de_alimentos
bn:00066271n	serpiente_de_cascabel cascabel crótalo serpiente_cascabel serpientes_de_cascabel
bn:00066277n	reserpina rau-sed raudixin sandril serpasil
bn:00066301n	sombra_natural
bn:00066322n	afeitadora maquinilla_de_afeitar navaja rastrillo cuchilla navaja_de_afeitar verduguillo maquina_de_afeitar afeitar_desechable maquinillas_de_afeitar
bn:00066328n	carrera_impulsada carrera_remolcada carreras_impulsadas rbi carreras_empujadas
bn:00066333n	re-experimentación revisitación reviviendo volver_a_experimentar
bn:00066339n	alcance estiramiento estirón
bn:00066343n	reacción
bn:00066344n	reacción respuesta
bn:00066354n	reactividad grado_de_reacción reacción receptividad sensibilidad
bn:00066365n	lector lectora
bn:00066366n	abonado suscriptor suscriptora lector lectora subscriptor subscriptora modelo_de_negocio_suscripción suscribirse suscripciones suscriptores
bn:00066372n	lectura
bn:00066373n	lectura
bn:00066385n	listo
bn:00066402n	vida_real mundo_real la_vida_real meatspace
bn:00066404n	cosas_reales lo_real real_mccoy
bn:00066411n	comprensión entendimiento reconocimiento
bn:00066414n	realidad realismo vida_real carácter_real
bn:00066418n	realidad mundo
bn:00066431n	reaparición
bn:00066443n	razón porqué
bn:00066464n	desaire desprecio feo menosprecio falta_de_respeto leve
bn:00066466n	reconstrucción reedificación
bn:00066489n	recepción cobertura recibo
bn:00066493n	
bn:00066506n	recepción acogida recibimiento
bn:00066508n	recepción
bn:00066512n	recibidor recibimiento sala_de_recepción sala_de_recibo
bn:00066513n	recepcionista recepcionistas recepción
bn:00066543n	tierras_ganadas_al_mar ganancia_de_tierra recuperacion_de_tierra recuperación_de_tierra relleno_de_tierra terreno_ganado_al_mar tierra_ganada_al_mar tierra_ganadas_al_mar
bn:00066562n	recomendación
bn:00066570n	reconstrucción la_reconstruccion la_reconstrucción reconstruccion período_de_reconstrucción
bn:00066571n	reconstrucción reconstrucción_arquitectónica reconstruccion restauracion restauración
bn:00066574n	registro constancia registro_arqueológico
bn:00066575n	plusmarca récord registro
bn:00066576n	
bn:00066577n	récord marca
bn:00066578n	constancia registro
bn:00066587n	grabación
bn:00066588n	grabación transcripción
bn:00066590n	estudio_de_grabación estudio_de_grabacion estudios_de_grabación estudio_de_sonido estudios_de_grabacion estudio_de_música estudio_de_radio
bn:00066594n	recurso
bn:00066612n	rectificador rectificacion rectificación rectificadores
bn:00066632n	río_rojo rojo rio_rojo rio_rojo_del_sur río_rojo_del_sur prairie_dog_town_fork red red_river
bn:00066711n	redefinición
bn:00066712n	salvación redención
bn:00066715n	reposición redeposición
bn:00066729n	remedio_legal compensación recurso remediación remedio
bn:00066763n	arrecife cabezo escollo rompiente arrecife_artificial arrecifes_artificiales arrecifes roca_inundado
bn:00066766n	carrete
bn:00066777n	refuerzo reforzamiento
bn:00066803n	reposición reaprovisionamiento sustitución recarga
bn:00066804n	azúcar azúcar_refinado azúcar_en_cubos cubo_de_azúcar azucar azucar_refinado azuquita azuquitar azuquítar azúcar_blanco azúcares comercio_de_azúcar terrón_de_azúcar
bn:00066811n	reflejo_óptico reflejo reflejo_optico
bn:00066816n	reflector
bn:00066829n	refocalización reorientando
bn:00066858n	reembolso
bn:00066861n	negativa desestimación rechazo
bn:00066862n	
bn:00066863n	devolución recuperación restauración restitución recuperar
bn:00066865n	respecto respeto
bn:00066879n	régimen regimen
bn:00066880n	regimiento regimientos
bn:00066884n	región regiones regional regiones_administrativas
bn:00066890n	registro libro
bn:00066901n	registrante
bn:00066927n	ritmo periodicidad
bn:00066933n	regla norma regulación estado
bn:00066937n	regulador regulador_integrado regulador_de_tensión regulador_de_tension
bn:00066947n	rehabilitación reinserción reinsercion rehabilitación_penal reinsercion_social reinserción_social reinsertada reinsertadas reinsertado reinsertados resocialización
bn:00066961n	reinado
bn:00066966n	reembolso reintegración reintegro rembolso
bn:00066969n	rienda riendas riendras
bn:00066995n	relación vínculo
bn:00066996n	pariente deudo familiar parentela parienta
bn:00067001n	relación
bn:00067002n	relación trato
bn:00067023n	lanzamiento estreno publicación_musical publicación release liberación_música
bn:00067030n	relevancia pertinencia irrelevante
bn:00067033n	reliquia reliquias reliquia_ex_ossibus reliquia_sagrada
bn:00067036n	compensación alivio
bn:00067037n	período_de_descanso desahogo descanso pausa respiro tregua
bn:00067065n	resto restos sobras
bn:00067087n	eliminación remoción supresión
bn:00067098n	renacimiento el_arte_renacentista el_renacimiento estilo_renacentista renacentista arte_renacentista renacentismo
bn:00067106n	ejecución función interpretación presentación realización
bn:00067110n	cita
bn:00067125n	alquiler renta arrendamiento
bn:00067153n	repetición repetir signo_de_repetición
bn:00067157n	repetición repitiendo
bn:00067165n	repertorio
bn:00067169n	reemplazo remplazo sustitución
bn:00067170n	sustituto substituto suplente reemplazo
bn:00067171n	sucesor
bn:00067173n	saciedad ahíto hartazgo
bn:00067181n	informe reporte estudio memoria informes informe_científico informe_escrito
bn:00067191n	representación figura
bn:00067192n	representación
bn:00067208n	represalia
bn:00067236n	turquía república_de_turquía turquia turkey republica_de_turquia república_turca tr tur turkia türkei türkiye 🇹🇷 republica_de_turquía república_de_turquia república_de_türkiye turkiye turquesca turquesco turquina turquino turqués
bn:00067239n	venezuela venezolano venezolana república_bolivariana_de_venezuela república_de_venezuela estados_unidos_de_venezuela republica_bolivariana_de_venezuela republica_de_venezuela vzla la_republica_bolivarana_de_venezuela la_republica_bolivariana_de_venezuela la_república_bolivarana_de_venezuela la_república_bolivariana_de_venezuela rb_venezuela ve 🇻🇪 republica_venezolana república_venezolana
bn:00067242n	republicano republicana
bn:00067250n	repulsión fuerza_repulsiva
bn:00067253n	reputación fama reputacion
bn:00067280n	investigación investigación_científica investigadores investigacion investigacion_cientifica investigacion_científica investigaciones investigación_cientifica investigadora investigar producción_científica investigación_académica investigación_original métodos_de_investigación
bn:00067290n	parecido semejanza similaridad similitud
bn:00067291n	reserva
bn:00067321n	dimisión renuncia
bn:00067327n	resistencia
bn:00067339n	resolución solución resolver
bn:00067345n	resonancia
bn:00067352n	recurso recursos
bn:00067353n	recurso
bn:00067356n	respetos aspectos
bn:00067367n	respuesta
bn:00067370n	responsabilidad responsibleness
bn:00067373n	brazo descanso
bn:00067379n	hincapié reafirmación reexpresión
bn:00067409n	bosquejo croquis esbozo
bn:00067419n	detallista minorista menorista comerciante_al_por_menor
bn:00067421n	comercio_al_detalle comercio_al_por_menor venta_al_por_menor
bn:00067423n	criado sirviente servidor doméstico empleado mozo como_doméstica servicio_doméstico servidumbre_doméstica trabajadoras_domésticas trabajo_doméstico
bn:00067446n	retina retinas
bn:00067455n	jubilado retirado jubileta pensionista
bn:00067456n	jubilación retirada retiro
bn:00067499n	dirección_de_retorno remite remitente direccion_de_retorno la_dirección_de_retorno
bn:00067506n	reunión
bn:00067509n	rpm revoluciones_por_minuto revolución_por_minuto r.p.m r_p.m r_p_m revolución
bn:00067519n	impuesto impuestos tasa gabela imposición canon carga contribución gravamen tributación tributo imposicion_directa imposicion_indirecta impuestos_indirectos sistema_fiscal base_imponible contribuyentes ingresos_de_mejora
bn:00067530n	inversión reversion
bn:00067567n	revolución
bn:00067568n	revolución revolucion revoluciones movimiento_revolucionario movimientos_revolucionarios proceso_revolucionario procesos_revolucionarios revolucion_popular revolucionaria revolucionarias revolucionario revolucionarios revolución_popular destronamiento
bn:00067581n	gratificación recompensa
bn:00067590n	anticuerpo_rh anticuerpos_rh rh_anticuerpo
bn:00067616n	reuma reumatismo reúma desorden_reumatico desorden_reumático enfermedad_reumatica enfermedad_reumatologica enfermedad_reumatológica enfermedad_reumática
bn:00067650n	rhode_islander
bn:00067680n	rima
bn:00067703n	tema tira cinta
bn:00067710n	ribes_sanguineum grosellero_de_invierno calobotrya_sanguinea coreosma_sanguinea ribes_glutinosum ribes_glutinosum_var._melanocarpum invierno_grosella
bn:00067717n	arroz oryza_sativa
bn:00067718n	arroz arroces palay
bn:00067741n	riqueza caudal opulencia prosperidad
bn:00067757n	jinete
bn:00067770n	
bn:00067785n	fusil rifle fusiles rifles
bn:00067791n	escopetero fusilero tirador
bn:00067803n	
bn:00067807n	derecho derechos derecho_subjetivo derechos_y_libertades
bn:00067808n	derecha
bn:00067809n	derecha
bn:00067811n	mano_derecha derecha mano_diestra diestro zurdo
bn:00067812n	
bn:00067816n	diestro el_lanzador_derecho lanzador_derecho zurdo
bn:00067819n	ángulo_recto angulo_recto ángulos_rectos ∟ 90_grados
bn:00067845n	sufragio derecho_al_voto voto derecho_a_voto derecho_de_sufragio derecho_de_voto sufragar derecho_a_votar derechos_de_voto sufragio_censitario
bn:00067846n	ventrículo_derecho ventriculus_dexter ventriculo_derecho
bn:00067860n	riachuelo arroyuelo arroyito arroyo
bn:00067862n	borde llanta
bn:00067912n	derecho_de_agua derecho_de_ribera derechos_de_agua derechos_ribereños
bn:00067924n	pendiente_ascendente
bn:00067937n	ritual rito ritualistica ritualística rituales ritualísticos
bn:00067939n	ritual
bn:00067948n	río ríos rio rios aguas_fluviales río_perenne
bn:00067959n	orilla_del_río ribera
bn:00067975n	carretera ruta calle camino itinerario trafico_rodado tráfico_rodado vias_de_comunicacion vías_de_comunicación carreteras calzadas construcción_de_carreteras
bn:00068012n	ladrón agresor asaltador atacante atracador delincuente ladrona
bn:00068017n	vestido túnica bata hábito toga
bn:00068045n	piedra roca grava
bn:00068046n	roca piedra rocas clases_de_rocas rocoso roquedo piedras
bn:00068105n	barra
bn:00068115n	rayos_x radiación_x rayo_x rayo-x roentgen_ray radiacion_x rayos-x rayos_roentgen rayos_rontgen rayos_röntgen rx radiación_de_röntgen generación_de_rayos_x roentgen_de_rayos
bn:00068131n	interpretación_de_roles juego_de_rol interpretación juego_de_roles interpretacion_de_papeles interpretacion_de_roles interpretación_de_papeles juegos_de_rol rol
bn:00068132n	lista nómina lista_de_personal
bn:00068156n	patín_de_ruedas patín_sobre_ruedas patín patin_sobre_ruedas patinaje_sobre_ruedas patines patines_en_línea
bn:00068172n	romana romano
bn:00068180n	candela_romana roman_candle vela_romana
bn:00068181n	católico_romano católica_latina católica_romana católico_latino
bn:00068203n	romántico
bn:00068220n	cubierta techo techumbre tejado tejados
bn:00068221n	techo
bn:00068233n	habitación cuarto aposento sala habitacion habitaciones pieza
bn:00068234n	espacio oportunidad
bn:00068239n	temperatura_ambiente a_temperatura_ambiente
bn:00068248n	
bn:00068266n	cuerda maroma soga corda cuerda_gruesa cuerdas mecates cordelero
bn:00068283n	rosa rosal hesperhodos hultenia hulthemia hulthemosa juzepczukia platyrhodon rhodopsis saintpierrea erna ernestella
bn:00068323n	rotación movimiento_de_rotación movimiento_rotativo rotación_alrededor_de_un_eje_fijo eje_de_rotación movimiento_rotacional rotacion_alrededor_de_un_eje_fijo rotacion_vectorial rotación_vectorial eje_de_rotacion movimiento_de_rotacion rotacion rotaciones
bn:00068343n	rotor bobina_del_rotor
bn:00068389n	hueso_redondo
bn:00068411n	glifosato roundup
bn:00068424n	fila hilera línea
bn:00068452n	regalías derechos regalía derechos_de_autor derechos_de_patente regalias royalties royalty pago_de_regalías
bn:00068458n	turismo excursionismo caucho_estricción
bn:00068477n	estatuto_título título
bn:00068547n	carrera cuenta
bn:00068548n	ensayo prueba test
bn:00068550n	corriendo_el_juego juego_terrestre
bn:00068571n	
bn:00068575n	subcampeón subcampeona vicecampeón princesa finalista suplente subcampeon subcampeonato vicecampeon el_segundo_mejor
bn:00068589n	duración algoritmo_de_tiempo_polinómico complejidad_de_tiempo linearithmic tiempo_constante tiempo_de_cálculo tiempo_de_funcionamiento tiempo_exponencial tiempo_lineal tiempo_logarítmico tiempo_polinómico
bn:00068607n	
bn:00068610n	
bn:00068619n	unión_de_repúblicas_socialistas_soviéticas unión_soviética urss rusia union_de_republicas_socialistas_sovieticas union_sovietica unión_sovietica estado_soviético la_union_de_republicas_socialistas_sovieticas la_union_de_republicas_socialistas_soviéticas la_union_de_repúblicas_socialistas_sovieticas la_union_de_repúblicas_socialistas_soviéticas la_union_sovietica la_union_soviética la_unión_de_republicas_socialistas_sovieticas la_unión_de_republicas_socialistas_soviéticas la_unión_de_repúblicas_socialistas_sovieticas la_unión_de_repúblicas_socialistas_soviéticas la_unión_sovietica la_unión_soviética soviet_union sovietica sovieticas soviética soviéticas soyuz_sovetskikh_sotsialisticheskikh_respublik sssr u._r._s._s. u.r.s.s u.r.s.s. u.s.s.r u.s.s.r. u_r._s._s. u_r.s.s u_r.s.s. u_r_s._s. u_r_s.s u_r_s.s. u_r_s_s u_r_s_s. u_s.s.r u_s.s.r. u_s_s.r u_s_s.r. u_s_s_r u_s_s_r. union_de_las_republicas_socialistas_sovieticas union_de_las_republicas_socialistas_soviéticas union_de_las_repúblicas_socialistas_sovieticas union_de_las_repúblicas_socialistas_soviéticas union_de_republicas_socialistas_soviéticas union_de_repúblicas_socialistas_sovieticas union_de_repúblicas_socialistas_soviéticas union_soviética unión_de_las_republicas_socialistas_sovieticas unión_de_las_republicas_socialistas_soviéticas unión_de_las_repúblicas_socialistas_sovieticas unión_de_las_repúblicas_socialistas_soviéticas unión_de_republicas_socialistas_sovieticas unión_de_republicas_socialistas_soviéticas unión_de_repúblicas_socialistas_sovieticas urrs ussr союз_советских_социалистических_республик
bn:00068620n	república_socialista_federativa_soviética_de_rusia rusia_soviética rusia republica_socialista_federativa_sovietica_de_rusia rusia_república_socialista_federativa_soviética
bn:00068650n	abigeato abigeo cuatrerismo cuatrero cuatreros robo_de_animales ladrón_de_ganado robo robo_de_ganado
bn:00068672n	segundo s 2 segundos 2. 2do ii sd segunda
bn:00068696n	sábado sáb 7.°_día_de_la_seman 7mo_día día_de_descanso día_de_descanso_hebreo día_de_descanso_judío día_de_reposo día_de_saturno día_del_sábado día_sabático día_sábado s sa sab sabat shabat séptimo_día último_día_de_la_semana sabado sabados sabatina sabatino septimo_día sonnabend sábados ultimo_dia ultimo_día sabbatum
bn:00068710n	sabotaje sabotear monkeywrenching saboteadores
bn:00068762n	silla silla_de_montar sillero montura sillas_de_montar
bn:00068780n	sadismo sadomasoquismo
bn:00068782n	tristeza desdicha infelicidad melancolía pena
bn:00068790n	caja_fuerte cofre caja_de_seguridad cajas_fuertes
bn:00068799n	seguridad
bn:00068819n	saga epopeya zaga saga_nórdica saga_escandinava saga_literaria saga_nordica sagas_nórdicas nórdica sagas
bn:00068820n	sabio gurú sage
bn:00068915n	venta
bn:00068916n	
bn:00068922n	showroom sala_de_exhibiciones sala_de_subastas sala_de_exposición exposicion exposición sala_de_exposicion sala_de_subasta
bn:00068923n	puesto tenderete caseta barraca anaquel mostrador ventas_cabina
bn:00068925n	departamento_de_ventas división_de_ventas la_fuerza_de_ventas
bn:00068933n	vendedor
bn:00068934n	arte_de_vender
bn:00068943n	solución_salina suero_fisiológico salina solucion_fisiologica solucion_fisiológica solucion_isotonica solucion_salina solución_fisiológica suero_fisiologico suero_salino soluciones_salinas solución_salina_hipertónica solución_salina_normal
bn:00068947n	salish lenguas_salishanas lenguas_salish idiomas_salishan salishan lenguaje_salishan lenguajes_salishan
bn:00068979n	galería sala_de_exposiciones
bn:00068991n	sal sal_química sal_de_potasio sal_iónica sales
bn:00069062n	igualdad semejanza similitud mismidad identidad
bn:00069078n	muestra ejemplar muestra_biológica muestra_biologica
bn:00069079n	muestra muestra_estadística muestreo técnica_de_muestreo muestra_de_poblacion muestra_de_población muestra_estadistica muestra_aleatoria muestras_aleatorias distribución_de_la_muestra encuesta_por_muestreo función_de_distribución_empírica muestreo_estadístico
bn:00069081n	estación_de_muestreo
bn:00069122n	sanción
bn:00069126n	arena dianthus_hinoxianus arenosa sablón sabuloso
bn:00069143n	sandalia chala chinela caite chancleta cutara huarache sandalias
bn:00069220n	sabiduría sapiencia sabiduria sabio sabios sapiente
bn:00069280n	sardina sardina_arenque
bn:00069327n	satisfacción
bn:00069369n	salchicha embutido salchichón vienissima vieníssima wurst salchichas embutidos salchicha_ahumada
bn:00069382n	savannah ss_savannah savannah_georgia savannah,_georgia
bn:00069413n	aserrín serrín aserradura serraduras serrin aserrin astillas_de_madera viruta_de_madera
bn:00069461n	campo_escalar función_escalar funcion_escalar
bn:00069467n	cognation escala
bn:00069469n	hoja_escala
bn:00069513n	escápula omóplato paletilla escapula omoplato acromion homoplato omóplatos scapula hombro_hueso
bn:00069523n	bufanda echarpe fular chalina bufandas
bn:00069544n	eliminador_radicales
bn:00069550n	escena escenario
bn:00069552n	escena fotograma escena_fílmica escena_de_película
bn:00069553n	escena
bn:00069555n	
bn:00069560n	
bn:00069568n	horario itinerario programa organizador_de_tareas programación planificación
bn:00069579n	estrategia plan_de_acción plan táctica proyecto régimen esquema estrategias
bn:00069580n	sistema esquema sistemas sistémico
bn:00069583n	scherzo badinerie scherzi
bn:00069614n	beca becas beca_universitaria becas_universitarias fondo_becas
bn:00069619n	escuela centro_docente colegio universidad instituto academia institucion_educativa institución_educativa escuelas centro_de_ensenanza centro_de_enseñanza centro_educativo centro_escolar centros_docentes centros_educativos centros_escolares institucion_docente instituciones_educativas institución_docente
bn:00069620n	escuela colegio
bn:00069622n	escuela
bn:00069636n	sistema_escolar
bn:00069638n	libro_de_texto texto libro_escolar manual libros_de_texto libros_de_textos edición_de_texto texto_escolar
bn:00069643n	colegiala escolar alumna
bn:00069666n	suiza schweiz svizzera switzerland confederación_suiza confederación_helvética ch che sui 🇨🇭 confederacion_helvetica confederacion_helvética confederación_helvetica confoederatio_helvetica confœderatio_helvetica svizra suisse
bn:00069668n	ciática ciatica coxendica coxéndica ciectic_nerve_neuropathy neuropathy_of_the_cyclic_nerve neuropathy_of_the_nervian_ciático neuropatia_del_nervio_ciatico neuropatia_del_nervio_ciático neuropatía_del_nervio_ciatico neuropatía_del_nervio_ciático
bn:00069680n	científico científica cientifico científicos cientifica carrera_científica cientificos investigador_cientifico investigador_científico
bn:00069731n	cucharada cucharazo scoopful
bn:00069750n	marcador puntaje punto puntuación resultado parcial set
bn:00069751n	
bn:00069752n	estado situación
bn:00069757n	marcador tanteador
bn:00069773n	escocés escoceses escocesa pueblo_escocés ascendencia_escocesa emigrantes_escoceses
bn:00069775n	escocés_con_soda whiskey_con_soda whisky_con_soda
bn:00069797n	diarrea_ganadera diarrea
bn:00069819n	scratch chirriante chirrido rascadura arañazo rayadura scratching rascarse
bn:00069841n	alarido chillido grito aullido aullidos grito_agudo vociferación gritar shriek
bn:00069862n	guión guion libreto guion_cinematográfico script guion_cinematografico guión_cinematográfico screenplay guion_de_cine guiones_cinematográficos guionismo_cinematográfico guión_cinematografico guiones
bn:00069881n	
bn:00069924n	escultura escultora escultor escultores esculturas esculpir escultoras escultórica escultórico tallada escultura_al_aire_libre
bn:00069946n	mar mares océano_mundial océano oceano_mundial espacio_marítimo maritimo marítimo océano_global
bn:00069954n	ave_marina aves_marinas pajaro_del_mar
bn:00070036n	búsqueda
bn:00070044n	orden_de_registro orden_de_cateo redada_de_drogas órdenes_de_registro
bn:00070047n	reflector proyector proyector_de_búsqueda luz_de_búsqueda reflectores
bn:00070056n	temporada estación período temporada_de_un_club_deportivo temporada_deportiva temporada_regular edición_deportiva_recurrente temporada_de_club_deportivo temporada_de_competición_deportiva temporada_de_equipo_deportivo temporada_de_un_equipo_deportivo cerca_de_la_temporada pretemporada temporada_baja temporada_cerca temporada_en_casa_ya_domicilio
bn:00070057n	estación estación_del_año estaciones_del_año estaciones estacion_del_ano estacion_del_año estaciones_del_ano estación_del_ano temporada estacional época_del_año
bn:00070066n	asiento escaño seato
bn:00070080n	macroalga alga algas alga_marina cochallullo algas_marinas macroalgas
bn:00070127n	segundo_momento
bn:00070132n	cuadrado cuadrado_perfecto numero_cuadrado número_cuadrado segunda_potencia
bn:00070139n	segunda_guerra_mundial world_war_ii 2.ª_guerra_mundia 2ª_guerra_mundia ii_gm ii_guerra_mundial 2_°_guerra_mundia 2°_guerra_mundia 2_guerra_mundial guerra_de_hitler guerra_nazista iigm ii°_guerra_mundia segunda_guerra sgm ww2 wwii 2_ª_guerra_mundia la_segunda_guerra_mundial ocupación_nazi
bn:00070159n	secreto arcano
bn:00070164n	secretario secretaria auxiliar_administrativo asistente_administrativo asistente_personal secretaria_asistente
bn:00070168n	secretario secretario_general secretaria primer_secretario coordinador_general secretaria_general secretario_ejecutivo secretaría_general asistente_ejecutivo secretaría
bn:00070169n	secretario_general secretaria_general secretario_general_de_la
bn:00070176n	secretario_de_estado
bn:00070178n	secretario_del_tesoro_de_los_estados_unidos ministro_de_hacienda secretaria_del_tesoro_de_los_estados_unidos secretario_del_tesoro secretario_del_tesoro_de_estados_unidos secretaría_del_tesoro_de_los_estados_unidos secretario_de_hacienda
bn:00070190n	sección apartado parte
bn:00070191n	muestra parte sección
bn:00070192n	sección
bn:00070193n	segmento parte sección sector
bn:00070207n	campo esfera sector ámbito
bn:00070213n	secularismo laicismo secularista secularistas laicidad_del_estado laicos
bn:00070218n	mercado_de_valores bolsa_de_valores bolsa mercado_bursatil mercados_de_valores bolsas_de_valores mercado_accionario mercado_de_acciones mercado_de_operaciones_bursatiles mercado_de_operaciones_bursátiles mercado_de_operaciones_financieras bolsa_de_cambio bolsa_de_comercio bursatil bursátil bv casa_de_bolsa condiciones_para_cotizar_en_la_bolsa_espanola condiciones_para_cotizar_en_la_bolsa_española ley_del_mercado_de_valores mercado_bursátil mercado_organizado cuota_de_mercado del_mercado_de_valores mercado_de_renta_variable mercados_de_renta_variable
bn:00070219n	seguridad seguras
bn:00070230n	vigilante_de_seguridad vigilante celador guarda guarda_de_seguridad guardia guardián sereno velador centinela encargado segurata vigilante_jurado vigía guardia_de_seguridad guardia_privado guardias_de_seguridad agente_de_seguridad vigilador patrulla_de_seguridad seguridad_privada
bn:00070253n	semilla pepita simiente semillas balocoria
bn:00070254n	semilla
bn:00070259n	maíz_de_siembra semillas_de_cereales
bn:00070265n	semillero almáciga almácigo hoya seminario vivero planta_de_semillero almaciga
bn:00070290n	segregacionista segregator
bn:00070302n	sismógrafo sismómetro sismografo sismometro simógrafo sismógrafos sismómetros
bn:00070325n	yo uno_mismo ego yoica yoico
bn:00070332n	suicidio autodestrucción tendencia_autodestructiva suicide suicidios conducta_suicida muerte_voluntaria quitarse_la_vida suicida suicidado suicidar suicidarse suicidas suicidió trastorno_autodestructivo_de_personalidad autoaniquilación conducta suicidio_ritual
bn:00070339n	autocontrol autodisciplina
bn:00070343n	defensa_personal autoprotección defensa_propia autodefensa arma_defensiva
bn:00070347n	autogobierno derecho_de_autodeterminación autodeterminación autodeterminación_de_los_pueblos derecho_a_la_autodeterminacion derecho_a_la_autodeterminación derecho_de_libre_determinación libre_determinación_de_los_pueblos autodeterminación_nacional accion_de_base acción_de_base autodeterminacion_de_los_pueblos autodeterminacion_nacional autogobierno_de_las_bases derecho_de_autodeterminacion derecho_de_libre_determinacion la_libre_determinacion_de_los_pueblos la_libre_determinación_de_los_pueblos libre_determinacion_de_los_pueblos nucleo_de_base núcleo_de_base soberanismo soberanista autonomía derecho_a_la_libre_determinación gobierno_autónomo independencia_nacional
bn:00070351n	autoestima amor_propio autoapreciacion autoapreciación
bn:00070376n	abnegación sacrificio_de_sí_mismo
bn:00070381n	aceptación_de_uno_mismo
bn:00070458n	senado camara_de_senadores cámara_de_senadores senado_de_la_república senadora senaduria senaduría senatorial
bn:00070459n	senado_de_los_estados_unidos senado senado_de_estados_unidos senado_de_ee.uu senado_de_los_estados_unidos_de_america senado_de_los_estados_unidos_de_américa senador_de_los_estados_unidos united_states_senate senador_de_estados_unidos u.s._senate ee.uu_el_senador senado_de_ee.uu. senado_de_estado_unidos senado_de_los_ee.uu senado_u_s senador_de_los_ee.uu
bn:00070461n	senador senadora
bn:00070494n	sentido sensación sentidos facultades_sensoriales órganos_sensoriales cinco_sentidos organos_sensoriales procesamiento_sensorial sensacion sensaciones facultad_sensorial sensual sentiency órganos_de_los_sentidos
bn:00070497n	sentido sensación consciencia
bn:00070498n	sentido significado acepción significación
bn:00070506n	sensibilidad estímulo delicadeza receptividad sensatez
bn:00070512n	sensibilidad
bn:00070513n	sensibilidad
bn:00070528n	frase oración proposicion proposición oracion línea bimembre clasificacion_de_las_oraciones clasificación_de_las_oraciones clausula_sintactica clausula_sintáctica cláusula_sintáctica oracion_compleja oracion_de_posibilidad oracion_dubitativa oracion_enunciativa oracion_exclamativa oracion_exhortativa oracion_optativa oracion_sencilla oracion_simple oraciones_segun_el_tipo_de_verbo oraciones_según_el_tipo_de_verbo oración_bimembre oración_de_posibilidad oración_dubitativa oración_enunciativa oración_exclamativa oración_exhortativa oración_optativa oración_sencilla oración_simple oración_unimembre unimembre
bn:00070532n	sentimiento
bn:00070537n	septiembre setiembre sept sept. set set. 09 9 9.°_me mes_9. mes_nono mes_noveno nono_mes noveno_mes
bn:00070542n	separación
bn:00070568n	tabique septo septales
bn:00070575n	sucesión secuencia
bn:00070593n	sargento sargento_segundo sargenta sgto. sarge
bn:00070597n	serie serial serie_de_radio_o_televisión serie_de_televisión serie_de_radio_o_television serie_radiofonica_o_televisiva serie_radiofónica_o_televisiva
bn:00070598n	serie novela_por_entregas serial fascículo literatura_serial novela_feuilleton novela_folletin novela_folletín serial_literario publicación_seriada
bn:00070609n	serie
bn:00070610n	
bn:00070648n	camarero mesero camarera mesera garzón mesonero mesonera moza mozo camareros
bn:00070651n	servicio prestación servicio_económico servicio_economico prestacion servicios_económicos
bn:00070652n	servicio
bn:00070653n	servicio
bn:00070654n	servicio
bn:00070677n	servicios
bn:00070689n	sesión reunión_parlamentaria junta mitin reunión
bn:00070696n	conjunto juego set
bn:00070697n	conjunto urur conjuntos
bn:00070699n	
bn:00070724n	asentamiento asentamiento_humano pueblito pueblo lugar_poblado aldea poblado pueblucho asentamientos_humanos asentamientos settlements pequeña_ciudad
bn:00070733n	
bn:00070753n	aguas_residuales alcantarillado residuos agua_residual aguas_residuales_domésticas
bn:00070772n	sexo relaciones_sexuales relación actividad_sexual actividad_sexual_humana actividades_sexuales acto_sexual actos_sexuales comportamiento_sexual_humano encuentro_sexual práctica_sexual sexo_piedad sexuales_piedad
bn:00070773n	sexo kiye sexo_biológico sexos
bn:00070820n	sombra cortina shadowiness
bn:00070829n	sombreado_plano sombreado shading sombreado_lambert
bn:00070841n	astil
bn:00070871n	sacudida
bn:00070879n	ligereza superficialidad
bn:00070912n	acción accion acciones accion_finanzas acción_bursátil acción_financiera acción_ordinaria
bn:00070914n	accionista accionario inversionista socio_capitalista accionistas shareowner
bn:00070919n	tiburón tiburon selachimorpha escualo tiburones escualos selacimorfos selaquimorfos jaquetones pleurotremos selaquimorfo tiburones_y_su_clasificacion tiburones_y_su_clasificación tipos_de_tiburon tipos_de_tiburón
bn:00070926n	lengua_afilada lengua_mordaz
bn:00070937n	afeitado afeitar rasurado rapar afeitada afeitador rasurar rasurarse afeitarse bien_afeitado
bn:00070952n	cizallado cizallamiento
bn:00070967n	oveja ovino ovis_orientalis_aries oveja_doméstica ganado_lanar ganado_ovino ovis_aries ardia ovejas oveja_domestica boque borrego borregos carnero ganadería_ovina leche_de_oveja morueco ovejo ovina ovinos ovis_aries_aries
bn:00070981n	hoja
bn:00070987n	partitura partitura_musical partituras de_música
bn:00070999n	estante anaquel repisa balda estantería entrepaño plúteo
bn:00071019n	refugio abrigo asilo albergue
bn:00071020n	abrigo amparo asilo protección refugio cobijo resguardo
bn:00071033n	pastor
bn:00071038n	sheriff alguacil sherif shérif marshall sheriffs sérif ayudante_del_sheriff
bn:00071056n	
bn:00071057n	
bn:00071059n	alteración cambio conver modificación mutación transformación transmutación
bn:00071060n	cambio conmutación deslizamiento desplazamiento desviación
bn:00071079n	separador calce cuña
bn:00071085n	tibia espinilla hueso_tibial
bn:00071103n	barco buque bajel embarcación nave navio navío buques enviar
bn:00071122n	transporte embarque flete transporte_de_carga navegación transporte_marítimo
bn:00071126n	envío_neumonía fiebre_del_transporte la_fiebre_del_transporte
bn:00071172n	zapato zapatos calcorro calzado
bn:00071177n	cordón agujeta cordón_del_zapato cordonera cordón_de_zapatos cordoneras cordones guatos trenzas cordon pasadores cinta_de_zapatos cordones_de_los_zapatos zapato_de_cordones
bn:00071202n	matar_a_tiros derribo
bn:00071203n	
bn:00071206n	tiro disparo balazo lanzamiento
bn:00071207n	tiroteo
bn:00071212n	disparar_preservar
bn:00071215n	tienda comercio negocio almacén establecimiento
bn:00071216n	taller galpón nave atelier workshop obrador estudio estudio_de_pintor taller_artesanal taller_artesano taller_artístico taller_de_pintor taller_gremial talleres
bn:00071229n	compra shopping ir_de_compras
bn:00071235n	orilla ribera costa linea_costera línea_costera orilla_o_charco costeras
bn:00071241n	
bn:00071276n	
bn:00071281n	golpe tirada disparo tiro
bn:00071294n	hombro hombros
bn:00071315n	espectáculo exhibición muestra
bn:00071382n	obturador obturadores
bn:00071383n	contraventana puertaventana
bn:00071399n	gato_siamés siamés gato_siames seal_point siames
bn:00071431n	lado
bn:00071432n	ala facción lado
bn:00071433n	lado costado
bn:00071434n	lado cara faz
bn:00071435n	aspecto lado sección
bn:00071436n	lado borde
bn:00071453n	patio_lateral
bn:00071505n	suspiro paralenguaje paralingüísticos suspiration
bn:00071507n	vista imagen visión
bn:00071508n	visión
bn:00071509n	visión vista modalidad_visual sentimiento_visual
bn:00071524n	anuncio
bn:00071525n	señalización signo señal signalización signalizacion señal_control
bn:00071526n	letrero
bn:00071554n	relevancia significación importancia
bn:00071559n	signore
bn:00071599n	seda sedas sedosa sedoso
bn:00071609n	antepecho vierteaguas alfeizar repisa alféizar parapeto
bn:00071625n	moneda_de_plata plata
bn:00071670n	semejanza similitud triángulos_semejantes figuras_semejantes triangulo_similar triangulos_semejantes triángulo_similar
bn:00071695n	simplicidad sencillez simpleza
bn:00071707n	pecado maldad perversidad pecados pecador pecar pecado_social pecados_sociales pecadores pecaminosidad
bn:00071708n	pecado pecar
bn:00071731n	cantante vocalista cantor cantora
bn:00071734n	canto cante cantante cantor cantando cantar singing armonía_vocal cantante_pop cantantes vocalista vocalistas vocalizando voces_limpias voz voz_femenina
bn:00071763n	unicidad peculiaridad singularidad singularidad_de_tiempo_finito singularidad_matemática
bn:00071802n	sorbedor sipper
bn:00071803n	señor
bn:00071838n	hermana sis
bn:00071843n	cuñada hermana_política concuñada hermana_politica cuñado hermana-en-ley hermano-en-ley
bn:00071869n	situación estado
bn:00071887n	tamaño medida
bn:00071890n	magnitud realidad tamaño tamaño_de_la_misma
bn:00071923n	estudio bosquejo boceto esbozo croquis abocetado abocetar abosquejado apunte bocetos borrador bosquejado bosquejar bosquejos categoría:wikipedia:esbozo dibujo_preparatorio esbozado esquiciado esquiciar esquicio esquicios esquisse estilo_abocetado schizzo sketch dibujante
bn:00071924n	esbozo esquema sketch viñeta
bn:00071925n	libro_de_bocetos sketchbook bloc_de_dibujo sketch_bloque sketch_pad
bn:00071961n	esquife batel skiff
bn:00071978n	
bn:00072003n	falda
bn:00072011n	cráneo calavera caja_craniana cranium craneo_animal craneal craneano craneo craniano osteocráneo cráneos fenestra_mandibular fenestra_supratemporal fenestra_temporal huesos_del_cráneo postfrontal supratemporal
bn:00072016n	cielo firmamento éter bóveda_celeste
bn:00072065n	listón lama
bn:00072080n	esclavo esclava
bn:00072084n	esclavista negrero traficante_de_esclavos negrera comercio_de_esclavos esclavo_comerciante esclavo_distribuidor esclavos historia_de_la_esclavitud traficantes_de_esclavos
bn:00072090n	comercio_de_esclavos trata_de_esclavos tráfico_de_esclavos trata esclavos historia_de_la_esclavitud traficantes_de_esclavos
bn:00072093n	lengua_eslava lenguas_eslavas eslavo eslavónico lengua_eslavónica idiomas_eslavos lingüística_eslava idioma_eslavo
bn:00072101n	sueño dormir dormitar estados_y_fases_del_sueno estados_y_fases_del_sueño sonador soñador sueno sueno_nocturno sueño_nocturno sueño_onírico sueños estar_dormido sonadoras sonadores sueño_profundo dormido
bn:00072170n	eslingado
bn:00072174n	banda tira
bn:00072175n	papelito papeleta pedazo_de_papel tira_de_papel trozo_de_papel hoja_de_papel
bn:00072194n	astilla esquirla tira
bn:00072213n	
bn:00072240n	fango lodo barro biosólidos lodos
bn:00072248n	barriada barrio_bajo barrios_bajos_en_españa chabola chabolismo tugurios_área
bn:00072274n	intestino_delgado intestinum_tenue absorción
bn:00072287n	viruela naruso pequeña_viruela small-pox small_pox smallpox vacuna_antivariolica vacuna_antivariólica vacuna_de_la_viruela variola variola_vera vieuela viruela_humana viuela ñaruso
bn:00072319n	humo ahumado fumar
bn:00072374n	caracol 🐌 caracoles
bn:00072432n	francotirador francotiradores francotiradora fusil_francotirador
bn:00072455n	nieve nevada nevar capa_de_nieve nevadas nieve_polvo zapada cubierta_de_nieve las_nevadas
bn:00072456n	nieve
bn:00072488n	tabaquera caja_de_rapé
bn:00072494n	soakage remojo remojón
bn:00072496n	jabón jabones jabon jabon_en_polvo jaboneria jabonería jabón_en_polvo pastilla_de_jabon pastilla_de_jabón pastillas_de_jabon pastillas_de_jabón jabón_de_polvo jabón_de_manos
bn:00072528n	contrato_social contratos_sociales contractualismo_clasico contractualismo_clásico teorias_del_contrato_social teorías_del_contrato_social teroias_del_contrato_social teroías_del_contrato_social contractualismo contractualistas teoría_del_contrato_social
bn:00072529n	control_social
bn:00072554n	unidad sección unidad_social
bn:00072559n	socialismo socialista socialistas ideología_socialista sociata movimiento_socialista
bn:00072565n	social comportamiento_gregario gregarismo socialidad solitario_sino_social subsocial
bn:00072566n	sociedad social sociedad_humana sociedades sociales sociedades_humanas societal
bn:00072592n	nitrato_de_sodio conservante_e-251 conservante_e251 conservante_e_251 e-251 e251 e_251 nano3 nitrato_de_soda nitrato_sodico nitrato_sódico sal_de_chile nitratina nitrato_de_chile bicarbonato_de_salitre
bn:00072603n	yoduro_de_sodio ioduro_de_sodio
bn:00072606n	pirofosfato_de_sodio pirofosfato_sódico pirofosfato_tetrasódico
bn:00072610n	tripolifosfato_de_sodio e451i trifosfato_de_pentasodio tripolifosfato_pentasódico
bn:00072620n	gaseosa soda bebida_de_fantasia bebida refresco bebida_carbonatada bebida_de_fantasía bebida_gaseosa bebida_gasificada bebidas_carbonatadas bebidas_refrescantes_carbonatadas bebida_sin_alcohol carbonatado refrescos
bn:00072686n	radiación_solar radiación
bn:00072687n	sistema_solar planetas_del_sistema_solar el_sistema_solar
bn:00072698n	soldado soldado_raso soldado_de_primera soldados militar_de_carrera
bn:00072719n	sólido
bn:00072727n	solidaridad solidaridad_mecanica solidaridad_mecánica solidaridad_organica solidaridad_orgánica
bn:00072728n	solidity solidez
bn:00072744n	solo
bn:00072749n	solista concertista
bn:00072760n	solución disolución disolucion solucion disoluciones disolución_saturada mezcla_homogénea sobresaturada solucion_saturada solucion_sobresaturada solución_saturada solución_sobresaturada soluciones solutos
bn:00072761n	solución
bn:00072794n	canción vocal cancion canciones cancion_popular canción_popular temas_musicales voz_humana
bn:00072807n	soneto sonetos
bn:00072821n	estudiante_de_segundo_año soph estudiante_de_segundo sophomore estudiantes_de_segundo_año segundo_año
bn:00072830n	soprano tiple voz_de_tiple sopranos
bn:00072851n	sororidad fraternidades_y_hermandades hermandad hermandad_de_mujeres hermandades sistema_griego
bn:00072852n	sorción absorción
bn:00072854n	dolor pena tristeza aflicción pesar pesadumbre sufrimiento
bn:00072856n	tipo
bn:00072875n	sudoeste suroeste hacia_el_suroeste so sou'-oeste
bn:00072886n	alma aiúa alma_inmortal almas soulfulness
bn:00072892n	sonido son
bn:00072893n	sonido el_sonido cualidades_del_sonido propiedades_musicales_del_sonido sonidos sonoro sónico
bn:00072894n	ruido son sonido
bn:00072943n	fuente fuente_de_información fuente_textual fuentes_primarias_y_secundarias texto_fuente
bn:00072944n	canal fuente
bn:00072960n	sur_de_estados_unidos sur region_sur región_sur sudeste_de_estados_unidos sur_de_los_ee.uu. sur_de_los_estados_unidos
bn:00072961n	
bn:00072966n	américa_del_sur sudamérica suramérica américa_meridional south_america américa_del_sud america_del_sur sudamerica america_meridional sur_america america_del_sud américa_sur sud_america sud_américa sudamericanas sudamericano sudamericanos sudámerica sur_américa suramerica suramericana suramericanas suramericano
bn:00072976n	surcarolino carolina_del_sur
bn:00072991n	south_side
bn:00073007n	sureño habitante_del_sur
bn:00073024n	sóviet soviéticos
bn:00073038n	espacio
bn:00073039n	espacio
bn:00073050n	sonda_espacial sondas_espaciales
bn:00073063n	pica espada picas horquilla laya espadas pala
bn:00073064n	laya azada pala
bn:00073092n	español castellano idioma_español romance hispanoparlante lengua_castellana lengua_de_cervantes lengua_española lengua_hispana idioma_espanol lengua_espanola es esp hispanohablante idioma_castellano idioma_de_castilla idioma_de_cervantes idioma_hispano lengua_de_castilla castellanohablante castellanoparlante castellanófono el_idioma_castellano espanol espanolas espaňol habla_castellana habla_espanola habla_española habla_hispana habla_hispanica habla_hispánica hispanofono hispanófono idioma_espanol_latinoamericano idioma_español_latinoamericano idioma_espáñol iglesias_espanolas lengua_español lenguaje_espanol lenguaje_español lingua_español produccion_espanola produccion_española producciones_espanolas producción_espanola productos_de_espana spanish españoles
bn:00073093n	pueblo_español españoles hispana hispano
bn:00073170n	orador hablador verbaliser oradora verbalizador
bn:00073204n	especialización
bn:00073206n	especialista specialiser specializer
bn:00073210n	especie especies especie_animal sp. spp spp. concepto_filogenético_de_especie especies_animales especies_biológicas
bn:00073211n	especie tipo variedad
bn:00073219n	especificidad especifidad
bn:00073220n	especificidad
bn:00073222n	espécimen
bn:00073236n	espectrofotómetro espectrofotometría espectrómetro espectrofotometro espectrofotométrico
bn:00073237n	espectro espectro_de_accion espectro_de_acción
bn:00073240n	especulación movimiento_especulativo movimientos_especulativos especulacion especulación_financiera auge_especulativo fase_especulativa especulación_de_la_tierra especulación_monetaria especuladores especular
bn:00073256n	mudez enmudecimiento
bn:00073258n	velocidad unidades_de_velocidad velocidad_instantánea velocidad_media velocidad_tangencial velocidades
bn:00073279n	ortografía grafía
bn:00073308n	esfera
bn:00073329n	especia
bn:00073338n	araña araneae arañas las_arañas aranas araneida evolucion_de_las_aranas evolucion_de_las_arañas evolución_de_las_aranas evolución_de_las_arañas opisthothelae saco_de_huevos
bn:00073351n	ajuste
bn:00073427n	aguja chapitel campanario torre_de_iglesia capitel chapiteles torre
bn:00073430n	espíritu alma
bn:00073480n	esplenomegalia hipertrofia_de_bazo hipertrofia_del_bazo lienomegalia
bn:00073490n	split spagat división
bn:00073524n	vocablo spoken_word palabra_hablada artista_de_la_palabra_hablada poesía_spoken_word vocablos
bn:00073526n	portavoz vocero
bn:00073544n	patrocinio padrinazgo
bn:00073545n	espontaneidad
bn:00073547n	cuchara cuchara_de_palo cuchara_de_té cucharear
bn:00073557n	espora esporas heterosporous homosporous
bn:00073571n	deportista
bn:00073572n	coche_deportivo automóvil_deportivo deportivo automovil_deportivo automoviles_deportivos automóviles_deportivos
bn:00073615n	espray
bn:00073625n	propagación diseminación difusión
bn:00073636n	primavera basanta dia_de_la_primavera día_de_la_primavera primaveral
bn:00073638n	manantial
bn:00073643n	adolescente chavea imberbe joven mozo muchacho pollo zagal juventud jóvenes persona_joven younker
bn:00073646n	entrenamiento_de_primavera entrenamiento_primaveral_extendido
bn:00073649n	trampolín palanca trampolin trampolines
bn:00073698n	pelotón sección escuadrón gruppe escuadron escuadron_volante escuadrones escuadrón_volante equipo
bn:00073699n	equipo cuadrilla escuadrón equipos
bn:00073724n	milla_cuadrada millas_cuadradas mi sq_mi square_mile kilómetros_cuadrados
bn:00073766n	escudero escuderos
bn:00073788n	estabilidad stableness
bn:00073796n	tacón_apilado
bn:00073801n	plana_mayor personal estado_mayor estado_mayor_militar oficial_de_estado_mayor oficiales_de_estado_mayor
bn:00073802n	bastón
bn:00073816n	escenario escena escenarios escenarista espacio_escenico espacio_escénico espacio_teatral caja_escénica escénica escénico scena
bn:00073823n	entrada_de_artistas stage_door
bn:00073847n	tinción tincion tincion_indirecta tinción_directa tinción_indirecta tincion_directa
bn:00073851n	escalera escalinata
bn:00073853n	escalera escaleras escalinata
bn:00073854n	hueco_de_la_escalera escalera hueco_de_escalera
bn:00073868n	tallo nudo caulinar nodo dianthus_hinoxianus entrenudo entrenudos manejo_de_la_canopia pseudotallo tallo_de_la_planta
bn:00073878n	estabulación casilla compartimento compartimiento estabulacion cabina
bn:00073902n	postura
bn:00073919n	desviación_estándar desviación_típica desvio_padrón desvío_estándar desviaciones_estándar desviacion_estandar desviacion_estándar desviacion_tipica desviacion_típica desviación_estandar desviación_estándard desviación_tipica desvio_estandar desvio_estándar desvio_padron desvío_estandar desvío_típico
bn:00073933n	posición posición_social
bn:00073975n	estribor babor lado_de_estribor puerto
bn:00073990n	inicio comienzo
bn:00073998n	primer_lanzador el_abridor lanzador_abridor
bn:00074009n	estado
bn:00074010n	estado
bn:00074021n	gobierno_estatal funciones_del_estado gobierno_de_un_estado del_gobierno_estatal ley_estatal
bn:00074023n	estado_de_guerra guerra
bn:00074033n	declaración afirmación
bn:00074049n	estación
bn:00074057n	estadística estadístico_muestral estadístico estadistico estadistico_muestral muestra_estadística
bn:00074066n	talla estatura
bn:00074076n	estancia interrupción permanencia
bn:00074088n	amado corazón dulzura amor_verdadero cariño estable
bn:00074094n	ladrón caco mangante stealer
bn:00074122n	corcel steed
bn:00074123n	acero industria_siderúrgica siderurgia aceros_especiales aceros placa_acero placa_de_acero
bn:00074206n	madrastra padrastro hijastra padres_putativos entenada hija_putativa madre_putativa padrastro/madrastra padrastro_y_madrastra padrastros familia_mixta familia_política hermanastra hijastro malvada_madrastra
bn:00074212n	relación_política_filial steprelationship
bn:00074217n	estéreo sistema_estereofónico sistema_estéreo estereofonía estereofónico sonido_estereofónico sonido_estéreo
bn:00074221n	estereotipo estereotipia estereotipada estereotipo_social estereotipos estereotipado
bn:00074234n	esteroide esteroides esteroideo esteroidogenesis esteroidogénesis esteroidal esteroidea esteroídico steroidogenesis
bn:00074236n	estetoscopio fonendoscopio fonendo
bn:00074251n	palo stick vara
bn:00074252n	ramo verdugo verdugón astilla ramita
bn:00074270n	
bn:00074287n	fotograma foto_fija
bn:00074296n	estimulación estimulacion
bn:00074323n	estribo estribera estribo_de_hierro estribos
bn:00074332n	acción acciones
bn:00074365n	agente_de_bolsa corredor_de_bolsa bolsista corredor_de_acciones stockbroker casa_de_bolsa corredor_de_valores corredores_de_bolsa
bn:00074376n	medias media medias_de_rejilla
bn:00074392n	estoico
bn:00074410n	sillar piedra
bn:00074430n	
bn:00074446n	almacenamiento almacenaje
bn:00074450n	depósito despensa trastero almacén colca gambuza pañol lavadero
bn:00074452n	tanque_de_almacenamiento tanque depósito cisterna carrotanque tanques_de_almacenamiento
bn:00074453n	almacén depósito almacen almacenes magazen magazén depósito_de_almacenamiento
bn:00074458n	tormenta tempestad temporal borrasca tormenta_violenta daño_por_tormenta tormentas tormenta_electrica tormenta_de_viento violenta_tormenta
bn:00074472n	historia relato
bn:00074496n	rezagado strayer
bn:00074505n	cara_seria
bn:00074518n	deformación torcedura deformabilidad deformacion_elastica deformacion_elástica deformacion_plastica deformacion_plástica deformación_elastica deformación_plastica deformacion elongación tensión
bn:00074544n	correa correas
bn:00074572n	paja bala_de_paja
bn:00074588n	arroyo curso_de_agua corriente flujo curso_fluvial cursos_de_agua riacho arroyos corriente_de_agua curso_fluvial_natural curso_natural_de_agua quebrada regato reguero arroyo_o_quebrada riachuelos corriente_intermitente ruisseau
bn:00074594n	streamliner vehículo_aerodinámico tren_aerodinamizado línea_aerodinámica aerodinámico
bn:00074595n	calle rua
bn:00074615n	fuerza fortaleza ñeque
bn:00074633n	estrés tensión agotamiento fatiga stress estres estrés_ambiental estrés_emocional
bn:00074640n	recta tramo
bn:00074642n	estiramiento estirón
bn:00074645n	pantalones_elásticos
bn:00074651n	
bn:00074654n	estría
bn:00074669n	golpe ataque golpear
bn:00074682n	cordel bramante cuerda guita mecate cordón hilo pita
bn:00074702n	
bn:00074759n	estructura arquitectura conformación estructuración
bn:00074760n	estructura_de_conocimiento estructura
bn:00074767n	estricnina
bn:00074786n	estudio atelier estudios atelier_de_artista estudia no_cabe_duda_que_esto_merece_atencion estudio_de_arte estudio_de_producción
bn:00074790n	estudio encuesta investigación
bn:00074791n	estudio meditación reflexión trabajo
bn:00074798n	cosas chismes cosa trastos bártulos corotos
bn:00074811n	tocón tocon tocón_de_árbol
bn:00074815n	stumping
bn:00074831n	estilo género
bn:00074832n	estilo moda tendencia
bn:00074839n	estilización
bn:00074840n	estilista
bn:00074873n	subcontinente sub-continente
bn:00074883n	subdivisión
bn:00074884n	subsección subdivisión complejo inciso infraorden rango rango_taxonómico sección subórdenes superfamilias
bn:00074894n	subfigura
bn:00074897n	subgrupo
bn:00074900n	tema tópico asunto contenido materia objeto motivo propósito tema-comentario
bn:00074903n	sometimiento subyugación
bn:00074907n	subjetivista
bn:00074960n	citación_duces_tecum
bn:00074983n	subsuelo undersoil
bn:00074984n	topología_traza subespacio topologia_traza topología_inducida topología_relativa topología_subespacio
bn:00074985n	sustancia substancia
bn:00075008n	suburbio suburbios afueras arrabal área_suburbana area_suburbana suburb suburbial suburbiales suburbano
bn:00075023n	éxito acierto
bn:00075024n	éxito hit
bn:00075025n	éxito
bn:00075059n	glándula_sudorípara glandula_sudorifera glandula_sudoripara glandula_sudorosa glandula_sudorípara glándula_sudoripara glándula_sudorosa glándulas_sudoríparas glandulas_sudoriparas glandulas_sudoríparas glándulas_sudoriparas poro_sudoríparo poros_sudoríparos
bn:00075069n	sufrimiento padecimiento
bn:00075080n	azucarero azucarera
bn:00075094n	sugerencia
bn:00075142n	resumen extracto sumario síntesis suma-up
bn:00075151n	verano estío estación_de_verano estación_estival estación_veraniega estio estival veraniego veranos temporada_verano verano_austral
bn:00075170n	sol el_sol 🌞 astro_solar disco_solar fisica_solar
bn:00075171n	luz_del_sol sol luz_solar radiación_solar radiación radiacion_solar direccion_de_incidencia_de_la_irradiacion_solar direccion_de_incidencia_de_la_irradiación_solar direcciones_de_incidencia_de_la_irradiacion_solar direcciones_de_incidencia_de_la_irradiación_solar dirección_de_incidencia_de_la_irradiación_solar espectro_solar iluminación_natural
bn:00075172n	sol luna júpiter marte mercurio signo_solar venus
bn:00075204n	puesta_del_sol ocaso atardecer anochecer atardecida puesta_de_sol crepusculo_vespertino crepúsculo_vespertino
bn:00075272n	superioridad
bn:00075283n	sobrenaturalismo lo_sobrenatural
bn:00075298n	superstición abusión supersticiones supersticioso creencias_supersticiosas supersticion supersticiosa supersticiosamente supersticiosas supersticiosos noción_supersticiosa
bn:00075310n	supervisor jefe director jefa supervisora coordinador_de_area coordinador_de_área encargada encargado superior jefas jefes
bn:00075315n	cena
bn:00075322n	suministro abastecimiento provisión oferta abasto abastecedor abastecer abastimiento
bn:00075323n	oferta
bn:00075326n	suministro_armario
bn:00075330n	apoyo ayuda
bn:00075331n	apoyo ayuda
bn:00075373n	superficie superfície
bn:00075374n	superficie
bn:00075375n	
bn:00075376n	tensioactivo surfactante tensoactivo agente_humectante compuesto_tensoactivo agente_de_superficie_activa biotensioactivo tensioactivos
bn:00075382n	ruido_de_la_superficie
bn:00075385n	capa_superficial_del_suelo capa_superior_del_suelo superficie_del_suelo
bn:00075386n	tensión_superficial tensión_de_superficie tension_superficial traccion_superficial tracción_superficial tensoactividad
bn:00075392n	subida
bn:00075413n	sorpresa
bn:00075427n	vigilancia seguimiento vigía vigilancia_encubierta
bn:00075444n	susceptibilidad susceptibleness
bn:00075448n	animación_suspendida animacion_suspendida supension_animada supensión_animada
bn:00075453n	suspensión suspension suspension_farmaceutica suspension_farmacéutica suspensión_farmaceutica suspensión_farmacéutica suspensión_química suspension_quimica solido_en_suspension solido_en_suspensión sólido_en_suspensión suspensiones
bn:00075456n	puente_colgante puentes_colgantes
bn:00075468n	susurro susurrando voz_entrecortada
bn:00075513n	muestra_de_tela muestra_de_tejido muestra trozo swatch
bn:00075584n	natación_agujero
bn:00075601n	suizo suiza suizos francés_de_suiza pueblo_suizo los_suizos swiss
bn:00075617n	silla_giratoria silla_de_oficina
bn:00075643n	syllabicity
bn:00075644n	sílaba silaba sílaba_abierta sílaba_cerrada sílabas monosilabo monosílabo silabas coda_de_la_sílaba decasílabo escarcha_sílaba final inicio_de_la_sílaba núcleo_sílaba polisílabas
bn:00075652n	símbolo simbolo símbolos simbolos simbólica simbólico simbólicos lenguaje_simbolico simbolico simbologia simbología símbolos_religiosos
bn:00075669n	simpatía comprensión entendimiento
bn:00075673n	sinfonía música_sinfónica sinfonías sinfonia sinfonias sinfonismo
bn:00075688n	sinagoga aljama tabernáculo templo esnoga kal templo_judío sinagoga_judía sinagogas
bn:00075696n	sincronización sincronicidad sincronía sincronismo principio_de_sincronicidad sincronizacion sincronizaciones sincronizar synchroneity
bn:00075718n	conjunto grupo sindrome
bn:00075747n	cubismo_sintético
bn:00075759n	sistema unidad
bn:00075760n	sistema naturaleza límite sistema_termodinámico
bn:00075761n	sistema sistema_de_reglas
bn:00075762n	sistema sistema_biológico aparato sistema_de_órganos sistema_orgánico sistemas_biológicos sistema_biologico sistema_organico sistemas_de_organos sistemas_de_órganos
bn:00075763n	sistema
bn:00075785n	tiroxina tetrayodotironina levotiroxina
bn:00075794n	regla_t escuadra t-cuadrado
bn:00075796n	tuberculosis tisis tb tbc antifimico antifímico antituberculosis enfermedad_la_tuberculosis fimia tisica tisico tuberculosa tuberculoso tísica tísico tísis t.b. tubercolosis
bn:00075812n	tabla tabular tabla_de_información matriz_tabular
bn:00075813n	mesa mesa_de_campaña mesita
bn:00075824n	tableau_vivant cuadro_vivo retablo tableaux_vivants
bn:00075833n	superficie_de_la_mesa
bn:00075843n	tabula_rasa tabla_rasa pizarra_en_blanco
bn:00075897n	tahití tahiti otaheite
bn:00075904n	cola rabo colas
bn:00076033n	tangente plano_tangente recta_tangente línea_tangente tangencia tangencial tangentes
bn:00076039n	maraña enredo laberinto
bn:00076158n	lona lona_impermeable lona_tarp lona_alquitranada tela_impermeable tino toldo tela_encerada tarpaulin
bn:00076179n	fuerza_de_tareas task_force fuerzas_de_tarea_conjunta fuerzas_de_acción_conjunta fuerza_operativa unidad_tarea
bn:00076212n	tensión tirantez intensidad
bn:00076252n	contribuyente contribuyente_de_impuestos tributante tributario contribuyentes obligado_tributario
bn:00076299n	teca tectona_grandis madera_de_teca arbol_de_teca arbol_teca arboles_de_teca teca_grande tectona_grandi tectona_theka theka_grandis árbol_de_teca árbol_teca árboles_de_teca
bn:00076301n	tetera hervidor
bn:00076312n	lágrima
bn:00076330n	escuela_técnica instituto_técnico tecnología
bn:00076338n	técnico tecnica tecnico técnica técnicos
bn:00076341n	técnica
bn:00076373n	televisión tv video vídeo tele television televisor señal_de_video señal_de_vídeo video_analogico video_analógico día_de_televisión formato_de_video formato_de_vídeo industria_televisiva senal_de_video senal_de_vídeo telebision telebizion telefotos telespectador televidente television_analogica television_analógica television_terrestre televisiones televisiva televisivo televisión_analógica televisión_internacional televisor_de_color televisora televizion tv. videos vídeo_analogico vídeo_analógico vídeos actriz_de_televisión industria_de_la_televisión pequeña_pantalla telecasting televisores
bn:00076382n	telegrama cable
bn:00076383n	telégrafo telegrafía comunicacion_telegrafica comunicacion_telegráfica comunicación_telegrafica comunicación_telegráfica hilo_telegrafico hilo_telegráfico red_telegrafica red_telegráfica telegrafo telegrafo_electrico telegrafo_eléctrico telégrafica telégrafo_eléctrico cablegrama telegramas telegráfico
bn:00076386n	línea_telefónica línea_telegráfica cable_telefónico cable_telegráfica alambre_de_telégrafo línea_de_telégrafo líneas_telefónicas telefónica_de_alambre telégrafo_eléctrico
bn:00076421n	sistema_de_televisión televisión televisor
bn:00076429n	programa_de_televisión programa_de_la_televisión temporada programación_televisiva programa programa_de_television programa_de_tv programa_televisivo programas_de_televisión programa_tv programacion_de_television programacion_televisiva programación_de_televisión genero_televisivo género_televisivo programa_de_radio programas_de_radio programas_de_television show de_programas_de_televisión demostración_de_la_tv producción_de_televisión programas_televisión serie_de_televisión series_de_televisión
bn:00076457n	temperatura temperatura_del_aire temperaturas temperatura_de_bulbo temperatura_humeda temperatura_termodinamica temperatura_termodinámica unidades_de_temperatura
bn:00076465n	templo templos edificio_religioso lugar_de_culto templo_católico
bn:00076496n	tendencia
bn:00076525n	pista_de_tenis cancha_de_tenis tenis superficie_de_pista_de_tenis cancha cancha_para_tenis pista pistas_de_tenis
bn:00076552n	tensión tension estructura_superior
bn:00076553n	tensión tensión_mecánica tension_mecanica tracción
bn:00076587n	término
bn:00076588n	plazo término fase corto_plazo largo_plazo
bn:00076630n	terrorista
bn:00076647n	prueba ensayo prueba_de_funcionamiento
bn:00076648n	examen prueba test
bn:00076674n	testimonial testimonio celebridad testimonios
bn:00076675n	homenaje referencias tributo
bn:00076677n	testimonio atestación atestiguamiento testificación relato_personal relatos_personales testimonios testificado testificar
bn:00076681n	
bn:00076726n	tejano texano texan
bn:00076732n	texto textos materia_textual
bn:00076740n	textura
bn:00076744n	jueves 5.°_dí día_de_júpiter j ju ju. jue jue. quinto_día
bn:00076767n	gracias agradecimiento muchas_gracias ¡gracia
bn:00076768n	agradecimiento gracias
bn:00076770n	día_de_acción_de_gracias acción_de_gracias día_de_acción_de_gracia_-_maxzdev dia_de_accion_de_gracias accion_de_gracias dia_de_acción_de_gracias día_de_accion_de_gracias dia_de_gracias día_de_gracias thanksgiving día_de_acción_gracias
bn:00076778n	deshielo derretimiento
bn:00076789n	verdad la_verdad el_verdadero
bn:00076816n	entonces
bn:00076825n	teólogo teóloga theologiser theologizer
bn:00076827n	teología teologizar teológica teológico teólogos teologa teologal teologas teologia teologica teologico teologo teologos teológicos teóloga teólogas teólogo erudito_religioso sistema_teológico teológicamente
bn:00076831n	teorema teorema_matemático teoremas teorema_matematico
bn:00076834n	teoría teoria objeto_de_estudio teorias teorica teorico teoricos teorías teórica teórico teóricos
bn:00076843n	terapia tratamiento cura terapeutica tratamiento_médico terapias terapéutica tratamiento_medico proceso_terapéutico terapeuticos terapia_no_farmacológica terapéutico terapéuticos tratamientos_médicos terapia_médica tratamiento_de_primera_línea
bn:00076856n	termistor ntc termorresistencia conductividad_térmica resistencia_térmica termistores
bn:00076866n	termopar termocupla par_termoeléctrico par_termoelectrico termopares unión_del_termopar
bn:00076877n	termómetro termometro termometro_digital cronologia_de_las_tecnologias_de_medicion_de_temperatura_y_presion cronologia_de_las_tecnologias_de_medicion_de_temperatura_y_presión cronologia_de_las_tecnologias_de_medición_de_temperatura_y_presión cronologia_de_las_tecnologías_de_medicion_de_temperatura_y_presion cronologia_de_las_tecnologías_de_medicion_de_temperatura_y_presión cronologia_de_las_tecnologías_de_medición_de_temperatura_y_presión cronología_de_las_tecnologías_de_medicion_de_temperatura_y_presion cronología_de_las_tecnologías_de_medicion_de_temperatura_y_presión cronología_de_las_tecnologías_de_medición_de_temperatura_y_presión termometro_de_globo termometro_de_vidrio termómetro_de_globo termómetro_de_vidrio termómetro_digital termómetros
bn:00076918n	cosa movida rollo
bn:00076919n	cosa lo
bn:00076920n	cosa lo
bn:00076921n	cosa
bn:00076922n	cosa
bn:00076923n	cosa
bn:00076924n	cosa
bn:00076925n	cosa característica
bn:00076929n	cosas efectos enseres
bn:00076944n	tercera_base tercero
bn:00076945n	tercero
bn:00077016n	pensamiento
bn:00077028n	hilo hebra hilado hilaza lana hilo_textil hebras hilos número_de_hilos
bn:00077032n	advertencia amenaza aviso intimidación
bn:00077033n	amenaza amenazas amenazar delito_de_amenaza delito_de_amenazas
bn:00077055n	umbral
bn:00077066n	garganta
bn:00077067n	cuello garganta
bn:00077084n	trombosis coagulo_sanguineo coagulo_sanguíneo coágulo_de_sangre coágulo_sanguineo coágulos_de_sangre trombo tromboembolia tromboembolismo trombos trombosis_arterial
bn:00077085n	trombo trombosis coágulo trombos
bn:00077141n	tiroglobulina tg
bn:00077142n	tiroides glándula_tiroides glandula_tiroides fisiopatologia_de_la_glandula_tiroides fisiopatologia_de_la_glándula_tiroides fisiopatología_de_la_glandula_tiroides fisiopatología_de_la_glándula_tiroides glandula_thyroidea glandula_tiroide glandula_tiroidea glándula_tiroide glándula_tiroidea tiroide tiroideo tiroideos folículo_tiroideo
bn:00077143n	tirotropina hormona_tirotrópica het hormona_estimuladora_tiroidea hormona_thyrotrópica tirotropa hormona_estimulante_de_la_tiroides tsh hormona_tirotropica tirotrofina hormona_estimulante_del_tiroides hormona_thyrotrophic
bn:00077158n	tibetano lenguas_tibéticas lenguas_tibetanas idiomas_tibéticos lenguas_tibetano
bn:00077172n	reloj reloj_de_pulsera reloj_pulsera peluco reloj_de_mano relojes relojes_de_pulsera
bn:00077199n	marea mareas marea_baja gran_marea marea_muerta marea_alta marea_viva pleamar ciclo_de_las_mareas high_tide
bn:00077208n	empate
bn:00077209n	tirante atar_haz
bn:00077255n	
bn:00077267n	tiempo hora
bn:00077268n	momento período tiempo época
bn:00077269n	hora momento
bn:00077270n	tiempo horario_oficial intervalo_de_tiempo secuencia_de_eventos
bn:00077271n	
bn:00077281n	reloj_de_fichar reloj_de_tiempo
bn:00077291n	máquina_del_tiempo tiempo_de_máquina tiempo_de_viaje time_machine viajes_en_el_tiempo
bn:00077295n	tiempo_libre vacaciones
bn:00077309n	temporizador sincronizador minutero temporizadores
bn:00077311n	período tiempos
bn:00077318n	timidez
bn:00077321n	medida_del_tiempo momento_escogido
bn:00077365n	punta ápice
bn:00077377n	neumático caucho cubierta llanta rueda neumático_de_coche neumatico neumáticos banda_de_rodadura camara_de_aire cámara_de_aire graining neumaticos pneumático
bn:00077386n	tejido grupo_de_células tejido_biológico tejido_biologico tejido_celular tejido_orgánico tejido_corporal tejidos tejidos_celulares tejido_animal tejido_organico tejidos_organicos tejidos_orgánicos tisular tejidos_humanos
bn:00077387n	papel_de_seda papel_tisú tejido
bn:00077398n	título
bn:00077409n	título
bn:00077433n	tostada pan_tostado brindis torrada tostadas tostá
bn:00077462n	hoy
bn:00077463n	hoy
bn:00077465n	dedos_del_pie dedo_del_pie meñique_del_pie ortejo dedo_meñique dedo dedo_de_pie dedo_pequeño_del_pie digiti_pedis digitus_minimus_pedis dedos_de_los_pies ortejos quinto_dedo quinto_dedo_del_pie
bn:00077516n	tolerancia
bn:00077526n	peaje tollbar barrera_de_peaje
bn:00077549n	mañana
bn:00077550n	mañana
bn:00077552n	sistema_tonal tono_del_sistema
bn:00077553n	tono tono_de_voz comunicación_no_verbal no_verbal
bn:00077554n	tono lengua_tonal tonogénesis lenguas_tonales idioma_tonal tonema tono_palabra tonogenesis
bn:00077571n	bajalenguas depresor_lingual depresores_linguales depresor_de_lengua
bn:00077572n	trabalenguas trabalengua
bn:00077585n	herramienta utensilio instrumento útil herramientas instrumentum
bn:00077586n	fabricación_de_herramientas herramienta-y-die_trabajo
bn:00077593n	dientes diente diente_humano cemento dentadura dental piezas_dentarias capas_de_los_dientes dentadura_humana denticion formula_dental formula_dentaria
bn:00077594n	diente
bn:00077604n	pasta_de_dientes dentífrico crema_dental pasta_dentífrica dentifrico dentrífico
bn:00077607n	parte_alta parte_superior superior
bn:00077608n	parte_superior cima parte_de_más_arriba al_revés lado_superior superior
bn:00077609n	alta_de_la_entrada
bn:00077657n	antorcha linterna antorchas
bn:00077666n	suplicio martirio tormento tortura
bn:00077667n	tornado tornados
bn:00077726n	toque
bn:00077736n	touchdown touchdowns
bn:00077758n	remolque remolcador remolcar
bn:00077760n	remolcador remolcadores barco_remolcador remolcador_de_vapor remolcador_integrado_y_barcazas
bn:00077761n	toalla toallas toallon toallón toballa tobaja
bn:00077766n	torre torre_de_radar torre_de_television torre_del_radar torres_de_radar torres
bn:00077773n	villa ciudad pueblo población villazgo
bn:00077774n	ciudad ciudadanos gente_del_pueblo
bn:00077775n	municipio ciudad pueblo township
bn:00077776n	secretario_del_ayuntamiento secretario_municipal secretario_de_la_ciudad secretario_del_condado
bn:00077784n	conciudadano
bn:00077794n	toxina toxinas biotoxinas
bn:00077813n	calco
bn:00077834n	calco
bn:00077843n	reunión_atlética atletismo
bn:00077851n	tracto
bn:00077872n	escuela_taller_y_casa_de_oficios escuela_taller escuela_vocacional taller_de_empleo escuela_de_comercio escuela_de_formación_profesional escuelas_de_comercio escuelas_de_formación_profesional
bn:00077883n	tradición tradicional tradiciones usanza sagrada_tradicion_apostolica sagrada_tradicion_apostólica tradicion valores_tradicionales
bn:00077884n	tradicional tradicionalismo tradicionalidad tradicionalmente tradiciones tradición
bn:00077888n	tráfico circulación tránsito tránsito_vehicular precedencia tráfico_de_carreteras trafico_vehicular transito_vehicular tráfico_de_vehículos tráfico_vehicular trafico trafico_de_vehiculos transito_automovilistico tránsito_automovilístico circulación_de_vehículos derecho_de_vía leyes_de_tránsito
bn:00077905n	sendero senda rastro_de_caminata camino_de_montana camino_de_montaña pista_para_caminar rutas_de_senderismo sendero_para_bicicletas senderos senderos_para_caminar
bn:00077927n	
bn:00077931n	traidor traidora treasonist
bn:00077966n	transductor sensor_continuo transductores
bn:00077972n	
bn:00078004n	transporte sistema_de_transporte tránsito transporte_público sistema_de_transporte_masivo transporte_masivo transporte_urbano
bn:00078024n	transmisión transmitir
bn:00078033n	transmutación transubstanciación transustanciación
bn:00078040n	transpiración
bn:00078046n	transporte transport
bn:00078085n	viaje desplazamiento viajes viajar
bn:00078102n	bandeja azafate batea charola
bn:00078120n	tesorería erario hacienda_pública tesoro_público tesoreria
bn:00078131n	árbol arbol árboles arboles arboreo arbórea arbóreo árborea árboles_jóvenes
bn:00078188n	caballete
bn:00078195n	triyodotironina
bn:00078204n	sondeo
bn:00078207n	juez_procesal juez_de_primera_instancia
bn:00078225n	fosfato_trisódico fosfato_de_sodio_tribásico ortofosfato_trisódico e339iii fosfato_sódico
bn:00078292n	trimness
bn:00078313n	trío
bn:00078318n	viaje
bn:00078365n	victoria triunfo éxito
bn:00078366n	triunfo trinfo
bn:00078394n	tropa tropas
bn:00078424n	problema contrariedad dificultad molestia problemas
bn:00078425n	preocupación inquietud problema zozobra aflicción cuita tribulación dificultad desasosiego preocupacion
bn:00078439n	plataforma camión_de_cama
bn:00078450n	agresividad violencia truculency
bn:00078460n	verdad declaración_verdadera
bn:00078479n	baúl trompa baul tronco
bn:00078498n	verdad criterios_de_verdad la_búsqueda_de_la_verdad veracidad verdadero
bn:00078509n	tsunami maremoto sunami tsunamis ola_de_bahía ola_de_puerto recogida_de_la_mar recogida_del_mar salida_de_la_mar salida_de_mar salida_del_mar maremoto_tectónico maremotos
bn:00078520n	tubo tubería canal caño
bn:00078546n	martes mar 3.°_dí día_de_marte m ma ma. tercer_día tercer_dia
bn:00078571n	acróbata volteador
bn:00078602n	afinación sintonización sintonía afinacion desafinacion desafinacion_musical desafinación desafinación_musical sistema_de_afinación sistema_de_afinacion sistemas_de_afinacion sistemas_de_afinación afinación_musical puesta_a_punto
bn:00078621n	turbina turbomaquina turbomáquina motores_de_turbina turbinas
bn:00078656n	giro bocacalle
bn:00078725n	espectadores audiencia_televisiva telespectador telespectadores televidente tv_audiencia viendo_audiencia
bn:00078730n	tweed
bn:00078738n	año año_gregoriano ma mes_doce
bn:00078778n	dos_tercios
bn:00078798n	tipo
bn:00078809n	máquina_de_escribir máquinas_de_escribir maquina_de_escribir maquinas_de_escribir línea_de_linotipia máquina_de_escribir_eléctrica
bn:00078813n	mecanografía escritura_a_máquina tecleado dactilografia dactilografía mecanografia dactilografico dactilográfico mecanografiar mecanografica mecanograficas mecanografico mecanograficos mecanográfica mecanográficas mecanográfico mecanográficos
bn:00078824n	tipografía
bn:00078848n	gobierno_federal_de_los_estados_unidos estados_unidos e.e.u.u. eeuu gobierno_de_eeuu gobierno_de_los_estados_unidos gobierno_de_estados_unidos del_gobierno_de_ee.uu. ee.uu gobierno_de_ee.uu gobierno_de_ee.uu. gobierno_de_los_ee.uu gobierno_estadounidense gobierno_federal_de_estados_unidos gobierno_federal_de_los_ee.uu
bn:00078873n	ucraniano idioma_ucraniano lengua_ucraniana uk idioma_ruteno_meridional idioma_ucranio transcripción_del_ucraniano українська ucranio
bn:00078898n	ultracentrifugación ultracentrifugacion
bn:00078906n	radiación_ultravioleta luz_ultravioleta ultravioleta rayos_ultravioleta iluminación_ultravioleta radiacion_ultravioleta radiación_uv rayos_ultravioletas rayos_uv luz_negra radiacion_uv radiaciones_ultravioletas radiaciones_uv rayo_ultravioleta rayos_uva ultraviolada ultraviolado ultravioletas cerca_de_ultravioleta luz_uv ultravioleta_cercano ultravioleta_de_vacío ultravioleta_lejano ultravioleta_profundo uv
bn:00078931n	organización_de_las_naciones_unidas naciones_unidas onu o.n.u. united_nations organizacion_de_las_naciones_unidas nn._uu. un uno 🇺🇳 comunidad_mundial nn.uu. o.n.u o_n.u o_n.u. o_n_u o_n_u. oficina_de_coordinacion_de_ayuda_humanitaria oficina_de_coordinación_de_ayuda_humanitaria operaciones_de_mantenimiento_de_la_paz organizacion_de_naciones_unidas organizacion_mundial_de_las_naciones_unidas organización_de_naciones_unidas organización_mundial_de_las_naciones_unidas sistema_de_las_naciones_unidas u.n
bn:00078945n	desconocimiento ignorancia
bn:00078951n	tío tio tío_abuelo
bn:00079036n	onda ondulación movimiento_ondulatorio onda_bidimensional onda_superficial mecanica_ondulatoria mecánica_ondulatoria ondas valle
bn:00079079n	uniforme uniformado uniforme_militar uniformes_militares
bn:00079106n	unidad unidad_de_medida unidades_de_medida patrón_de_medida unidad_metrologica unidad_metrológica patron_de_medida sistema_de_medicion sistema_de_medición 1_e0 pesos_y_medidas unidad_física
bn:00079107n	unidad elemento módulo
bn:00079108n	unidad
bn:00079112n	coste_por_unidad coste_unitario costo_unitario
bn:00079151n	universidad
bn:00079152n	universidad academia estatus_de_universidad universidad_investigación universidades universidades_de_investigación
bn:00079293n	venus urania diosa_venus venus_erycina venus_felix venus_urania venus_victrix venus_verticordia
bn:00079331n	necesidad urgencia
bn:00079370n	uso
bn:00079372n	utilidad efectividad provecho útil función_de_utilidad maximización_de_la_utilidad teoría_de_la_utilidad
bn:00079373n	usuario nombre_de_usuario usuario_informático usuaria usuarias usuarios cuenta_usuario nombre_de_pantalla screenname usuario_final
bn:00079406n	uto-azteca lenguas_uto-aztecas lengua_uto-azteca lengua_azteco-tanoana lenguas_yuto-nahuas uto_azteca lenguas_uto_aztecas lenguas_utoazatecas lenguas_utoaztecas lenguas_yuto-aztecas lenguas_yuto_aztecas utoazteca familia_lingüístca_yuto-azteca lenguas_yutoaztecas lenguas_yutonahuas ute_azteca yuto-azteca yutoazteca familia_uto-azteca
bn:00079407n	utopía utopia de_optimo_rei_publicae_statu,_deque_nova_insula_utopia libellus_vere_aureus,_nec_minus_salutaris_quam_festivus_de_optimo_rei_publicae_statu,_deque_nova_insula_utopia
bn:00079410n	utópico utopista comunidad_utópica utopismo utopía utopías utópica
bn:00079449n	vacío vacuidad vacío_absoluto
bn:00079451n	vacuolización
bn:00079476n	valle dolina val valle_fluvial consolidación_de_cauces_y_laderas valle_colgante valle_del_río valle_en_forma_de_v valle_glacial valle_glaciar valles valles_colgados valles_colgantes
bn:00079508n	valor l-value l_value r-value r_value valor_real
bn:00079509n	valor
bn:00079516n	valores
bn:00079518n	válvula
bn:00079552n	vexilo aspa estandarte_o_vexilo
bn:00079571n	vapor
bn:00079574n	presión_de_vapor presión_del_vapor presion_de_vapor presion_de_saturacion presion_de_saturación presión_de_saturación tensión_de_vapor la_presión_de_vapor presión_de_vapor_saturación presión_de_vapor_saturado
bn:00079579n	variabilidad mudanza
bn:00079581n	variable cantidad_variable
bn:00079587n	variación
bn:00079618n	vaso vas
bn:00079628n	florero jarrón vasija jarron
bn:00079639n	vaticano palacio_del_vaticano vatican palacio_apostólico palacio_apostólico_vaticano palacio_apostolico_vaticano palacio_vaticano palacio_apostolica palacio_apostolico palacio_apostólica palacio_apostólico_pontificio
bn:00079653n	vector vectorial
bn:00079663n	verduras verdura hortaliza legumbre vegetal veggie
bn:00079675n	vehículo vehículo_con_ruedas medio_de_transporte vehiculo vehicular vehículos vehiculo_con_ruedas vehiculo_a_motor vehiculos vehículo_terrestre vehículo_tierra vehículos_de_carretera
bn:00079676n	vehículo medio
bn:00079681n	vena flebología sistema_venoso las_venas venosas venas venosa venosa_vaso_sanguíneo
bn:00079682n	estilo línea pauta
bn:00079724n	máquina_expendedora distribuidor_automático máquina_de_vending maquina_de_refrescos maquina_expendedora maquinas_expendedoras máquina_de_refrescos máquinas_expendedoras
bn:00079731n	persiana persiana_veneciana celosía
bn:00079771n	venus lucero_del_alba estrella_de_la_tarde lucero_vespertino planeta_venus shukra shukrá vespero véspero
bn:00079779n	verbo
bn:00079807n	vermut vermú vermout vermouth vermu
bn:00079821n	versatilidad adaptabilidad
bn:00079822n	verso versos verso_línea
bn:00079827n	versión
bn:00079833n	vértice vertice
bn:00079847n	vitalidad brío energía fogosidad
bn:00079894n	
bn:00079910n	vicario vicariato vicariatos
bn:00079935n	círculo_vicioso ciclo_virtuoso círculo_virtuoso vicioso
bn:00079984n	proyecto
bn:00079995n	vigilantismo vigilante vigilantes
bn:00080013n	enredadera trepadora vid escandente planta_trepadora planta_de_guía bejuco planta_de_guia cubresuelo enredaderas guiadora liana planta_escandente planta_guiadora plantas_trepadoras rastrera tapizante trepador voluble
bn:00080022n	vino vinos bino leche_de_los_viejos vinatico vinico vinicola vinum vinático vinícola vínico
bn:00080023n	vendimia añada cosecha vino_añejo vino_de_reserva cosechas
bn:00080036n	violencia
bn:00080052n	virgen doncel doncella señorita
bn:00080055n	islas_vírgenes
bn:00080065n	virginiano virginian
bn:00080066n	virginidad virgen doncellez doncel doncella señorita virginidad_femenina vírgenes maagdelijkheid
bn:00080083n	virulencia virulento virulenta
bn:00080092n	viscosidad viscosidad_cinemática viscoso coeficiente_de_viscosidad viscocidad viscosidad_absoluta viscosidad_dinámica no_viscoso viscousness
bn:00080106n	visión
bn:00080111n	visita
bn:00080112n	visita
bn:00080113n	visita
bn:00080115n	visitante visita visitador visitadora
bn:00080130n	visualización visualización_de_productos visualización_del_conocimiento
bn:00080171n	vocabulario léxico
bn:00080175n	sistema_vocálico vocalismo vocal_sistema
bn:00080185n	voz consonante_sonora voz_natural vozarron vozarrón
bn:00080216n	voluntad albedrío volición
bn:00080219n	volea voleo
bn:00080220n	voleibol balonvolea vóleibol vóley voley volleyball volibol vólibol balonvolea_de_pista descripcion_del_voleibol mintonette voleibol_de_pista voleibolista voleo voleyball voleybol volley vóleibol_de_pista vóley_de_pista líbero voleibol_de_interior voleibol_juego
bn:00080229n	volumen volúmenes unidad_de_volumen unidades_de_capacidad unidades_de_volumen volumenes
bn:00080230n	volumen
bn:00080251n	votación voto
bn:00080254n	apoyo voto_de_confianza voto_de_confidencia
bn:00080260n	voting_trust
bn:00080272n	viaje
bn:00080287n	buitre buitres amilcar_volador
bn:00080311n	gofre waffle wafle gofres
bn:00080322n	carreta remolque vagón vůz vagon carro vagones
bn:00080351n	vigilia estado_de_conciencia estado_de_alerta estar_despierto despierto nivel_de_conciencia bolosanthemum bolusanthemum estado_de_consciencia estado_de_la_mente estados_de_conciencia estados_de_la_mente perdida_de_la_conciencia pérdida_de_la_conciencia
bn:00080383n	marcha_sindical salir abandono
bn:00080386n	pared muro muralla tapia
bn:00080387n	pared muro
bn:00080397n	wall_street wall_st.
bn:00080413n	empapelado papel_pintado papel_tapiz decomural papel_de_paredes papel_mural papel_pintado_gofrado papel_pintado_vinilico papel_pintado_vinílico fondos_de_pantalla
bn:00080415n	nuez nogal nogal_común juglans_regia nueces
bn:00080435n	deseo afán querer que_deseen
bn:00080439n	guerra conflagración conflicto lucha_armada guerras conflicto_belico conflicto_bélico conflicto_armado conflicto_militar conflictos_armados belica belico bélica bélico conflagracion guerrera polemologia
bn:00080473n	circunscripción_electoral sala
bn:00080481n	cámara_de_oficiales wardroom
bn:00080495n	advertencia alarma aviso alerta
bn:00080504n	orden resolución_judicial orden_policial warrant fallo_judicial orden_judicial resolucion_judicial resoluciones_judiciales
bn:00080511n	verruga
bn:00080517n	lavado
bn:00080550n	guardia
bn:00080566n	acuarela acuarelas aquarel pinturas_de_acuarela
bn:00080567n	acuarela
bn:00080606n	linea_de_flotacion línea_de_flotación linea_de_flotación línea_de_flotacion flotación línea_de_agua línea_del_agua
bn:00080609n	
bn:00080701n	longitud_de_onda longitudes_de_onda λ longitud_onda sublongitud_de_onda
bn:00080707n	cera cerido cérido ceras
bn:00080720n	manera
bn:00080721n	camino vía trayectoria
bn:00080722n	camino ruta trayecto
bn:00080724n	
bn:00080742n	debilidad astenia síndrome_de_astenización debilidad_muscular
bn:00080746n	riqueza rica rico opulencia abundancia bienestar adinarada adinarado prosperidad ricos riqueza_material wealthiness
bn:00080747n	riqueza
bn:00080748n	fortuna riqueza
bn:00080767n	tejido tejer
bn:00080809n	maleza mala_hierba hierbajo yuyo monte arvense flora_arvense hierbajos malas_hierbas planta_arvense planta_indeseable yerbajo yerbajos malezas
bn:00080815n	día_laborable
bn:00080816n	fin_de_semana finde fines_semana semana_de_trabajo
bn:00080831n	peso tara pesar peso_bruto
bn:00080833n	peso
bn:00080836n	ponderación
bn:00080843n	vertedero presa compuerta vertedero_hidráulico aliviadero vertedero_hidraulico
bn:00080861n	pozo aljibe pozos_de_agua
bn:00080893n	oeste_de_estados_unidos oeste el_oeste oeste_americano oeste_de_los_estados_unidos oeste_estadounidense
bn:00080902n	berlinés_del_oeste berlinés_occidental west_berliner
bn:00080946n	mojabilidad poder_humectante poder_mojante humectabilidad humectación
bn:00080972n	rueda ruedas
bn:00081007n	látigo fuete fusta flagelo latigo zurriaga zurriago buggy_whip
bn:00081031n	whisky whiskey güisqui wiski guisqui wisky
bn:00081052n	blanco blancura albar albo albugineo albugíneo cande candido cano cándido lechoso niveo níveo blancuzco blanquecino color_blanco
bn:00081136n	totalidad todo
bn:00081137n	método_de_palabras_completas
bn:00081171n	
bn:00081182n	peluquero fabricante_de_pelucas
bn:00081220n	vida_silvestre fauna vida_salvaje animal_salvaje flora_salvaje flora_silvestre planta_salvaje plantas_silvestres
bn:00081224n	voluntad
bn:00081239n	buena_disposición buena_voluntad complacencia grado talante voluntad
bn:00081240n	sauce salix sauces salix_sp salix_sp. anemocoria árbol_de_sauce
bn:00081253n	triunfo victoria éxito
bn:00081284n	molino_de_viento molinos_de_viento molino_eólico
bn:00081285n	ventana ventanal ventanales ventanas ventanuco
bn:00081286n	ventana ventanilla vitrina
bn:00081287n	
bn:00081303n	persiana sombra_ventana
bn:00081307n	parabrisas guardabrisa pantalla_de_viento luna_de_vidrio parabrisa
bn:00081311n	windsor_verde
bn:00081336n	ala ala_posterior vuelo_de_los_insectos
bn:00081370n	invierno hibernal hibierno inviernos ivierno invierno_austral
bn:00081386n	alambre alambre_o_hilo_de_cobre_esmaltado
bn:00081387n	cable
bn:00081406n	sabiduría
bn:00081492n	madera albura sámago chapa_precompuesta madera_aglomerada madera_maciza maderable maderera maderero tablero_aglomerado
bn:00081528n	
bn:00081531n	lana comercio_de_la_lana de_lana
bn:00081546n	palabra vocablo palabras
bn:00081547n	palabra
bn:00081564n	palabras
bn:00081568n	trabajo
bn:00081569n	trabajo trabajo_mecánico trabajo_dinamico trabajo_dinámico trabajo_mecanico
bn:00081571n	trabajo_a_bordo workboard
bn:00081581n	obra_de_arte objeto_de_arte obra_artistica obra_artística obra_pictorica obra_pictórica pieza_artistica pieza_artística pieza_de_arte obras_de_arte obra_maestra piezas_artisticas piezas_artísticas piezas_de_arte produccion_artistica producción_artística objetos_de_arte
bn:00081585n	mesa_de_trabajo la_mesa_de_trabajo
bn:00081593n	trabajador
bn:00081594n	
bn:00081626n	estreno_mundial
bn:00081628n	serie_mundial world_series serie clásico_de_otoño serie_mundial_de_beisbol serie_mundial_de_béisbol series_mundiales
bn:00081651n	adoración devoción veneración adoracion culto culto_religioso
bn:00081660n	valor millones
bn:00081680n	ira furor
bn:00081711n	escritor
bn:00081713n	escrito escritura
bn:00081748n	cristalografía_de_rayos_x difracción_de_rayos_x cristalografia_de_rayos_x difraccion_de_rayos_x cristalografía_por_rayos_x cristalografía_de_proteínas estructura_de_rayos_x
bn:00081810n	universidad_de_yale universidad_yale yale collegiate_school_of_connecticut yale_college yale_university la_universidad_de_yale
bn:00081856n	año año_fiscal
bn:00081866n	amarillo azafranado gualdo limonado pajizo rubio amarillento color_amarillo amarillez
bn:00081876n	amarillo_ocre ocre_amarillo
bn:00081893n	gañido yip aullido quejido trino aullando
bn:00081906n	sí
bn:00081909n	ayer
bn:00081950n	joven young_buck
bn:00082021n	cenit cénit zenit apogeo zénit ángulo_cenital
bn:00082068n	luz_zodiacal polvo_zodiacal
bn:00082079n	zonificación zonación zonificacion zonificar ley_de_zonificación leyes_de_zonificación ordenanza_de_zonificación rezonificación
bn:00082118v	abandonar
bn:00082119v	abandonar rendirse renunciar suspender
bn:00082120v	abandonar desalojar evacuar
bn:00082121v	abandonar renunciar
bn:00082131v	raptar secuestrar abducir coger pescar
bn:00082135v	incitar instigar
bn:00082136v	abominar aborrecer detestar execrar
bn:00082137v	morar permanecer quedar quedarse habitar residir
bn:00082138v	soportar tolerar aguantar consentir sufrir apechar digerir sobrellevar condescender
bn:00082139v	acatar cumplir obedecer seguir acceder subordinarse
bn:00082140v	honrar respetar
bn:00082141v	abjurar renunciar retractar retractarse
bn:00082148v	abolir abrogar derogar eliminar suprimir
bn:00082152v	abundar ser_rico ser_abundante
bn:00082155v	dar_la_media_vuelta darse_media_vuelta
bn:00082164v	escapar esfumarse fugarse
bn:00082166v	ausentarse
bn:00082168v	absolver eximir justificar liberar
bn:00082169v	absorber
bn:00082170v	absorber asimilar digerir empapar
bn:00082172v	absorber
bn:00082175v	absorberse abstraerse aislarse concentrarse embelesarse empaparse enfrascarse ensimismarse sumergirse zambullirse
bn:00082177v	absorber atraer ocupar
bn:00082179v	abstenerse dejar desistir inhibirse
bn:00082180v	abstraer
bn:00082181v	afanar atrapar birlar enganchar guindar hurtar mangar quitar robar
bn:00082182v	abstraer
bn:00082185v	abusar pervertir
bn:00082188v	bordear colindar lindar confinar limitar
bn:00082189v	enmendar enmendarse expiar pagar
bn:00082190v	deferir acceder someterse
bn:00082193v	acelerar agilizar apresurar activar aligerar
bn:00082195v	acentuar enfatizar subrayar puntuar recalcar remarcar resaltar hincapié
bn:00082197v	aceptar acceder consentir
bn:00082198v	aceptar querer tomar
bn:00082199v	aceptar acceder consentir
bn:00082200v	aceptar
bn:00082201v	aceptar admitir recibir
bn:00082202v	aceptar admitir asumir adquirir absorber
bn:00082206v	tomar
bn:00082211v	aclamar ovacionar vitorear
bn:00082212v	aplaudir aclamar ovacionar vitorear
bn:00082214v	acomodar adaptar ajustar adecuarse agradar contentar
bn:00082215v	adaptar acomodar ajustar adaptarse conformar regular
bn:00082216v	satisfacer colmar servir
bn:00082221v	acompañar ir_con
bn:00082222v	acompañar
bn:00082223v	acompañar
bn:00082225v	cumplir realizar completar ejecutar llevar_a_término
bn:00082226v	lograr conseguir alcanzar completar realizar llegar
bn:00082227v	armonizar concordar encajar
bn:00082228v	adjudicar conceder conferir destinar otorgar
bn:00082233v	describir informar dar_parte denunciar relatar reportar señalar
bn:00082235v	
bn:00082236v	explicar justificar cuenta
bn:00082238v	acreditar reconocer
bn:00082240v	acreditar reconocer
bn:00082246v	acumular juntar recoger reunir amasar amontonar apilar coleccionar compilar recopilar
bn:00082247v	acumular acumularse amontonar amontonarse conglomerar congregar agregar coleccionar
bn:00082249v	acusar denunciar acusan
bn:00082250v	acusar culpar incriminar
bn:00082256v	amargar acibarar exasperar
bn:00082264v	doler escocer sufrir
bn:00082267v	admitir reconocer conceder
bn:00082268v	acusar_el_recibo acusar_la_recepción
bn:00082272v	reconocer admitir saber
bn:00082273v	informar introducir presentar
bn:00082276v	adquirir lograr obtener conseguir sacar tomar procurarse
bn:00082277v	adoptar asumir adquirir
bn:00082278v	adquirir desarrollar crecer cultivar elaborar producir
bn:00082280v	ganar adquirir ganarse triunfar vencer merecer
bn:00082281v	aprender adquirir instruirse
bn:00082282v	desarrollar elaborar evolucionar
bn:00082284v	comportarse exiliar
bn:00082285v	actuar hacer llevar_a_cabo obrar
bn:00082286v	comportarse hacer actuar comportar comprtarse obrar portar portarse
bn:00082287v	interpretar jugar representar tocar actuar declamar escenificar protagonizar recitar
bn:00082288v	actuar
bn:00082291v	funcionar
bn:00082293v	fingir actuar dissimular
bn:00082294v	actuar interpretar jugar representar tocar
bn:00082295v	actuar_como
bn:00082297v	
bn:00082299v	
bn:00082300v	reconstruir
bn:00082305v	demandar contender litigar pleitear proceder procesar querellar
bn:00082306v	accionar activar desencadenar provocar
bn:00082311v	realizar actualizar advertir sustanciar llevar_a_cabo
bn:00082313v	motivar incitar instigar propulsar
bn:00082315v	improvisar
bn:00082316v	adaptar ajustar conformar regular adaptarse ajustarse conformarse
bn:00082317v	adicionar añadir juntar agregar agregarse sumar
bn:00082318v	añadir agregar adicionar
bn:00082319v	conceder contribuir otorgar aportar propiciar agregar añadir
bn:00082321v	agregar sumar
bn:00082326v	
bn:00082327v	sumar adicionar
bn:00082328v	ser_lógico tener_sentido
bn:00082332v	dirigirse
bn:00082333v	dirigirse hablar
bn:00082334v	dirigir
bn:00082335v	
bn:00082336v	aplicarse_a dedicarse tratar
bn:00082339v	abordar dirigir tratar
bn:00082343v	
bn:00082344v	adherirse adherir aferrar aferrarse pegarse
bn:00082347v	adherirse adherir asociarse atar encolar incorporarse liar ligarse pegar pegarse unirse vincular
bn:00082348v	colindar contactar lindar palpar tocar colindar_con lindar_con
bn:00082350v	aplazar posponer
bn:00082352v	adjudicar declarar estimar juzgar revelar
bn:00082353v	juzgar instruir enjuiciar
bn:00082354v	decidir resolver solucionar adjudicar dirimir solventar
bn:00082355v	implorar rogar suplicar adjurar conjurar requerir pedir
bn:00082357v	ajustar colocar corregir adecuar
bn:00082358v	alinear ajustar arreglar
bn:00082363v	administrar
bn:00082364v	distribuir asignar repartir adjudicar conceder destinar dispensar
bn:00082367v	admirar respetar
bn:00082368v	admirar contemplar
bn:00082369v	admitir dar_entrada
bn:00082370v	admitir incluir integrar contemplar englobar
bn:00082375v	amonestar avisar prevenir
bn:00082376v	advertir amonestar reprender
bn:00082379v	adoptar seguir tomar
bn:00082380v	adoptar apropiarse
bn:00082381v	asumir adoptar adquirir tomar investir hacerse_cargo
bn:00082382v	adoptar ahijar
bn:00082386v	adornar ornar decorar embellecer aliñar ornamentar engalanar
bn:00082392v	bosquejar esbozar perfilar esquematizar abreviar delinear resumir sintetizar
bn:00082394v	adentrarse anticipar avanzar avanzarse internarse
bn:00082395v	avanzar exponer proponer propugnar
bn:00082396v	anticipar ascender aumentar fomentar promover
bn:00082397v	promover auspiciar estimular impulsar animar anticipar favorecer fomentar incentivar potenciar propulsar
bn:00082399v	adelantarse anticipar avanzar avanzarse ganar internarse
bn:00082400v	anticipar avanzar progresar
bn:00082402v	anticipar ascender promover
bn:00082408v	arriesgar aventurar apostar arriesgarse aventurarse correr_un_riesgo poner_en_peligro peligrar
bn:00082409v	aventurar poner_en_peligro
bn:00082410v	advertir atender escuchar_atentamente prestar_atención prestar_oído
bn:00082412v	citar mencionar nombrar advertir aludir mentar referir
bn:00082413v	publicitar anunciar hacer_saber
bn:00082415v	aconsejar dar_consejos advertir asesorar notificar
bn:00082416v	informar advertir anunciar apercibir avisar noticiar notificar participar notificará
bn:00082417v	proponer sugerir advertir
bn:00082418v	recomendar aconsejar abogar exhortar instar preconizar
bn:00082424v	convertir_en_aerosol pulverizar
bn:00082426v	afectar conmover impactar repercutir tocar
bn:00082427v	afectar afectan
bn:00082428v	afectar comprometer implicar influir involucrar implican
bn:00082429v	fingir pretender afectar aparentar simular
bn:00082430v	afectar conmover impresionar repercutir influenciar
bn:00082432v	afiliar relacionar alternar codearse frecuentar relacionarse tratar
bn:00082434v	confirmar sustanciar comprobar constatar corroborar ratificar reafirmar revalidar
bn:00082435v	asegurar atestar certificar garantizar jurar testimoniar afirmar aseverar corroborar verificar
bn:00082437v	pegar fijar
bn:00082441v	permitirse escatimar regatear
bn:00082442v	dar ceder proporcionar conferir
bn:00082447v	amedrentar asustar atemorizar espantar asustarla
bn:00082457v	adornar decorar echarle_teatro embellecer hinchar meter_paja
bn:00082459v	exasperar irritar agravar deseperar encolerizar exacerbar sublevar
bn:00082462v	agreder arremeter atacar
bn:00082465v	agrupar agruparse
bn:00082466v	agitar combatir fomentar provocar
bn:00082469v	agitar agitarse moverse sacudir
bn:00082470v	agitar sacudir batir sacudirse temblar
bn:00082471v	agitar excitar molestar remover
bn:00082472v	reconocer advertir comprender entender cuenta
bn:00082475v	aprobar asentir concordar convenir acordar coincidir estar_de_acuerdo pactar acuerdo
bn:00082476v	acceder aceptar acordar convenir estar_de_acuerdo pactar ponerse_de_acuerdo acuerdo
bn:00082477v	corresponder igualar acordar coincidir convenir pactar parecer ser_igual_a concordar equivaler
bn:00082481v	ayudar asistir auxiliar socorrer
bn:00082482v	ayudar auxilio ayuda mejorar soportar subvenir
bn:00082484v	afligir
bn:00082485v	apuntar aspirar capacitar dirigir educar entrenar
bn:00082486v	aspirar proponer proponerse
bn:00082488v	
bn:00082489v	apuntar dirigir
bn:00082493v	emitir transmitir divulgar radiar retransmitir difundir trasmitir
bn:00082507v	alarmar alertar
bn:00082520v	alinear coordinar
bn:00082521v	alimentar dar_el_sustento nutrir
bn:00082526v	saciar aliviar apaciguar apagar aplacar calmar remojar suavizar
bn:00082527v	afirmar alegar decir declarar sentenciar
bn:00082530v	aliviar apaciguar mitigar paliar salvar suavizar
bn:00082531v	facilitar aliviar aflojar aflojarse aligerar laxar mitigar
bn:00082535v	adjudicar asignar destinar repartir
bn:00082536v	permitir dejar aprobar autorizar
bn:00082537v	permitir aprobar consentir dar_permiso dejar sancionar
bn:00082538v	asentir conceder permitir adjudicar conferir
bn:00082539v	destinar reservar apartar designar
bn:00082540v	dejar permitir
bn:00082541v	tomar_en_cuenta incluir prever calcular considerar
bn:00082553v	cambiar alterar modificar mudar retocar transformar variar
bn:00082554v	alterar cambiar mudar transformar variar
bn:00082558v	altercar discutirse disputar pelearse
bn:00082565v	amalgamar fusionar cohesionar mezclar mixturar unificar unir
bn:00082567v	asombrar confundir desconcertar incomodar irritar molestar sorprender
bn:00082571v	emboscar esconderse estar_al_acecho
bn:00082573v	mejorar corregir perfeccionar ameliorar arreglar enriquecer
bn:00082574v	adelantar ganar mejorar progresar
bn:00082575v	corregir enmendar rectificar
bn:00082585v	
bn:00082586v	amplificar magnificar
bn:00082587v	exagerar ampliar magnificar
bn:00082588v	ampliar amplificar ensanchar expandir
bn:00082596v	analizar estudiar examinar explorar inspeccionar escudriñar observar
bn:00082602v	maldecir maldición
bn:00082605v	anclar
bn:00082606v	anclar
bn:00082612v	desviar torcer
bn:00082613v	inclinar ladear ladearse
bn:00082614v	pescar
bn:00082620v	afligir angustiar atormentar doler
bn:00082622v	opinar expresarse
bn:00082627v	animar avivar exaltar inspirar revigorizar
bn:00082630v	reanimar reavivar revivificar remozar renovar
bn:00082634v	anihilar aniquilar diezmar eliminar erradicar
bn:00082637v	anunciar proclamar notificar dar_a_conocer hacer_saber informar poner_en_conocimiento
bn:00082638v	anunciar declarar manifestar
bn:00082639v	anunciar proclamar
bn:00082640v	anunciar presagiar vislumbrar
bn:00082641v	irritar molestar agobiar fastidiar incomodar enfadar mortificar provocar vejar importunar jorobar le
bn:00082643v	anular cancelar contradecir dar_una_contraorden derogar invalidar invertir rescindir retractar revocar abolir suprimir
bn:00082646v	responder contestar reaccionar repetir replicar
bn:00082647v	contestar responder
bn:00082648v	contestar responder
bn:00082649v	comprender resolverse resolver solucionar
bn:00082650v	responder
bn:00082656v	contrariar contrarrestar llevar_la_contra llevar_la_contraria
bn:00082659v	pagar
bn:00082665v	esperar anticipar prever
bn:00082666v	prever anticipar anticiparse
bn:00082667v	anticipar preveer prevenir prever saber_de_antemano
bn:00082668v	predecir anticipar prever pronosticar augurar presagiar vaticinar
bn:00082669v	esperar
bn:00082683v	horrorizar chocar consternar deshonrar escandalizar impactar indignar insultar ofender
bn:00082684v	vestir ataviar
bn:00082686v	requerir
bn:00082689v	apelar invocar
bn:00082690v	parecer aparentar aflorar mirar
bn:00082691v	aparecer aflorar asomar comparecer parecer aparecen
bn:00082692v	aflorar aparecer estrenarse salir
bn:00082693v	parecer
bn:00082694v	aparecer
bn:00082697v	apaciguar calmar aliviar aplacar pacificar sosegar suavizar
bn:00082700v	adjuntar agregar añadir
bn:00082705v	emplear utilizar aplicar usar aprovechar esgrimir
bn:00082706v	aplicarse valer
bn:00082707v	solicitar demandar
bn:00082708v	aplicar
bn:00082711v	usar aplicar practicar utilizar
bn:00082712v	aplicar imponer forzar hacer_respetar
bn:00082715v	designar nombrar nominar
bn:00082716v	designar nombrar acusar
bn:00082720v	evaluar estimar tasar valorizar aforar apreciar medir valorar valuar avalorar calificar
bn:00082722v	agradecer apreciar estimar valorar
bn:00082723v	comprender entender hacerse_cargo_de apreciar
bn:00082724v	apreciar atesorar estimar valorar valorizar
bn:00082728v	aprehender arrestar detener prender apresar atrapar capturar clavar coger pillar
bn:00082732v	aproximar abordar acercar acercarse acostar aproximarse encarar subir venir
bn:00082733v	acercarse rayar aproximarse avecinarse acercarse_a aproximarse_a
bn:00082734v	emprender abordar encarar acometer
bn:00082735v	venir aproximarse llegar
bn:00082736v	aproximarse acercarse presentar
bn:00082739v	apoderarse capturar conquistar dominar invadir ocupar apoderar captar confiscar embargar incautar tomar apropiarse
bn:00082740v	aprobar homologar sancionar
bn:00082743v	estimar calcular echar tasar
bn:00082748v	mediar arbitrar interceder intermediar terciar
bn:00082750v	arquear arcar
bn:00082754v	argumentar argüir razonar
bn:00082755v	discutir argumentar debatir deliberar polemizar reñir
bn:00082756v	indicar apuntar argumentar demostrar señalar
bn:00082757v	cultivar derivar desarrollarse elaborar elevar originar originarse producirse surgir
bn:00082758v	aparecer derivar despertar emerger surgir
bn:00082759v	levantarse alzarse erguirse pie
bn:00082760v	presentarse producirse
bn:00082761v	ascender elevarse subir salir
bn:00082763v	aparecer despertarse levantarse
bn:00082764v	armarse armar apertrecharse
bn:00082768v	evocar provocar suscitar causar despertar estimular excitar incitar educir
bn:00082769v	despertarse despertar desadormecerse despabilarse resucitar
bn:00082770v	agitar conjurar despertar evocar exponer invitar invocar llamar recaudar remover revolver traer
bn:00082771v	energizar estimular excitar incentivar suscitar vigorizar vigorizarse
bn:00082772v	despertar despertarse
bn:00082777v	arreglar colocar disponer
bn:00082779v	realizar arreglar escenificar organizar montar
bn:00082781v	aderezar arreglar arreglarse_el_pelo atusar cardar marcar peinar peinar_con_estilo
bn:00082782v	adaptar arreglar
bn:00082784v	disponer exponer
bn:00082786v	atrapar atirar_la_atención cautivar
bn:00082787v	parar estancar detener
bn:00082788v	llegar alcanzar arribar venir
bn:00082789v	llegar_a triunfar
bn:00082790v	llegar alcanzar arribar contactar ganar lograr obtener pegar
bn:00082791v	reclamar reivindicar atribuirse
bn:00082793v	usurpar anexar apoderar capturar confiscar embargar incautar
bn:00082799v	formular
bn:00082800v	articular pronunciar decir declarar hablar sentenciar
bn:00082810v	
bn:00082811v	determinar encontrar decidir descubrir averiguar
bn:00082812v	asegurar ver asegurarse comprobar controlar garantizar
bn:00082813v	determinar averiguar establecer ver aprender decidir mirar descubrir detectar definir
bn:00082815v	adscribir atribuir achacar adjudicar asignar destinar imputar
bn:00082817v	consultar preguntar informarse inquirir investigar pedir solicitar averiguar
bn:00082818v	pedir requerir solicitar
bn:00082819v	consultar preguntar cuestionar demandar interpelar interrogar hacer
bn:00082820v	esperar anticipar pedir requerir requieren
bn:00082822v	demandar exigir implicar involucrar necesitar pedir precisar preguntar reclamar requerir solicitar exigen requieren
bn:00082824v	buscar buscarse invitar
bn:00082826v	invitar hacer_entrar hacer_pasar invitar_a_pasar
bn:00082828v	convidar invitar
bn:00082829v	calumniar denigrar difamar reputación
bn:00082831v	asfixiar sofocar
bn:00082837v	asaltar agredir atacar violar
bn:00082838v	atacar agredir asaltar
bn:00082843v	aquilatar ensayar
bn:00082844v	intentar tratar ensayar probar buscar pretender tratar_de
bn:00082845v	armar ensamblar montar concentrar congregar construir juntar
bn:00082846v	congregarse reunirse amontonarse armar citar coincidir concentrar congregar juntar juntarse reunir agruparse
bn:00082847v	juntar reunir agruparse concentrar congregar congregarse juntarse recoger reunirse
bn:00082848v	afirmar aseverar mantener sostener conservar
bn:00082849v	defender hacerse_valer hacer_valer reivindicar
bn:00082850v	incidir insistir
bn:00082851v	imponerse
bn:00082857v	asignar atribuir delegar designar adjudicar
bn:00082858v	asignar destinar designar diferenciar especificar
bn:00082859v	poner
bn:00082866v	asistir ayudar
bn:00082867v	servir atender asistir cuidar ser_útil
bn:00082868v	asociar conectar ligar relacionar vincular comunicar entroncar unir enlazar
bn:00082869v	asociarse
bn:00082871v	clasificar ordenar separar encasillar
bn:00082872v	asumir dar_por_sentado suponer adquirir presumir dar_por_hecho dar_por_supuesto
bn:00082873v	adquirir tomar ocupar
bn:00082876v	llevar ponerse vestir
bn:00082877v	asegurar garantizar asegurarse avalar garantir
bn:00082878v	asegurar contar decir
bn:00082880v	dar_confianza tranquilizar
bn:00082881v	asegurar prometer
bn:00082893v	adjuntar unir
bn:00082894v	adherirse engancharse sujetarse
bn:00082895v	adherirse enganchar pegar sujetarse
bn:00082896v	
bn:00082897v	confiscar apoderar capturar decomisar embargar incautar incautarse intervenir secuestrar
bn:00082901v	alcanzar lograr llegar_a conseguir realizar
bn:00082902v	dar_con descubrir encontrar encontrarse hallar lograr tocar_a llegado
bn:00082903v	deshonrar abochornar avergonzar
bn:00082906v	emprender intentar cabo
bn:00082907v	asistir acudir comparecer ir hacer_acto_de_presencia presentarse
bn:00082908v	atender encargarse ocuparse_de ver
bn:00082913v	evidenciar certificar confirmar demostrar manifestar ratificar
bn:00082915v	testificar atestar declarar prestar testimoniar
bn:00082917v	arreglarse ataviar ataviarse embellecer emperifollarse engalanarse ponerse_elegante vestirse_de_gala
bn:00082920v	atraer
bn:00082924v	inspeccionar controlar auditar escrutar escudriñar examinar registrar investigar vigilar
bn:00082926v	
bn:00082927v	aumentar incrementar
bn:00082929v	agorar anunciarse augurar predecir prefigurar presagiar prever pronosticar vaticinar
bn:00082938v	aprobar autorizar facultar
bn:00082947v	servir
bn:00082950v	desquitarse retaliar vengar vengarse
bn:00082951v	
bn:00082954v	evitar prevenir atajar obviar alejar capear desviar detener eludir esquivar prohibir impedir
bn:00082957v	pilotar pilotear volar volar_aviones
bn:00082958v	evitar eludir sortear
bn:00082959v	evitar eludir
bn:00082963v	esperar aguardar anticipar contar esperar_con_expectación espera
bn:00082965v	conferir galardonar otorgar premiar adjudicar conceder asignar atribuir laurear
bn:00082966v	premiar adjudicar conceder conferir otorgar galardonar
bn:00082971v	balar gimotear
bn:00082974v	charlar parlotear
bn:00082977v	consentir malcriar mimar ser_indulgente tener_entre_algodones
bn:00082981v	apoyar aprobar respaldar secundar
bn:00082982v	secundar retroceder
bn:00082983v	apoyar endosar secundar aprobar respaldar segundar sostener
bn:00082992v	retroceder
bn:00082994v	
bn:00082995v	apoyar respaldar
bn:00082997v	asfixiar atascar atorar atrancar congestionar empantanar obstruir
bn:00083013v	
bn:00083021v	jorobar molestar acosar atormentar burlar hostigar importunar joder atosigar dar_la_tabarra
bn:00083024v	estropear frustrar contrariar defraudar desbaratar estafar abortar anular dificultar evitar impedir malograr
bn:00083038v	befarse burlar burlarse cachondearse chancearse chotearse chungearse mofarse molestar pitorrearse recochinearse tomar_el_pelo criticar_constantemente
bn:00083041v	hornear asar asarse cocer enhornar
bn:00083042v	enhornar hornear
bn:00083045v	equilibrar nivelar
bn:00083046v	arquear cuadrar hacer_arqueo hacer_balance saldar
bn:00083054v	aturdir chocar pasmar sorprender
bn:00083055v	chapucear apelotonar arruinar cagarla estropear joderla pifiar chingar chiquear consentir desarreglar desbarajustar desbarrar desordenar echar_a_perder malacostumbrar malcriar mimar regalonear
bn:00083066v	expeler expulsar marginar desterrar exiliar echar aislar excluir
bn:00083067v	fajar precintar vendar
bn:00083077v	cerrar_ruidosamente golpear golpear_violentamente
bn:00083079v	dar_un_portazo
bn:00083081v	hacer_el_amor acostarse coger conocer copular tirar tener_sexo cachar cepillarse chingar culear encantar follar follarse garchar jalar joder pichar saber tirarse vergar dormir encamar
bn:00083095v	confiar fiarse contar fiar atenerse contar_con
bn:00083097v	arruinar hacer_quebrar
bn:00083101v	bautizar cristianar
bn:00083102v	excluir
bn:00083103v	bloquear obstruir impedir obstaculizar
bn:00083116v	negociar regatear
bn:00083132v	activar alegrar animar dar_ánimos estimular exhortar incitar jalear motivar vitorear
bn:00083133v	abuchear befar lanzar_improperios_contra mofarse rechiflar burlarse
bn:00083141v	establecer basar fundar fundamentar implantar instaurar instituir sustentar
bn:00083145v	disfrutar gozar saborear gustar
bn:00083146v	tostarse
bn:00083154v	batear bate
bn:00083155v	aletear parpadear_ligeramente pestañear
bn:00083166v	bañar bañarse
bn:00083173v	batallar luchar combatir
bn:00083174v	berrear bramar llorar_a_gritos rugir vociferar
bn:00083177v	reprender amonestar censurar criticar dar_una_paliza discutir echar_una_reprimenda increpar llamar_la_atención poner_verde rechazar reconvenir regañar reprender_a_gritos reprimir reprobar reprochar retar reñir tener_unas_palabras vociferar
bn:00083181v	ser estar
bn:00083182v	ser
bn:00083183v	estar haber ser
bn:00083184v	existir ser haber
bn:00083185v	haber ser ocurrir pasar suceder
bn:00083186v	equivaler ser ser_equivalente significar igual
bn:00083187v	ser constituir integrar representar comprender consistir estar constituyen forman
bn:00083188v	ser seguir
bn:00083189v	representar caracterizar encarnar personificar ser
bn:00083193v	costar valer
bn:00083195v	flotar derivar soplar
bn:00083196v	planear planificar
bn:00083198v	esforzarse esmerarse
bn:00083199v	nacer
bn:00083200v	derivar resultar
bn:00083202v	inclinar inclinarse soler tender tienden
bn:00083214v	picotear
bn:00083216v	brillar lucir relucir relumbrar resplandecer
bn:00083221v	tener
bn:00083222v	dar_a_luz parir alumbrar entregar nacer tener traer_al_mundo
bn:00083223v	llevar traer
bn:00083224v	dar producir
bn:00083225v	contener encerrar llevar portar poseer soportar sostener contienen
bn:00083226v	pagar producir rendir dar devengar
bn:00083227v	llevar vestir portar
bn:00083228v	ostentar ejercer ocupar
bn:00083229v	llevar portar levantar
bn:00083231v	llevarse
bn:00083234v	arremeter cargar embestir
bn:00083240v	concernir incumbir atañer palpar referir referirse relatar respectar tocar tratarse competer corresponder preocupación
bn:00083241v	incitar animar
bn:00083242v	preservar continuar mantener persistir seguir sustentar conservar
bn:00083243v	corroborar confirmar secundar sostener sustentar
bn:00083245v	testificar testimoniar declarar demostrar evidenciar mostrar presentar prestar probar revelar ser_testigo
bn:00083246v	
bn:00083247v	derrotar ganar triunfar vencer aplastar bombardear dar_una_paliza dominar
bn:00083248v	apalear pegar dar_una_paliza derrotar golpear
bn:00083249v	batir_a_golpes golpear_repetidamente
bn:00083250v	aporrear golpear latir
bn:00083251v	golpear
bn:00083252v	golpetear martillear tamborear tamborilear
bn:00083256v	batir revolver
bn:00083267v	burlar
bn:00083268v	agotar agotarse
bn:00083272v	repeler repulsar
bn:00083281v	embellecer hermosear adornar decorar
bn:00083284v	calmarse estabilizar estabilizarse tranquilizarse
bn:00083285v	acaecer acontecer
bn:00083286v	acontecer ocurrir pasar suceder acaecer
bn:00083288v	cautivar conquistar enamorar encantar fascinar captar capturar deleitar embrujar
bn:00083289v	hacer_señas hacer_ceña
bn:00083292v	anieblarse nublarse cubrir ocultar tapar velar
bn:00083293v	ponerse constituir devenir iniciar llegar_a_ser tornar volverse contraer llegar ir
bn:00083294v	volverse convertir hacer hacerse tornar convertirse transformarse
bn:00083295v	hacerse llegar_a_ser
bn:00083301v	acostarse echarse encamarse estirarse ir_a_dormir irse_al_catre retirarse tenderse tumbarse
bn:00083303v	acostarse encamarse
bn:00083309v	confundir aturdir dejar_perplejo desorientar tirar desconcertar
bn:00083312v	ensombrecer nublar ofuscar
bn:00083317v	fortalecer consolidar reforzar
bn:00083324v	escaparse salir_huyendo
bn:00083325v	adecuar ajustar concordar convenir ser_adecuada ser_propio_de
bn:00083326v	engañar tomar_el_pelo
bn:00083327v	confundir defraudar embabucar embaucar embaír encandilar engatusar engañar enredar falsear timar
bn:00083331v	suplicar rogar implorar rezar
bn:00083332v	pedir rogar solicitar suplicar implorar
bn:00083336v	concebir engendrar generar producir
bn:00083340v	comenzar iniciar empezar principiar estrenar originar partir
bn:00083341v	comenzar empezar iniciar surgir estrenar partir
bn:00083342v	empezar iniciar arrancar comenzar principiar estrenar originar partir
bn:00083350v	ensuciar emporcar enmugrecer manchar
bn:00083355v	decapitar descabezar
bn:00083356v	advertir contemplar distinguir divisar mirar observar ojear percibir ver vigilar
bn:00083359v	machacar
bn:00083366v	asediar sitiar cercar bordear circunvalar poner_sitio rodear
bn:00083367v	contradecir desmentir
bn:00083369v	creer confiar considerar
bn:00083370v	considerar creer opinar pensar estimar creo
bn:00083371v	considerar
bn:00083372v	creer tener_fe
bn:00083374v	
bn:00083386v	
bn:00083387v	
bn:00083391v	pertenecer habitar radicar residir viure pertenecen
bn:00083395v	apresurarse correr darse_prisa lanzarse precipitar precipitarse apurarse
bn:00083397v	deplorar lamentar quejarse sentir
bn:00083400v	
bn:00083402v	doblar doblarse doblegar flexionar torcer
bn:00083403v	doblar doblarse
bn:00083404v	curvar doblar girar rotar torcer
bn:00083405v	inclinarse agachar inclinar doblarse
bn:00083406v	torcer
bn:00083413v	beneficiar beneficiarse adquirir aprovechar aprovecharse ganar obtener_frutos sacar_provecho sacar_ventaja
bn:00083414v	beneficiar
bn:00083426v	acosar acosar_sexualmente aperrear asediar atosigar causar fastidiar hostigar molestar molestar_repetidamente perseguir plagar provocar
bn:00083436v	indicar apuntar demostrar
bn:00083437v	pedir rogar solicitar
bn:00083446v	conceder dar otorgar
bn:00083448v	montar
bn:00083449v	apostar apuesto
bn:00083455v	traicionar
bn:00083457v	abandonar fallar traicionar
bn:00083458v	poner_los_cuernos engañar ser_infiel traicionar pegar_los_tarros poner_el_gorro poner_las_guampas poner_los_cachos sanchear
bn:00083472v	ofertar ofrecer pujar oferta
bn:00083473v	decir desear
bn:00083476v	invitar
bn:00083483v	defraudar engañar
bn:00083490v	ondular
bn:00083494v	amarrar atar sujetar
bn:00083496v	obligar
bn:00083498v	atar amarrar empatar ligar
bn:00083501v	rematar
bn:00083503v	devorar atracarse engullir tragar ahitarse apiparse atiborrarse_de empacharse glotonear hartarse_de ponerse_las_botas vorar
bn:00083513v	ronronear silbar zumbar
bn:00083515v	morder dar_un_bocado
bn:00083524v	acampar vivaquear
bn:00083525v	charlar cotillear disparatar garlar parlotear
bn:00083531v	
bn:00083545v	culpar
bn:00083546v	buscar_defectos culpar meterse_con
bn:00083547v	culpar
bn:00083548v	empalidecer palidecer
bn:00083550v	adular lisonjear halagar
bn:00083552v	olvidar quedarse_en_blanco
bn:00083557v	retumbar
bn:00083559v	convencer camelar engatusar
bn:00083560v	blasfemar imprecar jurar maldecir renegar
bn:00083562v	aplastar chafar chocar estrellar
bn:00083567v	disparar tirar
bn:00083579v	arder llamear
bn:00083581v	gritar pregonar
bn:00083595v	combinar entremezclar entremezclarse fusionar homogeneizar mestallar mezclar mezclarse
bn:00083597v	mezclar combinar conjugar fundir fusionar
bn:00083598v	añadir incorporar
bn:00083599v	bendecir
bn:00083603v	infestar
bn:00083610v	guiñar parpadear pestañear
bn:00083612v	brillar_intermitentemente centellear destellar relampaguear titilar
bn:00083614v	ampollarse
bn:00083622v	apenar bloquear dificultar entorpecer estorbar impedir obstaculizar obstruir
bn:00083623v	detener bloquear estancar obstruir parar
bn:00083632v	desviar obstruir parar
bn:00083646v	florecer
bn:00083647v	abrirse florecer
bn:00083649v	condenar_al_olvido enmascarar enturbiar erradicar esconder ignorar obscurecer ofuscar oscurecer
bn:00083650v	manchar
bn:00083652v	soplar
bn:00083653v	soplar
bn:00083657v	arrojar desgastar desperdiciar malgastar
bn:00083665v	
bn:00083668v	alardear fanfarronear jactarse presumir bravear dragonear fachendear farolear gallardear gloriarse ostentar ufanarse vanagloriarse creerse
bn:00083678v	detonar explosionar explotar
bn:00083679v	agrandar ampliar aumentar engrandecer
bn:00083692v	joderla meter_la_pata pecar pifiar
bn:00083694v	
bn:00083701v	confundir desdibujar entenebrecer enturbiar hacer_confuso mezclar
bn:00083704v	sonrojar abochornar arrebolar enrojecer rosarse ruborizarse sonrojarse sonrosarse
bn:00083709v	alojarse embarcar
bn:00083713v	alardear constar ostentar preciarse
bn:00083716v	menearse
bn:00083725v	encarnar materializar personificar representar
bn:00083729v	atascarse encallarse
bn:00083732v	
bn:00083736v	hervir bullir
bn:00083750v	
bn:00083752v	apurar engullir
bn:00083753v	devorar engullir tragar zamparse
bn:00083760v	bombardear
bn:00083773v	reservar
bn:00083778v	tronar
bn:00083781v	florecer crecer medrar prosperar
bn:00083790v	echar expeler expulsar
bn:00083796v	beber tomar emborracharse soplar tomar_unas_copas
bn:00083797v	rodear cercar circundar envolver
bn:00083799v	bordear enmarcar
bn:00083801v	aburrir aguantar cansar fatigar hastiar
bn:00083802v	perforar aguantar agujerear barrenar cansar horadar taladrar
bn:00083803v	adoptar emprestar tomar_prestado pedir_prestado
bn:00083805v	abrazar estrujar seno
bn:00083808v	molestarse molestó
bn:00083809v	fastidiar molestar
bn:00083824v	rebotar
bn:00083825v	botar rebotar
bn:00083831v	ponerse_bien reanimarse recuperarse reponerse superar
bn:00083833v	saltar botar brincar
bn:00083834v	estrangular limitar restringir
bn:00083838v	inclinar inclinarse
bn:00083848v	invertir revolver volcar
bn:00083855v	afianzar estabilizar
bn:00083857v	
bn:00083864v	acordonar enlazar tranzar trenzar
bn:00083880v	diversificar ramificarse
bn:00083885v	agitar blandir esgrimir balancear ondear ondular prosperar blandear tremolar
bn:00083888v	chacolotear
bn:00083889v	afrontar desafiar perdurar
bn:00083893v	aplastar dilacerar machacar majar moler picar
bn:00083897v	violar insultar ofender transgredir vulnerar
bn:00083898v	abrir_brecha
bn:00083900v	interrumpir romper
bn:00083901v	partirse romperse separarse
bn:00083902v	
bn:00083903v	estropearse romper romperse
bn:00083904v	partir quebrar rajar romper fracturar quebrantar despedazar
bn:00083905v	
bn:00083906v	deshacerse
bn:00083907v	romper
bn:00083908v	interrumpir abandonar discontinuar parar romper suspender descontinuar
bn:00083911v	quebrantar romper violar vulnerar
bn:00083912v	revelar descubrir desvelar divulgar exponer declarar manifestar enseñar exhibir mostrar delatar enseñar_la_pata propalar verle_el_plumero
bn:00083914v	morir averiarse estropearse fallar pararse perecer romper dañarse descomponer descomponerse petar
bn:00083915v	abandonar romper_con
bn:00083917v	romper
bn:00083918v	atenuar debilitar suavizar
bn:00083929v	chocar relegar
bn:00083932v	derrumbarse desplomarse caer ceder colapsar desplomar irse_a_pique romperse
bn:00083950v	romper comprobar fracturarse rajarse resquebrajar romperse quebrar
bn:00083956v	desmontar desarmar desarticular desmantelar desensamblar
bn:00083960v	independizarse
bn:00083961v	escapar huir correr evadir escapado
bn:00083963v	levantar_el_campamento
bn:00083964v	acabar_con derribar destruir romper
bn:00083965v	
bn:00083977v	estallar explotar
bn:00083978v	escapar desatarse escaparse evadir evadirse fugarse huir irse librarse
bn:00083979v	suspender
bn:00083982v	forzar
bn:00083983v	estallar reventar desdoblar explotar rajarse reventarse
bn:00083985v	entrar_en_erupción hacer_erupción irrumpir
bn:00083990v	atravesar penetrar romper traspasar
bn:00083995v	cortar interrumpir parar romper suspender
bn:00083998v	romper cortar separar separarse terminar
bn:00084009v	desayunar
bn:00084018v	respirar aspirar
bn:00084024v	respirar hacer_una_pausa tomar_un_respiro
bn:00084027v	inhalar inspirar aspirar
bn:00084032v	cubrir criar
bn:00084042v	conectar
bn:00084053v	abrir aclarar aclararse despejar despejarse mejorar salir_el_so salir_el_sol
bn:00084056v	desbordarse
bn:00084058v	llevar portar tomar acarrear copar traer transportar cargar trasladar
bn:00084059v	causar producir provocar
bn:00084060v	traer provocar motivar producir
bn:00084061v	llevar traer acercar coger portar mover
bn:00084062v	llevar
bn:00084063v	llevar traer
bn:00084064v	establecer implantar instituir
bn:00084069v	producir causar ocasionar provocar crear
bn:00084071v	curar sanar reavivar
bn:00084073v	devolver llevar_de_regreso regresar traer_de_regreso
bn:00084074v	arriar bajar bajarse
bn:00084075v	derribar derrocar
bn:00084076v	cargar imponer infligir inflingir
bn:00084077v	aterrizar
bn:00084079v	reducir recortar bajar cortar rebajar
bn:00084080v	generar engendrar producir
bn:00084082v	producir crear dar_a_luz parir
bn:00084083v	evocar poner_en_consideración
bn:00084084v	dejar_claro hacer_entender
bn:00084086v	conseguir ganar lograr acceder cumplir_lo_prometido salir_adelante tener_éxito triumfar triunfar alcanzar conquistar obtener vencer
bn:00084088v	introducir presentar traer
bn:00084089v	ganar cobrar hacer adquirir advertir clarificar devengar embolsar
bn:00084092v	lograr conseguir llevarse_el_gato_al_agua
bn:00084093v	inducir provocar
bn:00084094v	lanzar producir sacar
bn:00084097v	descubrir desvelar revelar revelan
bn:00084098v	sacar
bn:00084099v	dictar editar publicar sacar emitir
bn:00084105v	salvar socorrer poner_a_salvo
bn:00084106v	
bn:00084107v	unir acoplar juntar reunir concitar unirse
bn:00084109v	
bn:00084110v	levantar alzar elevar aumentar subir traer izar
bn:00084114v	erizar erizarse
bn:00084119v	difundir diseminar divulgar esparcir propagar dispensar dispersar distribuir repartir comunicar
bn:00084120v	ensanchar
bn:00084121v	extender ampliar ensanchar
bn:00084122v	ensancharse dilatarse ensanchar
bn:00084125v	bordar
bn:00084133v	apurarse asurarse inquietarse
bn:00084134v	abalanzarse aparecer surgir
bn:00084148v	golpearse lastimarse machucarse magullarse
bn:00084149v	ofender dañar herir insultar lastimar lesionar
bn:00084154v	cepillar cepillarse
bn:00084155v	rozar
bn:00084157v	barrer extenderse
bn:00084158v	apartar
bn:00084160v	ignorar descartar desoír destituir excluir
bn:00084162v	pintar untar
bn:00084166v	burbujear
bn:00084169v	
bn:00084173v	in_en_contra ir_contra oponerse resistirse
bn:00084174v	arrancar arremeter cargar despedir disparar sacudirse
bn:00084180v	doblarse encogerse
bn:00084182v	ceder claudicar conceder consentir doblegarse sucumbir
bn:00084184v	brotar florecer retoñar
bn:00084186v	presupuestar
bn:00084191v	mitigar neutralizar tamponar
bn:00084192v	amortiguar paliar suavizar
bn:00084198v	construir edificar hacer producir articular confeccionar crear formar generar
bn:00084199v	crecer desarrollar construir
bn:00084200v	construir crearse establecer
bn:00084209v	basarse descansar
bn:00084211v	desarrollar
bn:00084212v	abombar abultar pandear sobresalir
bn:00084228v	titubear trastabillar tropezar
bn:00084229v	balbucear balbucir tartamudear
bn:00084231v	encontrar hallar dar encontrarse tropezar descubrir
bn:00084235v	chocar colisionar golpearse_contra topar
bn:00084236v	asesinar despachar matar borrar cargarse echarse eliminar matar_violentamente quitar_de_enmedio
bn:00084239v	agrupar empaquetar envolver amarrar atar liar
bn:00084240v	defraudar estafar timar dar_gato_por_liebre embaucar engañar petardear victimizar
bn:00084242v	compactar comprimir empacar empaquetar hacer_bultos apelmazar
bn:00084254v	
bn:00084265v	hurtar robar desvalijar
bn:00084270v	arder quemarse incendiar quemar incendiarse
bn:00084271v	brillar abrasar achicharrar incendiar pegar_fuerte quemar arder estar_al_rojo_vivo fulgir fulgurar iluminar resplandecer
bn:00084272v	incendiar arder consumirse quemarse chamuscar quemar
bn:00084273v	abrasar arder incinerar quemar quemarse
bn:00084276v	abrasarse incendiar
bn:00084280v	broncearse incendiar quemarse
bn:00084287v	detonar estallar explosionar explotar reventar
bn:00084292v	
bn:00084295v	prorrumpir
bn:00084298v	enterrar inhumar sepultar soterrar
bn:00084302v	olvidar desconocer
bn:00084308v	reparar arreglar componer recomponer atender restaurar restituir emendar remendar
bn:00084312v	besar besarse
bn:00084314v	escindir partir quebrarse rasgar rasgarse
bn:00084315v	arruinar desbaratar desintegrar destrozar destruir estropear
bn:00084316v	
bn:00084317v	ocupar ocuparse
bn:00084327v	enganchar cazar_al_espartillo
bn:00084331v	comprar adquirir mercar
bn:00084335v	apadrinar auspiciar patrocinar
bn:00084340v	palmarla
bn:00084343v	morir estirar_la_pata expirar fallecer fenecer pasar_a_mejor_vida perecer sucumbir acudir asfixiar asfixiarse caducar caer_muerto colgar_los_guayos croar dejar_de_existir diñar entregar_el_alma espichar estrangular exhalar_el_último_suspiro finar ir irse_al_otro_barrio palmar pasar perder_la_vida salir salir_de_este_mundo vencer
bn:00084344v	ganar_tiempo
bn:00084352v	conspirar tramar
bn:00084360v	cacarear
bn:00084373v	calcular averigüar codificar computar deducir ocurrírsele
bn:00084374v	calcular augurar contar estimar presagiar prever pronosticar
bn:00084375v	calcular determinar preveer
bn:00084378v	afinar calibrar poner_a_punto
bn:00084385v	bautizar denominar llamar nombrar
bn:00084386v	llamar bautizar designar nombrar denominar
bn:00084387v	telefonear llamar llamar_por_teléfono denominar teléfono
bn:00084388v	gritar vociferar chillar clamar llamar pregonar vocear
bn:00084389v	requerir invocar llamar
bn:00084390v	visitar cumplimentar hacer_venir
bn:00084391v	convocar hacer_llamado
bn:00084393v	
bn:00084411v	señalar distinguir indicar
bn:00084412v	retirar suprimir
bn:00084413v	recordar acordarse evocar rememorar acordar conmemorar
bn:00084416v	convidar invitar convocar pedir requerir
bn:00084417v	buscar recoger recopilar
bn:00084419v	invitar llamar
bn:00084422v	llamar telefonear
bn:00084423v	cuestionar interrogar recusar duda
bn:00084425v	cancelar
bn:00084426v	suplicar
bn:00084428v	exclamar gritar
bn:00084438v	callar aquietar calmar serenar tranquilizar
bn:00084439v	calmarse
bn:00084447v	hacer_campaña
bn:00084448v	
bn:00084450v	enlatar envasar poder
bn:00084451v	despedir echar dar_aviso dejar_cesante despachar destituir exonerar finiquitar poder licenciar
bn:00084454v	anular compensar contrarrestar
bn:00084458v	anular destruir
bn:00084476v	andar_al_galope galopar ir_a_galope
bn:00084481v	cantar entonar salmodiar
bn:00084494v	aprovechar capitalizar lucrar tomar_ventaja
bn:00084508v	captar capturar
bn:00084509v	atrapar capturar
bn:00084524v	importar interesar interesarse preocuparse importa
bn:00084525v	cuidar dar_cuidados
bn:00084526v	aspirar gustar desear preferir gustaría
bn:00084527v	administrar gestionar manejar abordar encarar guiar ocupar ocuparse regentar tramitar tratar
bn:00084528v	preocuparse molestar preocupar
bn:00084531v	apreciar valorar
bn:00084532v	cuidar tratar ocuparse preocuparse trata atender curar
bn:00084533v	titubear tambalearse vacilar
bn:00084536v	acariciar
bn:00084538v	inquietar perturbar distraer intranquilizar molestar trastornar turbar
bn:00084554v	llevar portar cargar efectuar transportar
bn:00084555v	llevar cargar copar portar
bn:00084556v	llevar canalizar conducir dirigir encauzar transmitir transportar portar trasladar
bn:00084557v	expresar transmitir
bn:00084559v	
bn:00084561v	conllevar
bn:00084564v	acarrear llevar
bn:00084565v	llevar
bn:00084573v	convencer persuadir
bn:00084593v	conducir llevar manejar cabo
bn:00084594v	continuar proseguir seguir procederá
bn:00084595v	ejecutar implementar realizar completar llevar_a_cabo
bn:00084596v	
bn:00084597v	trasladar
bn:00084601v	arrastrar acarrear carretear tirar transportar
bn:00084606v	cincelar cortar esculpir grabar tallar
bn:00084607v	labrar tallar cortar trinchar
bn:00084611v	desunir dividir fragmentar partir desdoblar escindir repartir separar
bn:00084618v	cambiar cobrar
bn:00084624v	proyectar echado
bn:00084626v	elegir escoger
bn:00084627v	arrojar lanzar proyectar
bn:00084629v	errar vagar deambular vagabundear caminar girar rondar divagar ir_a_la_deriva
bn:00084631v	arrojar dejar_caer despojarse librarse_de mudar quitarse quitarse_de_encima sacudirse_algo tirar vaciar
bn:00084632v	echar sacar
bn:00084633v	redactar redacción
bn:00084634v	arrojar botar descartar desechar deshacerse echar expulsar naufragar olvidar tirar
bn:00084638v	castigar reprender corregir criticar increpar rectificar reñir
bn:00084641v	debilitar emascular castrar mutilar feminizar
bn:00084646v	catalogar
bn:00084648v	catapultar
bn:00084651v	atrapar sorprender coger pescar pillar
bn:00084652v	captar percibir sentir
bn:00084653v	dar golpear
bn:00084654v	atrapar coger agarrar capturar cazar agazapar prender tomar
bn:00084655v	enganchar amarrar engancharse liarse atrapar
bn:00084656v	coger
bn:00084658v	alcanzar pasar
bn:00084661v	entender escuchar oír_por_casualidad oír_sin_querer
bn:00084662v	ver capturar mirar seguir vigilar
bn:00084676v	
bn:00084677v	dormir_una_siesta echar_una_cabezada echar_una_siesta hacer_la_siesta sestear
bn:00084681v	comprender entender
bn:00084684v	dormir dormitar
bn:00084687v	reponer
bn:00084692v	proporcionar proveer abastecer aprovisionar suministrar surtir aportar cateraje dotar facilitar ministrar suplir
bn:00084699v	causar hacer ocasionar producir provocar
bn:00084700v	estimular causar hacer incentivar inducir ocasionar producir provocar hacer_que obtener
bn:00084708v	retozar brincar cachear divertir juguetear preguntar
bn:00084710v	dejar parar acabar cesar descatalogar descontinuar discontinuar terminar
bn:00084711v	acabar cesar concluir fenecer parar terminar finalizar finir
bn:00084712v	ceder conceder adjudicar conferir otorgar sucumbir
bn:00084713v	ceder entregar despachar librar rendir renunciar
bn:00084714v	celebrar festejar oficiar conmemorar
bn:00084715v	agasajar celebrar festejar
bn:00084725v	centrar concentrar enfocar
bn:00084726v	concentrarse centrar clavar concentrar enfocar fijar enfocarse
bn:00084730v	centralizar concentrar
bn:00084731v	centrifugar
bn:00084733v	pensar reflexionar creer discurrir meditar
bn:00084736v	certificar
bn:00084738v	aprobar certificar confirmar ratificar
bn:00084741v	molestar erosionar
bn:00084744v	escoriar rozar
bn:00084746v	cambalachear regatear
bn:00084756v	acrecentar adeudar
bn:00084758v	desafiar cuestionar disputar impugnar
bn:00084759v	desafiar retar
bn:00084767v	
bn:00084769v	cambiar alterar sufrir_un_cambio transformar variar cambiarse demudarse
bn:00084770v	cambiar abandonar transferir
bn:00084771v	cambiarse mudar
bn:00084772v	cambiar reemplazar canjear convertir intercambiar permutar transformar trocar remplazar
bn:00084774v	cambiar hacer_transbordo
bn:00084777v	invertir revertir trastocar
bn:00084784v	cambiar intercambiar relevar transferir
bn:00084785v	convertir transformar
bn:00084787v	transformarse convertirse girar rotar
bn:00084792v	apuntar canalizar dirigir encaminar guiar indicar liderar maniobrar
bn:00084795v	entonar
bn:00084800v	caracterizar
bn:00084801v	calificar caracterizar
bn:00084802v	carbón_de_leña dibujar_al_carbón hacer_a_carboncillo hacer_a_carbón
bn:00084813v	apuntar
bn:00084831v	perseguir rastrear seguir
bn:00084834v	ahuyentar alejar desvanecer disipar correr largar
bn:00084839v	castañetear chasquear
bn:00084842v	conducir
bn:00084846v	atornillar hacer_trampa los_chichos
bn:00084848v	comprobar repasar revisar investigar
bn:00084849v	comprobar constatar controlar examinar investigar verificar
bn:00084850v	contener controlar comprobar limitar moderar ostentar sustentar cohibir frenar refrenar reprimir
bn:00084851v	pararse_de_repente
bn:00084852v	comprobar revisar
bn:00084856v	entrenar adiestrar amaestrar disciplinar
bn:00084868v	registrarse facturar registrar darse_de_alta
bn:00084869v	check_out irse
bn:00084878v	piar gorjear grillar trinar
bn:00084888v	mascar masticar moderse_las_uñas
bn:00084889v	meditar ponderar cavilar considerar especular reflexionar rumiar preguntarse recapacitar
bn:00084893v	enfriar refrescar congelar congelarse enfriarse refrigerar enfríe
bn:00084898v	tintinear
bn:00084904v	aportar conceder contribuir donar
bn:00084918v	ahogarse asfixiar estrangular sofocarse
bn:00084919v	asfixiar estrangular
bn:00084929v	tragarse
bn:00084931v	elegir escoger seleccionar tomar coger decantar optar triar
bn:00084932v	optar decantar elegir escoger preferir seleccionar triar prefieren
bn:00084933v	elegir escoger
bn:00084935v	picar cortar tajar cortar_en_trozos trocear
bn:00084945v	coreografiar
bn:00084947v	reírse_ahogadamente reírse_bajito reírse_entre_dientes reír_entre_dientes
bn:00084955v	tirar
bn:00084957v	palmotear
bn:00084958v	rendirse abandonar arrojar_la_toalla dejar desistir retirarse tirar_la_toalla
bn:00084959v	resoplar
bn:00084962v	aglomerar amontonar apelotonar reunir
bn:00084965v	agitar
bn:00084976v	cifrar codificar encriptar
bn:00084977v	moverse_en_círculo
bn:00084986v	circular difundirse propagarse
bn:00084988v	circular
bn:00084992v	caminar_alrededor dar_la_vuelta
bn:00084998v	circunscribir limitar
bn:00085005v	citar mencionar
bn:00085007v	citar
bn:00085009v	citar convocar emplazar invitar
bn:00085016v	exigir postular sostener afirmar
bn:00085017v	reclamar reivindicar
bn:00085019v	cobrarse
bn:00085021v	arrastrarse chisporrotear despellejar encaramarse luchar trepar trepar_a_gatas
bn:00085025v	
bn:00085032v	
bn:00085047v	chocar topar
bn:00085059v	limpiar lavar
bn:00085061v	asear_la_casa hacer_el_aseo limpiar limpiar_la_corrupción arreglar
bn:00085069v	limpiar
bn:00085072v	arreglar asear limpiar
bn:00085077v	arreglar descongestionar desobstruir despejar limpiar ordenar recoger retirar
bn:00085078v	
bn:00085079v	claramente clarificar unánimente
bn:00085084v	aclarar clarificar dilucidar esclarecer cristalizar explicar elucidar
bn:00085103v	rematar terminar acabar_con
bn:00085106v	hender desdoblar partir rajar rasgar surcar
bn:00085112v	chasquear
bn:00085114v	chasquear
bn:00085118v	
bn:00085119v	culminar
bn:00085120v	ascender escalar montar subir trepar
bn:00085121v	escalar
bn:00085122v	escalar subir
bn:00085125v	ascender subir
bn:00085127v	
bn:00085132v	aferrar
bn:00085134v	agarrarse
bn:00085138v	cortar tijeretear
bn:00085139v	trotar trote
bn:00085147v	cronometrar
bn:00085148v	fichar marcar picar
bn:00085159v	andar_pesadamente hollar
bn:00085162v	cerrar clausurar tapar cerró
bn:00085163v	cerrar clausurar concluir terminar cerca
bn:00085164v	cerrar clausurar
bn:00085165v	acabar concluir terminar cierren
bn:00085167v	cerrar terminar
bn:00085179v	acercarse_a dirigirse_a
bn:00085181v	cerrar cortar
bn:00085206v	aglomerar agrupar agruparse apiñarse
bn:00085207v	agarrar aferrar apresar asir coger apoderar capturar confiscar embargar incautar prender sobrecoger sujetar apoderarse_de
bn:00085212v	coincidir concurrir
bn:00085214v	cooptar
bn:00085228v	combinar fundirse
bn:00085240v	ladear
bn:00085242v	contonearse pavonearse
bn:00085244v	ondear ondular
bn:00085252v	forzar obligar coaccionar coercer presionar
bn:00085261v	saber comprender conocer entender
bn:00085266v	enrollar enrollarse girar
bn:00085269v	acuñar troquelar
bn:00085271v	coincidir concurrir
bn:00085279v	cooperar colaborar coadyuvar
bn:00085288v	recoger acumular juntar recopilar reunir
bn:00085289v	recoger colectar congregar ensamblar juntar ordenar recolectar recopilar reunir
bn:00085290v	coleccionar meter recopilar
bn:00085293v	colisionar golpear chocar dar pegar tropezar golpeó
bn:00085300v	colonizar
bn:00085302v	colorear colorar
bn:00085303v	
bn:00085312v	escardar desbrozar
bn:00085313v	combinar unir
bn:00085314v	combinar unir componer fusionar juntar
bn:00085316v	agrupar combinar fusionar unir
bn:00085317v	combinar
bn:00085319v	acercarse derivar llegar provenir resultar venir
bn:00085320v	llegar derivar provenir resultar suceder venir
bn:00085321v	llegar llegado
bn:00085322v	resultar seguirse venir
bn:00085323v	
bn:00085324v	brotar derivar provenir resultar surgir
bn:00085325v	
bn:00085326v	llegar
bn:00085327v	derivar provenir resultar venir
bn:00085329v	estar encontrarse pertenecer
bn:00085331v	entrar llegar
bn:00085332v	ocurrir ocurrirse
bn:00085333v	descender provenir derivar proceder resultar
bn:00085334v	andar arreglárselas desenvolverse ir salir viajar ver
bn:00085337v	acaecer ocurrir tener_lugar acontecer llegar_a_ocurrir llegar_a_pasar pasar sobrevenir suceder
bn:00085339v	converger encontrar conocer encontrarse reunirse ver
bn:00085342v	seguir
bn:00085346v	apartar desatar desfijar desligar despegar desunir separar
bn:00085349v	volver_a
bn:00085351v	replicar
bn:00085353v	pasar
bn:00085354v	conseguir
bn:00085356v	caer bajar descender
bn:00085360v	emerger aparecer dictar salir surgir
bn:00085362v	
bn:00085363v	entrar ingresar moverse_adentro
bn:00085369v	cobrar_vida nacer
bn:00085373v	salir aparecer surgir
bn:00085376v	acabar terminar
bn:00085381v	superar
bn:00085382v	sobrevivir superar
bn:00085383v	dar ocurrir topars toparse
bn:00085384v	alcanzar encontrar llegar_a
bn:00085386v	
bn:00085391v	
bn:00085393v	encontrar conseguir hacerse_con
bn:00085394v	arañar
bn:00085396v	adueñarse encontrarse
bn:00085398v	consolar confortar solazar alentar reconfortar
bn:00085399v	aligerarse aliviar dar_alivio laxar mitigar reconfortar relajarse
bn:00085400v	comandar mandar
bn:00085401v	comandar mandar ordenar requerir
bn:00085402v	
bn:00085404v	controlar comandar dominar mandar
bn:00085405v	piratear expropiar incautar requisar arrebatar usurpar
bn:00085406v	conmemorar
bn:00085407v	conmemorar rememorar
bn:00085409v	comenzar embarcarse_en empezar iniciar
bn:00085410v	elogiar recomendar felicitar
bn:00085413v	recomendar elogiar
bn:00085415v	comentar apuntar observar señalar hacer_notar indicar mencionar notar remarcar apostillar acotar
bn:00085422v	simpatizar compadecerse sentir_conmiseración
bn:00085426v	cometer perpetrar
bn:00085427v	dedicar comprometer consagrar consagrarse dedicarse dedicar_a
bn:00085428v	confiar encargar
bn:00085429v	invertir colocar investir
bn:00085435v	comunicar informar transmitir expresar
bn:00085436v	comunicar transmitir comunicarse
bn:00085437v	comunicar contagiar transmitir
bn:00085443v	conmutan
bn:00085448v	compactar comprimir
bn:00085449v	comprimir apretar
bn:00085450v	comparar cotejar
bn:00085451v	comparar
bn:00085452v	comparar equiparar
bn:00085458v	alinearse_con compadecer simpatizar
bn:00085459v	compeler compelir imponer obligar forzar
bn:00085461v	compensar contrapesar corregir
bn:00085462v	compensar indemnisar indemnizar pagar recompensar reparar
bn:00085464v	compensar corregir desagraviar enmendar
bn:00085468v	competir competer contender medirse rivalizar
bn:00085469v	compendiar compilar recopilar integrar
bn:00085471v	quejarse protestar lamentar lamentarse reclamar
bn:00085475v	terminar acabar completar finalizar concluir liquidar acabarse terminarse
bn:00085477v	completar cumplir despachar
bn:00085479v	rellenar completar
bn:00085487v	componer
bn:00085488v	componer escribir integrar redactar
bn:00085489v	componer escribir integrar redactar
bn:00085490v	aplacar serenar sosegar componerse integrar apaciguar aquietar calmarse tranquilizar
bn:00085493v	intensificar
bn:00085496v	percibir entender apreciar comprender sentir ver advertir notar percatarse
bn:00085499v	contener incluir integrar
bn:00085501v	comprometer comprometerse pactar
bn:00085506v	memorizar aprender aprender_de_memoria memorizarse
bn:00085509v	esconder ocultar encubrir tapar
bn:00085511v	confesar admitir manifestarse profesar reconocer
bn:00085512v	adjudicar ceder conceder conferir otorgar sucumbir
bn:00085514v	concebir idear
bn:00085516v	imaginar concebir pensar prever visualizar
bn:00085517v	
bn:00085518v	concentrar
bn:00085522v	preocupar aficionar interesar ocupar atañer concernir importar incumbir
bn:00085527v	avenir conciliar decidir reconciliar
bn:00085528v	concluir inferir razonar deducir
bn:00085529v	acabar concluir terminar liquidar
bn:00085532v	confeccionar
bn:00085535v	confeccionar elaborar encubar pensar_en soñar tramar urdir imaginar pensar
bn:00085544v	censurar condenar
bn:00085560v	estipular disponer concretar condicionar especificar precisar
bn:00085564v	condonar dispensar excusar perdonar
bn:00085565v	
bn:00085566v	dirigir encaminar cabo
bn:00085567v	llevar apoderar conducir copar dirigir encaminar guiar
bn:00085570v	conferenciar acordar confabular conferir consultar debatir
bn:00085574v	consultar
bn:00085575v	confesar
bn:00085577v	confiar
bn:00085582v	aguantar contener sujetar
bn:00085583v	confirmar constatar corroborar reafirmar comprobar consolidar fortalecer fortificar reforzar robustecer
bn:00085589v	contravenir infringir
bn:00085591v	ajustar corresponder encajar adaptarse adecuarse conformarse satisfacer
bn:00085592v	conformar conformarse
bn:00085593v	ajustarse guiarse seguir
bn:00085595v	confrontar encarar enfrentar afrentar afrontar carear
bn:00085596v	afrontar confrontar enfrentar enfrentarse
bn:00085612v	hipotetizar conjeturar especular suponer teorizar imaginar plantear_una_hipótesis
bn:00085613v	acoplar empalmar ensamblar juntar reunir unir acompañar
bn:00085614v	casarse casar contraer_nupcias desposar enlazarse llevar_al_altar matrimoniarse unirse_en_matrimonio
bn:00085621v	
bn:00085623v	atar ligar acoplar asociar comunicar conectar empatar entroncar juntar unir vincular ajustar anudar liar sujetar enlazar
bn:00085624v	unir comunicar conectar entroncar
bn:00085626v	arrear
bn:00085630v	conectar
bn:00085634v	intrigar confabularse confabular conspirar maquinar
bn:00085636v	connotar implicar implica
bn:00085638v	conquistar contener dominar inhibir reprimir
bn:00085641v	consagrar ordenar
bn:00085644v	mantener conservar preservar llevar
bn:00085645v	conservar economizar preservar
bn:00085647v	considerar ver estimar
bn:00085648v	considerar contemplar estimar estudiar juzgar
bn:00085649v	considerar tomar
bn:00085650v	considerar tener_en_cuenta
bn:00085651v	considerar deliberar contemplar discutir estimar
bn:00085653v	mirar ver
bn:00085657v	consistir habitar morar residir yacer
bn:00085667v	clavetear constelar esparcir tachonar
bn:00085670v	confeccionar constituir crear formar forman
bn:00085671v	establecer instaurar constituir encontrar fundar implantar instituir integrar plantar
bn:00085675v	constreñir
bn:00085676v	constreñir constreñirse endurecer endurecerse restringir
bn:00085678v	fabricar manufacturar construir edificar confeccionar
bn:00085679v	construir edificar
bn:00085683v	construir entender interpretar ver
bn:00085686v	consultar buscar
bn:00085689v	consumir tomar comer ingerir
bn:00085690v	consumir derrochar gastar ingerir malgastar
bn:00085692v	consumir agotar comer disminuir ingerir mermar reducir
bn:00085694v	consumar
bn:00085696v	contactar entrar_en_contacto_con llegar
bn:00085700v	adulterar contaminar ensuciar polucionar
bn:00085702v	despreciar menospreciar desdeñar desprecian
bn:00085703v	contemplar considerar
bn:00085704v	contemplar
bn:00085705v	contemplar meditar estudiar
bn:00085709v	impugnar rebatir
bn:00085710v	abordar arreglárselas conformarse contender encarar grapar industriarse ingeniarse soportar tramitar tratar hacer_frente
bn:00085711v	luchar combatir pelear batallar esforzarse_con_denuedo forcejear lidiar pugnar
bn:00085712v	contentar contentarse complacer
bn:00085714v	continuar guardar seguir proseguir mantener
bn:00085715v	proceder avanzar continuar proseguir seguir
bn:00085716v	conservar continuar durar quedarse seguir
bn:00085719v	quedarse permanecer restar perdurar quedar seguir mantenerse_al_margen
bn:00085720v	ampliar continuar cubrir extenderse prolongar seguir
bn:00085725v	contratar contractar contrato
bn:00085727v	coger contraer
bn:00085728v	contraer contraerse achicarse encoger encogerse mermar
bn:00085740v	contraponer contrastar contraponerse contrastarse
bn:00085742v	planear planificar proyectar
bn:00085743v	inventar falsificar formular idear tramar
bn:00085744v	controlar operar
bn:00085752v	convenir convocar reunirse
bn:00085756v	confluir converger
bn:00085760v	conversar departir discursar platicar
bn:00085761v	convertir transformar
bn:00085762v	convertir transformar convertirse
bn:00085767v	convencer persuadir
bn:00085769v	comunicar expresar transmitir trasmitir informar
bn:00085771v	condenar declarar_culpable hallar_culpable
bn:00085783v	cocinar guisar preparar
bn:00085784v	cocinar preparar confeccionar crear formar guisar
bn:00085785v	asar cocer cocinar guisar
bn:00085788v	inventar fabricar
bn:00085794v	coordinar organizar
bn:00085799v	hacer_frente satisfacer corresponder cumplir lidiar_con atender completar terminar cumplir_con llenar
bn:00085805v	copiar imitar aparentar remedar simular
bn:00085828v	acorralar
bn:00085831v	corregir rectificar
bn:00085837v	corresponderse equipararse
bn:00085839v	interpretar personificar representar representan
bn:00085844v	corromper depravar desmoralizar desviar envilecer pervertir profanar solo_miembro_embrujar subvertir viciar
bn:00085851v	costar
bn:00085856v	tos toser
bn:00085859v	contar enumerar
bn:00085860v	contar importar pesar importa
bn:00085863v	contar
bn:00085873v	sabotear socavar minar subvertir trastornar
bn:00085874v	contraatacar
bn:00085875v	compensar contrabalancear contrapesar
bn:00085890v	acoplar casar emparejar relacionar
bn:00085892v	aparear aparearse emparejar emparejarse
bn:00085894v	fluir alimentar correr crecer manar
bn:00085896v	cortejar festejar galantear
bn:00085897v	buscar_el_favor cortejar jotear pololear
bn:00085903v	cubrir recubrir
bn:00085904v	cubrir
bn:00085905v	cubrir
bn:00085906v	cruzar atravesar
bn:00085907v	cubrir informar
bn:00085913v	asegurar cubrir respaldar_financieramente
bn:00085926v	acurrucarse encogerse amilanarse
bn:00085931v	burlar engañar
bn:00085941v	chasquear estallar partir
bn:00085951v	acunar
bn:00085961v	obstaculizar acalambrar dificultar estrangular
bn:00085964v	moler triturar
bn:00085965v	estirarse estirar
bn:00085975v	chocar caer derrumbarse destruirse quebrarse venirse_abajo colisionar estrellar
bn:00085991v	reptar arrastrarse gatear rampar deslizarse ir_a_paso_de_tortuga
bn:00085998v	chirriar crujir rechinar aullar
bn:00086008v	hacer crear causar confeccionar construir criar formar producir provocar realizar
bn:00086009v	crear formar generar hacer producir
bn:00086010v	crear
bn:00086012v	hacer crear formar producir que
bn:00086013v	producir hacer confeccionar crear formar generar hacen
bn:00086017v	abonar acreditar atribuir
bn:00086020v	caminar_de_puntillas escabullirse moverse_con_sigilo
bn:00086023v	
bn:00086039v	contraerse encogerse reaccionar recular retroceder
bn:00086040v	incapacitar inutilizar invalidar lisiar mutilar tullir
bn:00086042v	tostar
bn:00086046v	criticar culpar juzgar
bn:00086048v	criticar examinar repasar revisar
bn:00086050v	gruñir murmurar refunfuñar rezongar
bn:00086052v	hacer_ganchillo
bn:00086057v	canturrear
bn:00086058v	rapar
bn:00086059v	cultivar
bn:00086062v	
bn:00086065v	cruzar cruzarse intersecar intersecarse intersectar
bn:00086067v	abarcar
bn:00086081v	borrar tachar
bn:00086086v	acuclillarse acurrucarse agacharse agachar ponerse_de_cuclillas ponerse_en_cuclillas
bn:00086089v	cacarear cantar
bn:00086090v	apiñar meter arrear
bn:00086114v	oprimir abrumar reprimir
bn:00086115v	aplastar chafar chapotear estrujar machacar majar moler aplastamiento exprimir
bn:00086116v	pulverizar aplastar hacer_añicos machacar triturar
bn:00086122v	llorar lagrimar sollozar lacrimar
bn:00086134v	acomodarse acurrucarse abrazar abrazarse arrimarse estrecharse
bn:00086137v	apuntar recordar soplar
bn:00086147v	cultivar
bn:00086150v	acoparse
bn:00086154v	limitar restringir
bn:00086160v	curvar
bn:00086173v	virar girar voltear
bn:00086178v	cortar perforar seccionar
bn:00086179v	cortar
bn:00086181v	
bn:00086183v	
bn:00086201v	apagar desconectar
bn:00086205v	desairar despreciar ignorar
bn:00086210v	cortar
bn:00086215v	
bn:00086219v	
bn:00086220v	acuchillar cortar
bn:00086221v	derribar tumbar
bn:00086223v	cortar podar segar
bn:00086224v	derribar talar
bn:00086229v	cavar excavar
bn:00086231v	recortar
bn:00086238v	destrizar hacer_pedazos trizar
bn:00086261v	dañar estropear romper
bn:00086266v	
bn:00086268v	humedecer humectar mojar hidratar lavar
bn:00086271v	bailar danzar
bn:00086272v	bailar danzar
bn:00086277v	balancearse caer columpearse columpiarse pender
bn:00086279v	desafiar retar
bn:00086280v	afrontar atrever atreverse osar retar
bn:00086281v	desafiar retar
bn:00086286v	precipitarse
bn:00086291v	acobardar asustar espantar intimidar
bn:00086296v	datar fechar
bn:00086301v	datar remontar remontarse
bn:00086306v	quedarse_atrás retrasarse
bn:00086309v	soñar ensoñar soñar_despierto fantasear
bn:00086319v	
bn:00086332v	abordar encarar tramitar frente
bn:00086333v	comercializar comerciar traficar transar vender
bn:00086334v	
bn:00086350v	debutar
bn:00086357v	decantar escanciar servir verter
bn:00086364v	aminorar desacelerar frenar ralentizar decelerar enlentecer lentificar
bn:00086370v	decidir concluir determinar resolver decidirse
bn:00086371v	
bn:00086378v	declamar recitar
bn:00086380v	declarar manifestar revelar
bn:00086381v	declarar manifestar
bn:00086389v	agravar decaer declinar empeorar desmejorarse empeorarse
bn:00086390v	desestimar rechazar declinar denegar negar rehusar inadmitir niegan
bn:00086391v	declinar rehusar negarse
bn:00086403v	mitigar relajar relajarse
bn:00086417v	disminuir consumirse desmoronarse menguar mermar reducirse
bn:00086418v	disminuir menguar mermar reducir decrecer aminorar menoscabar
bn:00086420v	decretar dictaminar gobernar legislar
bn:00086430v	derivar inferir deducir descontar desgravar provenir
bn:00086432v	deducir restar substraer sustraer descontar desgravar extraer quitar
bn:00086433v	deducir descontar desgravar recobrar retener
bn:00086435v	considerar estimar juzgar mirar observar reputar
bn:00086444v	malversar desfalcar
bn:00086448v	derrotar recuperarse superar vencer
bn:00086449v	echar_a_perder echar_abajo frustrar vencer votar_en_contra
bn:00086452v	defender apoyar respaldar sostener
bn:00086453v	defender evitar defenderse
bn:00086454v	custodiar defender
bn:00086455v	luchar oponerse defender defenderse derrotar enfrentarse oponer oponerse_a pelear
bn:00086456v	defender representar
bn:00086459v	aplazar posponer demorar postergar retrasar diferir prorrogar
bn:00086463v	deslustrar manchar mancillar contaminar ensuciar impurificar profanar
bn:00086464v	definir acotar concretar definirse delimitar delinear especificar precisar aclarar
bn:00086465v	definir
bn:00086466v	definir determinar
bn:00086467v	definir delinear
bn:00086468v	concertar determinar especificar fijar precisar
bn:00086478v	distraer apartar desviar
bn:00086480v	arruinar desflorar deteriorar estropear macular manchar viciar
bn:00086490v	aguantar desafiar resistir soportar sostenerse
bn:00086491v	resistir desafiar oponerse rechazar
bn:00086514v	atrasar demorar
bn:00086515v	atrasar demorar retrasarse
bn:00086517v	delegar diputar
bn:00086519v	complacer agradar gustar deleitar deleitarse disfrutar encantar halagar contentar satisfacer dar_gusto hacer_las_delicias_de placer regocijar
bn:00086520v	deleitar deleitarse disfrutar divertirse encantarse gozar
bn:00086522v	delimitar
bn:00086525v	delinear dibujar pintar rayar trazar bosquejar
bn:00086530v	pronunciar
bn:00086531v	entregar despachar librar
bn:00086532v	entregar abandonar devolver librar
bn:00086533v	rescatar liberar salvar
bn:00086534v	deportar exiliar extradir extraditar
bn:00086535v	dictar emitir entregar pronunciar
bn:00086542v	inundar
bn:00086546v	exigir demandar pedir reclamar
bn:00086547v	demandar exigir reclamar
bn:00086554v	desarmar desmilitarizar
bn:00086557v	mostrar presentar demostrar revelar evidenciar exhibir manifestar obsequiar indicar
bn:00086563v	demoler derribar derruir derrumbar pulverizar
bn:00086567v	demostrar establecer comprobar mostrar probar evidenciar implantar instaurar instituir presentar revelar validar
bn:00086568v	demostrar manifestarse manifestar
bn:00086572v	objetar exceptuar poner_objecciones
bn:00086576v	desmitificar
bn:00086586v	denotar
bn:00086587v	denotar
bn:00086588v	delatar denunciar
bn:00086591v	negar denegar desmentir
bn:00086592v	negar
bn:00086593v	denegar negar rechazar
bn:00086594v	negar
bn:00086600v	ir partir acudir alejarse andar dirigirse encaminarse irse trasladarse
bn:00086601v	desviar divergir variar varían
bn:00086602v	estrenar iniciar irse originar partir separar despegar
bn:00086603v	irse partir escapar marchar marcharse salir abandonar arrancarse_de escaparse_de salir_de
bn:00086604v	abandonar dejar irse largarse marcharse partir retirarse salir
bn:00086606v	depender
bn:00086607v	depender pasar_a recaer dependen
bn:00086611v	mostrar pintar retratar simbolizar
bn:00086612v	describir bosquejar retratar
bn:00086616v	deplorar
bn:00086617v	desplegar
bn:00086619v	desplumar pelar
bn:00086622v	atestar atestiguar deponer jurar testificar
bn:00086626v	adherir calzar depositar encajar enganchar pegar
bn:00086627v	depositar situar ubicar
bn:00086632v	caer
bn:00086636v	despojar privar deprivar desnudar desposeer desproveer
bn:00086652v	ganar recibir sacar derivan obtener
bn:00086653v	derivar provenir
bn:00086654v	educir derivar provenir
bn:00086664v	acechar discernir espiar ver
bn:00086670v	merecer meritar merecen
bn:00086673v	diseñar destinar
bn:00086674v	diseñar
bn:00086675v	diseñar
bn:00086679v	indicar señalar apuntar demostrar designar enseñar mostrar presentar probar revelar muestran
bn:00086680v	designar destinar estar_destinado predecir tener_un_destino
bn:00086681v	destinar designar
bn:00086682v	desear querer
bn:00086683v	aspirar confiar esperar espero
bn:00086685v	destruir devastar arrasar asolar desgastar desolar destrozar gastar arruinar
bn:00086689v	despachar enviar enviar_fuera remitir expedir
bn:00086698v	destruir destrozar arrasar arruinar
bn:00086699v	destruir deshacer arrasar arruinar destrozar romper
bn:00086708v	detectar observar descubrir distinguir divisar encontrar percibir vislumbrar advertir apreciar discernir
bn:00086709v	desalentar desanimar disuadir evitar prevenir asustar
bn:00086710v	desaconsejar distanciar disuadir
bn:00086712v	degenerarse deteriorar deteriorarse
bn:00086713v	determinar moldear forjar formarse influenciar influir regularizarse formar modelar forma
bn:00086714v	determinar concluir resolver
bn:00086715v	determinar
bn:00086716v	acordar decidir determinar resolver
bn:00086717v	detestar odiar abominar aborrecer odio
bn:00086718v	fundir derretir descongelar deshacer derretirse fundirse
bn:00086733v	desarrollar elaborar
bn:00086734v	desarrollar crear desenvolupar evolucionar germinar
bn:00086735v	formular desarrollar elaborar
bn:00086736v	entrenar preparar adiestrar amaestrar capacitar educar formar industriar
bn:00086737v	desarrollar desarrollarse
bn:00086738v	desarrollarse elaborar
bn:00086749v	desviar
bn:00086761v	dar dedicar prestar
bn:00086763v	
bn:00086766v	diagnosticar
bn:00086769v	
bn:00086772v	dializar
bn:00086778v	dictar mandar ordenar prescribir recetar
bn:00086781v	agitar agitarse menear sacudir temblar zarandear
bn:00086793v	imperar perdurar perseverar persistir prevalecer
bn:00086794v	extinguirse
bn:00086797v	diferenciarse diferir discrepar distinguirse difieren
bn:00086798v	diferir discrepar disentir acuerdo no_están_de_acuerdo
bn:00086799v	distinguir deslindar diferenciar discernir
bn:00086800v	destacar diferenciar distinguir marcar
bn:00086806v	difundir diseminar esparcir propagar desplegarse esparcirse propagarse prppagar replegar
bn:00086807v	difundirse extenderse permear cribar harnear
bn:00086809v	afanarse fatigarse trabajar_duro
bn:00086814v	atrincherar
bn:00086816v	examinar
bn:00086818v	desenterrar encontrar excavar
bn:00086833v	exponer elaborar ampliar dilatarse expandir explicar extenderse disertar explayar
bn:00086834v	aplazar
bn:00086865v	mandar ordenar
bn:00086866v	dirigir encaminar conducir
bn:00086868v	enviar despachar echar expedir mandar transmitir
bn:00086870v	articular coordinar dirigir encaminar organizar orquestar
bn:00086871v	incapacitar imposibilitar
bn:00086877v	prohibir desaprobar impedir negar proscribir rechazar vetar
bn:00086879v	desaparecer desvancerse disiparse esfumarse
bn:00086880v	desaparecer desvanecerse disiparse
bn:00086885v	desaprobar
bn:00086892v	desmarcar divorciar divorciarse separarse
bn:00086903v	desnudar despojar desvestir
bn:00086904v	reconocer detectar discernir distinguir percibir sentir vislumbrar sensar podía
bn:00086905v	desmembrar descuartizar
bn:00086907v	descargar echar
bn:00086910v	descargar disparar
bn:00086911v	expeler expulsar
bn:00086913v	descargar despedir disparar echar
bn:00086915v	desalojar descargar descargarse desocupar vaciar
bn:00086922v	confundir desconcertar molestar perturbar turbar
bn:00086924v	desconectar desenchufar
bn:00086931v	discutir disertar hablar
bn:00086933v	aprender descubrir enterarse ver averiguar enterar oír
bn:00086934v	encontrar descubrir
bn:00086935v	descubrir averigüar encontrar
bn:00086940v	discriminar
bn:00086942v	discutir entrar_en_detalles
bn:00086943v	desdeñar desesperanzar menospreciar rechazar despreciar escarnecer
bn:00086944v	liberarse librar librarse
bn:00086951v	desatar retirar
bn:00086954v	desenredar desembrollar desenmadejar desenmarañar enderezar
bn:00086961v	asquear dar_asco rechazar repeler repugnar
bn:00086962v	servir
bn:00086974v	desintegrar desintegrarse disgregar
bn:00086983v	detestar desagradar
bn:00086987v	desplazar resituar mover cambiar
bn:00086988v	arrasar desarticular desmantelar igualar demolir
bn:00086991v	absolver rechazar
bn:00086992v	echar largar
bn:00086995v	agacharse apearse bajarse descabalgar desmontar liviano
bn:00087000v	abandonar renegar renunciar repudiar
bn:00087004v	deshacerse_de prescindir_de
bn:00087005v	dejar renunciar renunicar sacrificar dejar_de_lado
bn:00087007v	dispersar esparcir rociar salpicar
bn:00087012v	desplazar mover trasladar
bn:00087013v	exhibir exponer mostrar desplegar presentar descubrir revelar
bn:00087020v	disponer
bn:00087025v	desatender descuidar ignorar negligir
bn:00087030v	disecar diseccionar anatomizar
bn:00087031v	discrepar disentir
bn:00087037v	derrochar dilapidar disipar disparar malgastar prodigar
bn:00087047v	dejar_atrás distanciar sobrepasar superar
bn:00087052v	destilar purificar
bn:00087063v	desplegar extender dispensar distribuir esparcir
bn:00087065v	dispensar distribuir entregar pasar repartir
bn:00087069v	amontonar apilar distribuir hacinar
bn:00087071v	desconfiar intuir recelar
bn:00087072v	abrumar afligir alterar descomponer incomodar molestar perturbar
bn:00087074v	interrumpir molestar
bn:00087076v	separar dividir disgregar
bn:00087087v	caer_en_picado desplomarse hundirse sumergirse zambullirse
bn:00087098v	dividir fraccionar
bn:00087099v	separar dividir
bn:00087100v	dividir dividirse escindir partir separar separarse
bn:00087106v	hacer
bn:00087107v	hacer ejecutar interpretar llevar_a_cabo practicar correr realizar
bn:00087108v	hacer cumplir realizar
bn:00087109v	ejercer entrenar llevar_a_cabo practicar hacer
bn:00087110v	hacer confeccionar crear formar
bn:00087115v	eliminar acabar_con desembarazarse deshacerse extinguir librarse_de
bn:00087116v	tratar
bn:00087128v	trabajar elaborar
bn:00087135v	adulterar
bn:00087149v	residir
bn:00087151v	prevalecer imperar perdurar predominar reinar superar
bn:00087152v	controlar dominar mandar
bn:00087156v	donar dar
bn:00087162v	dormirse adormecerse quedarse_dormido
bn:00087169v	doblar duplicar duplicarse multiplicar
bn:00087174v	duplicar repetir doblar recalcar reiterar
bn:00087177v	
bn:00087188v	apostar doblar doblar_la_apuesta
bn:00087189v	dudar dudo
bn:00087201v	perfeccionar pulir refinar afinar pulimentar
bn:00087204v	minimizar
bn:00087212v	arrastrar tirar
bn:00087213v	implicar
bn:00087215v	rezagarse
bn:00087216v	dar_caladas
bn:00087222v	alargar alargarse arrastrar prolongarse
bn:00087226v	drenar escurrirse irse vaciar
bn:00087228v	desaguar desembocar drenar vaciar
bn:00087231v	entapizar tapizar
bn:00087232v	cubrir vestir
bn:00087234v	arrastrar tirar estirar remolcar
bn:00087235v	obtener
bn:00087236v	hacer derivar establecer formular formar
bn:00087237v	sacar
bn:00087238v	dibujar
bn:00087239v	exprimir extraer
bn:00087241v	
bn:00087242v	dibujar
bn:00087257v	empatar
bn:00087264v	
bn:00087267v	alejarse retirar jubilar retirarse retroceder suprimir
bn:00087274v	alargar extenderse prolongar
bn:00087276v	educir lograr sacar
bn:00087277v	extraer sacar
bn:00087280v	enderezarse erguirse estirarse pararse
bn:00087284v	temer amedrentarse asustarse espantarse tener_miedo
bn:00087285v	soñar
bn:00087291v	vestir vestirse
bn:00087294v	acicalarse arreglarse vestir
bn:00087295v	
bn:00087304v	engalanar
bn:00087318v	ejercitar practicar hacer_ejercicio
bn:00087321v	beber tomar
bn:00087325v	chorrear destilar gotear
bn:00087327v	conducir guiar manejar impulsar
bn:00087328v	conducir manejar impulsar
bn:00087329v	conducir impulsar manejar
bn:00087330v	dirigir forzar
bn:00087331v	impulsar
bn:00087332v	impulsar
bn:00087348v	repeler repulsar
bn:00087361v	combarse
bn:00087364v	largar
bn:00087365v	bajar caer
bn:00087366v	bajar caer descender
bn:00087367v	hundirse caer caerse dejar_caer hundir sumirse
bn:00087370v	abandonar dejar
bn:00087372v	gastar dejar_caer expender
bn:00087376v	omitir dejar_de_lado dejarse_en_el_tintero
bn:00087382v	escribir redactar
bn:00087383v	agravarse bajar declinar deteriorar empeorar
bn:00087387v	abandonar perder replegarse retirarse retroceder
bn:00087396v	ahogar
bn:00087400v	
bn:00087401v	enjugar secar
bn:00087402v	enjugar secarse secar seque
bn:00087410v	apodar motejar
bn:00087413v	agacharse sumergirse
bn:00087414v	desaparecer eludir esquivar
bn:00087417v	arromar deslucir deslustrar
bn:00087419v	
bn:00087422v	tirar_desperdicios verter
bn:00087436v	desempolvar limpiar_el_polvo
bn:00087441v	habitar morar ocupar poblar residir vivir
bn:00087445v	agotarse desaparecer disminuir menguar
bn:00087449v	dinamitar
bn:00087452v	ganar merecer granjear
bn:00087459v	apartar retirar
bn:00087460v	comer comerse consumir jamar jamarse alimentarse ingerir
bn:00087462v	alimentar alimentarse comer consumir
bn:00087464v	desgastarse erosionar erosionarse
bn:00087474v	hacer_coro recalcar reiterar repercutir repetir resonar
bn:00087475v	resonar retumbar reverberar
bn:00087476v	recordar sonar evocar
bn:00087478v	ahorrar economizar
bn:00087479v	arremolinarse girar remolinear
bn:00087482v	
bn:00087487v	educar
bn:00087491v	causar efectuar ocasionar producir cabo
bn:00087492v	efectuar hacer llevar_a_cabo realizar
bn:00087502v	incitar
bn:00087512v	elaborar llevar_a_cabo
bn:00087513v	deslizarse esfumarse pasar seguir transcurrir trascurrir
bn:00087514v	alborozar embriagar intoxicar regocijar
bn:00087517v	designar elegir
bn:00087518v	elegir escoger
bn:00087527v	
bn:00087530v	deshacerse eliminar librarse obviar
bn:00087531v	descartar eliminar evitar rechazar
bn:00087535v	estirar extender distender ensanchar alargar elongar
bn:00087537v	escaparse
bn:00087543v	emancipar
bn:00087551v	arriesgar arriesgarse aventurar aventurarse embarcar embarcarse
bn:00087554v	implantar embutir empotrar plantar hincar
bn:00087561v	emerger aparecer
bn:00087562v	emerger aparecer salir surgir perfilarse
bn:00087563v	emerger surgir
bn:00087566v	emitir emitir_sonidos
bn:00087568v	atravesar empalar enclavar estacar impalar traspasar
bn:00087572v	subrayar enfatizar remarcar destacar hacer_hincapié recalcar
bn:00087576v	contratar emplear
bn:00087577v	dotar invertir investir
bn:00087582v	emular copiar
bn:00087587v	capacitar habilitar posibilitar
bn:00087588v	promulgar
bn:00087594v	incluír insertar introducir meter poner
bn:00087597v	encontrarse topar tropezar
bn:00087598v	encontrar encontrarse recibir recibirse
bn:00087599v	enfrentar enfrentarse jugar
bn:00087600v	alentar animar impulsar incentivar vigorizar estimular promover
bn:00087605v	aparcer_sin_invitación entrometerse inmiscuirse invadir violar vulnerar
bn:00087606v	incrustar
bn:00087608v	terminar acabar concluir finalizar rescindir fin
bn:00087609v	finalizar
bn:00087611v	acabar finalizar terminar
bn:00087612v	amenazar conminar poner_en_peligro arriesgar exponer_al_peligro hacer_peligrar perjudicar amenazan
bn:00087614v	ganarse_el_cariño
bn:00087615v	esforzarse procurar afanarse empeñarse luchar esforzar
bn:00087617v	sobrevivir perdurar vivir durar persistir aguantar
bn:00087618v	soportar sufrir
bn:00087620v	durar perdurar
bn:00087626v	imponer
bn:00087628v	perseguir proseguir activar participar
bn:00087630v	engranar
bn:00087632v	contratar emplear reclutar
bn:00087633v	engranar
bn:00087640v	
bn:00087641v	intensificar realzar
bn:00087642v	aumentar destacar realzar
bn:00087644v	decir indicar ordenar declarar encargar imponer mandar sentenciar
bn:00087645v	disfrutar gozar
bn:00087646v	disfrutar gozar adorar encantar encanta
bn:00087647v	disfrutar
bn:00087648v	enlazar entrelazar entretejer
bn:00087649v	agrandar ampliar anchar aumentar ensanchar engrandecer
bn:00087650v	agrandar agrandarse ampliar ampliarse aumentar engrandecer ensancharse
bn:00087655v	investigar indagar interrogar preguntar
bn:00087656v	interrogar ponderar preguntar preguntarse
bn:00087657v	enfurecer ensañar encolerizar enconar encorajinar enviscar sublevar
bn:00087658v	enriquecer
bn:00087662v	entrar inscribirse reclutar alistar apuntar enrolar inscribir matricular
bn:00087669v	acorralar atrapar entrampar pillar tender_una_trampa
bn:00087670v	atrapar cazar coger entrampar pescar capturar
bn:00087671v	derivar resultar seguir seguirse suceder
bn:00087672v	acarrear implicar ocasionar comportar presuponer suponer conllevar
bn:00087677v	entrar intervenir participar
bn:00087678v	constar figurar
bn:00087679v	registrar entrar introducir consignar hacer_constar insertar anotar
bn:00087680v	entrar salir salir_a_escena
bn:00087682v	entretener agasajar
bn:00087683v	tener_en_cuenta pensar
bn:00087684v	albergar abrigar mantener
bn:00087689v	tentar incitar inducir
bn:00087690v	autorizar dar_derecho_a
bn:00087695v	confiar dejar entregar
bn:00087699v	enumerar
bn:00087701v	imaginar ver figurarse imaginarse representarse visualizar
bn:00087702v	prever visualizar
bn:00087703v	envidiar
bn:00087704v	epitomar tipificar
bn:00087706v	igualar rivalizar ser_igual
bn:00087709v	equilibrar
bn:00087710v	equipar
bn:00087713v	borrar liquidar borrarse
bn:00087714v	alzar construir edificar erigir levantar
bn:00087717v	equivocarse confundirse entender_mal equivocar errar fallir resbalar
bn:00087721v	escalar intensificar intensificarse
bn:00087723v	echar_de_menos escapar escaparse perderse
bn:00087724v	escapar escaparsse evadir salvarse
bn:00087727v	escapar deshacerse escaparse sacudirse tirar
bn:00087731v	probar ensayar testear tratar demostrar examinar
bn:00087732v	establecer fundar instaurar implantar instituir lanzar
bn:00087733v	establecer poner construir instituir nombrar legislar
bn:00087734v	dar establecer
bn:00087736v	estimar valorar apreciar reputar respetar
bn:00087737v	considerar estimar pensar
bn:00087740v	grabar_al_aguafuerte
bn:00087763v	juzgar evaluar opinar pensar
bn:00087777v	decir evidenciar
bn:00087778v	expresar evidenciar manifestar mostrar presentar revelar
bn:00087782v	evocar sugerir pensar
bn:00087785v	exaltar glorificar magnificar alabar elogiar enaltecer loar
bn:00087787v	examinar analizar explorar inspeccionar mirar reconocer ver
bn:00087788v	sondar examinar explorar indagar inspeccionar sondear
bn:00087790v	enfurecer exasperar indignar encolerizar sulfurar
bn:00087793v	exceder sobrepasar superar trascender
bn:00087794v	exceder rebasar sobrepasar superar trascender superior
bn:00087795v	aventajar exceder sobrepasar sobrepujar superar
bn:00087796v	destacar aventajar descollar destacarse distinguirse resaltar sobrepasar sobresalir
bn:00087798v	exceptuar omitir descontar excluir dejar_por_fuera
bn:00087802v	reemplazar sustituir canjear intercambiar substituir suplir remplazar
bn:00087806v	emocionar entusiasmar excitar estimular
bn:00087807v	estimular excitar
bn:00087809v	emocionar excitar agitar conmover estimular incentivar
bn:00087811v	proclamar exclamar anunciar dar_a_conocer hacer_saber informar poner_en_conocimiento
bn:00087812v	cerrar exceptuar excluir privar
bn:00087813v	
bn:00087815v	atormentar martirizar torturar
bn:00087820v	ejecutar ajusticiar
bn:00087825v	demostrar ejemplificar ilustrar tipificar
bn:00087826v	ilustrar ejemplificar ofrecer_como_ejemplo
bn:00087829v	ejercer aplicar
bn:00087830v	entrenar ejercitarse entrenarse
bn:00087831v	ejercitar ejercitarse entrenar trabajar
bn:00087841v	exhibir
bn:00087843v	empujar exhortar instar presionar urgir
bn:00087844v	vivir existir morar persistir sobrevivir subsistir
bn:00087845v	salir dejar irse largarse marchar marcharse partir retirarse salir_de
bn:00087847v	exorcizar
bn:00087849v	ampliar expandir
bn:00087850v	ampliar expandir
bn:00087857v	expulsar expeler ahuyentar
bn:00087859v	acabar agotar esgrimir usar utilizar consumir
bn:00087861v	experimentar sentir
bn:00087862v	experimentar saber sentir
bn:00087863v	experimentar tener recibir
bn:00087864v	sentir experimentar
bn:00087865v	experimentar tener
bn:00087866v	experimentar
bn:00087868v	expirar caducar
bn:00087869v	explicar ilustrar
bn:00087870v	explicar
bn:00087878v	explotar aprovechar exploit
bn:00087879v	explotar
bn:00087881v	averiguar buscar explorar indagar inquirir investigar
bn:00087882v	explorar
bn:00087885v	exportar
bn:00087888v	exponer
bn:00087889v	descubrir destapar exponer
bn:00087892v	explicar exponer
bn:00087894v	expresar articular comunicar manifestar proferir verbalizar
bn:00087895v	expresar indicar
bn:00087901v	reír
bn:00087903v	extender
bn:00087905v	acudir ampliar dirigir extenderse ir liderar pasar prolongar
bn:00087906v	brindar extender ofrecer
bn:00087907v	sobresalir
bn:00087909v	desentumecer distender estirar
bn:00087910v	estirar desdoblar desenvolver desplegar distender extender extenderse
bn:00087917v	contactar lindar tocar
bn:00087918v	atenuar mitigar paliar remediar
bn:00087930v	generalizar extrapolar inferir
bn:00087940v	globo_ocular mirar ojear
bn:00087942v	dar_a enfrentar hacer_frente plantar_cara
bn:00087950v	ayudar facilitar
bn:00087953v	contabilizar descomponer_en_factores factorizar
bn:00087959v	marchitarse secarse desteñir
bn:00087962v	cansarse abrigos_y_chaquetas agotar cansar fatigar llevar
bn:00087966v	abandonar dejarse descuidar descuidarse fallar
bn:00087967v	fracasar zozobrar fallar
bn:00087976v	caer caerse
bn:00087977v	caer
bn:00087985v	tocar
bn:00088003v	caer
bn:00088004v	
bn:00088006v	recurrir
bn:00088009v	enamorarse
bn:00088013v	unirse ingresar incorporarse asociarse inscribirse
bn:00088016v	clasificarse
bn:00088018v	
bn:00088019v	reñir romper
bn:00088020v	concluirse deducirse deriverse
bn:00088023v	decepcionar
bn:00088026v	flaquear flojear
bn:00088028v	morir_de_hambre
bn:00088029v	hacer_pasar_hambre privar_de_comida hambrear
bn:00088031v	congelarse
bn:00088033v	abanicar ventilar abanar
bn:00088034v	desgranzar
bn:00088040v	cultivar labrar
bn:00088042v	crecer producir cultivar
bn:00088044v	alquilar arrendar
bn:00088048v	forjar formar
bn:00088052v	asegurar fijar sujetar concertar reparar unir adherir
bn:00088059v	aburrirse cansarse cansar fatigar fatigarse hastiarse hartarse
bn:00088060v	decantar favorecer preferir
bn:00088061v	auspiciar favorecer preferir
bn:00088065v	temer tener_miedo_de
bn:00088078v	disfrutar presentar quedar tener cuentan_con tienen
bn:00088084v	alimentar nutrir sustentar dar_de_comer
bn:00088085v	alimentar dispensar entregar propinar sustentar
bn:00088087v	alimentar introducir
bn:00088090v	abusar explotar
bn:00088095v	creer sentir considerar encontrar
bn:00088096v	sentir sentido
bn:00088097v	sentirse sentir
bn:00088098v	sentir sentirse
bn:00088099v	notar sentir
bn:00088100v	parecer notarse
bn:00088101v	tantear
bn:00088102v	notar palpar sentir
bn:00088103v	palpar sentir
bn:00088107v	apetecer tener_ganas
bn:00088109v	fintar
bn:00088134v	apresurarse apurarse acelerar apurar prisa
bn:00088159v	luchar batallar pugnar esforzarse bregar esforzarse_con_denuedo
bn:00088160v	defenderse oponerse
bn:00088162v	resolver solucionar deducir solver darse_cuenta descubrir solventar
bn:00088164v	archivar censar registrar presentar
bn:00088175v	llenar copar repletar
bn:00088176v	copar llenar
bn:00088177v	llenar colmar copar ocupar rellenar
bn:00088178v	asumir ocupar tomar llenar
bn:00088179v	satisfacer copar
bn:00088184v	rellenar
bn:00088186v	sombrear
bn:00088187v	suplir
bn:00088192v	filmar rodar
bn:00088199v	agenciarse amañar conseguir_con_artimañas enchufar escamotear hacer_trampa manipular procurarse trufar
bn:00088201v	financiar prestar
bn:00088204v	encontrar recuperar recobrar hallar
bn:00088205v	ver atestiguar presenciar
bn:00088206v	
bn:00088207v	dictaminar fallar
bn:00088208v	encontrar recibir adquirir obtener
bn:00088209v	
bn:00088210v	recobrar reconquistar recuperar
bn:00088222v	acabar
bn:00088225v	abrir_fuego disparar
bn:00088229v	calentar encender inflamar cachondear concitar estimular excitar levantar_pasiones soliviantar
bn:00088230v	encenderse prender
bn:00088240v	casar combinar encajar
bn:00088242v	adecuar
bn:00088244v	emparejar hacer_juego
bn:00088245v	coger desquitarse pagar pillar conseguir
bn:00088250v	preparar acondicionar disponer aprestar aprestarse disponerse prepararse alistar
bn:00088270v	flanquear
bn:00088271v	agitar girar ondear ondular alternar fluctuar oscilar
bn:00088278v	alardear ostentar fanfarronear lucir pavonearse presumir jactarse lucirse pavonear
bn:00088279v	
bn:00088285v	aplanar achatar allanar nivelar
bn:00088291v	echarse_el_pollo escapar evadir fugarse huir volar
bn:00088299v	parpadear titilar
bn:00088300v	
bn:00088307v	aletear estremecerse ondear oscilar parpadear revolotear temblar vacilar vibrar
bn:00088310v	engañar chasquear dar_un_chasco embaucar engatusar hacer_bromas jugar_una_broma engrupir
bn:00088311v	arrojar aventar lanzar tirar
bn:00088314v	arrojar lanzar tirar
bn:00088315v	accionar
bn:00088317v	echar lanzar tirar_al_aire
bn:00088322v	flotar nadar
bn:00088333v	azotar flagelar fustigar pegar_con_el_látigo
bn:00088334v	inundar anegar
bn:00088339v	dejarse_caer
bn:00088340v	dejar_caer dejarse_caer
bn:00088343v	forcejear
bn:00088347v	prosperar acaudalar crecer florecer fly_high medrar proliferar
bn:00088349v	fluir correr fluctuar manar flujo
bn:00088366v	
bn:00088378v	volar
bn:00088379v	correr ir_volando volar
bn:00088392v	
bn:00088397v	
bn:00088400v	
bn:00088404v	enfocar
bn:00088411v	doblar plegar plegarse
bn:00088421v	seguir perseguir
bn:00088422v	seguir suceder
bn:00088423v	seguir
bn:00088424v	seguir
bn:00088425v	seguir
bn:00088426v	seguir_el_ejemplo
bn:00088427v	trazar
bn:00088428v	mirar observar ver vigilar
bn:00088435v	adherirse_a continuar_con mantenerse_fiel seguir
bn:00088442v	cancelar costear pagar
bn:00088445v	acechar dar_vueltas demorarse entretenerse holgazanear merodear perder_el_tiempo permanecer pulular quedarse vagar
bn:00088447v	caminar ir_de_puntillas caminar_pesadamente
bn:00088451v	asaltar
bn:00088454v	evitar impedir estorbar imposibilitar prevenir prohibir descartar excluir precluir
bn:00088455v	impeler impulsar
bn:00088456v	empujar apretar
bn:00088457v	forzar
bn:00088458v	encajar
bn:00088469v	perder prescindir privarse renunciar desmerecer
bn:00088470v	destacar resaltar enfatizar realzar
bn:00088480v	forjar formar modelar moldear plasmar constituir falsificar fraguar
bn:00088481v	
bn:00088483v	disculpar perdonar
bn:00088488v	formar articular constituir coordinar organizar
bn:00088489v	constituir formar formarse
bn:00088490v	formar configurar conformar constituir dar_forma forjar
bn:00088494v	formalizar validar
bn:00088509v	promover desarrollar fomentar incentivar
bn:00088544v	liberar soltar libertar redimir dejar
bn:00088546v	renunciar liberar
bn:00088568v	frecuentar
bn:00088575v	apurarse
bn:00088582v	asustar espantar
bn:00088599v	fruncir_el_ceño fruncir
bn:00088614v	satisfacer cumplir realizar honrar
bn:00088629v	funcionar marchar operar trabajar ejecutar
bn:00088630v	servir ejercer
bn:00088641v	despedir destituir licenciar
bn:00088643v	proporcionar abastecer aprovisionar proveer suministrar suplir surtir aportar dotar entregar facilitar
bn:00088650v	mimar mimar_en_exceso sobreproteger
bn:00088656v	bromear satirizar
bn:00088666v	galvanizar sobresaltar
bn:00088673v	aprisionar encarcelar apresar encerrar
bn:00088676v	
bn:00088680v	enguirnaldar
bn:00088686v	gasear
bn:00088688v	acuchillar
bn:00088689v	jadear resollar
bn:00088693v	deducir inferir
bn:00088694v	fruncir
bn:00088697v	doblar guardar recoger
bn:00088698v	recoger asir coger
bn:00088705v	mirar_fijamente contemplar observar quedarse_mirando mirar
bn:00088708v	
bn:00088724v	dar producir generar
bn:00088732v	gesticular
bn:00088733v	poner tener
bn:00088734v	hacer lograr tener
bn:00088736v	convertir volver
bn:00088737v	obtener lograr
bn:00088745v	sufrir padecer
bn:00088746v	echar_un_vistazo echar_una_miradita mirar ver
bn:00088749v	comunicar
bn:00088750v	congeniar llevarse_bien
bn:00088752v	
bn:00088754v	recuperar
bn:00088759v	deglutir tragar chascar ingurgitar tragarse
bn:00088761v	comenzar empezar estrenar iniciar originar partir
bn:00088762v	tomar agarrar asir coger
bn:00088763v	
bn:00088764v	implicarse involucrarse entrar
bn:00088767v	despegar marcharse
bn:00088768v	
bn:00088769v	despachar enviar expedir llevarse mandar remitir
bn:00088773v	enviar correo
bn:00088780v	
bn:00088782v	superar derrotar dominar vencer
bn:00088783v	deshacerse apartar eliminar extirpar quitar remover retirar suprimir
bn:00088786v	
bn:00088789v	avanzar llegar lograr lograr_alcanzar lograr_ser
bn:00088790v	llegar_a
bn:00088791v	reunir reunirse encontrarse
bn:00088793v	aumentar crecer
bn:00088794v	agravarse empeorar empeorarse recaer
bn:00088803v	dar regalar donar dispensar entregar obsequiar presentar propinar
bn:00088814v	causar dar dispensar entregar propinar
bn:00088815v	dar entregar dispensar donar otorgar propinar regalar
bn:00088816v	dar
bn:00088817v	dar prestar mostrar
bn:00088818v	dar hacer dispensar entregar propinar organizar
bn:00088819v	echar le
bn:00088820v	dar arrojar
bn:00088821v	dar comunicar impartir transmitir trasmitir
bn:00088822v	dar dejar dispensar entregar propinar
bn:00088824v	sacrificar dar
bn:00088825v	dar entregar pasar acercar alcanzar ceder dispensar propinar traspasar
bn:00088826v	dispensar entregar propinar
bn:00088828v	conceder otorgar adjudicar conferir dar
bn:00088847v	regalar dar donar
bn:00088851v	
bn:00088854v	agradecer dar_las_gracias_a dar_las_gracias gracias
bn:00088859v	abandonar desistir entregar rendir rendirse
bn:00088862v	ceder sucumbir
bn:00088869v	mirar divisar ojear echar_un_vistazo
bn:00088871v	escudriñar explorar hurgar
bn:00088872v	
bn:00088880v	vidriar
bn:00088881v	brillar centellear destellar fulgurar relucir resplandecer rutilar
bn:00088884v	cosechar espigar segar
bn:00088889v	entrever vislumbrar atisbar ojear
bn:00088903v	brillar estar_al_rojo_vivo fulgir fulgurar
bn:00088905v	pegar encolar engrudar
bn:00088906v	
bn:00088908v	glicerolizar
bn:00088912v	ir mover moverse viajar acudir desplazarse
bn:00088913v	avanzar ir acudir proceder
bn:00088914v	tocar
bn:00088915v	decir ir_de sería
bn:00088916v	proceder ir
bn:00088918v	
bn:00088919v	hacer_ruido sonar
bn:00088920v	agotarse
bn:00088923v	
bn:00088924v	destruir go hacer jugar mover
bn:00088927v	dar ir llevar emplomar
bn:00088932v	pasar
bn:00088933v	buscar dedicarse perseguir
bn:00088934v	pase
bn:00088935v	llevarse seguir_la_corriente
bn:00088938v	girar revolver rodar rotar voltear
bn:00088939v	irse partir salir dejar ir marchar marcharse
bn:00088941v	recuperar recuperarse
bn:00088944v	dejar_atrás ir pasar
bn:00088945v	llamarse
bn:00088954v	aspirar esperar
bn:00088955v	intentar_alcanzar intentar_conseguir intentar_llegar ir_a_por
bn:00088957v	
bn:00088959v	
bn:00088963v	salir
bn:00088964v	salir
bn:00088965v	apagarse extinguirse
bn:00088968v	examinar repasar
bn:00088976v	aguijonear fastidiar pinchar provocar
bn:00088977v	gluglú gluglutear
bn:00088990v	normar regir regular regularizar
bn:00088992v	gobernar mandar dictaminar regir administrar comandar dictar reinar
bn:00089002v	clasificar clasificarse graduar ordenar tasar valorar calificar
bn:00089006v	graduar graduarse
bn:00089007v	graduar licenciar
bn:00089016v	aferrar agarrar_firmemente agarrar agarrar_firmente asir sujetar
bn:00089017v	aferrar agarrar asir
bn:00089025v	moler rallar rechinar
bn:00089026v	arañar rallar rascar raspar
bn:00089027v	complacer gustar satisfacer gratificar agradar contentar
bn:00089028v	complacer consentir satisfacer sucumbir
bn:00089037v	engrasar
bn:00089039v	saludar
bn:00089040v	saludar
bn:00089042v	recibir
bn:00089047v	hacer_gestos hacer_muecas
bn:00089048v	sonreír_abiertamente
bn:00089053v	aferrar agarrar asir atrapar
bn:00089058v	gemir gruñir protestar quejar quejarse
bn:00089060v	entrenar preparar capacitar educar
bn:00089069v	
bn:00089070v	
bn:00089082v	tornar volverse
bn:00089083v	aumentar crecer cultivar
bn:00089084v	crecer cultivar
bn:00089086v	madurar crecer cultivar hacerse
bn:00089089v	crecer
bn:00089090v	gruñir refunfuñar rezongar
bn:00089099v	garantizar atestiguar avalar testimoniar asegurar garantir
bn:00089100v	acometer avalar comprometerse emprender garantizar
bn:00089103v	guardar custodiar proteger resguardar salvaguardar
bn:00089105v	creer imaginar opinar pensar suponer concluir estimar tantear creo imagino supongo
bn:00089106v	adivinar aparentar aventurar conjeturar especular fingir
bn:00089113v	guiar guiarse
bn:00089115v	tragar beber beber_a_tragos beber_demasiado engullir libar zampar
bn:00089123v	abatir derribar
bn:00089137v	girar narrar rotar
bn:00089140v	usar utilizar consumir habituarse
bn:00089149v	aclamar anunciar
bn:00089154v	detener parar detenerse estancar pararse
bn:00089159v	clavar martillar martillear
bn:00089161v	
bn:00089172v	manejar tocar manipular sujetar
bn:00089173v	gestionar empuñar esgrimir manejar manipular ejercer regir
bn:00089178v	colgar pender colgarse
bn:00089179v	colgar
bn:00089180v	ahorcar colgar
bn:00089181v	inclinar
bn:00089182v	pender pesar
bn:00089192v	mantenerse perdurar perseverar persistir subsistir
bn:00089198v	anhelar ansiar consumirse desear desear_ardientemente doler
bn:00089199v	acaecer ocurrir pasar suceder
bn:00089200v	acaecer acontecer materializar materializarse ocurrir pasar realizarse suceder
bn:00089203v	encubrir albergar amparar dar_asilo
bn:00089204v	albergar
bn:00089205v	resguardar
bn:00089211v	acostumbrar avezar endurecer habituar
bn:00089219v	armonizar compatibilizar congeniar reconciliar
bn:00089232v	estimular provocar
bn:00089238v	acarrear cargar llevar transportar
bn:00089239v	acechar acosar
bn:00089240v	detentar poseer tener ostentar sustentar
bn:00089241v	poseer tener disfrutar participar quedar
bn:00089242v	
bn:00089243v	tener tienen
bn:00089244v	tener tratar_con
bn:00089245v	estar_enfermo padecer tener
bn:00089246v	recibir
bn:00089250v	pensar decir tengo_en_mente
bn:00089252v	llevar vestir
bn:00089254v	vender pregonar
bn:00089259v	dirigirse
bn:00089260v	dirigir encabezar liderar
bn:00089261v	encabezar liderar
bn:00089262v	encabezar
bn:00089274v	amontonar acumular apilar hacinar apiñar
bn:00089277v	oír
bn:00089278v	juzgar escuchar
bn:00089280v	escuchar oír atender
bn:00089282v	calentar caldear
bn:00089287v	echar tirar
bn:00089302v	aumentar intensificar
bn:00089309v	servir
bn:00089322v	adorar idolatrar reverenciar venerar heroificar
bn:00089324v	pausar vacilar
bn:00089329v	hibernar invernar
bn:00089332v	disimular esconder ocultar esconderse tapar
bn:00089333v	
bn:00089340v	dificultar entorpecer estorbar impedir obstaculizar
bn:00089342v	sugerir insinuar
bn:00089346v	chutar pegar
bn:00089347v	golpear batir dar pegar tustar
bn:00089348v	golpear
bn:00089349v	acertar derribar disparar pegar
bn:00089351v	anotar marcar llevar_el_marcador puntuar
bn:00089352v	golpear atacar
bn:00089368v	almacenar acumular atesorar guardar
bn:00089372v	
bn:00089384v	mantener conservar sostener
bn:00089385v	sostener agarrar aguantar sujetar tener tomar ostentar sustentar
bn:00089386v	detentar retener sostener sujetar
bn:00089387v	soportar sostener apoyar
bn:00089389v	imperar obtener perdurar prevalecer prevaler primar prevelecer
bn:00089400v	reprimir
bn:00089401v	esperar aguardar
bn:00089405v	mantener_a_raya resistir tener_a_raya
bn:00089407v	guardar conservar mantener quedar sostener
bn:00089411v	resistir aguantar aguantar_firme soportar
bn:00089443v	perfeccionar afilar afinar piedra_de_afilar
bn:00089448v	
bn:00089449v	honrar laurear premiar recompensar
bn:00089454v	enganchar
bn:00089465v	brincar saltar
bn:00089466v	brincar saltar
bn:00089472v	aspirar esperanzar esperar espero
bn:00089474v	fisgonear husmear olfatear entrometerse inmiscuirse meterse
bn:00089488v	cazar seguir_la_huella seguir_la_pista
bn:00089489v	albergar alojar hospedar almacenar contener
bn:00089493v	revolotear rondar
bn:00089494v	estar_suspendido flotar revolotear
bn:00089496v	rugir gemir lamentarse ulular
bn:00089498v	bramar rugir
bn:00089500v	acurrucarse apiñarse
bn:00089504v	abrazar adherirse pegarse_a
bn:00089508v	canturrear tararear
bn:00089528v	embestir empujar impeler propulsar lanzarse
bn:00089531v	acelerar apresurar apresurarse darse_prisa prisa
bn:00089532v	achuchar apresurar meter_prisa
bn:00089534v	lesionar perjudicar
bn:00089535v	padecer sufrir doler lesionar penar
bn:00089538v	acallar callar calmar silenciar
bn:00089539v	callar apaciguarse callarse calmar serenarse sosegar tranquilizarse
bn:00089574v	identificar
bn:00089575v	identificar denominar llamar nombrar
bn:00089576v	identificarse
bn:00089581v	encender prender incendiar
bn:00089582v	desoír ignorar
bn:00089584v	aclarar alumbrar encender iluminar
bn:00089586v	ilustrar
bn:00089587v	ilustrar
bn:00089610v	
bn:00089614v	impeler impulsar propulsar empujar
bn:00089616v	personificar retratar
bn:00089621v	implementar
bn:00089623v	implicar
bn:00089625v	implicar involucrar suponer
bn:00089630v	recaudar
bn:00089636v	impresionar
bn:00089638v	estampar imprimir
bn:00089648v	
bn:00089655v	incitar instigar levantar provocar concitar
bn:00089660v	comprender contemplar contener englobar incluir integrar
bn:00089661v	incluir
bn:00089662v	incluir contemplar englobar integrar
bn:00089663v	incorporar integrar
bn:00089666v	aumentar incrementar crecer elevar subir acrecentar
bn:00089667v	aumentar incrementar subir acrecentar elevar
bn:00089668v	incubar
bn:00089670v	incurrir
bn:00089678v	catalogar indexar
bn:00089681v	apuntar demostrar indicar
bn:00089682v	sugieren
bn:00089683v	acusar encausar formular_cargos imputar
bn:00089696v	abandonarse_a_algo
bn:00089708v	colegir comprender deducir entender inferir
bn:00089709v	infestar plagar
bn:00089712v	infiltrarse
bn:00089713v	infiltrar infiltrarse
bn:00089717v	inflamar
bn:00089724v	advertir anunciar avisar comunicar dar_información informar
bn:00089731v	repetir reiterar iterar recalcar
bn:00089736v	heredar
bn:00089743v	iniciar comenzar empezar estrenar incoar originar
bn:00089744v	dar_inicio incoar iniciar innovar originar
bn:00089745v	conducir incoar iniciar llevar originar
bn:00089751v	herir lastimar lesionar
bn:00089769v	colar insertar meter
bn:00089773v	insistir
bn:00089776v	inspeccionar registrar
bn:00089778v	inspirar
bn:00089779v	inspirar incitar instar instigar
bn:00089785v	instalar
bn:00089786v	instalar poner
bn:00089791v	enseñar adiestrar educar instruir aleccionar aprender
bn:00089792v	instruir
bn:00089799v	aislar
bn:00089804v	planear pretender comportar intentar pensar proponerse significar intención
bn:00089805v	querer_decir significar decir comportar querer
bn:00089806v	significar comportar denotar tratar_de_decir
bn:00089810v	interceptar detener intervenir
bn:00089814v	interesar aficionar interesarse
bn:00089815v	interesar aficionar importar incumbir
bn:00089816v	interferir
bn:00089817v	intervenir interferir interceder involucrarse meterse tomar_cartas_en_el_asunto
bn:00089818v	interiorizar
bn:00089824v	endentar engranar entrelazar trabar unir
bn:00089825v	entrelazarse
bn:00089836v	interponer
bn:00089837v	explicar interpretar
bn:00089838v	interpretar ejecutar
bn:00089840v	traducir trasladar interpretar
bn:00089841v	comprender entender interpretar traducir
bn:00089842v	emparentar entroncar interrelacionar interrelacionarse relacionar
bn:00089845v	cuestionar interrogar
bn:00089849v	anudar enlazar entrelazar
bn:00089852v	entrevistar
bn:00089853v	entrevistar
bn:00089854v	entrevistar
bn:00089856v	sugerir insinuar sugieren
bn:00089861v	introducir
bn:00089869v	
bn:00089872v	agrandarse dilatarse expandirse hincharse inflamarse inflarse
bn:00089874v	invadir ocupar
bn:00089882v	invertir
bn:00089884v	invertir poner_al_revés trastocar voltear
bn:00089885v	analizar examinar explorar indagar investigar
bn:00089889v	incitar invitar provocar tentar
bn:00089891v	acoger recibir solicitar convidar invitar desear
bn:00089893v	enredarse implicar involucrar involucrarse pringarse
bn:00089894v	suponer
bn:00089905v	planchar
bn:00089909v	irrigar regar
bn:00089921v	abastar abastecer aprovisionar dictar facilitar proveer suministrar
bn:00089922v	
bn:00089924v	rascar frotar picar restregar
bn:00089944v	hacer_un_ruido_metálico tintinear
bn:00089946v	agitar sacudir
bn:00089951v	viajar ir_de_excursión
bn:00089958v	dar_un_tirón sacudir tirar_de tironear tirar
bn:00089961v	bromear bufonearse burlarse bufonear
bn:00089969v	
bn:00089983v	juntarse unirse juntar
bn:00089988v	jaranear
bn:00089991v	empellar empujar impeler
bn:00089992v	
bn:00089993v	viajar desplazarse trasladarse
bn:00089996v	regocijarse
bn:00089999v	agitar convulsionar sacudir sacudirse zarandear
bn:00090000v	juzgar
bn:00090001v	juzgar declarar designar pronunciar
bn:00090010v	sobresaltar brincar saltar alarmarse espantarse sobresaltarse
bn:00090012v	subir
bn:00090013v	destacar sobresalir
bn:00090018v	circunvalar saltar saltarse
bn:00090022v	desguazar
bn:00090024v	justificar asegurar garantizar
bn:00090025v	justificar
bn:00090027v	proyectarse sobresalir exceler protruir proyectar
bn:00090030v	dejar_inconsciente dejar_sin_sentido noquear
bn:00090033v	entrabar evitar impedir prevenir mantener
bn:00090034v	cumplir mantener
bn:00090035v	observar
bn:00090037v	escribir
bn:00090039v	mantener conservar guardar quedar sostener
bn:00090040v	aguantar conservar conservarse durar guardar guardarse mantenerse mantenerse_fresco quedar
bn:00090041v	conservar preservar defender proteger vigilar
bn:00090049v	retener
bn:00090051v	avasallar sojuzgar subyugar
bn:00090059v	alejarse mantener_distancia mantenerse_alejado
bn:00090066v	rehuir
bn:00090069v	
bn:00090070v	sostener prolongar mantener
bn:00090084v	chutar
bn:00090085v	cocear patear
bn:00090097v	tomar_el_pelo
bn:00090098v	matar abatir acabar asesinar liquidar dar_matarile
bn:00090099v	matar
bn:00090123v	arrodillarse arrodillar
bn:00090125v	sonar tañer tocar
bn:00090128v	aporrear dar_un_tortazo golpear golpear_con_fuerza tumbar
bn:00090134v	destruir
bn:00090141v	conocer saber
bn:00090142v	estar_seguro_de saber
bn:00090143v	conocer saber
bn:00090150v	etiquetar rotular tachar
bn:00090151v	marcar etiquetar rotular
bn:00090161v	carecer faltar carecer_de fallir
bn:00090179v	aterrizar posarse
bn:00090180v	desembarcar
bn:00090187v	lamer dar_langüetazos lamber langüetear
bn:00090188v	chapalear chapotear
bn:00090191v	lapidar apedrear
bn:00090195v	acabar caducar extinguirse pasarse
bn:00090202v	
bn:00090214v	lanzar
bn:00090215v	botar inaugurar
bn:00090216v	
bn:00090219v	lavar
bn:00090221v	lavarse lavar
bn:00090223v	derrochar despilfarrar malgastar prodigar
bn:00090224v	poner colocar situar dejar depositar posar posicionar ubicar
bn:00090225v	acostar colocar poner tumbar
bn:00090226v	disponer
bn:00090229v	ahorrar guardar reservar
bn:00090231v	arriesgar riesgo
bn:00090232v	armar montar
bn:00090234v	presentar mostrar obsequiar representar
bn:00090236v	detenerse
bn:00090237v	sobreponer superponer
bn:00090239v	
bn:00090242v	sacar lixiviar
bn:00090243v	dejar conducir
bn:00090244v	conducir
bn:00090245v	llevar
bn:00090246v	ir_a_la_cabeza ir_en_cabeza liderar encabezar
bn:00090256v	filtrarse trascender
bn:00090259v	apoyar apoyarse reclinar recostar
bn:00090260v	
bn:00090262v	apoyarse
bn:00090263v	reclinarse
bn:00090266v	estudiar aprender examinar tomar
bn:00090267v	alquilar arrendar
bn:00090271v	dejar abandonar olvidar
bn:00090272v	dejar
bn:00090273v	dejar
bn:00090278v	
bn:00090280v	dimitir renunciar resignar dejar
bn:00090283v	conferenciar dialogar hablar perorar
bn:00090285v	
bn:00090286v	pasar legislar transcurrir pase
bn:00090290v	prestarse
bn:00090293v	atenuar disminuir menguar
bn:00090294v	
bn:00090297v	liberar soltar dejar_ir renunciar dejar
bn:00090298v	
bn:00090300v	liberar soltar desatar dejar
bn:00090301v	ampliar ensanchar
bn:00090302v	
bn:00090309v	igualar nivelar uniformar
bn:00090313v	reclutar
bn:00090321v	extenderse hallarse mentir ocupar radicar estar_ubicado
bn:00090322v	yacer radicar acostarse echarse estar_acostado estar_echado estar_tumbado
bn:00090324v	mentir
bn:00090326v	acostarse echarse tenderse yacer acostar radicar tender tumbar
bn:00090329v	
bn:00090339v	alzarse erguirse
bn:00090342v	robar
bn:00090351v	
bn:00090362v	gustar agradar disfrutar gusta
bn:00090363v	gustar gusta
bn:00090364v	
bn:00090372v	alinearse
bn:00090395v	liquidar saldar
bn:00090397v	nombrar
bn:00090398v	listar
bn:00090400v	escuchar atender oír
bn:00090408v	vivir
bn:00090411v	ser_interno
bn:00090422v	localizarse situarse
bn:00090423v	descubrir desenterrar localizar
bn:00090424v	localizar ubicar emplazar enclavar situar
bn:00090425v	depositar enclavar ubicar
bn:00090426v	asentar afincar dirimir poblar trasladarse traslladar-se
bn:00090427v	candar cerrar acerrojar atrancar cerrar_con_llave cerrar_con_seguro poner_seguro trabar trancar
bn:00090430v	encerrar guardar
bn:00090435v	cerrar
bn:00090437v	residir vivir
bn:00090442v	registrar
bn:00090448v	mirar contemplar observar ver
bn:00090449v	
bn:00090450v	buscar escudriñar examinar mirar registrar sondear_buscando
bn:00090451v	
bn:00090453v	
bn:00090456v	desviar_la_mirada
bn:00090457v	
bn:00090460v	buscar procurar explorar registrar
bn:00090461v	esperar
bn:00090462v	asemejar asemejarse
bn:00090463v	mirar observar ver
bn:00090464v	vigilar mirar tener_cuidado poner_atención
bn:00090466v	mirar_por
bn:00090467v	aparecer asomarse presentarse surgir
bn:00090472v	aflojar desapretar desatar relajar soltar
bn:00090473v	aflojar aflojarse relajarse
bn:00090483v	
bn:00090485v	perder
bn:00090486v	perder
bn:00090487v	
bn:00090489v	perder
bn:00090493v	escaparse perder
bn:00090497v	adelgazar adelgazarse enflaquecer bajar_peso perder_peso rebajar reducir enflacar enflaquecerse
bn:00090502v	bajar
bn:00090504v	amar querer hacer_el_amor
bn:00090505v	amar querer
bn:00090514v	acarrear arrastrar carretear
bn:00090521v	arrojarse cambiar_de_dirección dar_una_sacudida sacudirse
bn:00090523v	aguaitar merodear rondar
bn:00090525v	acechar esconderse
bn:00090541v	ametrallar
bn:00090548v	enviar echar expedir mandar remitir
bn:00090552v	mantener
bn:00090554v	hacer inducir
bn:00090555v	
bn:00090556v	componer confeccionar hacer preparar
bn:00090557v	
bn:00090558v	
bn:00090560v	designar nominar
bn:00090564v	
bn:00090571v	hacer redactar
bn:00090590v	aprobar
bn:00090598v	rehacer
bn:00090600v	hacer_las_paces
bn:00090614v	
bn:00090616v	controlar supervisar vigilar manejar inspeccionar observar
bn:00090624v	asesinar mutilar
bn:00090631v	multiplicar multiplicarse
bn:00090632v	manipular
bn:00090653v	desfilar ir_en_procesión marchar
bn:00090659v	marcar
bn:00090660v	marcar señalar
bn:00090661v	notar advertir apreciar darse_cuenta observar percibir poner_atención reparar cuenta
bn:00090663v	marcar raspar puntuación
bn:00090664v	establecer
bn:00090673v	varar
bn:00090675v	casar unir_en_matrimonio
bn:00090678v	convocar emplazar mobilizar movilizar
bn:00090683v	maravillarse sorprenderse
bn:00090696v	
bn:00090707v	barbotar decir_entre_dientes mascujar mascullar murmurar musitar
bn:00090710v	maximizar extremar
bn:00090711v	representar significar
bn:00090713v	arremolinar serpentear zigzaguear
bn:00090714v	medir dosar mesurar
bn:00090715v	medir cuantificar mensurar
bn:00090716v	medir
bn:00090717v	calificar habilitar licenciarse dar_la_talla
bn:00090721v	entrometerse inmiscuirse injerirse
bn:00090725v	conocer conocerse
bn:00090726v	
bn:00090728v	quedar reunirse
bn:00090736v	derretir fundir derretirse deshacerse
bn:00090740v	citar mencionar apuntar comentar destacar notar observar remarcar hacer_notar
bn:00090744v	comerciar
bn:00090745v	adherirse asociarse cohesionar fusionarse juntarse unificar unificarse unir unirse
bn:00090759v	cambiar convertir transformar transformarse transmutar trasmutar
bn:00090774v	emigrar migrar transmigrar
bn:00090781v	explotar exprimir ordeñar
bn:00090784v	acribar cribar moler
bn:00090793v	estar_molesto estar_ofendido importar molestarse importa
bn:00090795v	cuidar atender encargarse ocuparse_de
bn:00090804v	minimizar
bn:00090805v	
bn:00090809v	
bn:00090832v	calibrar_incorrectamente
bn:00090835v	confundir errar
bn:00090844v	
bn:00090852v	añorar echar_de_menos extrañar
bn:00090853v	perderse
bn:00090854v	perder
bn:00090869v	mezclar
bn:00090876v	inspirarse_en tomar_como_modelo
bn:00090884v	modificar alterar
bn:00090887v	modular regular
bn:00090897v	controlar supervisar vigilar
bn:00090909v	fregar enjugar trapear
bn:00090926v	variar
bn:00090934v	instalar montar engastar
bn:00090936v	lanzar montar presentar
bn:00090940v	lamentarse llorar
bn:00090943v	hablar conversar decir dialogar proferir pronunciar veerbalizar
bn:00090946v	mover moverse trasladar
bn:00090947v	mudarse mudar trasladar trasladarse reuvbicarse hacer_mudanza
bn:00090948v	moverse
bn:00090949v	conmover enternecer emocionar
bn:00090952v	doblar girar
bn:00090957v	
bn:00090960v	apartar eliminar extirpar quitar retirar sacar suprimir
bn:00090962v	transitar atravesar
bn:00090972v	amortiguar reprimir
bn:00090977v	multiplicar multiplicarse
bn:00090983v	murmurar musitar
bn:00091002v	clavar enclavar
bn:00091006v	especificar llamar nombrar precisar
bn:00091011v	contar narrar explicar recontar relatar
bn:00091028v	necesitar precisar querer requerir
bn:00091031v	neutralizar anular invalidar neutralizarse
bn:00091037v	negociar
bn:00091041v	armarse_de_valor
bn:00091054v	neutralizar
bn:00091072v	asentir
bn:00091073v	asentir_con_la_cabeza cabecear
bn:00091084v	
bn:00091096v	notar observar
bn:00091097v	anotar apuntar
bn:00091098v	alimentar nutrir sostener sustentar dar_de_comer
bn:00091112v	obedecer acatar
bn:00091114v	objetar
bn:00091119v	observar
bn:00091124v	obtener adquirir lograr conseguir procurarse
bn:00091125v	echar_fuera lanzar_fuera sacar
bn:00091127v	ocasionar
bn:00091131v	tomar apoderar copar llevar ocupar
bn:00091134v	herir insultar ofender picar
bn:00091135v	brindar entregar ofrecer
bn:00091136v	ofrecer brindar ofertar ofrecerse
bn:00091137v	ofrecer ofrecerse
bn:00091138v	ofrecer
bn:00091142v	brindar levantar ofrecer
bn:00091144v	capitanear
bn:00091146v	oficiar
bn:00091155v	chillar gritar gruñir
bn:00091157v	filtrar rezumar desprender exudar segregar
bn:00091165v	abrir estrenar
bn:00091166v	abrir encender poner_en_funcionamiento iniciar lanzar
bn:00091167v	abrir abrirse
bn:00091168v	abrir iniciar
bn:00091170v	abrir hacer_disponible desarrollar iniciar liberar
bn:00091172v	
bn:00091173v	abrir
bn:00091177v	administrar gestionar operar manejar encargarse
bn:00091180v	oponerse
bn:00091182v	
bn:00091188v	dar_vueltas girar orbitar rotar
bn:00091192v	pedir encargar ordenar
bn:00091196v	articular coordinar organizar
bn:00091197v	
bn:00091201v	entallar
bn:00091204v	provenir
bn:00091217v	preponderar
bn:00091228v	
bn:00091230v	superar_en_estrategia
bn:00091234v	sobrevivir durar_más_que
bn:00091235v	burlar engañar
bn:00091240v	superar
bn:00091261v	
bn:00091282v	abrumar agobiar apabullar desbordar superar
bn:00091298v	extralimitarse forzar sobreesforzarse
bn:00091301v	sobrellenar colmar
bn:00091307v	adelantar pasar alcanzar
bn:00091318v	pasar_por_alto descuidar
bn:00091329v	
bn:00091331v	anular invalidar revocar
bn:00091339v	
bn:00091354v	invertir revolver volcar
bn:00091356v	invernar hibernar pasar_el_invierno
bn:00091360v	deber deben
bn:00091361v	deber
bn:00091362v	adeudar deber estar_en_deuda
bn:00091369v	
bn:00091370v	
bn:00091375v	
bn:00091385v	asegurar candar
bn:00091389v	pintar
bn:00091390v	pintar
bn:00091391v	pintar
bn:00091400v	temblar
bn:00091413v	
bn:00091414v	jadear resollar
bn:00091423v	
bn:00091426v	paralizar
bn:00091429v	dividir parcelar seccionar
bn:00091437v	recortar
bn:00091439v	aparcar estacionar
bn:00091440v	aparcar estacionar
bn:00091444v	imitar repetir repetir_como_loros
bn:00091446v	separar separarse
bn:00091448v	compartir participar_en tomar_parte_en
bn:00091451v	participar intervenir mediar tomar_parte
bn:00091452v	especificar particularizar
bn:00091458v	pasar
bn:00091461v	pasar transferir
bn:00091469v	limpiar enjugar formatear quitar secar
bn:00091470v	pasar_por
bn:00091476v	emparchar
bn:00091483v	controlar patrullar
bn:00091485v	apadrinar auspiciar patrocinar
bn:00091493v	pagar cancelar abonar retribuir comprar
bn:00091494v	valer_la_pena
bn:00091501v	compensar recompensar
bn:00091505v	sonar tañer tocar
bn:00091515v	ojear
bn:00091519v	
bn:00091527v	castigar penalizar punir
bn:00091529v	adentrarse penetrar profundizar
bn:00091536v	echar_pimienta salpimentar
bn:00091539v	deambular
bn:00091541v	descansar emperchar encaramar encaramarse posarse reposar
bn:00091550v	realizar hacer
bn:00091551v	actuar ejecutar interpretar practicar cantar danzar realizar
bn:00091554v	bañar cubrir repartir
bn:00091560v	perpetuar
bn:00091562v	quedarse hospedarse perdurar permanecer persistir quedar restar seguir sobrar
bn:00091564v	sudar transpirar
bn:00091565v	convencer persuadir
bn:00091575v	petrificar
bn:00091585v	fotografiar tomar_una_foto
bn:00091590v	escoger elegir
bn:00091591v	forzar
bn:00091592v	picotear roer
bn:00091596v	
bn:00091597v	arrancar desplumar jalar pelar pelliscar sacar
bn:00091599v	recoger
bn:00091600v	llevar
bn:00091601v	
bn:00091602v	
bn:00091603v	captar recibir
bn:00091605v	ligotear meter_fichas tirar_los_tejos tirar_los_trastos
bn:00091637v	atrapar
bn:00091652v	disparar
bn:00091653v	chillar gritar
bn:00091671v	girar pivotar
bn:00091673v	
bn:00091674v	poner
bn:00091682v	colocar
bn:00091683v	levantar poner aguantar poner_de_pie ponerse_de_pie parar
bn:00091685v	planear planificar
bn:00091692v	colocar plantar poner
bn:00091696v	mojar salpicar
bn:00091708v	jugar tocar
bn:00091709v	jugar
bn:00091710v	jugar tocar
bn:00091711v	jugar
bn:00091712v	ejecutar hablar_largamente interpretar jugar tocar
bn:00091713v	tocar aprovecharse_de jugar interpretar
bn:00091716v	recrearse divertirse entretenerse
bn:00091717v	hacer_de
bn:00091718v	jugar tocar
bn:00091719v	tocar
bn:00091724v	
bn:00091734v	
bn:00091739v	hacerse_el_muerto
bn:00091741v	implorar rogar suplicar
bn:00091742v	alegar
bn:00091745v	placer que
bn:00091755v	maquinar urdir
bn:00091758v	arar labrar surcar
bn:00091759v	abrirse_camino
bn:00091784v	cazar_furtivamente
bn:00091785v	escalfar
bn:00091786v	embolsar empaquetar
bn:00091800v	objetar protestar señalar
bn:00091802v	acentuar apuntar enfatizar incidir
bn:00091805v	emponzoñar enrarecer envenenar
bn:00091810v	golpear aporrear librar martillear moler_a_palos golpear_con_dureza azotar
bn:00091814v	polarizar
bn:00091821v	pulir abrillantar acicalar lustrar bruñir cepillar pulimentar
bn:00091838v	juntar mancomunar compartir reunir
bn:00091866v	retratar
bn:00091870v	afirmar decir declarar exponer presentar proponer avanzar que
bn:00091872v	colocar posicionar situar
bn:00091873v	exhibir poseen
bn:00091875v	fijar poner
bn:00091889v	entretenerse
bn:00091897v	derramar echar verter
bn:00091898v	hormiguear
bn:00091899v	correr fluir
bn:00091903v	
bn:00091904v	
bn:00091912v	ensayar practicar
bn:00091913v	alabar elogiar enaltecer ensalzar loar
bn:00091921v	orar rezar rogar
bn:00091922v	predicar profetizar sermonear
bn:00091926v	anteceder antedatar preceder
bn:00091941v	proclamar
bn:00091949v	preferir decantar anteponer prefieren
bn:00091956v	aislar_previamente
bn:00091970v	preparar
bn:00091972v	entrenarse prepararse
bn:00091979v	montar representar escenificar poner_en_escena presentar
bn:00091980v	entregar presentar transferir traspasar
bn:00091983v	ahorrar conservar preservar resguardar guardar
bn:00091986v	apretar prensar presionar pulsar presione
bn:00091987v	presionar
bn:00091988v	prensar pulsar apretar
bn:00092002v	presuponer
bn:00092006v	prevalecer imponerse triunfar
bn:00092011v	picar punchar punzar
bn:00092015v	zumbar
bn:00092023v	editar imprimir publicar
bn:00092032v	alisar procesar tratar
bn:00092035v	trabajar procesar transformar tallar
bn:00092036v	citar notificar procesar
bn:00092037v	proclamar
bn:00092039v	adquirir obtener procurar asegurar
bn:00092040v	profesar
bn:00092053v	proyectar
bn:00092057v	proyectar
bn:00092058v	proponer proyectar
bn:00092065v	asegurar prometer
bn:00092077v	apoyar apuntalar
bn:00092090v	insinuarse tirar_los_tejos
bn:00092095v	enjuiciar procesar
bn:00092103v	proteger amparar defender guarecer preservar resguardar
bn:00092104v	proteger
bn:00092105v	protestar
bn:00092109v	demostrar probar
bn:00092115v	disponer
bn:00092118v	estimular incentivar provocar
bn:00092120v	fisgonear husmear
bn:00092122v	escupir esputar saliva
bn:00092123v	editar escribir publicar redactar imprimir
bn:00092136v	hincharse
bn:00092137v	
bn:00092142v	rajar rasgar despedazar
bn:00092148v	
bn:00092180v	
bn:00092188v	murmurar
bn:00092194v	pretender
bn:00092201v	apartar sacar
bn:00092202v	
bn:00092204v	colocar poner situar
bn:00092211v	devolver reponer volver_a_poner
bn:00092214v	
bn:00092215v	poner
bn:00092217v	hacer
bn:00092223v	
bn:00092226v	
bn:00092229v	
bn:00092238v	graznar
bn:00092240v	cuadruplicar cuadruplicarse
bn:00092244v	calificar restringir
bn:00092254v	trinar gorjear
bn:00092257v	
bn:00092261v	interrogar preguntar
bn:00092265v	preguntar preguntarse
bn:00092267v	acelerar afilar aguzar despertar agilizar estimular
bn:00092273v	
bn:00092315v	encolerizarse rabiar agredir arremeter atacar embestir
bn:00092327v	denostar ultrajar vilipendiar vituperar
bn:00092330v	llover precipitar
bn:00092332v	elevar alzar aumentar
bn:00092333v	
bn:00092334v	criar recaudar recolectar recoltar
bn:00092344v	
bn:00092360v	ir van
bn:00092379v	firmar ratificar firme
bn:00092387v	golpetear matraquear repiquetear
bn:00092388v	golpetear repiquetear
bn:00092403v	reaparecer resurgir
bn:00092413v	reanudar retomar curriculum_vitae proseguir reiniciar continuar reanudarse
bn:00092415v	llegar
bn:00092416v	esforzar esforzarse afanarse
bn:00092417v	
bn:00092421v	responder contestar reaccionar reaccionan
bn:00092422v	reaccionar
bn:00092424v	leer leerse
bn:00092425v	decir digamos leer
bn:00092426v	leer declamar leerse
bn:00092427v	leer recuperar examinar explorar
bn:00092428v	interpretar leer
bn:00092429v	asumir tomar entender leer entenderse interpertase leerse
bn:00092430v	marcar registrar
bn:00092434v	readaptarse
bn:00092439v	reafirmar
bn:00092443v	ver comprender entender caer_en_la_cuenta darse_cuenta percatarse realizar cuenta
bn:00092450v	alzarse empinarse erguirse
bn:00092452v	encabritarse
bn:00092455v	reorganizar reordenar reacomodar
bn:00092460v	transferir
bn:00092467v	manifestar renegar sublevarse
bn:00092470v	despreciar repugnar
bn:00092471v	reconstruir
bn:00092473v	refutar rebatir
bn:00092478v	recapitular
bn:00092491v	acoger dar_la_bienvenida recibir
bn:00092502v	narrar recitar
bn:00092504v	recobrar recuperar
bn:00092513v	reconocer
bn:00092527v	explorar reconocer
bn:00092534v	devolver restablecer
bn:00092536v	reconvenir
bn:00092537v	reconvertir
bn:00092540v	grabar registrar
bn:00092541v	registrar
bn:00092553v	recalcar reiterar repetir repetirse reproducirse
bn:00092582v	redoblar
bn:00092588v	simplificar
bn:00092590v	reducir
bn:00092591v	abatir rebajar reducir
bn:00092592v	contraer encoger mermar
bn:00092593v	reducir
bn:00092618v	revisar reexaminar examinar
bn:00092622v	referir remitir
bn:00092635v	reflejar
bn:00092636v	reflejar reverberar
bn:00092651v	corregirse enmendarse reformar reformarse ver_la_luz
bn:00092663v	renovar reanudar
bn:00092674v	censar registrar registrarse
bn:00092681v	revertir regresar
bn:00092683v	arrepentirse arrepentir deplorar lamentar sentir
bn:00092684v	lamentar
bn:00092687v	reorganizar
bn:00092710v	renovar
bn:00092713v	rehabilitar restablecer restituir
bn:00092723v	rechazar abjurar negar rehusar renunciar
bn:00092733v	contar emparentar entroncar narrar relacionar relatar
bn:00092734v	relacionarse
bn:00092736v	destensar
bn:00092741v	girar
bn:00092743v	acceder ceder rendirse
bn:00092744v	eximir relevar salvar reemplazar
bn:00092745v	salvar liberar rescatar
bn:00092746v	desahogarse salvar
bn:00092747v	aliviar remediar
bn:00092756v	permanecer quedarse restar descansar mantenerse perdurar quedar reposar seguir continuar hospedarse pasar_la_noche
bn:00092757v	quedar perdurar permanecer restar seguir
bn:00092761v	remitir
bn:00092763v	pensar recordar pensar_en
bn:00092764v	recordar
bn:00092770v	recordar
bn:00092779v	protestar
bn:00092780v	remontar
bn:00092783v	eliminar quitar remover tomar apartar copar extirpar llevar retirar sacar suprimir
bn:00092784v	alejar apartar eliminar extirpar quitar retirar sacar suprimir
bn:00092789v	hacer volver
bn:00092791v	devolver entregar regresar dar
bn:00092799v	reabrir reabrirse
bn:00092812v	recalcar reiterar repetir
bn:00092813v	repulsar rechazar repeler
bn:00092816v	reemplazar remplazar substituir sustituir
bn:00092817v	suplantar sustituir reemplazar substituir
bn:00092818v	replantar
bn:00092823v	informar relatar
bn:00092824v	personarse presentarse informe
bn:00092825v	chivarse_de denunciar informar notificar relatar
bn:00092837v	simbolizar representar representan
bn:00092838v	representar
bn:00092839v	representar
bn:00092840v	representar
bn:00092850v	reproducir
bn:00092859v	requerir requisar
bn:00092861v	releer
bn:00092876v	asemejar parecerse parecerse_a se_asemejan_a semejar asemejarse_a
bn:00092877v	ofenderse resentirse molesta
bn:00092880v	
bn:00092884v	reformar remodelar renovar reorganizar
bn:00092897v	resolver solucionar
bn:00092903v	descansar reposar
bn:00092909v	repoblar
bn:00092916v	resumir condensar reiniciar retomar
bn:00092926v	
bn:00092940v	jubilar jubilarse retirarse
bn:00092941v	jubilar retirar retirarse suprimir
bn:00092942v	
bn:00092969v	regresar volver retornar devolver reincorporar
bn:00092971v	devolver
bn:00092976v	acelerar acelerarse
bn:00092979v	
bn:00092991v	revivir
bn:00092997v	reescribir
bn:00093002v	rimar
bn:00093013v	montar cabalgar
bn:00093014v	montar ir conducir pasear_en_coche
bn:00093016v	
bn:00093023v	
bn:00093035v	amañar
bn:00093036v	
bn:00093049v	enjuagar lavar
bn:00093066v	bramar decir_a_gritos roncar rugir vociferar
bn:00093072v	agitar balancearse mecer mecerse oscilar sacudir tambalear
bn:00093076v	enrollar girar revolver rodar voltear
bn:00093077v	rodar dar_vueltas
bn:00093078v	ondear ondular
bn:00093079v	aplanar extender
bn:00093081v	arrollar enrollar envolver girar la_guita
bn:00093113v	establecerse afincarse enraizarse asentarse avecindarse radicar
bn:00093135v	contornar enroscar redondear
bn:00093137v	reunir
bn:00093143v	remar bogar
bn:00093144v	frotar acariciar friccionar frotarse restregar restregarse
bn:00093168v	revolver
bn:00093170v	correr
bn:00093171v	
bn:00093172v	
bn:00093174v	
bn:00093196v	expirar extinguir vencer
bn:00093200v	bordar confeccionar coser
bn:00093202v	
bn:00093229v	navegar
bn:00093230v	rozar
bn:00093238v	salar
bn:00093244v	saludar
bn:00093251v	catar degustar probar gustar paladear saborear muestrear samplear
bn:00093252v	sancionar
bn:00093279v	ahorrar
bn:00093280v	ahorrar excusar guardarse conservar salvar
bn:00093281v	archivar grabar guardar anotar apuntar escribir
bn:00093282v	saborear
bn:00093286v	roncar
bn:00093287v	decir manifestar afirmar contar declarar sentenciar
bn:00093288v	suponer imaginar decir supongo
bn:00093290v	decir declarar sentenciar
bn:00093295v	cicatrizar
bn:00093316v	corretear escabullirse apresurar
bn:00093317v	escrutar escandir escanear
bn:00093332v	dispersar difundir esparcir extender propagar tender
bn:00093336v	programar planificar adiar agendar
bn:00093341v	educar escolarizar
bn:00093351v	abrasar chamuscar
bn:00093360v	fregar estregar restregar tallar
bn:00093362v	fruncir_el_entrecejo
bn:00093363v	garabatear garrapatear
bn:00093364v	revolver gatear
bn:00093368v	arañar rascar rasguñar raspar
bn:00093371v	chillar chirriar graznar gritar
bn:00093374v	analizar
bn:00093378v	escudar proteger amparar refugiar
bn:00093384v	inscribir
bn:00093394v	escrutar escudriñar examinar
bn:00093399v	arrastrar_los_pies
bn:00093405v	precintar sellar hermetizar
bn:00093406v	lacrar precintar sellar
bn:00093407v	sellar
bn:00093419v	recluirse retirarse
bn:00093425v	secularizar laicizar
bn:00093430v	ver contemplar mirar observar percibir advertir distinguir divisar ojear vigilar
bn:00093431v	ver
bn:00093432v	ver
bn:00093433v	visitar ver
bn:00093434v	
bn:00093447v	sembrar
bn:00093452v	buscar perseguir
bn:00093455v	buscar
bn:00093464v	segregar
bn:00093469v	apoderar apoderarse capturar confiscar embargar incautar prender tomar
bn:00093472v	vender expender enajenar
bn:00093473v	venderse
bn:00093474v	vender
bn:00093475v	vender
bn:00093485v	enviar mandar cursar despachar expedir remitir transmitir envíe que
bn:00093486v	enviar despachar embarcar expedir mandar transportar
bn:00093489v	enviar
bn:00093509v	servir ejercer actuar funcionar fungir
bn:00093510v	servir
bn:00093511v	servir atender
bn:00093512v	servir
bn:00093513v	servir_para
bn:00093518v	
bn:00093520v	
bn:00093521v	poner
bn:00093526v	encender pegar_fuego_a alumbrar incendiar pegar_fuego prender_fuego
bn:00093528v	frenar retrasar
bn:00093535v	depositar
bn:00093556v	
bn:00093573v	compartir comparten
bn:00093574v	compartir
bn:00093575v	compartir
bn:00093580v	afilar aguzar amolar
bn:00093584v	estrellar hacer_añicos destrozar destrozarse reventarse astillar quebrantar
bn:00093587v	afeitar rapar rasurar afeitarse barbear rasurarse
bn:00093591v	podar recortar cizallar cortar
bn:00093612v	transferir transportar trasladar
bn:00093613v	modificar
bn:00093624v	bailar_el_shimmy
bn:00093640v	estremecer temblar estremecerse tiritar
bn:00093662v	ir_de_compras comprar
bn:00093668v	abreviar acortar encoger
bn:00093676v	gritar vocear vociferar
bn:00093679v	empellar empujar dar_empujones impeler
bn:00093680v	embutir llenar meter
bn:00093682v	mostrar aparecer enseñar evidenciar poner_de_manifiesto presentar revelar
bn:00093683v	demostrar destacar mostrar presentar resaltar revelar
bn:00093684v	mostrar
bn:00093693v	consumirse debilitarse encoger languidecer marchitar marchitarse mermar mustiar mustiarse
bn:00093698v	levantar_los_hombros
bn:00093711v	
bn:00093724v	suspirar
bn:00093731v	firmar subscribir
bn:00093732v	firmar
bn:00093733v	firmar indicar señalar
bn:00093744v	
bn:00093752v	
bn:00093756v	pecar ofender
bn:00093757v	cantar
bn:00093758v	cantar
bn:00093763v	
bn:00093769v	hundir sumergir sumir
bn:00093773v	sorber
bn:00093776v	sentarse estar_sentado sentar
bn:00093777v	asentarse sentar sentarse
bn:00093778v	agazaparse sentar sentarse
bn:00093782v	
bn:00093783v	cruzarse_de_brazos
bn:00093789v	quedarse_despierto quedarse_levantado trasnochar velar empalmar reenganchar
bn:00093805v	patinar
bn:00093808v	deslizar patinar resbalar
bn:00093836v	aflojar aminorar frenar retardar
bn:00093845v	atravesar
bn:00093846v	abofetear
bn:00093867v	espiar fisgonear husmear rastrear
bn:00093868v	hender rajar
bn:00093875v	deslizar deslizarse resbalar resbalarse
bn:00093876v	deslizar deslizarse
bn:00093882v	deslizar deslizarse escabullirse
bn:00093883v	colar deslizar
bn:00093889v	escabullirse
bn:00093893v	hender rajar
bn:00093897v	currar liarse_a_puñetazos
bn:00093929v	oler catar olfatear
bn:00093930v	oler
bn:00093934v	sonreír
bn:00093939v	fumar
bn:00093941v	arder
bn:00093944v	alisar suavizar
bn:00093963v	gruñir
bn:00093966v	arrebatar chasquear pillar
bn:00093978v	oliscar olisquear
bn:00093979v	olfatear esnifar
bn:00094019v	suavizar ablandar
bn:00094026v	soldar soldadura
bn:00094051v	
bn:00094053v	sonar parecer tener_pinta
bn:00094054v	sonar
bn:00094077v	ahorrar
bn:00094089v	hablar dialogar
bn:00094090v	hablar charlar conversar dialogar
bn:00094092v	hablar_por
bn:00094096v	arponear lancear lanzar
bn:00094100v	especializar
bn:00094106v	acelerar
bn:00094108v	deletrear
bn:00094109v	deletrear escribir redactar
bn:00094113v	explicitar
bn:00094116v	
bn:00094123v	hablar
bn:00094125v	girar
bn:00094149v	empalmar
bn:00094161v	pasar_la_esponja
bn:00094165v	apadrinar auspiciar patrocinar respaldar
bn:00094182v	repanchigarse repantigarse despatarrar
bn:00094213v	cuadrar
bn:00094215v	cuadrar
bn:00094224v	estrujar exprimir
bn:00094226v	excluir recortar
bn:00094234v	retorcer retorcerse serpentear torcer trenzar zigzaguear contorsionar
bn:00094238v	estabilizar estabilizarse
bn:00094250v	colorar colorear manchar teñir
bn:00094257v	
bn:00094265v	estampillar
bn:00094275v	aguantar alzar levantar levantarse ponerse_de_pie tolerar
bn:00094276v	aguantar tolerar
bn:00094277v	aguantar alzar levantar poner_de_pie
bn:00094278v	
bn:00094283v	
bn:00094288v	estar_inmóvil quedarse_quieto
bn:00094289v	mantenerse
bn:00094294v	protagonizar
bn:00094300v	arrancar comenzar empezar encender estrenar iniciar originar partir poner_en_marcha
bn:00094301v	comenzar empezar estrenar iniciar iniciarse originar partir
bn:00094307v	alojarse hospedarse permanecer quedar quedarse
bn:00094308v	permanecer quedar quedarse
bn:00094313v	mantenerse_unidos permanecer_juntos quedarse_juntos
bn:00094314v	hurtar mangar robar afanar quitar rapiñar sustraer
bn:00094315v	
bn:00094316v	
bn:00094331v	conducirse dirigirse
bn:00094332v	
bn:00094337v	andar
bn:00094338v	pisar dar_un_paso
bn:00094345v	
bn:00094346v	
bn:00094347v	esterilizar
bn:00094359v	cargar encargarse_de picar pinchar punzar
bn:00094361v	agarrotarse atiesar atiesarse endurecerse entiesarse
bn:00094373v	remover revolver
bn:00094382v	atizar alimentar
bn:00094397v	detenerse parar pararse
bn:00094398v	parar detener
bn:00094400v	almacenar conservar
bn:00094406v	a_horcajadas ahorcajarse esparrancarse
bn:00094408v	
bn:00094409v	desencorvar enderezar erguirse
bn:00094418v	estrangular ahogar
bn:00094431v	derramar desparramar dispersar esparcir
bn:00094432v	surcar
bn:00094434v	ondear
bn:00094439v	consolidar fortalecer reforzar reforzarse robustecer
bn:00094441v	alargarse ensancharse estirar
bn:00094453v	golpear pegar golpear_secamente
bn:00094454v	dar tocar
bn:00094455v	hacer_huelga hacer_la_huelga abandonar_el_trabajo declararse_en_huelga estar_en_huelga parar parar_el_trabajo
bn:00094457v	encender
bn:00094476v	despojar
bn:00094484v	acariciar
bn:00094490v	afilar_con_correa
bn:00094493v	rasguear
bn:00094501v	estudiar cursar
bn:00094502v	rellenar
bn:00094507v	
bn:00094510v	atontar aturdir
bn:00094520v	
bn:00094521v	someterse supeditar
bn:00094523v	presentar someter proponer
bn:00094535v	sumergir sumergirse
bn:00094538v	someterse aceptar aguantar conformarse resignarse soportar sufrir tolerar tomar
bn:00094545v	subscribir
bn:00094546v	apoyar respaldar subscribir suscribir
bn:00094573v	sufrir
bn:00094575v	padecer sufrir
bn:00094581v	convenir
bn:00094589v	citar llamar
bn:00094607v	complementar completar suplementar
bn:00094612v	cubrir respaldar costear mantener sostener sufragar apoyar
bn:00094622v	encresparse
bn:00094625v	sospechar suponer presumir figurarse intuir barruntar conjeturar
bn:00094627v	asombrar sorprender
bn:00094630v	sondar sondear
bn:00094634v	colgar suspender
bn:00094650v	cambalachear canjear intercambiar permutar trocar cambiar comerciar traficar
bn:00094655v	columpiarse contonearse inclinarse
bn:00094663v	balancear columpiar mecer
bn:00094669v	brotar manar
bn:00094675v	nadar
bn:00094678v	balancear mecer
bn:00094683v	
bn:00094687v	girarse
bn:00094689v	arremolinar arremolinarse girar remolinear
bn:00094692v	encender prender conectar
bn:00094716v	sistemar sistematizar
bn:00094717v	tabular
bn:00094720v	
bn:00094730v	tomar
bn:00094731v	tomar apropiarse copar llevarse quitar
bn:00094732v	tomar coger trasladarse
bn:00094733v	
bn:00094734v	apropiarse coger confiscar copar quitar tomar
bn:00094748v	retirar sacar
bn:00094769v	
bn:00094776v	desempaquetar desempacar deshacer
bn:00094778v	
bn:00094797v	hablar charlar hablar_de
bn:00094801v	encajar persuadir
bn:00094812v	echar_mano
bn:00094836v	gravar imponer
bn:00094838v	
bn:00094855v	televisar
bn:00094859v	aplastarse plegarse
bn:00094862v	decir comunicar
bn:00094863v	decir comunicar informar distinguir
bn:00094878v	designar
bn:00094902v	adelgazar adelgazarse enflaquecer enflaquecerse
bn:00094906v	figurarse imaginar pensar creer
bn:00094914v	pensar pensar_en
bn:00094924v	enhebrar enhilar enjaretar ensartar
bn:00094927v	amenazar
bn:00094928v	acechar amenazar
bn:00094931v	latir palpitar
bn:00094934v	lanzar arrojar tirar
bn:00094935v	arrojarse lanzarse tirar tirarse
bn:00094936v	tirar
bn:00094937v	tirar
bn:00094941v	
bn:00094943v	impeler impulsar lanzar propulsar metió
bn:00094948v	rugir tronar
bn:00094955v	enganchar engancharse
bn:00094970v	cronometrar temporalizar
bn:00094984v	volcar
bn:00094986v	demoler derribar derrocar volcar
bn:00095002v	
bn:00095032v	abatir caerse demoler derribar derrocar perder_el_equilibrio venirse_abajo
bn:00095040v	tocar contactar palpar
bn:00095043v	tocar
bn:00095049v	recorrer hacer_un_tour ir_de_gira
bn:00095060v	intercambiar comerciar entregar_a_cambio traficar trocar
bn:00095085v	transferir transmitir transbordar trasladar
bn:00095086v	trasplantar
bn:00095089v	transformar
bn:00095090v	transformar transmutar cambiar convertir transformarse transmudar trasformar trasmutar transmutarse trasladar trasladarse
bn:00095091v	traducir transformar
bn:00095106v	
bn:00095121v	transportar
bn:00095127v	atrapar
bn:00095128v	viajar
bn:00095130v	visitar
bn:00095139v	convidar regalonear tomarse
bn:00095143v	triplicar triplicarse
bn:00095196v	proclamar trompetear
bn:00095201v	
bn:00095204v	confiar fiarse
bn:00095228v	afinar acordar poner_a_punto reglar templar entonar
bn:00095233v	girar virar voltear rotar
bn:00095234v	girar rotar
bn:00095235v	girar revolverse rotar virar voltear volver volverse
bn:00095236v	girar rotar virar volver pasar
bn:00095252v	
bn:00095254v	
bn:00095255v	
bn:00095259v	resultar salir
bn:00095260v	hacer producir
bn:00095267v	antender
bn:00095270v	tutelar
bn:00095282v	
bn:00095296v	tipificar
bn:00095313v	desanudar desligar zafar
bn:00095331v	destaponar
bn:00095335v	desenrollarse desovillarse desrizarse
bn:00095351v	subestimar
bn:00095375v	entender coger comprender
bn:00095378v	deshacer revertir
bn:00095400v	cohesionar concertarse reunir unificar
bn:00095412v	abrir desatrancar desbloquear
bn:00095421v	
bn:00095423v	descodificar
bn:00095424v	desatornillar descollar
bn:00095432v	desoldar
bn:00095448v	
bn:00095455v	mejorar
bn:00095459v	luchar_por mantener sostener
bn:00095465v	destorbar enturbiar
bn:00095489v	cambiar variar
bn:00095503v	velar ocultar poner_un_velo
bn:00095516v	verificar comprobar
bn:00095531v	disgustar inquietar preocupar apurar inquietarse molestar preocuparse afligir atormentar
bn:00095534v	victimizar
bn:00095561v	expresar hacerse_eco
bn:00095569v	ofrecer
bn:00095572v	votar elegir sufragar
bn:00095573v	votar
bn:00095582v	jurar votar
bn:00095588v	vadear
bn:00095591v	colear contonear menear rabear
bn:00095593v	esperar aguardar permanecer
bn:00095594v	servir ser_camarero
bn:00095595v	estar_despierto
bn:00095597v	caminar andar ir pasear ir_a_pie ir_andando
bn:00095599v	
bn:00095601v	hacer_un_pase pasar
bn:00095619v	
bn:00095627v	
bn:00095628v	desear necesitar querer
bn:00095638v	entusiasmarse
bn:00095642v	advertir alertar avisar prevenir notificar
bn:00095663v	malgastar
bn:00095665v	observar ver mirar
bn:00095681v	encerar
bn:00095697v	colocar_burlete poner_un_burlete
bn:00095701v	pesar ponderar
bn:00095702v	izar_el_ancla levar_anclas levar_el_ancla
bn:00095705v	acoger acoger_con_agrado bienvenida
bn:00095706v	acoger
bn:00095707v	soldar
bn:00095714v	humedecer mojar
bn:00095725v	empujar pasear
bn:00095747v	susurrar cuchichear murmurar
bn:00095749v	silbar
bn:00095751v	
bn:00095754v	blanquear emblanquecer enjalbegar jalbegar
bn:00095760v	pasar_zumbando
bn:00095774v	controlar desear dirigir
bn:00095777v	ganar triunfar vencer
bn:00095795v	enjugar
bn:00095796v	alambrar cablear
bn:00095799v	aprender enterarse
bn:00095802v	anhelar ansiar aspirar desear querer
bn:00095803v	aspirar desear gustaría
bn:00095805v	aspirar desear
bn:00095806v	presenciar atestiguar testificar
bn:00095812v	trabajar esforzarse laburar
bn:00095813v	trabajar
bn:00095815v	moverse torcerse
bn:00095823v	trabajar
bn:00095826v	elaborar ofrecer proponer traer_a_colación resolver
bn:00095827v	
bn:00095829v	preocuparse inquietarse apurarse molestar preocupar comerse_la_cabeza estar_preocupado
bn:00095832v	adorar idolatrar venerar
bn:00095836v	envolver
bn:00095847v	escribir redactar
bn:00095848v	redactar
bn:00095849v	escribir redactar
bn:00095851v	
bn:00095855v	anular
bn:00095858v	redactar
bn:00095870v	acedarse amarillar amarillear amarillecer
bn:00095886a	0 cero
bn:00095887a	1 i un uno
bn:00095888a	10 diez x
bn:00095890a	100 c cien ciento
bn:00095891a	1000 m mil
bn:00095898a	décimo décima
bn:00095899a	11 once xi
bn:00095905a	12 doce xii
bn:00095910a	doceavo duodécimo
bn:00095911a	13 trece xiii
bn:00095917a	14 catorce xiv
bn:00095923a	15 quince xv
bn:00095928a	decimoquinto quinceavo
bn:00095929a	16 dieciséis xvi
bn:00095934a	decimosexto dieciseisavo
bn:00095935a	17 diecisiete xvii
bn:00095940a	decimoséptimo diecisieteavo
bn:00095941a	18 dieciocho xviii
bn:00095944a	decimoctavo dieciochoavo
bn:00095945a	19 diecinueve xix
bn:00095948a	decimonoveno diecinueveavo
bn:00095949a	primer primera primero
bn:00095950a	2 dos ii
bn:00095952a	20 veinte xx
bn:00095956a	21 veintiuno xxi
bn:00095957a	vigésimo_primero
bn:00095958a	22 veintidós xxii
bn:00095960a	23 veintitrés xxiii
bn:00095962a	24 veinticuatro xxiv
bn:00095964a	25 veinticinco xxv
bn:00095966a	26 veintiséis xxvi
bn:00095970a	28 veintiocho xxviii
bn:00095972a	29 veintinueve xxix
bn:00095974a	segundo segunda
bn:00095975a	3 iii tres
bn:00095978a	30 treinta xxx
bn:00096000a	tercer tercero
bn:00096001a	4 cuatro iv
bn:00096004a	40 cuarenta xl
bn:00096026a	cuarto
bn:00096027a	5 cinco v
bn:00096029a	50 cincuenta l
bn:00096030a	500 d quinientos
bn:00096043a	quinto
bn:00096044a	6 seis vi
bn:00096046a	60 lx sesenta
bn:00096059a	6 sexto sexta
bn:00096060a	7 siete vii
bn:00096062a	70 lxx setenta
bn:00096075a	8 ocho viii
bn:00096077a	80 lxxx ochenta
bn:00096089a	octavo
bn:00096090a	9 ix nueve
bn:00096092a	90 noventa xc
bn:00096106a	excelente gran grande magnífico
bn:00096109a	
bn:00096124a	mini
bn:00096139a	abyecto bajo despreciable miserable vil
bn:00096147a	caliente excitado
bn:00096151a	capaz apto competente
bn:00096152a	capaz
bn:00096158a	anormal
bn:00096165a	abominable atroz espantoso horrendo horrible horripilante horroroso terrible tremendo
bn:00096169a	primordial originario primitivo aborigen indígena
bn:00096175a	arriba anterior
bn:00096180a	abrasivo
bn:00096185a	ultramarino
bn:00096192a	ausente
bn:00096195a	absoluto absoluta completo perfecto pleno puro total
bn:00096204a	absorto concentrado embelesado
bn:00096208a	apasionante deslumbrante fascinador fascinante
bn:00096212a	abstracto
bn:00096213a	abstracto
bn:00096218a	ridículo absurdo disparatado estúpido incongruente irracional ridícula
bn:00096219a	abundante copiosa copioso bastante colmado cuantioso
bn:00096228a	académico
bn:00096229a	
bn:00096248a	aceptable satisfactorio
bn:00096252a	
bn:00096273a	concomitante consecuente consiguiente resultante
bn:00096284a	acreditado autorizado reconocido comisionada comisionado
bn:00096292a	exacto preciso precisa justo exacta
bn:00096293a	exacto clavado exacta perfecto precisa preciso
bn:00096298a	acostumbrado acostumbrada acostumbrados
bn:00096306a	cáustico abrasador acre amargo mordaz virulento vitriólico ácido áspero cáustica
bn:00096355a	amargado mordaz rencoroso resentido
bn:00096357a	atlético acrobático gimnástico
bn:00096366a	general amplio completo global
bn:00096369a	interino suplente encargado
bn:00096377a	activado
bn:00096382a	activo activas
bn:00096384a	activo activa
bn:00096385a	activo participante activa
bn:00096397a	real existente verdadero efectiva efectivo
bn:00096399a	genuino auténtico real verdadero
bn:00096435a	atontado confuso despistado
bn:00096445a	experto adepto competente diestro ducho habilidoso hábil mañoso experta
bn:00096446a	adecuada adecuado acertado apropiado apto capaz conveniente idóneo igual indicado
bn:00096447a	adecuado bastante suficiente
bn:00096449a	acertado adecuado apropiado apto capaz conveniente idóneo indicado
bn:00096455a	adyacente anexo colindante contiguo inmediato yuxtapuesto
bn:00096456a	adyacente colindante contiguo vecino inmediato limítrofe lindero
bn:00096458a	adjetival adjetivo
bn:00096467a	ajustado regulado
bn:00096474a	administrativa administrativo administrativos
bn:00096478a	aceptable admisible lícito
bn:00096500a	adrenal
bn:00096505a	
bn:00096527a	adelantado avanzado
bn:00096529a	innovador moderno avanzado progresista
bn:00096531a	sofisticado avanzado complejo
bn:00096535a	provechoso ventajoso favorable beneficioso
bn:00096545a	adverso opuesto perjudicial
bn:00096548a	anunciado
bn:00096562a	eterno perpetuo eterna eternal perpetua inacabable interminable perenne incesante
bn:00096563a	gasificado
bn:00096572a	aerodinámica aerodinámico
bn:00096580a	
bn:00096583a	estética estético
bn:00096591a	afable cordial amable bonachón simpático
bn:00096597a	afectuoso amable cariñoso cálido cándido dulce simpático tierno afectuosa
bn:00096608a	añadido
bn:00096611a	dolorido doloroso incómodo lamentable penoso triste
bn:00096612a	rico acaudalado adinerado afluente forrado próspero pudiente adinarado
bn:00096621a	
bn:00096625a	temeroso tener_miedo miedo
bn:00096629a	africano
bn:00096642a	antiguo inmemorial secular
bn:00096644a	anciano mayor anciana vieja viejo
bn:00096646a	
bn:00096660a	agresivo
bn:00096662a	agresivo belicoso beligerante agresiva
bn:00096663a	consternada consternado aterrado aterrorizado espantado horrorizado pasmado desconcertada desconcertado
bn:00096671a	luminoso resplandeciente
bn:00096691a	convenido estipulado
bn:00096707a	propio
bn:00096719a	aerotransportado
bn:00096721a	alocado atolondrado casquivano informal tonto
bn:00096728a	afín análogo relacionado semejante
bn:00096755a	alerta
bn:00096762a	
bn:00096765a	argelino algeriano
bn:00096773a	ajeno extrínseco
bn:00096774a	extranjero extraño exótica exótico forastero foráneo
bn:00096777a	enajenado
bn:00096782a	similar parecido parecida semejante igual equiparable parejo
bn:00096787a	vivo
bn:00096788a	
bn:00096793a	alcalino alcalina
bn:00096798a	todo
bn:00096803a	crucial esencial
bn:00096816a	completo concluido terminado
bn:00096817a	bien correcto
bn:00096821a	presunto
bn:00096822a	llamado presunto supuesto
bn:00096842a	destinable distribuible
bn:00096869a	
bn:00096870a	solitario
bn:00096872a	el_único incomparable inigualable inigualado solos único
bn:00096890a	curativo medicinal remediador sanador terapéutico
bn:00096893a	alterno alterna
bn:00096894a	alternativo alterno
bn:00096898a	alternativo
bn:00096911a	alveolar
bn:00096926a	admirable asombroso impresionante increíble sorprendente espléndido estupendo fabuloso fantástico magnífico maravilloso
bn:00096934a	ambiguo ambigua equívoco equívoca
bn:00096939a	ambicioso exigente
bn:00096952a	accesible agradable complaciente tratable
bn:00096958a	enmendado reformado
bn:00096963a	estadounidense norteamericano americano
bn:00096987a	amorfo sin_forma informe
bn:00097000a	amplio extenso
bn:00097001a	abundante bastante copioso generoso
bn:00097004a	divertido entretenido
bn:00097006a	chistoso cómico divertido gracioso risible alegre ridículo chistosa cómica divertida graciosa
bn:00097021a	anaerobio anaeróbico
bn:00097034a	análogo correspondiente
bn:00097040a	analítica analítico
bn:00097060a	anatómico anatómicas
bn:00097063a	ancestral hereditario patrimonial transmisible
bn:00097066a	antigua antiguo arcaico vetusto vetusta
bn:00097067a	anciano
bn:00097092a	querúbico angelical angélico cándido inocente seráfico
bn:00097099a	anglicano anglicana
bn:00097107a	enfadado enojado airada airado brava bravo enfadada
bn:00097112a	angustiado atormentado acongojado atribulado
bn:00097114a	angular anguloso
bn:00097128a	aniónico
bn:00097136a	
bn:00097143a	aniquilador devastador fulminante
bn:00097147a	irritante molesto fastidioso vejatorio cargante enfadoso enojoso pesado hostigoso molestoso
bn:00097165a	otra otro
bn:00097172a	
bn:00097191a	anterior
bn:00097192a	anterior precedente previo
bn:00097195a	
bn:00097208a	
bn:00097219a	fantástico grotesco incongruente
bn:00097222a	expectante
bn:00097223a	anticipado esperado prospectivo
bn:00097258a	anticuado demodé desfasado pasado pasado_de_moda
bn:00097261a	antiséptico
bn:00097270a	antitiroideo antitiroideos
bn:00097283a	ansioso deseoso
bn:00097285a	absoluto cualquier
bn:00097291a	apático indiferente
bn:00097323a	apócrifa apócrifo
bn:00097341a	apostólico
bn:00097349a	vestido
bn:00097350a	evidente claro manifiesto obvia obvio inconfundible patente sencillo
bn:00097351a	aparente evidente ostensible
bn:00097352a	fantasmal
bn:00097354a	
bn:00097368a	encomiable laudable loable digno_de_elogio alabable benemérito digno_de_alabanza elogiable meritorio
bn:00097372a	aplicable
bn:00097377a	decretado ordenado prescrito
bn:00097389a	comprensible entendible inteligible aprehensible
bn:00097396a	inmediato inminente próximo venidero
bn:00097398a	apropiado
bn:00097400a	aprobado
bn:00097401a	aproximado aproximativo aproximada aproximativa
bn:00097407a	apto
bn:00097417a	acuoso ácueo acuosa
bn:00097433a	arbitrario arbitraria
bn:00097441a	abovedado arciforme arqueado corvo
bn:00097457a	prototípico arquetípica arquetípico
bn:00097461a	arquitectónico tectónico
bn:00097465a	ártico
bn:00097467a	apasionado acalorado ardiente ferviente apasionada tórrido
bn:00097470a	laborioso agotador arduo duro fatigoso penoso pesado
bn:00097494a	aristotélico peripatético
bn:00097496a	armado
bn:00097518a	
bn:00097521a	completo
bn:00097523a	impresionante sensacional
bn:00097532a	arteriolar
bn:00097548a	artificial irreal
bn:00097549a	afectado artificial forzado
bn:00097552a	artística artístico
bn:00097559a	
bn:00097581a	avergonzado abochornado avergonzada apenado
bn:00097582a	lívido pálido
bn:00097587a	oblicuo torcido ladeado
bn:00097589a	dormido
bn:00097605a	declarativo
bn:00097622a	diverso misceláneo mixto surtido variado
bn:00097623a	surtido variado surtida variada
bn:00097628a	seguro
bn:00097643a	levantado
bn:00097646a	asombroso
bn:00097655a	astronómica astronómico galáctico
bn:00097657a	astuta astuto perspicaz sagaz
bn:00097668a	desconcertado perplejo
bn:00097669a	acorralado acosado atrapado
bn:00097671a	
bn:00097672a	inminente inmediato próximo venidero
bn:00097677a	confusa confuso desconcertada desconcertado estupefacta estupefacto extrañada extrañado perpleja perplejo sorprendida sorprendido
bn:00097680a	
bn:00097696a	atómico
bn:00097697a	nuclear atómica atómico
bn:00097710a	horrendo horrible atroz espantoso horripilante horroroso
bn:00097734a	
bn:00097745a	descubierto desnudo
bn:00097748a	impertérrito atrevida atrevido audaz imperturbable impertérrita impávida impávido intrépida intrépido bravo valeroso valiente
bn:00097749a	descarado impudente insolente
bn:00097752a	audible oíble
bn:00097763a	augusto venerable venerado
bn:00097793a	auténtico fehaciente fiable fidedigno fiel
bn:00097794a	auténtico genuino original
bn:00097800a	clásico
bn:00097823a	automático automática
bn:00097826a	automotor automovilístico automotrices automotriz
bn:00097828a	autonómico autónomo
bn:00097829a	autonómico autónomo independiente soberano
bn:00097831a	autónomo
bn:00097846a	disponible disponibles
bn:00097850a	avaricioso avariento avaro avariciosa avarienta codicioso mezquina ávida ávido avara
bn:00097854a	media medio
bn:00097855a	corriente
bn:00097857a	intermedio mediano medio
bn:00097858a	modal
bn:00097875a	despierto despierta
bn:00097879a	consciente avezado conocedor entendedor entendido sabedor
bn:00097880a	atento consciente considerado cuidadoso
bn:00097881a	
bn:00097884a	agotado cansado exhausto extenuado fatigado rendido
bn:00097885a	sobrecogido
bn:00097890a	terrible espantoso horrible alarmante espantosa fatal horrorosa horroroso temible temido calamitoso horrendo pavoroso sobrecogedor tremendo aterrador atroz
bn:00097894a	fastidioso inconveniente inoportuno problemático
bn:00097898a	delicado dificultoso difícil duro
bn:00097912a	axiomático autoevidente evidente lógico
bn:00097938a	posterior trasero
bn:00097939a	posterior trasero
bn:00097943a	consecutivo
bn:00097959a	bacteriano bacteriológico bacteriana bacteriológica bacterial
bn:00097966a	malo mal
bn:00097967a	fuerte gran grande terrible
bn:00097974a	arriesgado inseguro mal malo
bn:00097980a	descortés malcriado maleducado rudo
bn:00097982a	desconcertante espinoso problemático
bn:00097992a	equilibrado equilibrada
bn:00097998a	
bn:00097999a	funesto siniestro
bn:00098000a	amenazante agorero amenazador funesto ominoso siniestro
bn:00098002a	
bn:00098013a	banal manida manido sabida sobada sobado trillada trillado gastado trivial sabido
bn:00098015a	vendado
bn:00098029a	chiquito diminuto chico diminutivo enano insignificante liliputiense minúsculo pequeñito pequeño chiquita diminuta
bn:00098030a	agudo burlona burlón chistoso chusco gracioso ingenioso jocoso ocurrente salado
bn:00098042a	atroz brutal bárbaro cruel feroz salvaje
bn:00098053a	
bn:00098066a	regalado tirado
bn:00098073a	imponente majestuoso noble regio señorial
bn:00098074a	barroco churrigueresco
bn:00098085a	basal fundamental
bn:00098090a	inmoral deshonroso
bn:00098091a	desdeñable despreciable infame innoble miserable ruin vil villano
bn:00098098a	modesto tímida tímido vergonzoso
bn:00098100a	básico básica
bn:00098101a	canónica canónico básico
bn:00098115a	basofílico
bn:00098116a	bajo baja grave
bn:00098117a	falso adulterado falsificado trapicheado falaz fraudulento mendaz
bn:00098129a	estropeado raído
bn:00098144a	enjoyado
bn:00098151a	radiante refulgente
bn:00098171a	bello hermosa hermoso bonita bonito cautivador encantador guapo lindo precioso bella
bn:00098174a	decente decoroso
bn:00098187a	fornida fornido carnoso carnudo corpulento cárnico fuerte musculoso robusto
bn:00098197a	inicial primer primero
bn:00098211a	retrasado tardio tardío atrasada atrasado con_retraso retrasada
bn:00098213a	belga
bn:00098214a	creíble verosímil
bn:00098216a	desaprobatorio reprobatorio
bn:00098222a	beligerante militante
bn:00098224a	amado querido amada querida bienamado dilecto
bn:00098226a	subterráneo subterránea
bn:00098243a	beneficioso bueno
bn:00098257a	abollado torcido
bn:00098272a	prometido
bn:00098274a	mejor
bn:00098275a	
bn:00098278a	
bn:00098282a	mejor incrementado realzado
bn:00098283a	mejor
bn:00098286a	atractivo apuesto guapo atractiva bonita bonito
bn:00098287a	
bn:00098291a	embrujado hechizado encantado
bn:00098292a	encantador arrebatador cautivador cautivante embrujador fascinante seductor hechicero
bn:00098312a	borracho bebedor bebedora borracha ebrio achispado embriagado escabiado escabio
bn:00098340a	ahorquillado bifurcado bífido ramificado ramoso
bn:00098342a	grande gran grandes
bn:00098343a	gran grande
bn:00098345a	prominente destacado gran grande importante
bn:00098351a	dadivoso desprendido espléndido garboso generoso magnánime magnífico pródigo rumboso
bn:00098357a	
bn:00098361a	mayor
bn:00098381a	billón
bn:00098404a	binomial binómico
bn:00098408a	bioquímico bioquímica
bn:00098417a	biológica biológico biológicos
bn:00098458a	deslavazado poco_sistemático
bn:00098466a	agridulce
bn:00098477a	extraño raro estrafalario estrambótico excéntrico extravagante
bn:00098480a	negro
bn:00098484a	corrupto negro obscuro oscuro perverso siniestro
bn:00098490a	pirata
bn:00098502a	moreno de_pelo_negro
bn:00098518a	maldito puto
bn:00098521a	blando insulso insípido soso desaborido blanda desabrido ñoño
bn:00098524a	blanco
bn:00098545a	cegador deslumbrante
bn:00098562a	ciego invidente
bn:00098564a	ciego
bn:00098581a	colorado rojo carmesí carmín cereza encarnado escarlata grana rojizo rubescente bermejo
bn:00098594a	sangriento cruento sanguinolento ensangrentado
bn:00098604a	ventoso
bn:00098606a	azul azulado azul_celeste celeste
bn:00098616a	obrero
bn:00098625a	selecto
bn:00098629a	perpendicular
bn:00098633a	franco directo firme sincero honesto
bn:00098634a	
bn:00098637a	ruborizado
bn:00098639a	ventoso racheado tormentoso
bn:00098653a	bogartiano
bn:00098654a	cenagoso fangoso lodoso pantanoso
bn:00098661a	audaz atrevido intrépido osado
bn:00098681a	cadavérico chupado delgaducho demacrado descarnado enclenque enjuto escuálido esquelético huesudo raquítico delgado flaco
bn:00098683a	demacrado demacrada macilenta macilento cadavérico chupado consumido delgaducho descarnado enclenque enjuto escuálido esquelético huesudo raquítico seco
bn:00098691a	floreciente próspero pujante
bn:00098698a	adulador lameculos pelota
bn:00098703a	mínimo
bn:00098707a	hastiado
bn:00098708a	aburrido agobiante cargante gris latoso monótono pesado tedioso
bn:00098723a	
bn:00098743a	botulinal
bn:00098764a	ilimitado infinito
bn:00098794a	fresco refrecante tónico vigorizante vitalizante
bn:00098805a	loco chiflado desequilibrado desquiciado loca
bn:00098827a	valeroso valiente corajudo arrojado brioso audaz brava bravo
bn:00098828a	agradable bonito espléndido estupendo
bn:00098829a	robusto fornido fuerte musculoso forzudo atlético corpulento membrudo vigoroso correoso
bn:00098854a	breve corto
bn:00098855a	conciso sucinto
bn:00098857a	brillante claro luminoso
bn:00098858a	brillante vivo
bn:00098859a	despavilado despierto desvelado espavilado listo sagaz vivo
bn:00098870a	brillante
bn:00098871a	brillante espléndido macanudo magnífico
bn:00098883a	británica británico
bn:00098887a	ancho amplio ancha
bn:00098888a	
bn:00098890a	pleno
bn:00098891a	amplio ancho espacioso vasto amplia ancha espaciosa vasta
bn:00098893a	liberal tolerante
bn:00098905a	enorme grandote inmenso oceánico vasto
bn:00098906a	repujado
bn:00098909a	roto dañado estropeado quebrado
bn:00098911a	bajo humillado
bn:00098930a	gastado sobado trillado
bn:00098931a	bronquial
bn:00098932a	bronquiolar
bn:00098939a	contemplativo meditativo pensativo
bn:00098942a	marrón pardo bruno pardusco dorada dorado parda
bn:00098957a	nebuloso brumoso neblinoso
bn:00098985a	presupuestario presupuestaria presupuestal
bn:00098993a	reforzado
bn:00098994a	empotrado incluido inherente intrínseco
bn:00099012a	barato malo caseoso chungo barata mala
bn:00099022a	incompetente inepto
bn:00099057a	ocupado ajetreado atareado
bn:00099059a	entrometido curioso entremetido inoportuno oficioso
bn:00099061a	ocupado
bn:00099064a	sangriento sanguinario sanguíneo violento
bn:00099067a	zalamero cobista meloso
bn:00099069a	conservador
bn:00099072a	
bn:00099082a	bizantino intrincado laberíntico tortuoso complicada complicado enrevesada enrevesado
bn:00099120a	calculado deliberado premeditado astuta astuto calculada
bn:00099145a	calmado sereno sosegado tranquilo
bn:00099147a	térmico calorífico calórico termal térmica
bn:00099207a	
bn:00099215a	capaz
bn:00099258a	básico central elemental esencial fundamental primordial
bn:00099268a	atento cuidadosa cuidadoso prudente
bn:00099273a	descuidado negligente irresponsable
bn:00099274a	
bn:00099301a	cartesiano
bn:00099313a	individual individualizado
bn:00099380a	católico católica
bn:00099392a	alcanzado
bn:00099399a	casual fortuito
bn:00099411a	célebre famosa famoso ilustre reconocido renombrado celebrado conocido de_renombre distinguido
bn:00099436a	intermedio
bn:00099438a	centrado central
bn:00099441a	central
bn:00099452a	centrípeto receptivo sensorial
bn:00099460a	cerámica cerámico
bn:00099464a	cerebral intelectual
bn:00099474a	cierto
bn:00099475a	seguro cierto cierta positiva positivo segura
bn:00099476a	cierto
bn:00099477a	forzoso ineludible inevitable inexorable seguro
bn:00099480a	seguro
bn:00099506a	
bn:00099507a	campeón ganador
bn:00099521a	constante
bn:00099523a	cambiante
bn:00099532a	característico típico característica
bn:00099533a	aburrido
bn:00099537a	cargado electrizante
bn:00099540a	caritativo benéfico caritativa
bn:00099542a	atractivo encantador seductor
bn:00099556a	chauvinista chovinista jingoísta patriotero
bn:00099557a	barata asequible barato económica económico
bn:00099560a	antideportivo sucio corrupto deshonesto marrullero turbio
bn:00099568a	agradable alegre asoleado jovial soleado
bn:00099577a	química químico
bn:00099583a	querido apreciado entrañable adorado amado
bn:00099598a	principal primordial troncal
bn:00099602a	infantil inmaduro
bn:00099605a	infantil ingenuo inocente
bn:00099614a	chino china
bn:00099616a	bermejo
bn:00099617a	
bn:00099618a	
bn:00099636a	atascado
bn:00099644a	delicado exigente melindroso
bn:00099655a	cristiano cristiana
bn:00099656a	cristiano cristiana
bn:00099667a	crónica crónico
bn:00099677a	achaparrado chaparro gordo grueso rechoncho regordete
bn:00099702a	circular redondo
bn:00099708a	circundante envolvente
bn:00099725a	ciudadano cívico
bn:00099727a	civil
bn:00099734a	civilizado
bn:00099735a	civilizado cortés cultivado educado fino gentil refinado
bn:00099736a	cubierto vestido
bn:00099743a	clandestina clandestino encubierto escondido oculto secreto
bn:00099753a	clásico
bn:00099754a	clásico grecorromano helénico
bn:00099776a	limpio
bn:00099777a	
bn:00099787a	limpio
bn:00099795a	
bn:00099796a	inocente
bn:00099802a	claro
bn:00099803a	claro definido nítido obvio
bn:00099813a	claro legible leíble
bn:00099815a	cortante
bn:00099838a	clínico clínica
bn:00099847a	
bn:00099853a	monástico claustral conventual
bn:00099857a	cercano cerca
bn:00099858a	cercano íntimo
bn:00099859a	cercano próximo cercana próxima cerca
bn:00099872a	unido
bn:00099874a	
bn:00099876a	cerrado cerrada
bn:00099878a	cerrado cerrada
bn:00099900a	turbio
bn:00099911a	desmañado insignificante patoso torpe desgarbado
bn:00099918a	coordinado interconectado
bn:00099919a	coordinado
bn:00099929a	basto bruto ordinario rudo soez tosco vulgar
bn:00099941a	coaxial
bn:00099949a	estrafalario tonto
bn:00099953a	chulo creído fanfarrón
bn:00099981a	frío fría
bn:00099982a	distante frío fría
bn:00100009a	abonable pagable pagadero
bn:00100021a	coloquial conversacional familiar
bn:00100023a	colombiano colombiana
bn:00100024a	colonial coloniales
bn:00100030a	
bn:00100034a	cromático color
bn:00100035a	
bn:00100037a	vistoso vivo colorido
bn:00100038a	vistoso
bn:00100042a	colosal gigantesco prodigioso desmesurada desmesurado gigantesca monumental
bn:00100067a	confortable cómodo agradable cómoda grata grato
bn:00100081a	comercial
bn:00100090a	común
bn:00100091a	común
bn:00100092a	común mutuo
bn:00100093a	común
bn:00100094a	vernáculo común ordinario vernacular vulgar
bn:00100105a	comunicacional
bn:00100108a	comunista
bn:00100117a	comparable equiparable
bn:00100119a	comparable
bn:00100121a	comparativo
bn:00100126a	compatible
bn:00100133a	competente apropiado
bn:00100136a	competitivo
bn:00100144a	completo completa
bn:00100145a	completo consumado
bn:00100148a	complejo complexo complicado
bn:00100150a	complejo complicado enrevesado intrincado
bn:00100162a	completo extenso global
bn:00100171a	
bn:00100173a	forzoso imperativo obligatorio requerido
bn:00100179a	cóncavo cóncava
bn:00100181a	escondido imperceptible oculto
bn:00100184a	engreído presuntuoso pretencioso egoísta fatuo presumido vanidoso engreída presuntuosa pretenciosa
bn:00100196a	inquieto afectado involucrado inquieta
bn:00100197a	afectado inquieto interesado preocupado
bn:00100199a	agrupado combinado concertado conjunto coordinado unido
bn:00100202a	concisa conciso lacónico preciso sucinto
bn:00100203a	final terminal último
bn:00100223a	confederado
bn:00100224a	seguro
bn:00100236a	constrictivo limitador restrictivo
bn:00100238a	inveterado
bn:00100240a	
bn:00100251a	confuso desordenado inconexo
bn:00100252a	desorientado perdido atolondrado confundido
bn:00100255a	ambiguo confuso desconcertante
bn:00100261a	congénita congénito innato
bn:00100275a	conyugal
bn:00100287a	conectado
bn:00100291a	conector
bn:00100298a	concienzudo escrupuloso esmerado meticuloso minucioso
bn:00100301a	consciente
bn:00100302a	consciente
bn:00100306a	continuado continuo secuencial sucesivo consecutivo
bn:00100312a	conservador conservadores
bn:00100315a	considerable importante
bn:00100316a	atento considerado delicado atenta
bn:00100318a	consistente
bn:00100319a	reproducible
bn:00100326a	consonante consonántico
bn:00100329a	evidente obvio
bn:00100350a	consuntivo
bn:00100360a	contemporáneo
bn:00100361a	contemporáneo moderno contemporánea moderna
bn:00100373a	continental
bn:00100378a	aleatorio contingente eventual incierto
bn:00100380a	continuo
bn:00100383a	continuado continuo contínuo
bn:00100384a	
bn:00100385a	continuo incesante ininterrumpido permanente continua sostenida sostenido
bn:00100386a	continuo
bn:00100391a	contractual
bn:00100392a	contradictorio
bn:00100393a	contradictorio
bn:00100398a	contrario opuesto
bn:00100400a	terco incorregible ineducable ingobernable insumiso contumaz obstinada obstinado pertinaz recalcitrante terca testaruda testarudo
bn:00100409a	controlado controladas
bn:00100415a	conveniente
bn:00100416a	convencional
bn:00100417a	convencional establecido
bn:00100418a	convencional
bn:00100433a	convincente
bn:00100441a	fresco fresca
bn:00100442a	tranquilo fláccido fresco imperturbable sereno
bn:00100490a	acertado correcto correcta justo acertada exacta exacto razón
bn:00100491a	bueno correcto
bn:00100499a	correlacionado correlativo correlacionada
bn:00100502a	correspondiente
bn:00100503a	correspondiente
bn:00100519a	cortical corticales
bn:00100536a	global mundial ecuménico universal
bn:00100545a	caro costoso cara oneroso
bn:00100580a	codiciado deseado
bn:00100582a	cobarde pusilánime vil miedosa miedoso
bn:00100591a	descabellado disparatado estúpido idiota
bn:00100600a	
bn:00100622a	creativo creativa
bn:00100654a	encarnado rojo rubicundo ruborizado rubro rufo rúbeo sonrojado
bn:00100663a	definido nítido
bn:00100672a	crítico crítica
bn:00100673a	crítico crítica
bn:00100675a	crítico elemental esencial fundamental indispensable primordial vital
bn:00100684a	torcido
bn:00100687a	transversal transverso de_través oblicuo atravesado
bn:00100709a	abarrotado atestado rebosante repleto
bn:00100713a	supremo
bn:00100721a	rudo tosco rudimentario
bn:00100724a	primitivo rudimentario tosco primitiva
bn:00100726a	desmenuzable friable frágil quebradizo
bn:00100733a	incrustado
bn:00100740a	críptico desconocido incomprensible inescrutable ininteligible misterioso
bn:00100750a	cubano cubana cubanos
bn:00100761a	cultural
bn:00100762a	étnico cultural étnica
bn:00100766a	pesado voluminoso engorrosa engorroso incómoda incómodo
bn:00100783a	curioso extraño inusual raro original peculiar singular curiosa extraña rara
bn:00100784a	curioso curiosos
bn:00100790a	actual vigente
bn:00100813a	acostumbrado consuetudinario habitual
bn:00100815a	cortado
bn:00100846a	cilíndrica cilíndrico
bn:00100849a	cínico misantrópico cínica
bn:00100876a	cursi delicado fino
bn:00100889a	
bn:00100892a	húmedo mojado
bn:00100894a	
bn:00100895a	peligrosa peligroso
bn:00100896a	serio grave peligroso severo terrible tremendo
bn:00100897a	danesa danés dinamarqués
bn:00100899a	elegante gallardo pulcro
bn:00100900a	moteado manchado moteada
bn:00100902a	obscuro oscuro oscura obscura
bn:00100903a	oscuro
bn:00100904a	oscuro
bn:00100906a	hosco lúgubre malhumorado adusto agrio austero desabrido retraïdo saturnino sombrío taciturno apesadumbrada apesadumbrado huraño
bn:00100907a	obscuro oscuro
bn:00100914a	verde verdoso
bn:00100919a	
bn:00100924a	
bn:00100929a	fechado anticuado
bn:00100943a	desyodado
bn:00100948a	muerto muerta
bn:00100969a	mortal letal mortífero
bn:00100974a	impasible inexpresivo
bn:00100975a	sordo sorda sordos
bn:00100980a	ensordecedor estrepitoso estruendoso atronador ensordecedora estrepitosa estruendosa
bn:00100981a	cercano querido
bn:00100991a	debilitador debilitante
bn:00101000a	buen decente
bn:00101007a	engañoso ilusorio
bn:00101014a	decisivo determinante
bn:00101023a	recóndito
bn:00101041a	deductivo
bn:00101043a	profundo
bn:00101044a	
bn:00101045a	profundo
bn:00101046a	
bn:00101070a	frustrado decepcionado defraudado fallido fracasado insatisfecho vencido
bn:00101071a	defectuoso imperfecto
bn:00101075a	defendible
bn:00101078a	defensivo
bn:00101079a	defensivo justificador justificante
bn:00101084a	deficiente insuficiente
bn:00101088a	definido
bn:00101090a	definido definitivo fijo preciso seguro
bn:00101123a	frágil delicado quebradizo delicada
bn:00101126a	cosquilloso delicado
bn:00101128a	deleitoso delicioso encantador
bn:00101129a	encantado
bn:00101137a	delirante excitado frenético incontrolado
bn:00101146a	exigente
bn:00101148a	democrático democrática
bn:00101149a	demócrata democrático
bn:00101150a	democrático
bn:00101155a	demostrable incontrovertible
bn:00101167a	desmitificar
bn:00101172a	confesional
bn:00101179a	denso
bn:00101180a	corto estúpido obtuso tonto lento pasmado torpe bobo imbécil limitado soso
bn:00101181a	dental
bn:00101186a	fiable cumplidor de_confianza fidedigno fiables
bn:00101192a	dependiente
bn:00101202a	deplorable execrable lamentable miserable mísero penoso
bn:00101236a	deseable conveniente
bn:00101237a	conveniente acertado adecuado apropiado apto capaz deseable idóneo indicado
bn:00101241a	desesperado
bn:00101257a	arruinado deshecho destrozado destruido perdido
bn:00101259a	destructivo demoledor destructor devastador
bn:00101263a	aislado segregado separado
bn:00101268a	detallado elaborado detenido pormenorizado
bn:00101269a	detectable
bn:00101270a	detectable perceptible
bn:00101275a	determinado
bn:00101277a	decidido determinado resuelto
bn:00101286a	desarrollado
bn:00101289a	subdesarrollado
bn:00101290a	
bn:00101292a	diabólico mefistofélico
bn:00101316a	diagonalizable
bn:00101329a	diatómico
bn:00101346a	dietético dietética alimentario
bn:00101347a	diferente distinto diferentes
bn:00101348a	diferente distinto otro
bn:00101349a	diferente distinto
bn:00101350a	diferente desigual disimilar distinta distinto desemejante diferencia
bn:00101358a	difícil duro dura delicado espinoso
bn:00101366a	difusivo difusor dispersivo dispersor divulgativo
bn:00101386a	apagado tenue
bn:00101387a	borroso débil sombrío ténue vago
bn:00101391a	dimensional
bn:00101393a	
bn:00101406a	diplomático
bn:00101408a	
bn:00101411a	directo directa
bn:00101412a	directo
bn:00101413a	directo espontánea espontáneo
bn:00101429a	sucio inmundo contaminada contaminado sucia sucias
bn:00101440a	discapacitado minusválido
bn:00101448a	decepcionante
bn:00101467a	disciplinado
bn:00101468a	disciplinado
bn:00101473a	inquietante perturbador preocupante turbador
bn:00101496a	diferenciada diferenciado discreto distinto
bn:00101507a	altivo arrogante desdeñoso despectivo imperioso orgulloso soberbio altiva presuntuosa presuntuoso noble
bn:00101515a	contrariado descontento disgustado insatisfecho
bn:00101528a	desinteresado
bn:00101546a	desobediente
bn:00101550a	alocado desordenado indisciplinado
bn:00101552a	desorganizado desorganizada
bn:00101554a	dispar disparate heterogéneo variado
bn:00101558a	disperso esparcido extendido
bn:00101566a	desproporcionado
bn:00101571a	alterado angustiado desasosegado inquieto intranquilo preocupado turbado atribulado temeroso
bn:00101573a	descuidado olvidado
bn:00101580a	divisivo faccioso sedicioso
bn:00101589a	disuelto
bn:00101593a	distal
bn:00101595a	distante
bn:00101598a	distante lejano remoto
bn:00101601a	distinto
bn:00101602a	claro definido distinto iconfundible inconfundible marcado
bn:00101604a	discernible distinguible
bn:00101606a	distinguido imponente magistral
bn:00101610a	afligido angustiado consternado perturbado turbado
bn:00101612a	afligido apenado consternado triste
bn:00101614a	doloroso inquietante perturbador lamentable penoso preocupante triste angustiosa angustioso dolorosa traumático
bn:00101626a	divergente
bn:00101629a	diverso vario diferente
bn:00101630a	diversificado variado
bn:00101637a	divino
bn:00101639a	divino
bn:00101641a	divino
bn:00101657a	doctrinario
bn:00101658a	doctrinal
bn:00101663a	
bn:00101680a	interior interno nacional interna nacionales
bn:00101681a	doméstico domésticas
bn:00101682a	casero doméstico
bn:00101687a	dominante
bn:00101690a	dominado
bn:00101698a	listo
bn:00101700a	acabado perdido
bn:00101705a	desafortunado desgraciado funesto nefasto
bn:00101719a	
bn:00101722a	jaspeado moteado
bn:00101723a	dual doble duplo triple
bn:00101725a	doble
bn:00101741a	cuestionable dudoso
bn:00101752a	abajo
bn:00101753a	hacia hacia_abajo
bn:00101762a	bajo
bn:00101771a	céntrico centro
bn:00101778a	igual monótono rutinario
bn:00101787a	dramático
bn:00101788a	asombroso dramático espectacular impresionante
bn:00101795a	prolongado
bn:00101798a	
bn:00101802a	lánguido apático
bn:00101803a	empapado
bn:00101808a	
bn:00101824a	
bn:00101833a	
bn:00101836a	borracho bebido ebrio borracha escabio grifo
bn:00101839a	seco
bn:00101840a	irónico
bn:00101867a	debido adeudado otro
bn:00101871a	agradable dulce melifluo melodioso
bn:00101872a	apagado soso
bn:00101873a	apagado
bn:00101874a	apagado sordo
bn:00101875a	
bn:00101901a	perdurable durable duradero longevo dilatado prolongado
bn:00101905a	crepuscular
bn:00101908a	holandés neerlandés holandesa neerlandesa holandeses
bn:00101917a	dinámico dinámica
bn:00101929a	
bn:00101930a	ávido ansioso ilusionado impaciente ávida
bn:00101934a	
bn:00101935a	temprano prematuro primero
bn:00101936a	temprano
bn:00101937a	
bn:00101939a	temprano
bn:00101944a	serio sincero
bn:00101955a	pasmoso
bn:00101959a	del_este oriental este
bn:00101967a	oriental del_este esteño
bn:00101973a	fácil pan_comido
bn:00101988a	efusivo exuberante jubiloso eufórico exultante alborozada alborozado efusiva jubilosa
bn:00101990a	eclesiástico
bn:00101997a	genuino auténtico legítimo real verdadero auténtica genuina
bn:00101998a	ecléctico ecléctica
bn:00102001a	económico
bn:00102003a	económico
bn:00102006a	económico frugal ahorrativo
bn:00102023a	edificante
bn:00102025a	
bn:00102027a	culto educado educados
bn:00102029a	educacional educativo educativas
bn:00102030a	educativo
bn:00102038a	eficaz efectivo efectiva
bn:00102039a	eficaz eficiente
bn:00102040a	efectivo
bn:00102041a	efectivo vigente
bn:00102042a	
bn:00102044a	legal
bn:00102048a	eficaz efectivo
bn:00102049a	eficiente eficaz competente
bn:00102052a	fácil sin_esfuerzo
bn:00102066a	complicado intrincado elaborado
bn:00102068a	elástico elástica
bn:00102076a	extravagante fantástico misterioso sobrenatural
bn:00102081a	electoral
bn:00102083a	eléctrico eléctrica
bn:00102086a	eléctrico eléctrica
bn:00102102a	electrostático electroestático electrostática
bn:00102108a	básico elemental
bn:00102111a	elemental simple
bn:00102113a	descomunal elefantino enorme gigante gigantesco grandioso mastodóntico
bn:00102119a	
bn:00102123a	elegible conveniente elegibles
bn:00102147a	alegórico emblemático simbólico alegórica emblemática simbólica
bn:00102149a	envalentonado
bn:00102158a	alto elevado eminente sumo supremo
bn:00102159a	alto elevado eminente largo
bn:00102161a	emocional emotivo
bn:00102162a	emocional emotivo
bn:00102171a	empírica empírico
bn:00102173a	empleado
bn:00102176a	vacío vacía
bn:00102177a	vacío vano
bn:00102189a	habilitante
bn:00102198a	
bn:00102212a	infinito interminable
bn:00102235a	energético enérgico
bn:00102248a	inglés inglesa
bn:00102254a	enigmático oscuro
bn:00102268a	colosal descomunal enorme gigantesco inmenso tremenda tremendo vasto
bn:00102276a	entusiasmado entusiasta entusiástico entusiastas
bn:00102277a	total completo entero pleno todo
bn:00102278a	intacto entero íntegro inalterado
bn:00102281a	titulado
bn:00102295a	enzimático enzimática
bn:00102297a	eosinofílico
bn:00102300a	efímero pasajero transitorio breve fugaz
bn:00102302a	heroico épico
bn:00102310a	epidémico epidémica
bn:00102335a	apacible calmo placido
bn:00102336a	igual
bn:00102351a	equipado
bn:00102356a	equitativo
bn:00102362a	erecto vertical erguida erguido
bn:00102376a	erótico excitante erótica
bn:00102379a	inconstante voluble imprevisible caprichosa caprichoso
bn:00102387a	antiguo ex-
bn:00102397a	esotérico
bn:00102398a	excepcional especial particular
bn:00102400a	esencial imprescindible indispensable
bn:00102401a	esencial esenciales
bn:00102406a	apreciado honorado prestigioso reputado
bn:00102408a	respetable buen honorable
bn:00102410a	
bn:00102417a	moral ético
bn:00102419a	honorable honrado justo recto ética ético
bn:00102425a	etimológico etimológica
bn:00102440a	europeo
bn:00102454a	par
bn:00102455a	
bn:00102463a	eventual
bn:00102466a	cada
bn:00102467a	
bn:00102469a	cotidiana cotidiano diaria diario
bn:00102474a	malo mal malvado maléfico malévolo perjudicial
bn:00102491a	exagerado
bn:00102493a	exasperante engorroso enojoso fastidioso irritante molesto
bn:00102496a	excelente brava bravo magnífico excelso prominente sobresaliente
bn:00102499a	excedente excesivo extra sobrante redundante superfluo demasiado adicional exceso supererogatorio
bn:00102507a	excitante excitador
bn:00102508a	entusiasmado excitado
bn:00102509a	emocionante excitante emocionantes
bn:00102511a	exclusivo restringido
bn:00102521a	viable alcanzable factible practicable realizable
bn:00102523a	ejecutivo
bn:00102525a	ejemplar modélico
bn:00102534a	agotador cansado cansador extenuante
bn:00102535a	exhaustivo
bn:00102542a	existente
bn:00102543a	real existente
bn:00102548a	existente
bn:00102549a	existente
bn:00102565a	expansivo
bn:00102574a	consumible sacrificable sustituible
bn:00102576a	caro costoso
bn:00102577a	experimentado asendereado avezado ducho
bn:00102579a	experimental
bn:00102589a	explícito explícita explícit expreso manifiesto
bn:00102595a	detonador explosiva explosivo
bn:00102596a	explosivo
bn:00102600a	abierto
bn:00102605a	expresado pronunciado verbalizado
bn:00102607a	expresionista
bn:00102617a	extenso
bn:00102625a	extranjero externo extranjera
bn:00102626a	exterior externo internacional
bn:00102649a	extraordinario extraordinaria descomunal
bn:00102658a	descollante extremo mayor
bn:00102659a	extremo
bn:00102662a	extremista maximalista radical
bn:00102671a	apoteósica apoteósico exultante triunfal triunfante jubiloso triunfador victorioso
bn:00102679a	fabuloso
bn:00102684a	fabuloso mitológico mítica mítico
bn:00102697a	investigador
bn:00102713a	flojo haragán locho perezoso indolente innecesario desocupado ocioso vago
bn:00102715a	débil debilitado flojo frágil tímido
bn:00102719a	justo honrado recto
bn:00102720a	razonable
bn:00102728a	fiel leal
bn:00102731a	artificial falsificado falso imitado
bn:00102742a	descendente
bn:00102746a	falso
bn:00102758a	familiar
bn:00102766a	imaginado imaginario nocional
bn:00102774a	fantástico estupendo fabuloso magnífico maravilloso brutal bárbaro clamoroso extraordinario fenomenal formidable genial sensacional tremendo espléndido
bn:00102775a	
bn:00102778a	lejano allunyat distante remoto lejana lejos
bn:00102779a	alejado distante lejano remoto
bn:00102782a	esparcido extendido
bn:00102784a	alejado distante lejano remoto
bn:00102802a	rápido veloz expedita expedito rápida
bn:00102807a	rápido superficial rápida
bn:00102820a	carnoso
bn:00102827a	fatal
bn:00102828a	fatal fatídico ineludible inevitable irremediable irrevocable
bn:00102838a	
bn:00102845a	favorable
bn:00102848a	
bn:00102863a	monótono
bn:00102866a	incapaz ineficaz inepto inútil vano
bn:00102869a	fecundo fértil prolífero prolífico
bn:00102870a	federal
bn:00102871a	federal
bn:00102872a	federal
bn:00102875a	
bn:00102884a	femenino hembra feminino femenina
bn:00102887a	femenino
bn:00102911a	atractivo atrayente
bn:00102912a	apestoso fétido hediondo maloliente nauseabundo pestilente apestosa fétida hedionda nauseabunda
bn:00102920a	menos poco pocos
bn:00102921a	menos
bn:00102934a	plástico moldeable plástica
bn:00102935a	ficción
bn:00102938a	baladí fútil insignificante insustancial intrascendente nimio pequeño trivial
bn:00102948a	figurado figurativo
bn:00102963a	
bn:00102969a	extremo final último
bn:00102971a	financiera financiero fiscal
bn:00102972a	fino sutil
bn:00102977a	pulverulento
bn:00102986a	acabado finalizado terminado terminada
bn:00102991a	finito limitado
bn:00102997a	constante firme inalterable inquebrantable irrompible
bn:00102998a	consistente firme macizo sólido
bn:00103000a	firme
bn:00103006a	primero
bn:00103007a	inaugural iniciador iniciativo primer primero
bn:00103008a	primero principal
bn:00103024a	
bn:00103040a	fijo determinado fijado constante
bn:00103058a	llano plano liso nivelado raso llana plana
bn:00103060a	postrado
bn:00103068a	
bn:00103069a	
bn:00103082a	castaño_claro rubio_oscuro trigueño de_color_lino
bn:00103088a	ligero raudo rápido
bn:00103097a	flexible
bn:00103105a	
bn:00103135a	inestable
bn:00103154a	focal
bn:00103171a	próximo siguiente
bn:00103172a	próximo siguiente
bn:00103173a	siguiente
bn:00103179a	tonto necio estúpida estúpido idiota tonta imprudente
bn:00103188a	vendible
bn:00103205a	extranjero exterior
bn:00103206a	extranjero extraño forastero foráneo
bn:00103223a	formal
bn:00103227a	
bn:00103232a	primero aquella aquello primera
bn:00103233a	anterior precedente previo
bn:00103248a	afortunado suertudo suerte
bn:00103249a	afortunado venturoso
bn:00103251a	delantero hacia_adelante
bn:00103279a	fraccionario
bn:00103282a	
bn:00103283a	fragmentario
bn:00103284a	fragante perfumado aromático oloroso
bn:00103299a	libre
bn:00103300a	libre
bn:00103311a	
bn:00103313a	
bn:00103315a	
bn:00103321a	francés francesa
bn:00103324a	frecuente habitual frecuentes
bn:00103325a	frecuente
bn:00103326a	fresco
bn:00103327a	nuevo
bn:00103328a	fresco novedoso novel nuevo
bn:00103332a	tonificado vigorizado
bn:00103335a	impertinente insolente irrespetuosa irrespetuoso descarado fresco impudente
bn:00103344a	amigable amistoso
bn:00103347a	asustado espantado
bn:00103358a	frívolo frívola
bn:00103359a	delantero
bn:00103373a	dejado
bn:00103378a	fructífero fértil productivo beneficioso
bn:00103381a	frustrante decepcionante
bn:00103385a	
bn:00103391a	lleno completo llena
bn:00103392a	absoluto completo perfecto total
bn:00103393a	lleno
bn:00103395a	completo
bn:00103397a	fuerte vigoroso
bn:00103409a	
bn:00103412a	de_jornada_completa de_tiempo_completo tiempo_completo
bn:00103416a	funcional
bn:00103419a	funcional operacional operativo
bn:00103424a	fundamental rudimentario subyacente rudimental
bn:00103426a	fundamentalista
bn:00103444a	furtivo furtiva sigiloso subrepticia subrepticio acechante solapado
bn:00103449a	futuro
bn:00103450a	futuro
bn:00103451a	futuro siguiente sucesivo
bn:00103456a	
bn:00103472a	galvánico fotovoltaico
bn:00103507a	general
bn:00103512a	generalizado
bn:00103515a	reproductivo generador procreador reproductor reproductiva
bn:00103533a	gentil
bn:00103534a	ligero suave tenue
bn:00103537a	caballeroso
bn:00103538a	auténtico franco verdadero
bn:00103541a	geográfico
bn:00103544a	geométrico
bn:00103560a	alemán aleman alemana
bn:00103565a	germánico teutónico
bn:00103576a	horripilante macabro repugnante espantoso espeluznante horrible horroroso hórrido truculento
bn:00103585a	dorado
bn:00103594a	juvenil niña
bn:00103595a	dado supuesto dada determinada determinado
bn:00103601a	alegre bueno contento feliz
bn:00103602a	contento feliz
bn:00103623a	brillante reluciente lustroso refulgente
bn:00103628a	esplendoroso espléndido fastuoso flamante glorioso magnífico maravilloso resplandeciente
bn:00103638a	glutinoso gomoso mucilaginoso pastoso pegadizo pegajoso viscoso
bn:00103653a	
bn:00103658a	irreverente
bn:00103672a	bueno buen buena
bn:00103674a	buen bueno
bn:00103676a	cuidadoso minucioso
bn:00103678a	buen bueno
bn:00103680a	bueno serio
bn:00103716a	gradual paulatino
bn:00103718a	graduado posgraduado
bn:00103722a	gramatical programática
bn:00103742a	gráfico vívido
bn:00103751a	agradecido agradecida
bn:00103754a	gratificante
bn:00103757a	gratuito innecesario inútil
bn:00103763a	gravitatorio gravitacional
bn:00103764a	gris agrisado grisoso grisáceo
bn:00103765a	canoso cano gris envejecido peliblanco
bn:00103777a	aceitoso gordo grasiento grasoso oleaginoso oleoso sebáceo
bn:00103779a	grande vasto
bn:00103780a	destacado excepcional
bn:00103781a	gran grande
bn:00103782a	mayor
bn:00103785a	griego helénico griega heleno
bn:00103797a	gregario
bn:00103805a	
bn:00103806a	
bn:00103809a	bruto craso
bn:00103813a	grotesco horrendo monstruoso
bn:00103822a	afónico bronco ronco áspero
bn:00103826a	gubernativo
bn:00103831a	culpable
bn:00103832a	culpable
bn:00103856a	habitable
bn:00103864a	hemolítico
bn:00103877a	medio
bn:00103878a	
bn:00103894a	
bn:00103905a	artesanal
bn:00103916a	
bn:00103931a	lastimoso cuitado desafortunado desdichado desgraciado desventurado infeliz infortunado miserable mísero pobre triste lastimero
bn:00103933a	feliz alegre contento satisfecho
bn:00103935a	táctil háptica háptico palpable
bn:00103936a	duro
bn:00103937a	duro
bn:00103956a	pragmático práctico
bn:00103968a	
bn:00103971a	resistente robusto fuerte
bn:00103980a	armonioso harmonioso
bn:00103988a	deslumbrante fuerte
bn:00103993a	precipitado apresurado arrebatado atropellado de_prisa presuroso
bn:00103996a	odioso despreciable repugnante
bn:00103997a	odioso repugnante malicioso
bn:00103998a	
bn:00104013a	
bn:00104014a	membretado
bn:00104018a	acéfalo
bn:00104023a	saludable
bn:00104025a	saludable rubicundo salubre sano sanos
bn:00104026a	saludable sano
bn:00104027a	acertado inteligente razonable sensato
bn:00104050a	pesado
bn:00104051a	fuerte fuertes
bn:00104060a	rotundo sonoro
bn:00104077a	esquizofrénico hebefrénico
bn:00104078a	hebraico hebreo
bn:00104079a	hebreo
bn:00104085a	hegeliano
bn:00104097a	
bn:00104103a	hemisférica hemisférico
bn:00104116a	hercúleo
bn:00104134a	diverso heterogéneo
bn:00104162a	alto alta
bn:00104163a	alto
bn:00104164a	agudo alto
bn:00104165a	
bn:00104179a	superior
bn:00104189a	
bn:00104191a	
bn:00104193a	
bn:00104196a	alto elevado superior
bn:00104205a	hiliar
bn:00104221a	histórico
bn:00104223a	histórico histórica
bn:00104224a	histórico
bn:00104226a	
bn:00104252a	natal a_casa
bn:00104262a	
bn:00104263a	feo feúcho
bn:00104264a	mero puro simple
bn:00104270a	homérico
bn:00104272a	
bn:00104286a	homogéneo homogeneo homogénea
bn:00104302a	honesto honorable sincero
bn:00104306a	viejo
bn:00104307a	
bn:00104320a	esperanzado esperanzador optimista
bn:00104321a	desesperado
bn:00104328a	horizontal
bn:00104336a	horrorizado
bn:00104343a	hostil mal malo malvado perjudicial
bn:00104348a	caliente tibio caluroso cálido muy_caliente tibia
bn:00104350a	cálido
bn:00104384a	humana humano
bn:00104385a	humano humana
bn:00104386a	humano humana
bn:00104387a	humanista humanitario humano humanístico solidario
bn:00104395a	humilde modesto pequeño sencillo
bn:00104404a	cómica cómico graciosa gracioso humorística humorístico chistoso divertido
bn:00104406a	húngaro magiar húngara
bn:00104409a	precipitado
bn:00104411a	herido
bn:00104446a	hiperactiva hiperactivo
bn:00104452a	hiperémico
bn:00104462a	cautivador fascinante hechizador hipnotizador
bn:00104473a	hipotalámico
bn:00104489a	islandés-hablante
bn:00104500a	ideal
bn:00104501a	ideal
bn:00104505a	idéntico indistinguible
bn:00104506a	idéntico
bn:00104518a	idiosincrásico idiosincrático
bn:00104520a	desempleado desocupado parado
bn:00104527a	idílico
bn:00104538a	enfermo enferma
bn:00104549a	de_mala_fama infame notorio de_mala_reputación
bn:00104562a	ilegal ilícito ilegítimo
bn:00104572a	iluminado
bn:00104575a	ilustre
bn:00104576a	inventivo creativo imaginativo ingenioso
bn:00104589a	joven
bn:00104594a	
bn:00104605a	inmortal
bn:00104631a	estólido impasible flemático frío imperturbable inalterable
bn:00104632a	impaciente ansioso deseoso
bn:00104643a	esencial fundamental imperativo primordial
bn:00104649a	imperial
bn:00104652a	real regio imperial majestuoso púrpura
bn:00104655a	impermanente temporal temporales
bn:00104660a	impersonal
bn:00104667a	impío
bn:00104674a	implícita implícito inocuo inofensivo
bn:00104680a	importante
bn:00104681a	importante significante significativo
bn:00104683a	
bn:00104687a	imposible
bn:00104688a	impensable imposible inconcebible inimaginable
bn:00104694a	impreciso inconcreto inexacto
bn:00104701a	impresionante
bn:00104703a	improbable inseguro remota remoto probable
bn:00104705a	fantástico improbable increíble inverosímil
bn:00104708a	impropio inadecuado
bn:00104715a	improvisado provisional
bn:00104736a	
bn:00104749a	
bn:00104753a	
bn:00104756a	inaccesible inalcanzable inasequible
bn:00104757a	impreciso inexacto
bn:00104766a	inmóvil estático inactivo parado quedo quieto
bn:00104767a	desigual inadecuado inigual
bn:00104776a	inanimado
bn:00104782a	inapropiado incompatible
bn:00104790a	
bn:00104791a	espurio espúreo
bn:00104798a	incapaz
bn:00104808a	indignado indignante
bn:00104809a	dudoso indeciso inseguro incierto
bn:00104815a	incidental circunstancial
bn:00104828a	desprevenido ignorante inconsciente consciente
bn:00104844a	incompatible
bn:00104851a	descabal inacabado incompleto
bn:00104853a	inexplicable incomprensible
bn:00104873a	inconveniente inadecuado incómodo molesto
bn:00104877a	integrado incorporado unido unificado
bn:00104880a	equivocado falso incorrecto
bn:00104887a	aumentado incrementado mayor
bn:00104888a	creciente
bn:00104891a	increíble
bn:00104899a	incurable
bn:00104907a	indecente
bn:00104920a	indefinible indelimitable
bn:00104921a	indecible indefinible indescriptible inefable inenarrable inexpresable
bn:00104925a	imborrable indeleble
bn:00104926a	indelicado
bn:00104928a	independiente
bn:00104946a	indiferente inerte neutral
bn:00104953a	indirecto
bn:00104967a	insoluble
bn:00104971a	individual único independiente privada privado individuales
bn:00104972a	individual
bn:00104995a	industrial industriales
bn:00105012a	inelegible ineligible
bn:00105046a	infeccioso
bn:00105049a	patógeno infeccioso morboso morbífico patogénico
bn:00105052a	inferencial
bn:00105064a	infinito infinita
bn:00105067a	infinitesimal microscópico
bn:00105083a	influyente
bn:00105084a	informal
bn:00105090a	informado
bn:00105110a	represivo inhibidor
bn:00105118a	inicuo pecaminoso impío pecador
bn:00105119a	inicial
bn:00105130a	interior interno
bn:00105132a	interior interno interna
bn:00105150a	inorgánico inorgánica inorgánicos
bn:00105153a	inquiridor inquisidor
bn:00105154a	inquisitivo interrogativo
bn:00105161a	demente loco
bn:00105175a	
bn:00105183a	interior
bn:00105196a	insistente repetitivo
bn:00105217a	insustancial anodina anodino hueco insubstancial irreal vacío
bn:00105230a	completo entero intacto íntegro
bn:00105241a	intelectual mental noético racional
bn:00105242a	intelectual
bn:00105244a	informado inteligente
bn:00105251a	intenso intensa
bn:00105259a	deliberado intencionado intencional premeditado
bn:00105268a	interconectado interrelacionado
bn:00105275a	interesado
bn:00105276a	interesante
bn:00105278a	
bn:00105281a	interior
bn:00105284a	entralazado
bn:00105286a	interlobular interlobulares
bn:00105288a	intermedio intermedia
bn:00105292a	interno interna
bn:00105293a	interno
bn:00105294a	internacional
bn:00105302a	interpretativo
bn:00105315a	intersticial
bn:00105322a	íntimo
bn:00105333a	incurable intratable
bn:00105348a	intrincado
bn:00105372a	invariable
bn:00105373a	invariante
bn:00105388a	atractivo atrayente incitador incitante tentador
bn:00105394a	implicado
bn:00105403a	yodado
bn:00105404a	yodado
bn:00105406a	iónico jónico
bn:00105419a	irlandés irlandesa
bn:00105426a	
bn:00105430a	irreconciliable inconciliable
bn:00105434a	irregular
bn:00105470a	aislado diseminado disperso
bn:00105471a	abandonado aislado apartado varado
bn:00105474a	aislacionismo aislacionista
bn:00105489a	isotópico
bn:00105493a	italiano italianos
bn:00105516a	japonés nipón japonesa japoneses
bn:00105523a	
bn:00105524a	
bn:00105525a	diminuto minúsculo
bn:00105531a	judío hebraico hebreo israelita judaico hebraica hebrea israelí judaica judía
bn:00105553a	junior
bn:00105563a	jugoso zumoso
bn:00105584a	prominente saliente
bn:00105616a	quinestético
bn:00105617a	afectuoso amable bondadoso simpático
bn:00105622a	cinético
bn:00105645a	conocido sabido conocida
bn:00105648a	coreano coreana coreanas coreanos
bn:00105655a	etiquetado
bn:00105662a	afectado forzado tirante
bn:00105668a	
bn:00105685a	cargado
bn:00105739a	último
bn:00105740a	último
bn:00105742a	postrero último
bn:00105743a	extremo final último
bn:00105748a	permanente estable fijo
bn:00105751a	atrasado tarde tardío atrasada con_retraso retrasada retrasado
bn:00105752a	reciente
bn:00105753a	fallecido
bn:00105754a	inmaduro tardío
bn:00105758a	latente
bn:00105760a	posterior ulterior futuro siguiente
bn:00105763a	último
bn:00105769a	latinoamericano
bn:00105773a	segundo ésta éste último
bn:00105779a	lila liliáceo malva voileta
bn:00105782a	pródigo dadivoso desprendido generoso incansable munificente munífico profuso
bn:00105792a	descuidado
bn:00105808a	estelar
bn:00105809a	destacado preeminente principal
bn:00105821a	delgado esbelto flaco magro delgadas
bn:00105825a	mínimo
bn:00105834a	izquierdo izquierda
bn:00105835a	restante sobrante
bn:00105848a	legal
bn:00105853a	legendario
bn:00105855a	
bn:00105858a	numeroso numerosa
bn:00105859a	legislativo
bn:00105860a	legislativo
bn:00105862a	consecuente lógico
bn:00105870a	acre agrio amargo ácido al_limón
bn:00105886a	menor menos
bn:00105891a	menor inferior menores
bn:00105896a	
bn:00105909a	liberal
bn:00105937a	ligero liviano luz
bn:00105939a	ligero
bn:00105940a	ligero suave
bn:00105941a	ligero despejado
bn:00105944a	ligero
bn:00105967a	encendido iluminado
bn:00105977a	parecido similar semejante parecida como
bn:00105978a	equivalente igual mismo misma
bn:00105981a	probable fácil
bn:00105982a	probable creible verosimil posible
bn:00105999a	limitado
bn:00106000a	limitado
bn:00106008a	flojo marchito
bn:00106013a	lineal unidimensional
bn:00106019a	lingual lingüístico
bn:00106033a	líquido líquida
bn:00106038a	agil ligero liviano
bn:00106040a	apático indiferente
bn:00106044a	literario literaria
bn:00106058a	menudo pequeño
bn:00106059a	poco chico escaso pequeño
bn:00106060a	pequeño
bn:00106062a	bajo corto
bn:00106066a	menor
bn:00106080a	animado vivo
bn:00106089a	vivo
bn:00106091a	sobreviviente viviente vivo
bn:00106100a	reacio refractario renuente
bn:00106107a	lobular
bn:00106108a	comarcal local locales
bn:00106113a	colocado situado
bn:00106117a	lógica lógico consecuente logical
bn:00106118a	logístico
bn:00106120a	eremítico solitario
bn:00106122a	solitario solo
bn:00106124a	largo extenso larga
bn:00106125a	largo extenso
bn:00106126a	alto alta
bn:00106150a	
bn:00106151a	a_largo_plazo de_larga_duración duradero prolongado
bn:00106159a	
bn:00106173a	
bn:00106174a	
bn:00106176a	
bn:00106178a	
bn:00106188a	perdido
bn:00106192a	fuerte duro sonoro
bn:00106194a	
bn:00106195a	piojoso
bn:00106201a	encantador hermoso maravilloso precioso
bn:00106204a	amoroso cariñoso afectuoso querendón
bn:00106205a	bajo baja
bn:00106206a	bajo
bn:00106207a	bajo
bn:00106209a	bajo grave
bn:00106238a	
bn:00106242a	leal fiel
bn:00106246a	lascivo lúbrico salaz
bn:00106250a	afortunado fortunado suertero
bn:00106254a	templado tibio
bn:00106260a	lunar
bn:00106266a	escalofriante espeluznante horripilante
bn:00106311a	hecho
bn:00106332a	principal
bn:00106333a	mayor importante
bn:00106334a	mayor principales
bn:00106354a	masculino macho varonil viril
bn:00106371a	manufacturado sintético
bn:00106387a	maniaco maníaco
bn:00106408a	muchos mucho muchas
bn:00106414a	
bn:00106418a	marmolado
bn:00106422a	marino
bn:00106423a	náutico marino marítimo
bn:00106429a	marcado
bn:00106430a	marcado
bn:00106441a	estropeado marcado
bn:00106443a	casado
bn:00106448a	marciano
bn:00106452a	masculino
bn:00106463a	masivo colosal descomunal extraordinario monolítico monumental masiva poderosa poderoso
bn:00106467a	provisto_de_mástil
bn:00106488a	matemático
bn:00106501a	pragmático
bn:00106503a	maduro
bn:00106517a	máximo máxima
bn:00106526a	significante significativo
bn:00106527a	significativo
bn:00106531a	mensurable mesurado moderado
bn:00106539a	mecánico mecánica
bn:00106540a	mecánico
bn:00106544a	maquinal
bn:00106547a	medieval
bn:00106554a	médico médica
bn:00106558a	mediocre pobre
bn:00106584a	melodioso melódico
bn:00106592a	memorable inolvidable
bn:00106601a	mental
bn:00106612a	misericordioso clemente compasivo misericordiosa
bn:00106620a	simple
bn:00106655a	segmental
bn:00106660a	metafísico metafísica
bn:00106669a	meteorítico meteoritos
bn:00106679a	metropolitano metropolitana
bn:00106681a	mejicano mexicano
bn:00106693a	micrometeorítico
bn:00106700a	
bn:00106705a	clase_media
bn:00106706a	
bn:00106719a	suave ligero
bn:00106724a	militar
bn:00106725a	militar
bn:00106726a	militar
bn:00106735a	millón
bn:00106737a	imitativo mimético
bn:00106755a	mínimo minimalista
bn:00106758a	minimizado
bn:00106760a	ministerial
bn:00106764a	menor
bn:00106766a	menor
bn:00106773a	menor modesto pequeño reducido
bn:00106799a	extraviado
bn:00106801a	desaparecido perdido faltante desaparecida perdida
bn:00106820a	fingido imitado simulado
bn:00106826a	moderado
bn:00106831a	moderno
bn:00106832a	contemporáneo moderno
bn:00106837a	modesto pequeño
bn:00106852a	moldeado
bn:00106855a	molecular
bn:00106857a	capital esencial transcendental trascendental trascendente
bn:00106928a	moral
bn:00106935a	más
bn:00106936a	más
bn:00106945a	mortal
bn:00106953a	mayoría
bn:00106954a	más mayor_parte
bn:00106995a	
bn:00107005a	embarrado
bn:00107007a	embozado
bn:00107028a	múltiple multiple múltiples
bn:00107029a	
bn:00107043a	municipal municipales
bn:00107056a	musical
bn:00107063a	bigotudo
bn:00107069a	mudo
bn:00107080a	miocardial miocardíaco
bn:00107084a	miope
bn:00107090a	misterioso místico
bn:00107096a	criticón regañón
bn:00107104a	indisimulado
bn:00107108a	anónimo desconocido incógnito innominada innominado
bn:00107111a	desprevenido
bn:00107117a	narrativo narrativa
bn:00107118a	estrecho angosto
bn:00107126a	constreñido constringido estrechado
bn:00107130a	nasal nebulizador_nasal
bn:00107134a	natal
bn:00107136a	nacional
bn:00107137a	nacional
bn:00107138a	nacional
bn:00107139a	nacional
bn:00107145a	natal materno nativo
bn:00107151a	natural
bn:00107152a	natural
bn:00107153a	natural
bn:00107154a	natural
bn:00107156a	natural
bn:00107164a	nauseabundo nauseoso
bn:00107165a	naval
bn:00107171a	nazi
bn:00107176a	cercana cercano próximo vecino
bn:00107177a	ordenado pulcro
bn:00107178a	
bn:00107182a	necesario menester preciso
bn:00107194a	necesario requerido
bn:00107197a	infame malvado nefario vil perverso feo inicuo nefando vicioso
bn:00107199a	negativo negativa
bn:00107203a	desatendido
bn:00107205a	despreciable insignificante
bn:00107209a	negro
bn:00107231a	nervioso nerviosa
bn:00107237a	neto líquido netas
bn:00107254a	neuropsiquiatría neuropsiquiátrico neurosiquiátrico
bn:00107262a	neutral neutro
bn:00107267a	nuevo nueva reciente
bn:00107268a	inexperto novato
bn:00107287a	newtoniano
bn:00107292a	agradable bonito simpático
bn:00107294a	
bn:00107305a	nilpotente
bn:00107314a	ningún no
bn:00107322a	noble
bn:00107337a	simbólico
bn:00107393a	
bn:00107406a	
bn:00107424a	gravable imponible
bn:00107426a	inexistente
bn:00107474a	no_metálico no_metálicos nos-metálico
bn:00107485a	preternatural trascendental
bn:00107489a	
bn:00107517a	pagado
bn:00107546a	inespecífico inespecífica
bn:00107555a	objetivo objetiva
bn:00107581a	no_volátil
bn:00107587a	normal común corriente
bn:00107598a	al_norte del_norte norteño norte
bn:00107610a	
bn:00107611a	del_norte norteño nórdico septentrional
bn:00107612a	norteño septentrional norte
bn:00107627a	notable destacable
bn:00107641a	nuclear nucleares
bn:00107643a	nuclear
bn:00107646a	inválido nulo
bn:00107649a	numérico numeral numérica
bn:00107664a	nutricional alimenticio nutritiva nutritivo
bn:00107674a	
bn:00107685a	obsceno
bn:00107686a	ambiguo indefinido vago impreciso
bn:00107687a	desconocido oscuro
bn:00107692a	obsesionado poseído
bn:00107697a	obstinado cabezota obstinada pertinaz reaccionaria terco testarudo tozudo
bn:00107706a	evidente obvio obvia
bn:00107707a	
bn:00107709a	occipital
bn:00107714a	ocupacional
bn:00107715a	en_uso ocupado
bn:00107730a	óptico visual ocular óptica
bn:00107732a	impar
bn:00107733a	raro
bn:00107734a	
bn:00107735a	desparejado
bn:00107741a	odorífero oloroso perfumado
bn:00107744a	mal malo
bn:00107749a	
bn:00107764a	
bn:00107770a	oficial
bn:00107786a	viejo anciano vieja
bn:00107787a	viejo antiguo vieja
bn:00107791a	anterior previo precedente previa
bn:00107799a	oleofóbico
bn:00107811a	olímpico
bn:00107820a	conectado encendido on
bn:00107831a	atento vigilante
bn:00107838a	
bn:00107839a	trabajador
bn:00107845a	
bn:00107846a	
bn:00107879a	abierto abierta
bn:00107880a	abierto
bn:00107881a	abierto público
bn:00107882a	abierto
bn:00107883a	vacante
bn:00107884a	abierto
bn:00107897a	abierto
bn:00107906a	de_apertura inaugural
bn:00107908a	
bn:00107910a	operístico
bn:00107912a	operativos
bn:00107927a	opuesto antípoda
bn:00107928a	
bn:00107937a	óptimo óptima
bn:00107941a	oral
bn:00107954a	orbital orbitario
bn:00107960a	
bn:00107963a	ordinario
bn:00107964a	orgánica orgánico
bn:00107973a	organizado
bn:00107974a	organizado
bn:00107976a	asiático oriental
bn:00107979a	original
bn:00107980a	directo original
bn:00107981a	original
bn:00107991a	ortogonal rectangular
bn:00107992a	ortográfico
bn:00108011a	otro
bn:00108012a	otro
bn:00108019a	
bn:00108027a	exterior al_aire_libre
bn:00108039a	imprevisto inesperado
bn:00108042a	alejado distante remoto
bn:00108058a	absoluto inapelable incuestionable indiscutible rotundo total
bn:00108059a	fuera
bn:00108060a	
bn:00108062a	exterior
bn:00108063a	exterior remoto
bn:00108066a	abierto franco directo abierta franca
bn:00108068a	destacado excepcional sobresaliente descollante distinguido excelente excelso prestante prominente
bn:00108069a	conspicuo destacado espectacular prominente saliente sorprendente
bn:00108083a	
bn:00108084a	global total
bn:00108091a	prolijo
bn:00108109a	
bn:00108119a	abrumador incontenible irreprimible irresistible penetrante agobiante apabullante aplastante arrollador avasallador imponente
bn:00108121a	sobreprotector
bn:00108125a	predominante preeminente preponderante primordial
bn:00108188a	pálido
bn:00108230a	
bn:00108231a	papilar
bn:00108246a	paralelo paralela ∥
bn:00108250a	paramagneto paramagnético paramagnética
bn:00108255a	paranoico
bn:00108261a	parasimpático
bn:00108274a	parisiense parisino parisina
bn:00108275a	aparcado aparcados
bn:00108279a	arriesgado peligroso temerario
bn:00108287a	tiempo_parcial jornada_parcial
bn:00108295a	especial particular peculiar propio
bn:00108296a	particular
bn:00108297a	especial particular
bn:00108301a	
bn:00108316a	apasionada apasionado ferviente
bn:00108320a	pasado último últimos
bn:00108321a	saliente
bn:00108339a	patético
bn:00108340a	patético ridículo tonto
bn:00108342a	patológico
bn:00108363a	pacífico tranquilo
bn:00108413a	encerrado reprimido
bn:00108425a	per_capita por_cabeza
bn:00108441a	recurrente perenne repetido
bn:00108442a	perfecto
bn:00108448a	agujereado perforado
bn:00108450a	perfumado
bn:00108458a	periódico periódica
bn:00108485a	incesante persistente
bn:00108488a	personal individual particular
bn:00108531a	filosófico
bn:00108544a	fonológico
bn:00108553a	fotográfico fotográfica
bn:00108566a	físico física
bn:00108568a	físico tangible sustancial tocable física
bn:00108569a	físico
bn:00108572a	fisicoquímico fisioquímico físico-químico
bn:00108574a	fisiológico fisiológica
bn:00108586a	pictórico
bn:00108587a	pintoresco
bn:00108605a	arosado rosa rosadizo rosado rosáceo sonrosado
bn:00108635a	despiadado cruel desalmado inhumano
bn:00108644a	tranquilo apacible calmado calmo plácido quieto sereno sosegado
bn:00108649a	liso
bn:00108650a	
bn:00108656a	planetario
bn:00108660a	planeado programado prevista
bn:00108670a	moldeable
bn:00108671a	platónico
bn:00108683a	contento a_gusto agradado satisfecho
bn:00108685a	agradable placentero satisfactorio grato
bn:00108692a	pleural
bn:00108724a	pulmonar neumónico pneumónico neumónica
bn:00108742a	equilibrado
bn:00108756a	educado
bn:00108758a	política político
bn:00108759a	política político
bn:00108760a	político política políticos
bn:00108768a	policristalino
bn:00108798a	pobre pobres
bn:00108799a	pobre
bn:00108806a	popular
bn:00108807a	popular
bn:00108808a	poblado
bn:00108809a	populoso
bn:00108813a	poroso
bn:00108822a	positivo útil
bn:00108824a	positiva positivista
bn:00108829a	posible
bn:00108830a	potencial posible posibles
bn:00108838a	posterior trasero
bn:00108842a	póstumo
bn:00108862a	fuerte potente
bn:00108863a	potente
bn:00108878a	poderoso poderosa
bn:00108880a	práctica práctico prácticos
bn:00108909a	precedente anterior
bn:00108910a	precioso
bn:00108913a	definido exacto preciso
bn:00108949a	preliminar introductorio preparativo
bn:00108950a	
bn:00108959a	primero principal primer primario primordial
bn:00108965a	preparado listo
bn:00108967a	preposicional
bn:00108971a	prepupal
bn:00108977a	actual presente
bn:00108978a	presente
bn:00108985a	presidencial
bn:00108988a	urgente apremiante acuciante imperiosa imperioso
bn:00108992a	presto
bn:00108998a	bonito
bn:00108999a	buen majo
bn:00109003a	preventivo profiláctico
bn:00109004a	preguerra
bn:00109011a	primario
bn:00109026a	privado
bn:00109029a	privilegiado
bn:00109034a	pro
bn:00109046a	provisional temporal transitorio eventual tentativo
bn:00109059a	productivo productor
bn:00109060a	productivo
bn:00109067a	profesional
bn:00109068a	profesional profesionales
bn:00109069a	profesional profesionales
bn:00109070a	profesional
bn:00109071a	profesional
bn:00109073a	técnico proficiente técnica
bn:00109074a	
bn:00109077a	profunda profundo hondo
bn:00109080a	abisal abismal
bn:00109083a	progresista progresivo
bn:00109096a	prometedor halagüeño
bn:00109101a	puntual
bn:00109114a	apropiado
bn:00109117a	adecuado acertado apropiado apto auténtico capaz conveniente correcto decente idóneo indicado
bn:00109142a	proteccionista protector
bn:00109148a	protestante
bn:00109151a	protogeométrico
bn:00109157a	orgulloso orgullosa
bn:00109166a	provincial
bn:00109167a	provincial provinciano
bn:00109169a	provocador provocativo
bn:00109186a	psíquico
bn:00109200a	psicofarmacológico psicofarmacología sicofarmacológico
bn:00109203a	psicoterapéutico
bn:00109211a	público pública
bn:00109212a	público
bn:00109216a	publicado
bn:00109223a	chato braco
bn:00109225a	
bn:00109229a	
bn:00109244a	puro
bn:00109255a	violeta amoratado morado purpúreo púrpura violado violáceo
bn:00109274a	de_acuerdo_a
bn:00109289a	picnótico
bn:00109308a	charlatán
bn:00109315a	curioso pintoresco
bn:00109320a	cualitativo cualitativa cualitativas
bn:00109325a	cuantitativo cuantitativa
bn:00109332a	
bn:00109336a	trémulo
bn:00109345a	rápido veloz
bn:00109354a	reposado
bn:00109358a	tranquilo calmo detenido quieto sosegado
bn:00109377a	racial
bn:00109391a	innovador revolucionario
bn:00109404a	andrajosa andrajoso harapienta harapiento
bn:00109413a	
bn:00109414a	
bn:00109425a	aleatorio fortuito aleatoria
bn:00109427a	errante vagaroso
bn:00109437a	rápido veloz
bn:00109452a	racional
bn:00109466a	chiflado desequilibrado desquiciado loco
bn:00109473a	dolorido sensible
bn:00109485a	listo preparado
bn:00109486a	
bn:00109494a	real
bn:00109496a	real tangible
bn:00109501a	realista realístico
bn:00109507a	razonable sensato
bn:00109512a	reconfortante tranquilizador
bn:00109521a	reciente
bn:00109574a	
bn:00109586a	
bn:00109609a	reformado
bn:00109623a	regional regionales
bn:00109624a	regional
bn:00109631a	lamentable deplorable
bn:00109632a	regular
bn:00109634a	regular normal
bn:00109635a	periódico
bn:00109650a	relacionado relacionado_con
bn:00109651a	emparentado relacionado
bn:00109654a	relativista
bn:00109657a	relajado
bn:00109659a	pertinente relevante
bn:00109661a	espiritual religioso
bn:00109669a	
bn:00109672a	rehabilitador terapéutico
bn:00109690a	pagadero
bn:00109700a	representante representativo
bn:00109701a	representativo
bn:00109704a	republicano republicanos
bn:00109708a	acreditado
bn:00109714a	residente
bn:00109715a	residencial
bn:00109716a	residencial
bn:00109736a	respetable
bn:00109740a	respectivo
bn:00109741a	respiratorio respiratorios
bn:00109743a	responsable
bn:00109747a	insatisfecho inquieto
bn:00109751a	contenido reprimido
bn:00109754a	restrictivo
bn:00109763a	reticulado reticular
bn:00109765a	jubilado retirado
bn:00109785a	indicativo revelador
bn:00109794a	reversible
bn:00109809a	girado rotado
bn:00109811a	gratificante satisfactorio
bn:00109834a	rico abundante
bn:00109836a	rico
bn:00109848a	derecho
bn:00109868a	legítimo verdadero
bn:00109871a	rígida rígido tieso yerto
bn:00109913a	romano
bn:00109947a	áspero
bn:00109953a	desbastado
bn:00109981a	escabroso
bn:00109989a	descontrolado incontrolado
bn:00109997a	rural
bn:00109998a	rural rurales
bn:00110004a	ruso rusa rusas
bn:00110014a	herrumbroso oxidado
bn:00110036a	triste afligido apesadumbrado infeliz
bn:00110044a	sádico
bn:00110046a	seguro salvo segura
bn:00110047a	seguro
bn:00110064a	enfermizo delicado débil macilento malsano
bn:00110075a	mismo
bn:00110076a	mismo
bn:00110115a	satisfactorio
bn:00110116a	complacido satisfecho
bn:00110156a	desperdigado disperso
bn:00110158a	escénico panorámico
bn:00110168a	esquizofrénico
bn:00110175a	científica científico
bn:00110176a	científica científico
bn:00110194a	
bn:00110228a	sórdido
bn:00110237a	experto perito veterano
bn:00110247a	secundario secundaria
bn:00110253a	secreto
bn:00110254a	secreto
bn:00110270a	seguro resguardado segura
bn:00110277a	visible
bn:00110288a	segregado
bn:00110292a	exclusivo selectivo
bn:00110300a	seguro_de_sí_mismo confiado seguro_de_si_mismo seguro
bn:00110308a	independiente
bn:00110315a	
bn:00110319a	espontáneo espontánea
bn:00110340a	autosuficiente
bn:00110373a	semianalfabeto
bn:00110401a	senior superior alto_cargo experimentado
bn:00110403a	sensacional
bn:00110409a	sensible sensitivo susceptible
bn:00110410a	sensible
bn:00110423a	separado
bn:00110444a	serio
bn:00110445a	serio
bn:00110448a	considerado sensato
bn:00110454a	duradero práctico servible
bn:00110469a	
bn:00110470a	
bn:00110471a	extremo profundo severo
bn:00110486a	sexual
bn:00110501a	poco_profundo superficial
bn:00110513a	compartido
bn:00110516a	agudo estridente penetrante aguda
bn:00110532a	afeitado
bn:00110544a	
bn:00110558a	calzado
bn:00110561a	corto
bn:00110562a	corto
bn:00110576a	
bn:00110586a	
bn:00110619a	firmado
bn:00110620a	significante substancial
bn:00110621a	significativo
bn:00110624a	silencioso callada callado silenciosa silente
bn:00110625a	asumido entendido implícito sobreentendido tácito
bn:00110645a	
bn:00110647a	similar parecido semejante
bn:00110649a	simple sencillo
bn:00110668a	soltera soltero
bn:00110690a	
bn:00110707a	esquelético ósea óseo
bn:00110711a	hábil cualificado especializado diestro habilidoso
bn:00110738a	adormecido adormilado cansado somnoliento soñoliento sueño
bn:00110742a	delgado delicado esbelto estilizado fino
bn:00110743a	delgado
bn:00110756a	desplazable escurridizo resbaladizo resbaloso
bn:00110760a	
bn:00110767a	lento
bn:00110768a	lento
bn:00110772a	flojo lánguido perezoso
bn:00110789a	listo inteligente
bn:00110803a	suave liso llano
bn:00110813a	ahogado sofocado
bn:00110822a	deshonesto ilícito turbio
bn:00110842a	social
bn:00110843a	social sociales
bn:00110852a	socioeconómico socio-económica socio-económico socioeconómica
bn:00110858a	blando
bn:00110860a	
bn:00110861a	sonoro
bn:00110887a	sólido
bn:00110888a	sólido
bn:00110889a	macizo sólidos
bn:00110891a	continuo entero sólido
bn:00110894a	impenetrable
bn:00110911a	algo algunas algunos unas unos
bn:00110922a	sofisticado de_mundo
bn:00110939a	
bn:00110950a	meridional sureño sur
bn:00110961a	meridional
bn:00110963a	meridional sureño sur
bn:00110970a	soberano supremo
bn:00110971a	soviética soviético
bn:00110975a	espacial
bn:00110978a	español española hispánico hispano
bn:00110982a	centelleante
bn:00110995a	especial
bn:00110996a	especial
bn:00110997a	especializado especializada
bn:00111001a	específico específica
bn:00111002a	específico
bn:00111039a	animado
bn:00111043a	espiritual inmaterial
bn:00111051a	
bn:00111062a	deportivo limpio
bn:00111083a	desaprovechado desperdiciado
bn:00111087a	claro directo franco
bn:00111095a	cuadriculado
bn:00111119a	manchado
bn:00111120a	barnizado
bn:00111129a	estándar standard
bn:00111130a	común corriente estándar
bn:00111135a	
bn:00111156a	asustado sobresaltado
bn:00111157a	brusco repentino súbito alarmante sorprendente
bn:00111161a	estatal
bn:00111170a	estatutario reglamentario
bn:00111172a	fiel firme incondicional inquebrantable leal
bn:00111175a	constante regular
bn:00111180a	
bn:00111195a	estereofónico estéreo
bn:00111198a	estereotipado estereotípico
bn:00111201a	del_esternón esternal
bn:00111223a	estimulante
bn:00111236a	estoico
bn:00111262a	recto
bn:00111263a	liso
bn:00111264a	derecho enderezado erguido recto rígido tieso
bn:00111279a	estresado
bn:00111281a	extraño inusual raro curioso inusitado insólito curiosa extraña rara anormal desusado
bn:00111282a	
bn:00111295a	
bn:00111297a	enérgico vigoroso
bn:00111302a	estirado
bn:00111312a	fuerte
bn:00111324a	estructural
bn:00111325a	estructurado estructuradas
bn:00111326a	
bn:00111333a	aplicado dedicado diligente estudioso
bn:00111334a	relleno
bn:00111342a	estúpido imbécil tonto cretino idiota bobo
bn:00111366a	sobrehumano subhumano
bn:00111370a	subjectivo subjetivo
bn:00111382a	sumergido subacuático submarino
bn:00111392a	posterior subsecuente subsiguiente ulterior
bn:00111400a	
bn:00111406a	suburban suburbano periférico suburbana
bn:00111409a	afortunado exitoso próspero triunfador de_éxito logrado
bn:00111411a	así semejante tal
bn:00111415a	brusco repentina repentino súbito abrupto de_improviso precipitado
bn:00111418a	suficiente
bn:00111458a	superficial
bn:00111465a	superior
bn:00111466a	superior
bn:00111476a	sobrenatural
bn:00111483a	supersónico ultrasónico
bn:00111512a	
bn:00111523a	sorprendido
bn:00111524a	sorprendente chocante sorpresivo
bn:00111525a	susceptible
bn:00111528a	suspendido
bn:00111540a	dulce rico suave gustoso sabroso
bn:00111542a	dulce
bn:00111565a	simétrico simétrica
bn:00111566a	simpático
bn:00111567a	comprensivo simpático
bn:00111570a	sinfónico sinfónica
bn:00111596a	sintáctico sintáctica
bn:00111623a	entallado
bn:00111629a	talismánico
bn:00111630a	alto alta
bn:00111671a	andrajoso
bn:00111673a	apretado tenso tirante
bn:00111674a	tenso tirante
bn:00111684a	técnico
bn:00111685a	tecnológico técnico técnica
bn:00111688a	tecnológico
bn:00111695a	telegráfico
bn:00111723a	tierno
bn:00111760a	aterrador espeluznante estremecedor terrorífico
bn:00111796a	teatral
bn:00111805a	teológico teológica
bn:00111810a	terapéutico
bn:00111816a	termohidrométrico
bn:00111824a	grueso espeso espesor grosor
bn:00111841a	ladrón
bn:00111843a	delgado fino
bn:00111856a	toriado
bn:00111859a	meticuloso minucioso profundo
bn:00111896a	
bn:00111904a	
bn:00111919a	ocupado
bn:00111923a	apretado
bn:00111924a	
bn:00111925a	
bn:00111972a	tonal tonales
bn:00112025a	duro severo
bn:00112026a	duro endurecido resistente
bn:00112032a	tóxica tóxico
bn:00112043a	tradicional
bn:00112044a	tradicional
bn:00112046a	trágico
bn:00112047a	trágico
bn:00112048a	tragicómico
bn:00112051a	entrenado amaestrado
bn:00112059a	trascendental
bn:00112087a	
bn:00112089a	tratado
bn:00112110a	
bn:00112137a	tropical trópico
bn:00112146a	cierto verdadero real verdadera
bn:00112147a	fiel
bn:00112164a	molesto serio arduo desafiador riguroso
bn:00112177a	tudor
bn:00112216a	típico
bn:00112218a	tipográfico
bn:00112223a	feo desagradable repugnante
bn:00112229a	extremo
bn:00112230a	último
bn:00112254a	incapaz impotente
bn:00112255a	
bn:00112266a	inexplicable
bn:00112283a	
bn:00112291a	impasible impertérrito inalterado indiferente insensible
bn:00112306a	unívoco inequívoco
bn:00112398a	ininterrumpido
bn:00112420a	incierto indefinido
bn:00112425a	
bn:00112441a	
bn:00112460a	
bn:00112464a	incómodo a_disgusto
bn:00112468a	inusual raro singular
bn:00112501a	anticonstitucional inconstitucional
bn:00112511a	incontrolable inmanejable
bn:00112520a	
bn:00112532a	no_de_primos
bn:00112553a	indemne intacto
bn:00112568a	indiscutible innegable
bn:00112575a	
bn:00112596a	perspicaz sagaz
bn:00112613a	
bn:00112624a	
bn:00112646a	
bn:00112665a	inquieto aprensivo intranquilo
bn:00112675a	cesante parado
bn:00112721a	
bn:00112780a	descongelado
bn:00112813a	infeliz triste
bn:00112816a	ileso incólume indemne salvo
bn:00112821a	enfermizo insano
bn:00112843a	uniforme invariable
bn:00112845a	uniformado
bn:00112851a	irreprochable
bn:00112853a	
bn:00112855a	
bn:00112858a	
bn:00112894a	
bn:00112899a	
bn:00112908a	unido
bn:00112913a	universalista
bn:00112939a	improbable probable
bn:00112940a	
bn:00112975a	claro inconfundible
bn:00112987a	antinatural
bn:00112990a	innecesario
bn:00113004a	desapercibido inadvertido invisible oculto
bn:00113025a	impagado impago pagado
bn:00113044a	
bn:00113057a	antipático desagradable desapacible grosero insultante ofensivo
bn:00113060a	impopular
bn:00113066a	inaudito
bn:00113120a	irreal poco_realista
bn:00113128a	recalcitrante
bn:00113143a	
bn:00113163a	irresoluto sin_resolver sin_solucionar
bn:00113190a	insatisfactorio
bn:00113198a	
bn:00113200a	inescrupuloso
bn:00113222a	pendiente
bn:00113236a	
bn:00113248a	derecho erguido vertical
bn:00113268a	inestable inestables
bn:00113272a	sin_manchas
bn:00113284a	no_estructurados
bn:00113316a	salvaje indomado montaraz silvestre salvajes silvestres
bn:00113366a	inusual excepcional extraordinario insólito
bn:00113372a	sin_ventilar
bn:00113385a	soltero
bn:00113393a	imprudente insensato
bn:00113395a	poco_femenino
bn:00113403a	planchado sin_arrugas
bn:00113406a	levantado
bn:00113423a	
bn:00113424a	superior
bn:00113434a	arriba
bn:00113437a	alcista
bn:00113441a	urbanizado
bn:00113452a	aprovechable usable utilizable
bn:00113453a	empleado usado utilizado
bn:00113454a	habituado soler
bn:00113455a	útil
bn:00113459a	común habitual normal usual
bn:00113466a	utópico
bn:00113486a	válido válidas
bn:00113489a	valioso precioso
bn:00113490a	precioso valioso preciosa valiosa
bn:00113491a	
bn:00113501a	variable
bn:00113502a	variable variado cambiante diferente distinta distinto
bn:00113509a	variado vario
bn:00113515a	vascular
bn:00113549a	verbal
bn:00113562a	juvenil
bn:00113573a	mismo
bn:00113576a	vesicular
bn:00113583a	veterinario
bn:00113587a	vivaz animado vibrante vital
bn:00113610a	vehemente vigoroso
bn:00113611a	vigoroso
bn:00113616a	violento violenta
bn:00113630a	
bn:00113636a	
bn:00113639a	ostensible visible
bn:00113655a	profesional vocacional
bn:00113670a	volumétrico volumétrica
bn:00113671a	voluminoso
bn:00113677a	vulnerable
bn:00113680a	vulpino
bn:00113698a	caliente cálido
bn:00113699a	cálido afectuoso amoroso caluroso cálida
bn:00113712a	lavado
bn:00113718a	acuoso aguado
bn:00113721a	
bn:00113732a	ondulado
bn:00113737a	débil feble flaco flojo
bn:00113770a	bienvenido agradable bienvenida
bn:00113774a	
bn:00113790a	
bn:00113813a	occidental
bn:00113814a	
bn:00113818a	húmedo mojado empapado
bn:00113830a	blanco albar albo blanca
bn:00113831a	blanco caucásico
bn:00113852a	entero todo íntegro
bn:00113854a	saludable sano íntegro
bn:00113864a	extendido extenso generalizado
bn:00113870a	incontrolado salvaje
bn:00113876a	deliberado intencional
bn:00113877a	dispuesto complaciente deseoso
bn:00113905a	juicioso sabio
bn:00113911a	
bn:00113920a	
bn:00113923a	de_madera
bn:00113933a	laborable
bn:00113935a	
bn:00113936a	bien_hecho competente
bn:00113940a	peor
bn:00113944a	peor
bn:00113945a	tasado valorado
bn:00113947a	interesante conveniente
bn:00113948a	digno decoroso merecedor
bn:00113968a	amarilla amarillo amarillento ocre
bn:00113986a	amarillento
bn:00113991a	verde-amarillento verde-amarillo
bn:00114039r	
bn:00114044r	un_poco ligeramente poco
bn:00114047r	mucho muchisimo cosa_mala un_montón una_barbaridad tanto
bn:00114048r	mucho tanto
bn:00114055r	inicialmente ab_initio
bn:00114058r	a_popa
bn:00114065r	a_bordo
bn:00114073r	aproximadamente más_o_menos cerca un_poco unos grosso_modo
bn:00114074r	alrededor aproximadamente
bn:00114075r	alrededor
bn:00114076r	alrededor acerca_de alrededor_de
bn:00114077r	alrededor
bn:00114078r	
bn:00114079r	casi prácticamente virtualmente aproximadamente cerca más
bn:00114080r	anterior arriba
bn:00114086r	el_extranjero en_el_exterior en_el_extranjero extranjero
bn:00114089r	de_repente repentinamente súbitamente abruptamente bruscamente en_seco precipitadamente de_pronto repente
bn:00114090r	distraídamente
bn:00114091r	absolutamente totalmente perfectamente
bn:00114099r	academicamente académicamente
bn:00114102r	accidentalmente inesperadamente por_accidente
bn:00114106r	consecuentemente por_consiguiente consecuencia
bn:00114108r	con_exactitud correctamente cuidadosamente exactamente justamente precisamente
bn:00114109r	escrupulosamente precisamente
bn:00114117r	realmente verdaderamente realidad
bn:00114118r	en_realidad realmente realidad
bn:00114121r	intensamente
bn:00114123r	
bn:00114126r	
bn:00114128r	
bn:00114141r	la_verdad_es_que reconocidamente es_cierto_que lo_cierto_es_que
bn:00114152r	deliberadamente intencionadamente intencionalmente a_propósito expresamente adrede aposta
bn:00114158r	
bn:00114159r	afectuosamente cariñosamente
bn:00114164r	de_nuevo nuevamente desde_cero otra_vez
bn:00114165r	después luego más_tarde consecuentemente posteriormente
bn:00114168r	después_de_todo
bn:00114171r	nuevamente de_nuevo novedosamente otra_vez una_vez_más nuevo vez_más
bn:00114172r	incansablemente repetidamente una_y_otra_vez otra_vez
bn:00114176r	agresivamente bruscamente
bn:00114177r	ágilmente
bn:00114178r	atrás hace
bn:00114180r	agradablemente
bn:00114182r	delante ante antes hacia_adelante por_delante adelante al_frente_de delante_de frente
bn:00114183r	adelante
bn:00114184r	
bn:00114188r	
bn:00114190r	temprano
bn:00114196r	desafortunadamente desgraciadamente lamentablemente por_desgracia qué_lástima infortunadamente
bn:00114198r	
bn:00114199r	afuera
bn:00114203r	totalmente completamente enteramente todo cabalmente de_todo_punto rematadamente por_completo
bn:00114205r	desde_el_primer_momento todo_el_tiempo
bn:00114209r	en_general en_suma
bn:00114210r	de_repente repentinamente súbitamente de_golpe bruscamente repente
bn:00114211r	
bn:00114213r	bien está_bien
bn:00114214r	bien
bn:00114215r	bien satisfactoriamente
bn:00114216r	sin_embargo no_obstante al_contrario mas pero sino
bn:00114217r	todo_el_tiempo
bn:00114218r	hasta_el_final hasta_la_meta todo_el_camino
bn:00114219r	
bn:00114222r	
bn:00114223r	de_sobras sobradamente
bn:00114234r	exclusivamente solo sólo únicamente exclusive solamente
bn:00114235r	solo
bn:00114236r	a_lo_largo hacia_adelante lo_largo
bn:00114237r	en_compañía
bn:00114238r	a_lo_largo_de
bn:00114242r	en_voz_alta voz_alta
bn:00114243r	en_voz_alta ruidosamente
bn:00114245r	ya
bn:00114246r	también asimismo además
bn:00114248r	alternativamente en_vez_de o_si_no por_contraste lugar
bn:00114250r	siempre
bn:00114251r	invariablemente siempre constantemente perdurablemente perennemente perpetuamente
bn:00114266r	imperfectamente mal
bn:00114276r	analíticamente
bn:00114281r	luego así_que entonces y_así_que y_después y_luego
bn:00114282r	etc etc. etcétera así_sucesivamente
bn:00114286r	furiosamente airadamente coléricamente rabiosamente con_ira
bn:00114290r	anualmente
bn:00114291r	anualmente
bn:00114301r	ansiosamente con_ansiedad desasosegadamente con_inquietud
bn:00114303r	
bn:00114304r	de_todos_modos en_cualquier_caso de_todas_formas en_todo_caso cualquier_caso todos_modos
bn:00114306r	dondequiera en_cualquier_parte cualquier_lugar
bn:00114307r	rápidamente velozmente rápido con_rapidez deprisa
bn:00114308r	
bn:00114309r	aparte a_un_lado
bn:00114315r	cada_uno
bn:00114316r	disculpándose
bn:00114318r	aparentemente ostensiblemente cara_a_cara al_parecer
bn:00114319r	claramente evidentemente obviamente aparentemente claro manifiestamente patentemente
bn:00114324r	apropiadamente propiamente convenientemente
bn:00114325r	aprobación
bn:00114328r	arbitrariamente indiscriminadamente al_azar aleatoriamente a_diestro_y_siniestro a_la_remanguillé a_salto_de_mata a_tontas_y_a_locas de_cualquier_modo
bn:00114335r	correctamente
bn:00114341r	alrededor
bn:00114342r	
bn:00114344r	arrogantemente altaneramente soberbiamente
bn:00114354r	como tan igualmente
bn:00114357r	de_hecho efectivamente en_realidad por_cierto realmente hecho
bn:00114358r	todo_lo_posible
bn:00114359r	como_sigue
bn:00114362r	
bn:00114363r	afortunadamente dichosamente por_suerte felizmente menos_mal por_fortuna
bn:00114364r	
bn:00114365r	intrínsecamente per_se como_tal
bn:00114367r	
bn:00114369r	hasta_ahora todavía anteriormente aún en_ese_entonces hasta_aquí hasta_este_momento hasta_la_fecha previamente
bn:00114376r	aparte de_lado separadamente a_un_lado lado
bn:00114377r	
bn:00114385r	
bn:00114389r	ciertamente seguramente
bn:00114401r	abajo
bn:00114402r	a_la_vez a_un_tiempo vez
bn:00114403r	nada absoluto
bn:00114406r	al_menos
bn:00114407r	
bn:00114412r	a_primera_vista
bn:00114414r	
bn:00114416r	
bn:00114417r	por_fin finalmente por_último al_final
bn:00114418r	al_menos como_mínimo
bn:00114420r	extensamente
bn:00114422r	inmediatamente ahora enseguida ahora_mismo directamente de_inmediato en_seguida inmediato vez
bn:00114423r	anteriormente antiguamente otrora antes una_vez vez
bn:00114424r	ahora actualmente inmediatamente actualidad
bn:00114427r	allí allá en_ese_lugar en_ese_sitio
bn:00114428r	simultáneamente a_la_vez al_mismo_tiempo
bn:00114429r	al_mismo_tiempo a_la_vez
bn:00114431r	de_vez_en_cuando ocasionalmente veces vez_en_cuando
bn:00114443r	auditivamente
bn:00114450r	automáticamente reflexivamente
bn:00114451r	mecánicamente
bn:00114455r	lejos
bn:00114456r	distancia
bn:00114458r	lejos
bn:00114459r	
bn:00114463r	terriblemente muy
bn:00114464r	terriblemente alarmantemente aterradoramente atrozmente espantosamente feamente horrendamente horriblemente horrorosamente malvadamente portentosamente temerosamente temiblemente
bn:00114465r	un_rato rato un_momento algún_tiempo por_un_tiempo
bn:00114472r	atrás de_vuelta
bn:00114473r	
bn:00114474r	atrás de_regreso de_vuelta hacia_atrás
bn:00114475r	atrás
bn:00114476r	atrás como_contestación en_respuesta
bn:00114478r	de_acá_para_allá de_ceca_en_meca hacia_atrás_y_adelante
bn:00114481r	en_reversa hacia_atrás
bn:00114485r	gravemente severamente mal
bn:00114486r	mal pobremente desafortunadamente desdichadamente desgraciadamente lamentablemente lastimeramente lastimosamente miserablemente patéticamente
bn:00114504r	apenas
bn:00114507r	tímidamente timidamente con_timidez
bn:00114508r	fundamentalmente básicamente esencialmente basicamente
bn:00114512r	antes previamente precedentemente
bn:00114513r	pronto actualmente en_seguida baldaŭ prontamente
bn:00114519r	tarde tardíamente
bn:00114523r	probablemente ser_como probable
bn:00114525r	continuación
bn:00114534r	además en_cualquier_caso
bn:00114535r	mejor
bn:00114537r	lo_mejor mejor
bn:00114541r	mejor
bn:00114543r	
bn:00114550r	
bn:00114568r	gradualmente paulatinamente poco_a_poco
bn:00114571r	amargamente
bn:00114583r	ciegamente
bn:00114585r	felizmente alegremente dichosamente jubilosamente triunfalmente
bn:00114604r	valientemente
bn:00114610r	brevemente
bn:00114611r	brevemente concisamente definitiva
bn:00114612r	brillantemente
bn:00114626r	sólo solamente meramente simplemente solo apenas únicamente puramente
bn:00114627r	por_otro_lado pero_entonces sin_embargo por_otra_parte
bn:00114629r	por
bn:00114632r	definitivamente decididamente indudablemente vigorosamente resueltamente rotundamente tajantamente enfáticamente
bn:00114633r	posteriormente más_tarde
bn:00114634r	generalmente en_general por_lo_general general
bn:00114638r	experimentalmente
bn:00114645r	
bn:00114646r	de_ninguna_forma de_ninguna_manera en_ningun_caso ninguna_manera
bn:00114652r	de_viva_voz oralmente
bn:00114659r	cruelmente desconsideradamente insensiblemente
bn:00114663r	francamente honestamente
bn:00114671r	cuidadosamente atentamente
bn:00114672r	cuidadosamente precavidamente
bn:00114681r	categóricamente incondicionalmente tajantemente de_plano llanamente planamente rotundamente
bn:00114683r	causalmente
bn:00114687r	continuamente incesantemente interminablemente
bn:00114689r	centralmente forma_centralizada
bn:00114692r	
bn:00114694r	ciertamente seguramente seguro sin_duda con_bastante_seguridad con_certeza con_seguridad
bn:00114699r	característicamente
bn:00114712r	químicamente
bn:00114714r	principalmente mayormente predominantemente maestramente primariamente
bn:00114731r	
bn:00114740r	claramente
bn:00114741r	inteligiblemente comprensiblemente claramente
bn:00114742r	claramente claro
bn:00114747r	cerca
bn:00114748r	
bn:00114750r	cercanamente estrechamente
bn:00114751r	cercanamente íntimamente de_cerca estrechamente
bn:00114755r	torpemente toscamente
bn:00114777r	comercialmente
bn:00114778r	normalmente comúnmente de_costumbre generalmente habitualmente usualmente corrientemente cotidianamente diariamente mundanamente ordinariamente popularmente predeciblemente rutinariamente
bn:00114784r	relativamente comparativamente
bn:00114787r	competitivamente
bn:00114790r	completamente enteramente totalmente
bn:00114792r	completamente comprensiblemente exhaustivamente integralmente
bn:00114793r	compulsivamente
bn:00114803r	concluyentemente de_una_vez_por_todas
bn:00114807r	confidencialmente
bn:00114808r	confidentemente
bn:00114823r	considerablemente sustancialmente jugosamente muy significativamente substancialmente
bn:00114825r	sistemáticamente coherentemente compatiblemente consecuentemente consistentemente constantemente por_sistema
bn:00114834r	desdeñosamente
bn:00114835r	con_satisfacción
bn:00114837r	continuamente continuadamente
bn:00114842r	mas por_el_contrario
bn:00114848r	convenientemente
bn:00114850r	inversa
bn:00114855r	casualmente despreocupadamente frescamente indiferentemente
bn:00114866r	
bn:00114869r	naturalmente desde_luego por_supuesto claro
bn:00114870r	cortésmente educadamente
bn:00114876r	creativamente originariamente
bn:00114880r	afiladamente agudamente filosamente precisamente
bn:00114886r	
bn:00114899r	culturalmente en_términos_culturales
bn:00114903r	curiosamente
bn:00114905r	actualmente ahora hoy presentemente
bn:00114917r	cotidianamente diariamente diario todos_los_días
bn:00114918r	diariamente día_a_día
bn:00114923r	peligrosamente
bn:00114935r	legalmente legítimamente lícitamente
bn:00114941r	
bn:00114945r	engañosamente falazmente
bn:00114946r	correctamente
bn:00114947r	
bn:00114949r	decididamente decisivamente resueltamente
bn:00114954r	profundamente hondamente
bn:00114955r	tarde
bn:00114957r	profundamente
bn:00114968r	delicadamente bien exquisitamente finamente
bn:00114969r	deliciosamente placenteramente agradablemente apetitosamente encantadoramente gratificantemente gustosamente ricamente sabrosamente
bn:00114972r	
bn:00114985r	densamente apelmazadamente gruesamente
bn:00114996r	urgentemente de_ahora_para_ahorita por_luego desesperadamente
bn:00115001r	constantemente decididamente firmemente inquebrantablemente rígidamente determinadamente
bn:00115010r	
bn:00115011r	dialécticamente
bn:00115012r	diametralmente
bn:00115016r	de_otra_manera diferentemente contrario
bn:00115023r	indistintamente débilmente vagamente
bn:00115029r	directamente derecho directo
bn:00115030r	directamente
bn:00115047r	discretamente disimuladamente
bn:00115056r	
bn:00115060r	
bn:00115067r	independientemente no no_obstante no_importa
bn:00115080r	dolorosamente desagradablemente
bn:00115085r	de_forma_diversa de_forma_variopinta de_varias_maneras diversamente multifacéticamente múltiplemente variadamente
bn:00115086r	
bn:00115087r	
bn:00115102r	doblemente
bn:00115106r	sin_duda indudablemente
bn:00115107r	agriamente austeramente ceñudamente duramente hoscamente oscuramente rigurosamente severamente sombríamente temperamentalmente tenebrosamente tristemente ácidamente
bn:00115109r	hacia_abajo abajo
bn:00115110r	por
bn:00115118r	categóricamente
bn:00115126r	dramáticamente llamativamente
bn:00115127r	dramáticamente
bn:00115141r	con_opacidad
bn:00115142r	debidamente puntualmente
bn:00115147r	por_ejemplo p._ej.
bn:00115148r	cada_semana semanalmente
bn:00115149r	ansiosamente con_entusiasmo impacientemente ávidamente
bn:00115150r	antes
bn:00115151r	originalmente antes primer_lugar
bn:00115153r	temprano
bn:00115154r	seriamente en_serio sinceramente encarecidamente serio
bn:00115155r	fácilmente facilmente fácil
bn:00115157r	facilmente bien
bn:00115161r	lentamente
bn:00115177r	eficazmente con_eficacia
bn:00115178r	efecto
bn:00115180r	eficientemente
bn:00115192r	lugar parte
bn:00115202r	camino
bn:00115203r	
bn:00115206r	infinitamente
bn:00115215r	enormemente tremendamente
bn:00115216r	montón
bn:00115220r	con_entusiasmo
bn:00115231r	erráticamente impredeciblemente imprevisiblemente volublemente
bn:00115235r	especialmente particularmente curiosamente excepcionalmente extrañamente
bn:00115236r	especialmente particularmente excepcionalmente
bn:00115239r	eternamente perpetuamente por_siempre para_siempre
bn:00115244r	incluso
bn:00115245r	
bn:00115246r	aún peor todavía ya
bn:00115249r	incluso_mientras justo_mientras
bn:00115250r	con_justicia imparcialmente justamente
bn:00115252r	finalmente al_final con_el_tiempo eventualmente
bn:00115253r	
bn:00115254r	
bn:00115266r	exactamente precisamente
bn:00115267r	exactamente
bn:00115268r	precisamente
bn:00115271r	extremadamente sumamente extremamente
bn:00115273r	excepcionalmente
bn:00115274r	demasiado excesivamente demasiadamente
bn:00115278r	cabalmente exhaustivamente minuciosamente fondo
bn:00115286r	
bn:00115289r	
bn:00115293r	extensamente extensivamente largamente
bn:00115300r	altamente elevadamente extremamente sumamente muy
bn:00115312r	
bn:00115313r	bastante moderadamente algo razonablemente
bn:00115318r	familiarmente
bn:00115322r	lejos
bn:00115323r	lejos
bn:00115324r	
bn:00115325r	
bn:00115329r	
bn:00115330r	lejos más_lejos
bn:00115336r	apretado fuertemente rápidamente
bn:00115337r	
bn:00115346r	favorablemente
bn:00115347r	temerosamente
bn:00115362r	febrilmente
bn:00115368r	finalmente
bn:00115369r	económicamente financieramente
bn:00115373r	firmemente
bn:00115374r	firmemente
bn:00115376r	en_primer_lugar primeramente primero para_empezar primer_lugar
bn:00115377r	primero por_primera_vez
bn:00115378r	primero
bn:00115379r	
bn:00115392r	rápidamente velozmente
bn:00115397r	correcto de_lleno exactamente derecha
bn:00115400r	de_lleno
bn:00115403r	afectuosamente amorosamente cariñosamente
bn:00115406r	
bn:00115410r	permanentemente con_toda_la_barba definitivamente
bn:00115415r	para_el_caso
bn:00115416r	
bn:00115417r	por_el_momento por_ahora
bn:00115418r	principalmente gran_parte su_mayor_parte
bn:00115427r	formalmente oficialmente
bn:00115431r	adelante delante hacia_adelante hacia_el_frente p'alante palante para_adelante avante
bn:00115434r	hacia hacia_adelante
bn:00115436r	
bn:00115440r	cuatro_veces por_cuatro
bn:00115446r	delirantemente desmedidamente emocionadamente frenéticamente libremente locamente
bn:00115449r	dejar_suelto libre suelta
bn:00115450r	libremente
bn:00115452r	frecuentemente a_menudo menudo
bn:00115453r	recién nuevamente
bn:00115474r	completamente plenamente a_fondo
bn:00115480r	
bn:00115481r	
bn:00115483r	adicionalmente además
bn:00115484r	además por_otra_parte adicionalmente es_más más más_aún por_lo_demás más_a_fondo
bn:00115495r	en_general generalmente general
bn:00115501r	suavemente
bn:00115504r	realmente verdaderamente auténticamente genuinamente
bn:00115513r	
bn:00115530r	bien
bn:00115531r	completamente bien exhaustivamente minuciosamente profundamente a_cabalidad a_fondo cabalmente detenidamente
bn:00115537r	
bn:00115546r	
bn:00115547r	
bn:00115549r	establemente estáticamente fijamente gravemente serenamente seriamente sobriamente solemnemente
bn:00115553r	enormemente grandemente mucho sumamente
bn:00115557r	sombríamente torvamente con_gravedad
bn:00115561r	
bn:00115568r	
bn:00115569r	medio mitad
bn:00115574r	
bn:00115576r	a_medio_camino a_mitad_de
bn:00115579r	
bn:00115580r	de_la_mano
bn:00115590r	agotadoramente arduamente duramente fatigosamente laboriosamente penosamente pesadamente rigurosamente duro
bn:00115591r	intensamente mucho
bn:00115592r	
bn:00115593r	
bn:00115600r	inofensivamente
bn:00115603r	
bn:00115624r	pesadamente
bn:00115625r	
bn:00115635r	por_lo_tanto así de_ahí por_eso
bn:00115639r	aquí
bn:00115640r	aquí
bn:00115641r	aquí acá este_lugar
bn:00115643r	aquí_y_allí
bn:00115648r	de_ahora_en_adelante por_este por_este_medio por_la_presente por_ésto queda
bn:00115657r	
bn:00115662r	alta altos
bn:00115677r	casa
bn:00115683r	
bn:00115688r	
bn:00115696r	sin_embargo embargo
bn:00115697r	
bn:00115698r	
bn:00115715r	es_decir por_lo_tanto a_saber esto_es o_sea decir
bn:00115728r	
bn:00115738r	imaginativamente
bn:00115744r	inmensamente mucho muy
bn:00115759r	imperceptiblemente
bn:00115768r	altamente improbablemente increíblemente maravillosamente
bn:00115781r	adentro
bn:00115782r	instantáneamente en_un_instante sin_dilación
bn:00115787r	de_algún_modo
bn:00115793r	común
bn:00115795r	en_detalle con_detenimiento detalle
bn:00115797r	en_principio
bn:00115798r	
bn:00115802r	
bn:00115811r	vez
bn:00115818r	in_situ lugar
bn:00115820r	públicamente
bn:00115824r	
bn:00115825r	de_alguna_manera de_algún_modo en_algún_modo alguna_manera
bn:00115828r	
bn:00115829r	
bn:00115830r	
bn:00115833r	al_final
bn:00115836r	
bn:00115838r	justo_a_tiempo
bn:00115840r	al_sur
bn:00115841r	todavía tiempo
bn:00115842r	
bn:00115845r	sucesivamente su_vez
bn:00115851r	
bn:00115852r	por_escrito sobre_el_papel
bn:00115870r	incompletamente
bn:00115880r	cada_vez_más progresivamente más
bn:00115888r	hecho
bn:00115893r	independientemente
bn:00115904r	individualmente de_forma_individual separadamente singularmente uno_a_uno
bn:00115906r	dentro adentro interior
bn:00115914r	inevitablemente
bn:00115917r	inevitablemente necesariamente inexorablemente
bn:00115958r	dentro interior
bn:00115972r	en_lugar_de en_vez_de sin_embargo lugar
bn:00115975r	insuficientemente
bn:00115979r	intelectualmente
bn:00115984r	entre_otros
bn:00115990r	internamente
bn:00115991r	internacionalmente
bn:00116010r	adentro
bn:00116017r	irregularmente
bn:00116023r	irresistiblemente
bn:00116031r	
bn:00116044r	conjuntamente juntamente
bn:00116051r	
bn:00116052r	
bn:00116053r	simplemente
bn:00116055r	correctamente
bn:00116059r	correctamente justamente justificadamente
bn:00116061r	
bn:00116064r	algo bastante especie
bn:00116072r	hace_tiempo hace_mucho_tiempo tiempo
bn:00116081r	
bn:00116085r	recientemente recién últimamente
bn:00116089r	cómicamente ridículamente risiblemente
bn:00116104r	menos
bn:00116118r	
bn:00116128r	asimismo igualmente de_la_misma_manera de_modo_parecido del_mismo_modo similarmente
bn:00116140r	literalmente
bn:00116143r	poco poquito
bn:00116150r	lógicamente
bn:00116151r	lógicamente
bn:00116153r	
bn:00116156r	
bn:00116161r	
bn:00116177r	
bn:00116197r	
bn:00116199r	magníficamente maravillosamente de_maravilla
bn:00116207r	matemáticamente
bn:00116211r	posiblemente acaso quizás tal_vez a_lo_mejor podría_ser por_casualidad quizá talvez
bn:00116218r	entretanto mientras_tanto
bn:00116246r	metódicamente
bn:00116251r	microscópicamente
bn:00116266r	vagamente imprecisamente oscuramente
bn:00116284r	más
bn:00116285r	más
bn:00116286r	ligeramente algo levemente
bn:00116290r	más
bn:00116291r	más
bn:00116295r	mucho
bn:00116296r	mucho
bn:00116297r	prácticamente mucho
bn:00116298r	igual_que lo_mismo_que
bn:00116311r	mudamente silenciosamente tácitamente
bn:00116317r	es_decir o_sea
bn:00116321r	nacionalmente
bn:00116323r	naturalmente
bn:00116326r	nunca jamás
bn:00116327r	cerca
bn:00116328r	pulcramente
bn:00116338r	unánimemente por_unanimidad unanimidad
bn:00116339r	nerviosamente
bn:00116345r	después
bn:00116348r	no no_más
bn:00116351r	sin_duda desde_luego indudablemente puedes_estar_seguro
bn:00116353r	no_más ya_no
bn:00116360r	no
bn:00116366r	en_general
bn:00116373r	al_norte
bn:00116379r	evidentemente notablemente perceptiblemente sensiblemente
bn:00116381r	ahora
bn:00116382r	hoy actualmente hoy_en_día ahora
bn:00116383r	ponerse_un_hábito ahora
bn:00116387r	ninguna_parte
bn:00116391r	en_punto
bn:00116403r	
bn:00116405r	alguna_vez
bn:00116412r	oficialmente
bn:00116423r	arriba por_las_escaleras
bn:00116424r	regularmente
bn:00116432r	de_ello sobre_ello sobre_eso él
bn:00116433r	por_un_lado
bn:00116437r	en_el_acto
bn:00116442r	una_vez vez vez_que
bn:00116445r	uno_a_uno uno_cada_vez
bn:00116447r	solamente sólo
bn:00116448r	aún sólo
bn:00116455r	abiertamente
bn:00116461r	ópticamente
bn:00116472r	originalmente
bn:00116477r	
bn:00116478r	
bn:00116493r	al_contado francamente
bn:00116495r	fuera
bn:00116498r	inusualmente muy notablemente
bn:00116501r	
bn:00116504r	aquí
bn:00116511r	demasiado en_demasía excesivamente
bn:00116529r	paradójicamente
bn:00116535r	parcialmente parte en_parte
bn:00116536r	particularmente peculiarmente
bn:00116538r	apasionadamente ardientemente
bn:00116543r	
bn:00116562r	perfectamente
bn:00116565r	esporádicamente periódicamente
bn:00116566r	
bn:00116575r	personalmente
bn:00116576r	personalmente
bn:00116583r	perversamente
bn:00116605r	
bn:00116623r	sencillamente simplemente claramente
bn:00116647r	pomposamente
bn:00116655r	positivamente
bn:00116668r	prácticamente practicamente
bn:00116681r	preferentemente preferiblemente
bn:00116692r	presumiblemente
bn:00116697r	
bn:00116701r	
bn:00116705r	proporcionadamente proporcional proporcionalmente
bn:00116719r	rápidamente pronto rápido
bn:00116720r	fácilmente prontamente pronto puntualmente rápidamente
bn:00116722r	de_hecho más_preciamente
bn:00116724r	proporcionalmente
bn:00116730r	fieramente orgullosamente
bn:00116752r	estrictamente puramente
bn:00116768r	blandamente suavemente voz_baja
bn:00116769r	silencio voz_baja
bn:00116771r	bastante
bn:00116772r	bastante mucha mucho muy considerablemente
bn:00116773r	
bn:00116787r	rara_vez poco_frecuentemente raramente
bn:00116789r	muy
bn:00116794r	fácilmente
bn:00116795r	realista
bn:00116797r	prudentemente razonablemente sanamente sensatamente
bn:00116807r	
bn:00116817r	
bn:00116819r	espiritualmente religiosamente sagradamente
bn:00116826r	repetidamente perennemente recurrentemente reiteradamente repetidas_ocasiones
bn:00116831r	
bn:00116843r	respectivamente
bn:00116860r	justo
bn:00116861r	justo
bn:00116862r	bien
bn:00116864r	
bn:00116866r	
bn:00116869r	rigurosamente
bn:00116883r	
bn:00116892r	desgraciadamente lamentablemente tristemente con_tristeza
bn:00116894r	seguramente sin_incidentes
bn:00116895r	sabiamente avivadamente sensatamente
bn:00116908r	
bn:00116910r	científicamente
bn:00116918r	en_segundo_lugar segundamente segundo_lugar
bn:00116948r	severamente
bn:00116949r	sexualmente en_términos_sexuales
bn:00116986r	significativamente significantemente
bn:00116989r	simplemente
bn:00116990r	sinceramente auténticamente ciertamente genuinamente legítimamente sin_pretensiones verdaderamente
bn:00117043r	tan tanto
bn:00117044r	así para
bn:00117045r	
bn:00117048r	así
bn:00117066r	algún_día
bn:00117067r	de_algún_modo alguna_manera
bn:00117068r	en_alguna_parte en_algún_lugar algún_lugar
bn:00117069r	algún_momento
bn:00117070r	a_veces algunas_veces veces
bn:00117073r	
bn:00117086r	hacia_el_sur
bn:00117091r	
bn:00117094r	específicamente concretamente
bn:00117096r	espectacularmente
bn:00117098r	especulativamente
bn:00117106r	espontáneamente
bn:00117118r	
bn:00117137r	rígidamente con_frialdad
bn:00117138r	todavía
bn:00117139r	estáticamente
bn:00117146r	
bn:00117156r	dramáticamente llamativamente sorprendentemente
bn:00117157r	fuertemente enérgicamente
bn:00117158r	estructuralmente
bn:00117159r	
bn:00117172r	exitosamente satisfactoriamente éxito
bn:00117173r	tan
bn:00117174r	suficientemente
bn:00117190r	sorprendentemente asombrosamente
bn:00117191r	sospechosamente
bn:00117199r	compasivamente comprensivamente simpáticamente
bn:00117205r	
bn:00117222r	técnicamente
bn:00117226r	
bn:00117233r	temporalmente temporariamente
bn:00117238r	
bn:00117250r	entonces
bn:00117251r	entonces
bn:00117252r	desde_ahí
bn:00117254r	
bn:00117260r	hacia_allá por_allí
bn:00117263r	así de_ese_modo
bn:00117267r	a_eso con_ello
bn:00117270r	con_ello con_eso
bn:00117283r	
bn:00117286r	de_noche esta_tarde esta_noche
bn:00117287r	aun_así aunque no_obstante pese sin_embargo
bn:00117292r	mil_veces
bn:00117293r	por_tres tres_veces por_triplicado
bn:00117297r	
bn:00117303r	
bn:00117308r	con_cansancio con_poca_energía cansadamente
bn:00117315r	hoy
bn:00117317r	junto mutuamente juntas juntos
bn:00117318r	junto juntas juntos
bn:00117319r	junto juntos
bn:00117320r	juntos junto juntas
bn:00117321r	conjuntamente en_colaboración juntos
bn:00117323r	mañana
bn:00117347r	
bn:00117358r	dos_veces
bn:00117359r	
bn:00117361r	típicamente
bn:00117371r	exclusivamente inequívocamente singularmente únicamente
bn:00117384r	
bn:00117428r	comprensivamente
bn:00117452r	pausadamente
bn:00117454r	uniformemente
bn:00117457r	impecablemente incuestionablemente
bn:00117478r	
bn:00117488r	incompetentemente
bn:00117522r	hacia_arriba
bn:00117528r	
bn:00117529r	
bn:00117535r	río_arriba
bn:00117536r	al_revés de_cabeza
bn:00117559r	muy
bn:00117562r	victoriosamente
bn:00117565r	violentamente
bn:00117566r	virtualmente
bn:00117570r	visiblemente a_ojos_vistas
bn:00117573r	
bn:00117578r	
bn:00117579r	
bn:00117602r	
bn:00117603r	bien totalmente completamente
bn:00117604r	muy bien muy_por
bn:00117605r	
bn:00117622r	
bn:00117625r	ampliamente largamente extensamente comúnmente frecuentemente generalmente
bn:00117628r	salvajemente
bn:00117654r	todavía
