bn:00000005n	ace
bn:00000005n	一
bn:00000005n	一个
bn:00000005n	之一
bn:00000005n	幺点
bn:00000005n	王牌
bn:00000008n	十
bn:00000009n	成百上千
bn:00000009n	数百
bn:00000010n	数千
bn:00000011n	一万
bn:00000013n	数百万
bn:00000020n	几十
bn:00000020n	十二
bn:00000020n	打
bn:00000023n	十三
bn:00000024n	十四
bn:00000027n	十五
bn:00000051n	九十年代
bn:00000052n	十九
bn:00000054n	二十年代
bn:00000057n	五十年代
bn:00000075n	两
bn:00000075n	二
bn:00000075n	俩
bn:00000079n	20
bn:00000079n	二十
bn:00000081n	21
bn:00000082n	二十二
bn:00000084n	二十三
bn:00000085n	24
bn:00000086n	天
bn:00000086n	小时
bn:00000086n	日子
bn:00000092n	二十八
bn:00000100n	三
bn:00000104n	三十
bn:00000111n	四
bn:00000119n	五
bn:00000125n	六
bn:00000127n	小时
bn:00000127n	时间
bn:00000129n	七
bn:00000138n	九
bn:00000145n	安培
bn:00000149n	原子弹
bn:00000213n	抛弃
bn:00000213n	背叛
bn:00000216n	屈辱
bn:00000249n	肚子
bn:00000249n	腹部
bn:00000266n	绑匪
bn:00000266n	绑架者
bn:00000291n	扭曲
bn:00000301n	居住
bn:00000317n	能力
bn:00000318n	力量
bn:00000318n	能力
bn:00000329n	断奶
bn:00000355n	住宅
bn:00000355n	住所
bn:00000355n	居住
bn:00000355n	居所
bn:00000356n	住宅
bn:00000356n	地方
bn:00000356n	家
bn:00000356n	家庭
bn:00000356n	家里
bn:00000356n	房屋
bn:00000360n	废奴主义者
bn:00000367n	原住民
bn:00000367n	土著
bn:00000367n	当地人
bn:00000367n	本地人
bn:00000372n	堕胎
bn:00000372n	流产
bn:00000388n	亚伯拉罕·林肯
bn:00000388n	林肯
bn:00000397n	净化
bn:00000404n	雪球
bn:00000418n	脓肿
bn:00000434n	缺勤率
bn:00000440n	绝对
bn:00000443n	频率
bn:00000445n	多数
bn:00000445n	大多数
bn:00000458n	专制
bn:00000459n	专政
bn:00000459n	暴政
bn:00000459n	独裁
bn:00000471n	吸收
bn:00000472n	吸收
bn:00000488n	抽象
bn:00000489n	轮廓
bn:00000494n	推理
bn:00000498n	概括
bn:00000499n	抽象
bn:00000505n	荒谬
bn:00000520n	虐待
bn:00000534n	深渊
bn:00000551n	学者
bn:00000554n	学位
bn:00000558n	课程
bn:00000561n	会期
bn:00000561n	会议
bn:00000561n	会话
bn:00000561n	学期
bn:00000562n	学年
bn:00000567n	学院
bn:00000568n	学院
bn:00000628n	加速度
bn:00000629n	加速
bn:00000630n	加速度
bn:00000632n	油门
bn:00000633n	油门
bn:00000638n	口音
bn:00000639n	强调
bn:00000639n	重点
bn:00000640n	习语
bn:00000640n	方言
bn:00000641n	压力
bn:00000641n	强调
bn:00000641n	重读
bn:00000641n	重音
bn:00000643n	强调
bn:00000648n	接受
bn:00000650n	接受
bn:00000670n	可用性
bn:00000677n	配件
bn:00000678n	补充
bn:00000678n	补剂
bn:00000678n	配件
bn:00000690n	事故
bn:00000690n	意外
bn:00000691n	意外
bn:00000694n	伤害
bn:00000704n	奖
bn:00000704n	奖项
bn:00000704n	荣耀
bn:00000704n	荣誉
bn:00000706n	调整
bn:00000717n	伴奏
bn:00000717n	支持
bn:00000722n	同谋
bn:00000724n	成就
bn:00000724n	成绩
bn:00000725n	技巧
bn:00000725n	技能
bn:00000725n	技艺
bn:00000726n	协议
bn:00000728n	协议
bn:00000728n	条约
bn:00000738n	历史
bn:00000738n	叙述
bn:00000738n	报告
bn:00000738n	故事
bn:00000739n	份
bn:00000739n	叙述
bn:00000739n	报告
bn:00000739n	故事
bn:00000741n	帐户
bn:00000741n	解释
bn:00000741n	说明
bn:00000745n	报告
bn:00000745n	报道
bn:00000746n	账单
bn:00000752n	会计
bn:00000753n	会计师
bn:00000753n	控制者
bn:00000756n	会计
bn:00000759n	条目
bn:00000766n	积累
bn:00000772n	积累
bn:00000775n	文化
bn:00000782n	准确性
bn:00000782n	真理
bn:00000782n	真相
bn:00000782n	精确度
bn:00000783n	精确度
bn:00000784n	指控
bn:00000790n	天才
bn:00000790n	奇才
bn:00000790n	明星
bn:00000790n	王牌
bn:00000798n	黑桃A
bn:00000843n	丙酮
bn:00000845n	酮病
bn:00000845n	酮症
bn:00000855n	阿司匹林
bn:00000859n	酸痛
bn:00000870n	成功
bn:00000870n	成功者
bn:00000902n	酸
bn:00000918n	酸性
bn:00000937n	承认
bn:00000937n	认可
bn:00000937n	认识
bn:00000939n	参考
bn:00000939n	报价
bn:00000942n	身高
bn:00000942n	顶点
bn:00000942n	顶端
bn:00000942n	高度
bn:00000986n	声波
bn:00000990n	熟悉
bn:00000993n	默认
bn:00000994n	同意
bn:00000994n	赞同
bn:00000994n	默许
bn:00001005n	并购
bn:00001005n	收购
bn:00001007n	学习
bn:00001014n	英亩
bn:00001019n	土地
bn:00001019n	英亩
bn:00001035n	杂技
bn:00001076n	法案
bn:00001076n	行动
bn:00001077n	行为
bn:00001078n	幕
bn:00001079n	套路
bn:00001079n	节目
bn:00001079n	表演
bn:00001127n	举动
bn:00001127n	作用
bn:00001127n	动作
bn:00001127n	行为
bn:00001127n	行动
bn:00001128n	作用
bn:00001128n	动作
bn:00001128n	活动
bn:00001128n	活性
bn:00001128n	行动
bn:00001129n	动作
bn:00001129n	行为
bn:00001129n	行动
bn:00001130n	作用
bn:00001131n	行动
bn:00001132n	行动
bn:00001134n	行动
bn:00001155n	活性
bn:00001170n	激进主义
bn:00001172n	活动
bn:00001172n	活性
bn:00001173n	活动
bn:00001173n	活性
bn:00001176n	演员
bn:00001181n	演员
bn:00001187n	领悟
bn:00001188n	现实
bn:00001208n	小儿麻痹症
bn:00001227n	广告
bn:00001236n	谚语
bn:00001242n	亚当
bn:00001266n	版本
bn:00001279n	增刊
bn:00001279n	补充
bn:00001294n	增加
bn:00001294n	提高
bn:00001294n	收益
bn:00001299n	添加剂
bn:00001302n	地址
bn:00001303n	地址
bn:00001304n	演讲
bn:00001304n	演说
bn:00001304n	讲话
bn:00001339n	腺瘤
bn:00001362n	信徒
bn:00001362n	弟子
bn:00001366n	粘合剂
bn:00001386n	肥肉
bn:00001395n	形容词
bn:00001396n	形容词
bn:00001400n	裁决
bn:00001402n	附属
bn:00001410n	修改
bn:00001410n	调整
bn:00001411n	调整
bn:00001413n	助手
bn:00001422n	处置
bn:00001422n	管理
bn:00001423n	管理
bn:00001423n	组织
bn:00001423n	行政
bn:00001426n	政府
bn:00001434n	官员
bn:00001434n	管理员
bn:00001435n	管理人
bn:00001435n	管理员
bn:00001453n	钦佩
bn:00001455n	欣赏
bn:00001456n	主角
bn:00001456n	崇拜者
bn:00001456n	支持者
bn:00001466n	混合
bn:00001469n	警告
bn:00001469n	预警
bn:00001478n	青春期
bn:00001480n	青少年
bn:00001482n	希特勒
bn:00001488n	阿多尼斯
bn:00001525n	大人
bn:00001525n	成人
bn:00001525n	成年人
bn:00001526n	成虫
bn:00001530n	女人
bn:00001530n	女子
bn:00001530n	女性
bn:00001530n	妇女
bn:00001533n	人
bn:00001533n	人类
bn:00001533n	男人
bn:00001533n	男士
bn:00001541n	通奸者
bn:00001544n	成熟
bn:00001544n	成熟期
bn:00001548n	进展
bn:00001549n	改善
bn:00001549n	改进
bn:00001549n	进展
bn:00001551n	进展
bn:00001551n	进步
bn:00001557n	进展
bn:00001557n	进步
bn:00001559n	优势
bn:00001559n	优点
bn:00001559n	利益
bn:00001572n	冒险
bn:00001572n	探险
bn:00001574n	冒险者
bn:00001575n	探险家
bn:00001575n	探险者
bn:00001579n	副词
bn:00001582n	反对者
bn:00001582n	对手
bn:00001586n	逆境
bn:00001589n	广告
bn:00001592n	建议
bn:00001592n	忠告
bn:00001598n	顾问
bn:00001603n	倡导者
bn:00001617n	爱琴海
bn:00001619n	爱琴海
bn:00001627n	支持
bn:00001657n	曝气
bn:00001659n	曝气器
bn:00001660n	空中
bn:00001661n	天线
bn:00001676n	机场
bn:00001697n	飞机
bn:00001698n	气溶胶
bn:00001704n	埃斯库罗斯
bn:00001713n	情感
bn:00001713n	感性
bn:00001714n	感受
bn:00001714n	感觉
bn:00001716n	美学
bn:00001734n	东西
bn:00001734n	事
bn:00001734n	事件
bn:00001734n	事务
bn:00001734n	事情
bn:00001734n	事物
bn:00001734n	事项
bn:00001734n	件
bn:00001734n	物质
bn:00001736n	事件
bn:00001736n	事务
bn:00001736n	事情
bn:00001736n	场合
bn:00001738n	事务
bn:00001744n	喜爱
bn:00001744n	情感
bn:00001744n	感情
bn:00001744n	爱
bn:00001752n	宣誓
bn:00001755n	关系
bn:00001755n	纽带
bn:00001756n	联系
bn:00001760n	亲和力
bn:00001763n	关系
bn:00001785n	富裕
bn:00001789n	争吵
bn:00001793n	恐怖
bn:00001793n	恐慌
bn:00001796n	阿富汗
bn:00001816n	非洲
bn:00001861n	船尾
bn:00001867n	后果
bn:00001874n	后果
bn:00001875n	下午
bn:00001875n	午后
bn:00001876n	下午
bn:00001880n	甜点
bn:00001887n	银制
bn:00001918n	玛瑙
bn:00001936n	年代
bn:00001936n	年龄
bn:00001936n	衰老
bn:00001937n	时代
bn:00001938n	年纪
bn:00001939n	年
bn:00001940n	岁月
bn:00001940n	年
bn:00001940n	年龄
bn:00001940n	老年
bn:00001942n	年龄段
bn:00001961n	办事处
bn:00001961n	办公室
bn:00001961n	当局
bn:00001961n	机构
bn:00001962n	代理
bn:00001962n	机构
bn:00001965n	办法
bn:00001965n	手段
bn:00001965n	收入
bn:00001965n	方式
bn:00001965n	方法
bn:00001965n	途径
bn:00001967n	时间表
bn:00001967n	议程
bn:00001973n	代理人
bn:00001975n	代理人
bn:00001992n	土丘
bn:00001992n	堆
bn:00001997n	凝集
bn:00002000n	凝集素
bn:00002005n	挑衅
bn:00002006n	加重
bn:00002008n	总和
bn:00002008n	总数
bn:00002008n	总量
bn:00002008n	总额
bn:00002014n	侵略
bn:00002016n	侵略
bn:00002019n	攻击性
bn:00002021n	侵略者
bn:00002021n	攻击者
bn:00002021n	袭击者
bn:00002030n	发酵
bn:00002032n	激动
bn:00002036n	Ancistrodon
bn:00002059n	怀疑论
bn:00002071n	折磨
bn:00002072n	痛苦
bn:00002072n	苦难
bn:00002086n	协议
bn:00002086n	理解
bn:00002087n	一致
bn:00002087n	协议
bn:00002088n	协议
bn:00002088n	安排
bn:00002091n	农业
bn:00002096n	农业
bn:00002097n	农业部
bn:00002132n	鳄梨
bn:00002154n	援助
bn:00002155n	协助
bn:00002155n	帮助
bn:00002155n	援助
bn:00002156n	外援
bn:00002156n	帮助
bn:00002156n	援助
bn:00002157n	关怀
bn:00002157n	关注
bn:00002171n	疾病
bn:00002178n	意图
bn:00002178n	效果
bn:00002178n	用途
bn:00002178n	目标
bn:00002178n	目的
bn:00002179n	目标
bn:00002179n	目的
bn:00002180n	目标
bn:00002181n	方向
bn:00002185n	空气
bn:00002186n	空气
bn:00002187n	态度
bn:00002188n	微风
bn:00002188n	空气
bn:00002189n	大气
bn:00002189n	大气层
bn:00002191n	旋律
bn:00002191n	曲调
bn:00002191n	调子
bn:00002195n	防空洞
bn:00002208n	沉思
bn:00002209n	肺泡
bn:00002216n	风
bn:00002216n	风声
bn:00002220n	防空
bn:00002223n	气流
bn:00002224n	空军
bn:00002237n	女主人
bn:00002246n	英里
bn:00002250n	航空
bn:00002275n	飞机
bn:00002276n	航空母舰
bn:00002287n	机身
bn:00002293n	传播
bn:00002295n	通风
bn:00002306n	飞行员
bn:00002312n	空速
bn:00002315n	条
bn:00002316n	呼吸道
bn:00002320n	过道
bn:00002335n	阿拉斯加
bn:00002335n	阿拉斯加州
bn:00002356n	阿拉巴马州
bn:00002362n	伊拉克
bn:00002366n	摩洛哥
bn:00002411n	警报
bn:00002444n	奥尔巴尼
bn:00002488n	专辑
bn:00002489n	相册
bn:00002490n	白蛋白
bn:00002519n	酒
bn:00002519n	酒精
bn:00002544n	市议员
bn:00002590n	警觉
bn:00002671n	藻类
bn:00002715n	借口
bn:00002715n	理由
bn:00002725n	外国
bn:00002725n	外国人
bn:00002726n	陌生人
bn:00002730n	异化
bn:00002740n	结盟
bn:00002744n	相似
bn:00002749n	饲养
bn:00002761n	性命
bn:00002761n	生命
bn:00002761n	生活
bn:00002771n	碱
bn:00002813n	指控
bn:00002819n	忠诚
bn:00002822n	寓言
bn:00002851n	小巷
bn:00002860n	纽带
bn:00002869n	鳄鱼
bn:00002870n	鳄鱼
bn:00002910n	分配
bn:00002910n	拨款
bn:00002911n	分配
bn:00002931n	津贴
bn:00002931n	零花钱
bn:00002932n	津贴
bn:00002952n	沉降
bn:00002954n	洪水
bn:00002955n	盟友
bn:00002956n	朋友
bn:00002966n	上帝
bn:00002966n	主
bn:00002966n	创造者
bn:00002966n	造物主
bn:00003000n	芦荟
bn:00003002n	夏威夷
bn:00003005n	冷漠
bn:00003005n	距离
bn:00003057n	字母
bn:00003101n	失败者
bn:00003111n	高程
bn:00003125n	变化
bn:00003125n	变更
bn:00003125n	改变
bn:00003126n	修正
bn:00003132n	选择
bn:00003132n	选项
bn:00003138n	蜀葵
bn:00003142n	海拔
bn:00003142n	高度
bn:00003158n	利他主义
bn:00003159n	慈善家
bn:00003164n	毕业生
bn:00003171n	铝箔
bn:00003179n	肺泡床
bn:00003200n	女仆
bn:00003200n	女佣
bn:00003203n	合并
bn:00003232n	业余者
bn:00003232n	爱好者
bn:00003251n	大使
bn:00003255n	琥珀色
bn:00003255n	金色
bn:00003263n	气氛
bn:00003263n	氛围
bn:00003266n	歧义
bn:00003268n	空间
bn:00003268n	范围
bn:00003268n	规模
bn:00003268n	距离
bn:00003269n	抱负
bn:00003269n	梦想
bn:00003269n	野心
bn:00003281n	讲台
bn:00003281n	讲坛
bn:00003295n	救护车
bn:00003300n	伏击
bn:00003300n	埋伏
bn:00003331n	修正
bn:00003331n	修正案
bn:00003331n	修订
bn:00003332n	修正案
bn:00003333n	补偿
bn:00003341n	美利坚合众国
bn:00003341n	美国
bn:00003343n	美国
bn:00003343n	美国人
bn:00003365n	华盛顿
bn:00003418n	印度人
bn:00003418n	印第安
bn:00003418n	印第安人
bn:00003504n	紫晶蟒
bn:00003524n	氨基酸
bn:00003543n	弹药
bn:00003601n	总额
bn:00003601n	数量
bn:00003601n	数额
bn:00003601n	金额
bn:00003602n	多少
bn:00003602n	数量
bn:00003602n	量
bn:00003603n	数量
bn:00003603n	程度
bn:00003603n	量
bn:00003604n	总和
bn:00003604n	总数
bn:00003604n	总额
bn:00003605n	虚荣心
bn:00003607n	分钟
bn:00003664n	增益
bn:00003666n	放大器
bn:00003667n	幅度
bn:00003667n	波幅
bn:00003686n	阿姆斯特丹
bn:00003693n	娱乐
bn:00003742n	水蟒
bn:00003750n	贫血
bn:00003787n	类比
bn:00003793n	分析
bn:00003794n	分析
bn:00003795n	分析
bn:00003801n	分析家
bn:00003801n	分析师
bn:00003801n	分析者
bn:00003808n	解析性
bn:00003810n	回忆
bn:00003810n	记忆
bn:00003839n	无政府主义者
bn:00003864n	吻合
bn:00003875n	小亚细亚
bn:00003877n	解剖
bn:00003879n	结构
bn:00003881n	解剖学
bn:00003882n	人体
bn:00003882n	人物
bn:00003882n	形体
bn:00003882n	形式
bn:00003882n	形状
bn:00003882n	形象
bn:00003882n	肉
bn:00003882n	肉体
bn:00003882n	身影
bn:00003882n	身材
bn:00003890n	祖先
bn:00003893n	祖先
bn:00003893n	血统
bn:00003896n	支柱
bn:00003978n	矿蜂
bn:00004021n	轶事
bn:00004021n	逸事
bn:00004063n	天使
bn:00004064n	圣人
bn:00004064n	圣徒
bn:00004085n	愤怒
bn:00004117n	角度
bn:00004117n	角落
bn:00004118n	角度
bn:00004139n	英国
bn:00004147n	英美
bn:00004157n	亲英
bn:00004175n	焦虑
bn:00004188n	折磨
bn:00004188n	痛苦
bn:00004189n	痛苦
bn:00004221n	责难
bn:00004222n	创造物
bn:00004222n	动物
bn:00004222n	生物
bn:00004222n	野兽
bn:00004230n	脚
bn:00004257n	生物
bn:00004273n	敌意
bn:00004275n	阴离子
bn:00004293n	脚踝
bn:00004336n	消灭
bn:00004339n	周年
bn:00004352n	公告
bn:00004352n	声明
bn:00004353n	公告
bn:00004356n	恼怒
bn:00004356n	烦恼
bn:00004388n	阳极
bn:00004415n	匿名
bn:00004451n	反应
bn:00004451n	回复
bn:00004451n	回答
bn:00004451n	答案
bn:00004452n	答案
bn:00004452n	结果
bn:00004452n	解决
bn:00004453n	回答
bn:00004453n	答复
bn:00004453n	答案
bn:00004458n	蚂蚁
bn:00004493n	前厅
bn:00004493n	大厅
bn:00004493n	大堂
bn:00004493n	走廊
bn:00004493n	门厅
bn:00004498n	羚羊
bn:00004500n	触角
bn:00004501n	触角
bn:00004527n	赞美诗
bn:00004545n	开花
bn:00004547n	蚁丘
bn:00004583n	人类学家
bn:00004584n	人类学
bn:00004611n	反犹
bn:00004611n	反犹分子
bn:00004612n	反犹主义
bn:00004622n	镇静剂
bn:00004629n	抗体
bn:00004630n	玩笑
bn:00004636n	预期
bn:00004637n	预期
bn:00004638n	预料
bn:00004638n	预测
bn:00004639n	预期
bn:00004665n	抗原
bn:00004710n	反感
bn:00004732n	古代
bn:00004742n	抗血清
bn:00004795n	蛤蟆
bn:00004795n	蟾蜍
bn:00004795n	青蛙
bn:00004798n	铁砧
bn:00004801n	焦虑
bn:00004802n	焦虑
bn:00004814n	主动脉
bn:00004836n	公寓
bn:00004837n	公寓楼
bn:00004840n	冷漠
bn:00004857n	光圈
bn:00004906n	蜜蜂
bn:00004945n	顶点
bn:00004958n	自辩
bn:00004959n	辩护者
bn:00004971n	中风
bn:00004989n	盎司
bn:00004992n	药房
bn:00004993n	药店
bn:00004993n	药房
bn:00004995n	圣人
bn:00004995n	理想
bn:00005004n	仪器
bn:00005004n	器官
bn:00005004n	器械
bn:00005004n	装置
bn:00005004n	设备
bn:00005007n	服装
bn:00005007n	衣服
bn:00005007n	衣着
bn:00005011n	地平线
bn:00005012n	动作
bn:00005012n	运动
bn:00005013n	幽灵
bn:00005015n	阴影
bn:00005017n	呼吁
bn:00005017n	申诉
bn:00005017n	祈祷
bn:00005018n	吸引力
bn:00005018n	魅力
bn:00005019n	上诉
bn:00005023n	外观
bn:00005023n	外貌
bn:00005024n	出现
bn:00005027n	出现
bn:00005043n	附录
bn:00005047n	胃口
bn:00005047n	食欲
bn:00005053n	掌声
bn:00005054n	苹果
bn:00005076n	苹果树
bn:00005080n	苹果白兰地
bn:00005088n	装置
bn:00005090n	适用性
bn:00005091n	申请人
bn:00005091n	申请者
bn:00005092n	应用
bn:00005093n	申请
bn:00005100n	申请
bn:00005105n	工程
bn:00005105n	技术
bn:00005106n	工程
bn:00005106n	工程师
bn:00005110n	任命
bn:00005111n	约会
bn:00005120n	评估
bn:00005121n	估算
bn:00005125n	欣赏
bn:00005126n	品味
bn:00005126n	欣赏
bn:00005128n	增值
bn:00005129n	感激
bn:00005134n	了解
bn:00005134n	理解
bn:00005136n	逮捕
bn:00005137n	学徒
bn:00005138n	学徒制
bn:00005141n	态度
bn:00005141n	接近
bn:00005142n	临近
bn:00005142n	接近
bn:00005154n	拨款
bn:00005158n	批准
bn:00005158n	认可
bn:00005159n	认可
bn:00005164n	估算
bn:00005164n	估计
bn:00005164n	近似
bn:00005165n	近似
bn:00005169n	四月
bn:00005180n	围裙
bn:00005244n	阿肯色州
bn:00005255n	埃及
bn:00005266n	阿拉伯海
bn:00005361n	弧
bn:00005361n	放电
bn:00005361n	火花
bn:00005362n	弧
bn:00005362n	弧度
bn:00005362n	弧形
bn:00005362n	弧线
bn:00005380n	度
bn:00005385n	足弓
bn:00005390n	考古学家
bn:00005398n	天使长
bn:00005399n	大主教
bn:00005418n	原创
bn:00005435n	建筑师
bn:00005435n	设计师
bn:00005439n	计划
bn:00005439n	设计图
bn:00005449n	档案
bn:00005457n	大主教
bn:00005461n	北极
bn:00005465n	北极圈
bn:00005511n	火力
bn:00005511n	热情
bn:00005513n	一块
bn:00005513n	区域
bn:00005513n	国家
bn:00005513n	地区
bn:00005513n	地方
bn:00005513n	面积
bn:00005513n	领域
bn:00005514n	地区
bn:00005514n	范围
bn:00005514n	领域
bn:00005515n	区域
bn:00005515n	范围
bn:00005515n	领域
bn:00005516n	地区
bn:00005516n	球体
bn:00005516n	舞台
bn:00005516n	轨道
bn:00005516n	领域
bn:00005517n	区域
bn:00005517n	带
bn:00005518n	区域
bn:00005518n	面积
bn:00005532n	体育场
bn:00005597n	行话
bn:00005599n	争议
bn:00005599n	争论
bn:00005599n	论点
bn:00005599n	论证
bn:00005599n	辩论
bn:00005600n	参数
bn:00005600n	声明
bn:00005600n	论点
bn:00005600n	论证
bn:00005600n	陈述
bn:00005601n	论点
bn:00005601n	辩论
bn:00005602n	争论
bn:00005605n	台词
bn:00005605n	路线
bn:00005659n	贵族
bn:00005660n	贵族
bn:00005674n	亚里士多德
bn:00005676n	算术
bn:00005684n	亚利桑那州
bn:00005702n	双臂
bn:00005702n	手臂
bn:00005702n	胳膊
bn:00005702n	臂
bn:00005704n	武器
bn:00005706n	分店
bn:00005706n	分支
bn:00005707n	袖子
bn:00005717n	犰狳
bn:00005721n	武器
bn:00005729n	扶手椅
bn:00005732n	军事
bn:00005732n	武装
bn:00005732n	部队
bn:00005737n	服务
bn:00005769n	盔甲
bn:00005778n	坦克
bn:00005791n	腋下
bn:00005793n	武器
bn:00005803n	军队
bn:00005803n	大军
bn:00005803n	常备军
bn:00005803n	正规军
bn:00005803n	陆军
bn:00005810n	兵团
bn:00005810n	军团
bn:00005813n	小屋
bn:00005813n	棚屋
bn:00005845n	气味
bn:00005845n	气息
bn:00005846n	香味
bn:00005846n	香水
bn:00005851n	伏尔泰
bn:00005862n	安排
bn:00005863n	体系
bn:00005863n	制度
bn:00005863n	安排
bn:00005863n	系统
bn:00005863n	组织
bn:00005863n	结构
bn:00005864n	布置
bn:00005864n	放置
bn:00005865n	编曲
bn:00005867n	组织者
bn:00005885n	到来
bn:00005885n	到达
bn:00005893n	骄傲
bn:00005896n	箭
bn:00005896n	箭头
bn:00005913n	尾巴
bn:00005913n	屁股
bn:00005913n	座位
bn:00005913n	座椅
bn:00005926n	艺术
bn:00005927n	艺术
bn:00005928n	艺术
bn:00005928n	艺术性
bn:00005929n	艺术
bn:00005978n	动脉
bn:00006002n	冠状动脉
bn:00006042n	肺动脉
bn:00006073n	关节炎
bn:00006121n	文章
bn:00006121n	本文
bn:00006122n	物品
bn:00006123n	条
bn:00006123n	条款
bn:00006125n	服装
bn:00006125n	衣服
bn:00006125n	衣物
bn:00006128n	信仰
bn:00006128n	信念
bn:00006129n	家具
bn:00006137n	关节
bn:00006139n	肘
bn:00006139n	肘部
bn:00006140n	膝
bn:00006140n	膝盖
bn:00006143n	手腕
bn:00006148n	发音
bn:00006150n	发言权
bn:00006150n	声音
bn:00006156n	发明家
bn:00006157n	工匠
bn:00006165n	人工湖
bn:00006165n	水库
bn:00006169n	卫星
bn:00006172n	火炮
bn:00006174n	武器
bn:00006175n	炮火
bn:00006178n	炮手
bn:00006182n	艺术家
bn:00006188n	天真无邪
bn:00006188n	无罪
bn:00006248n	控制
bn:00006248n	控制权
bn:00006248n	统治
bn:00006253n	上升
bn:00006295n	维生素C
bn:00006301n	声呐
bn:00006301n	声纳
bn:00006305n	骨灰
bn:00006308n	垃圾桶
bn:00006329n	亚洲
bn:00006344n	水牛
bn:00006362n	要求
bn:00006362n	请求
bn:00006382n	方面
bn:00006383n	方面
bn:00006383n	面貌
bn:00006384n	场景
bn:00006384n	外观
bn:00006384n	方面
bn:00006384n	景色
bn:00006384n	景象
bn:00006386n	模样
bn:00006386n	目光
bn:00006386n	神情
bn:00006386n	脸
bn:00006386n	表情
bn:00006399n	艰辛
bn:00006408n	沥青
bn:00006428n	愿望
bn:00006461n	凶手
bn:00006461n	刺客
bn:00006466n	攻击
bn:00006473n	化验
bn:00006473n	检查
bn:00006479n	聚会
bn:00006481n	聚会
bn:00006484n	组件
bn:00006491n	装配线
bn:00006496n	断言
bn:00006497n	自信
bn:00006502n	判断
bn:00006502n	评价
bn:00006504n	资产
bn:00006506n	家伙
bn:00006506n	杂种
bn:00006506n	混蛋
bn:00006512n	分配
bn:00006513n	任务
bn:00006514n	转让
bn:00006522n	帮助
bn:00006523n	助手
bn:00006523n	助理
bn:00006523n	帮手
bn:00006532n	同伴
bn:00006532n	同袍
bn:00006532n	战友
bn:00006536n	副教授
bn:00006539n	协会
bn:00006540n	交往
bn:00006540n	协会
bn:00006541n	关联
bn:00006542n	关联
bn:00006542n	联系
bn:00006554n	变化
bn:00006554n	混合物
bn:00006554n	种类
bn:00006555n	分类
bn:00006558n	前提
bn:00006565n	信心
bn:00006565n	权威
bn:00006565n	权威性
bn:00006565n	自信心
bn:00006567n	保证
bn:00006570n	亚述语
bn:00006573n	亚述学
bn:00006605n	星号
bn:00006663n	天文学
bn:00006701n	宁静
bn:00006717n	阿萨巴斯卡语
bn:00006726n	无神论者
bn:00006734n	雅典
bn:00006747n	运动员
bn:00006752n	场
bn:00006752n	场地
bn:00006752n	战场
bn:00006752n	球场
bn:00006752n	田野
bn:00006759n	运动
bn:00006771n	亚特兰大
bn:00006772n	亚特兰大
bn:00006773n	大西洋
bn:00006803n	大气
bn:00006803n	大气压
bn:00006806n	大气
bn:00006806n	空气
bn:00006807n	大气层
bn:00006808n	天气
bn:00006814n	原子
bn:00006815n	粒子
bn:00006815n	颗粒
bn:00006823n	氢
bn:00006835n	钠
bn:00006845n	磷
bn:00006847n	氯
bn:00006847n	氯气
bn:00006849n	氦
bn:00006850n	钙
bn:00006854n	铬
bn:00006856n	铁
bn:00006858n	镍
bn:00006859n	铜
bn:00006861n	锌
bn:00006881n	锡制
bn:00006883n	碘
bn:00006890n	碳
bn:00006901n	氮
bn:00006901n	氮气
bn:00006910n	铂
bn:00006910n	铂金
bn:00006911n	黄金
bn:00006912n	氧
bn:00006912n	氧气
bn:00006913n	水银
bn:00006913n	汞
bn:00006915n	铅
bn:00006921n	氟
bn:00006939n	破碎
bn:00006941n	喷雾器
bn:00006979n	萎缩
bn:00006990n	附件
bn:00006994n	攻击
bn:00006994n	突进
bn:00006994n	袭击
bn:00006994n	进攻
bn:00006995n	进攻
bn:00006996n	攻击
bn:00006997n	尝试
bn:00006997n	攻击
bn:00007002n	战斗机
bn:00007011n	企图
bn:00007011n	努力
bn:00007011n	尝试
bn:00007017n	服务员
bn:00007019n	听众
bn:00007019n	听者
bn:00007020n	关注
bn:00007020n	注意
bn:00007020n	注意力
bn:00007021n	关注
bn:00007022n	关注
bn:00007023n	注意
bn:00007032n	证人
bn:00007037n	阁楼
bn:00007042n	阿提卡
bn:00007046n	衣服
bn:00007046n	装束
bn:00007047n	心态
bn:00007047n	态度
bn:00007048n	位置
bn:00007048n	姿势
bn:00007048n	姿态
bn:00007048n	态度
bn:00007049n	态度
bn:00007051n	律师
bn:00007061n	吸引力
bn:00007062n	吸引
bn:00007062n	吸引力
bn:00007063n	吸引力
bn:00007064n	吸引
bn:00007067n	属性
bn:00007067n	维度
bn:00007068n	属性
bn:00007078n	客栈
bn:00007078n	旅馆
bn:00007080n	茄子
bn:00007096n	听众
bn:00007096n	观众
bn:00007097n	受众
bn:00007097n	听众
bn:00007097n	观众
bn:00007098n	听证会
bn:00007099n	采访
bn:00007101n	声音
bn:00007101n	音响
bn:00007117n	审计
bn:00007124n	礼堂
bn:00007134n	声响
bn:00007134n	声音
bn:00007134n	音效
bn:00007140n	八月
bn:00007140n	八月份
bn:00007146n	无物
bn:00007146n	零
bn:00007146n	零点
bn:00007182n	姑妈
bn:00007184n	光环
bn:00007188n	日冕
bn:00007189n	金霉素
bn:00007190n	耳朵
bn:00007205n	黎明
bn:00007222n	奥斯丁
bn:00007222n	奥斯汀
bn:00007228n	澳大利亚
bn:00007269n	维也纳
bn:00007286n	真实性
bn:00007287n	作家
bn:00007287n	作者
bn:00007288n	作者
bn:00007288n	创作者
bn:00007288n	来源
bn:00007292n	授权
bn:00007293n	授权
bn:00007293n	效力
bn:00007293n	权
bn:00007293n	权力
bn:00007293n	权威
bn:00007294n	权力
bn:00007299n	当局
bn:00007299n	政府
bn:00007299n	政权
bn:00007300n	当局
bn:00007301n	权威
bn:00007306n	写作
bn:00007306n	构图
bn:00007309n	汽车
bn:00007309n	车
bn:00007312n	机械师
bn:00007329n	巴士
bn:00007335n	暴君
bn:00007366n	自动化
bn:00007389n	自由
bn:00007393n	尸检
bn:00007405n	副本
bn:00007406n	秋天
bn:00007406n	秋季
bn:00007427n	帮助
bn:00007434n	贪婪
bn:00007436n	化身
bn:00007447n	途径
bn:00007448n	林荫大道
bn:00007449n	平均
bn:00007449n	平均数
bn:00007449n	标准
bn:00007449n	规范
bn:00007454n	平庸
bn:00007481n	爱好
bn:00007496n	奖项
bn:00007496n	裁定
bn:00007497n	奖
bn:00007497n	奖金
bn:00007497n	奖项
bn:00007498n	意识
bn:00007498n	认知
bn:00007499n	意识
bn:00007502n	敬畏
bn:00007513n	遮阳篷
bn:00007517n	斧头
bn:00007528n	格言
bn:00007530n	轴
bn:00007533n	集团
bn:00007536n	轴
bn:00007594n	B
bn:00007600n	B-52
bn:00007630n	婴儿
bn:00007630n	宝宝
bn:00007645n	宝贝
bn:00007652n	托儿所
bn:00007675n	婴儿期
bn:00007699n	烟草
bn:00007727n	背部
bn:00007728n	后面
bn:00007729n	后面
bn:00007731n	脊柱
bn:00007731n	脊椎
bn:00007732n	封面
bn:00007744n	后门
bn:00007747n	后面
bn:00007767n	胆量
bn:00007767n	骨气
bn:00007770n	玩笑
bn:00007771n	背景
bn:00007781n	背景
bn:00007782n	地面
bn:00007782n	背景
bn:00007783n	背景
bn:00007784n	背景
bn:00007785n	背景
bn:00007786n	场合
bn:00007786n	环境
bn:00007786n	背景
bn:00007797n	支持
bn:00007797n	赞助
bn:00007803n	积压
bn:00007817n	小费
bn:00007828n	捕手
bn:00007828n	接球手
bn:00007846n	后院
bn:00007847n	培根
bn:00007854n	细菌
bn:00007881n	坏人
bn:00007884n	不幸
bn:00007886n	不幸
bn:00007894n	反派
bn:00007896n	徽章
bn:00007918n	巴芬岛
bn:00007922n	袋
bn:00007922n	袋子
bn:00007924n	垒
bn:00007924n	基地
bn:00007924n	袋子
bn:00007925n	手提包
bn:00007925n	钱包
bn:00007926n	袋
bn:00007927n	手提箱
bn:00007927n	行李箱
bn:00007940n	行李
bn:00007951n	妓院
bn:00007953n	风笛
bn:00007954n	吹笛者
bn:00007985n	主题
bn:00007985n	学科
bn:00007985n	研究
bn:00007985n	科目
bn:00007985n	纪律
bn:00007985n	课程
bn:00007985n	领域
bn:00008043n	平衡
bn:00008044n	余额
bn:00008044n	平衡
bn:00008047n	其余
bn:00008051n	对称
bn:00008051n	对称性
bn:00008052n	平衡
bn:00008092n	包
bn:00008097n	篝火
bn:00008100n	巴厘岛
bn:00008108n	威慑
bn:00008109n	椽子
bn:00008120n	球
bn:00008121n	子弹
bn:00008123n	舞会
bn:00008124n	睾丸
bn:00008125n	球
bn:00008127n	土块
bn:00008127n	块
bn:00008141n	俱乐部
bn:00008144n	球场
bn:00008153n	民谣
bn:00008154n	民谣
bn:00008165n	芭蕾
bn:00008165n	芭蕾舞
bn:00008165n	芭蕾舞剧
bn:00008166n	芭蕾
bn:00008187n	气球
bn:00008188n	气球
bn:00008197n	投票
bn:00008197n	选票
bn:00008198n	投票
bn:00008198n	选票
bn:00008203n	棒球场
bn:00008206n	舞厅
bn:00008213n	药膏
bn:00008243n	巴尔的摩
bn:00008247n	栏杆
bn:00008248n	巴尔扎克
bn:00008263n	禁令
bn:00008268n	香蕉
bn:00008279n	乐队
bn:00008279n	圈子
bn:00008280n	乐队
bn:00008283n	乐队
bn:00008314n	土匪
bn:00008314n	强盗
bn:00008321n	音乐台
bn:00008326n	带宽
bn:00008334n	刘海
bn:00008341n	爆竹
bn:00008341n	鞭炮
bn:00008361n	班卓琴
bn:00008363n	堤岸
bn:00008364n	银行
bn:00008374n	账户
bn:00008375n	账单
bn:00008375n	钞票
bn:00008378n	支票
bn:00008406n	银行家
bn:00008418n	破产
bn:00008419n	破产
bn:00008424n	旗帜
bn:00008433n	宴会
bn:00008462n	酒吧
bn:00008463n	酒吧
bn:00008465n	小节
bn:00008467n	预防
bn:00008532n	杠铃
bn:00008556n	莎士比亚
bn:00008568n	交易
bn:00008572n	商人
bn:00008572n	经销商
bn:00008574n	谈判
bn:00008576n	驳船
bn:00008594n	树皮
bn:00008605n	大麦
bn:00008614n	谷仓
bn:00008636n	气压
bn:00008674n	营房
bn:00008690n	枪管
bn:00008691n	桶
bn:00008692n	桶
bn:00008705n	荒原
bn:00008705n	荒地
bn:00008710n	路障
bn:00008710n	障碍物
bn:00008713n	屏障
bn:00008714n	障碍
bn:00008715n	屏障
bn:00008733n	双杠
bn:00008781n	基地
bn:00008782n	基
bn:00008782n	基础
bn:00008782n	底部
bn:00008783n	底部
bn:00008785n	基数
bn:00008786n	依据
bn:00008786n	基础
bn:00008787n	基座
bn:00008787n	底座
bn:00008787n	底部
bn:00008787n	支架
bn:00008787n	架子
bn:00008793n	干
bn:00008793n	根
bn:00008793n	词根
bn:00008798n	安打
bn:00008803n	跑者
bn:00008804n	棒球
bn:00008805n	棒球
bn:00008811n	内场
bn:00008813n	手套
bn:00008821n	基准
bn:00008824n	地下室
bn:00008824n	地窖
bn:00008864n	盆
bn:00008868n	脸盆
bn:00008870n	基础
bn:00008872n	篮子
bn:00008889n	篮球
bn:00008901n	篮球队
bn:00008911n	低音
bn:00008937n	摇篮
bn:00008947n	韧皮部
bn:00008970n	堡垒
bn:00008977n	蝙蝠
bn:00008984n	一批
bn:00008985n	大量
bn:00008985n	很多
bn:00008992n	浴缸
bn:00008995n	浴室
bn:00009004n	浴巾
bn:00009010n	游泳
bn:00009013n	泳衣
bn:00009019n	浴袍
bn:00009020n	厕所
bn:00009020n	洗手间
bn:00009046n	巴吞鲁日
bn:00009052n	打者
bn:00009064n	电池
bn:00009065n	电池
bn:00009070n	击球
bn:00009071n	打击率
bn:00009077n	阵容
bn:00009078n	交战
bn:00009078n	役
bn:00009078n	战争
bn:00009078n	战役
bn:00009078n	战斗
bn:00009078n	斗争
bn:00009079n	战
bn:00009079n	战斗
bn:00009079n	斗争
bn:00009080n	冲突
bn:00009080n	斗争
bn:00009081n	战斧
bn:00009085n	呐喊
bn:00009183n	战场
bn:00009184n	前线
bn:00009186n	斗士
bn:00009200n	巴伐利亚
bn:00009205n	妓女
bn:00009210n	哀号
bn:00009212n	海湾
bn:00009213n	港湾
bn:00009233n	马萨诸塞
bn:00009233n	马萨诸塞州
bn:00009248n	刺刀
bn:00009254n	集市
bn:00009263n	海滩
bn:00009267n	躺椅
bn:00009286n	灯塔
bn:00009291n	滴
bn:00009313n	波束
bn:00009314n	梁
bn:00009314n	横梁
bn:00009315n	波束
bn:00009316n	光束
bn:00009316n	光线
bn:00009322n	豆子
bn:00009334n	波士顿
bn:00009342n	熊
bn:00009361n	胡子
bn:00009361n	胡须
bn:00009379n	行为
bn:00009379n	风情
bn:00009380n	姿态
bn:00009394n	附近
bn:00009395n	心跳
bn:00009395n	脉冲
bn:00009396n	节奏
bn:00009396n	节拍
bn:00009400n	节奏
bn:00009423n	典范
bn:00009436n	美丽
bn:00009439n	美
bn:00009439n	美丽
bn:00009439n	美貌
bn:00009440n	美人
bn:00009449n	美术
bn:00009459n	俄勒冈
bn:00009459n	俄勒冈州
bn:00009472n	床
bn:00009472n	床位
bn:00009472n	床铺
bn:00009474n	河床
bn:00009477n	层
bn:00009485n	寝具
bn:00009485n	床上用品
bn:00009489n	花坛
bn:00009493n	床单
bn:00009493n	张
bn:00009495n	卧室
bn:00009503n	混沌
bn:00009517n	床头
bn:00009524n	蜂
bn:00009524n	蜜蜂
bn:00009536n	山毛榉
bn:00009543n	牛肉
bn:00009580n	蜂巢
bn:00009583n	蜂巢
bn:00009584n	犹他州
bn:00009586n	恶魔
bn:00009586n	路西法
bn:00009586n	魔鬼
bn:00009589n	啤酒
bn:00009591n	啤酒瓶
bn:00009598n	啤酒杯
bn:00009610n	甲虫
bn:00009616n	父亲
bn:00009616n	神父
bn:00009617n	乞丐
bn:00009630n	初学者
bn:00009631n	创始人
bn:00009632n	开头
bn:00009632n	开始
bn:00009632n	开端
bn:00009633n	开始
bn:00009633n	开端
bn:00009634n	开头
bn:00009634n	开始
bn:00009635n	开头
bn:00009635n	开始
bn:00009635n	来源
bn:00009635n	根源
bn:00009635n	水源
bn:00009635n	渊源
bn:00009635n	源头
bn:00009635n	起源
bn:00009636n	开始
bn:00009654n	行为
bn:00009655n	行为
bn:00009656n	行为
bn:00009663n	怪物
bn:00009664n	巨人
bn:00009668n	观察者
bn:00009676n	人
bn:00009676n	存在
bn:00009676n	生存
bn:00009676n	生活
bn:00009677n	存在
bn:00009677n	机体
bn:00009677n	生物
bn:00009677n	生物体
bn:00009681n	美声
bn:00009692n	嗝
bn:00009696n	包围
bn:00009702n	钟塔
bn:00009707n	刚果
bn:00009716n	信仰
bn:00009716n	信念
bn:00009717n	信念
bn:00009717n	印象
bn:00009717n	情感
bn:00009717n	情绪
bn:00009717n	想法
bn:00009717n	感觉
bn:00009717n	概念
bn:00009717n	观念
bn:00009719n	信徒
bn:00009720n	信徒
bn:00009727n	钟
bn:00009727n	铃
bn:00009771n	美女
bn:00009787n	咆哮
bn:00009800n	肚脐
bn:00009815n	物业
bn:00009815n	财产
bn:00009815n	财物
bn:00009819n	爱
bn:00009822n	带
bn:00009822n	皮带
bn:00009823n	皮带
bn:00009823n	腰带
bn:00009824n	地带
bn:00009850n	凳
bn:00009850n	长凳
bn:00009850n	长椅
bn:00009852n	司法
bn:00009852n	法官
bn:00009853n	工作台
bn:00009853n	长椅
bn:00009867n	拐弯处
bn:00009867n	转弯
bn:00009867n	转弯处
bn:00009870n	褶皱
bn:00009877n	曲线球
bn:00009902n	受益人
bn:00009904n	福利
bn:00009905n	利益
bn:00009905n	好处
bn:00009905n	益处
bn:00009905n	福利
bn:00009960n	本宁顿
bn:00009992n	遗产
bn:00009992n	遗赠
bn:00009999n	摇篮曲
bn:00010004n	冰山
bn:00010025n	柏林
bn:00010046n	伯尔尼
bn:00010066n	浆果
bn:00010073n	位
bn:00010073n	位置
bn:00010073n	地位
bn:00010073n	职位
bn:00010073n	职务
bn:00010075n	铺位
bn:00010086n	围攻者
bn:00010104n	畅销书
bn:00010110n	供体
bn:00010147n	愚蠢
bn:00010148n	背叛
bn:00010152n	订婚
bn:00010161n	伴侣
bn:00010161n	合伙人
bn:00010161n	配偶
bn:00010183n	酒
bn:00010183n	饮料
bn:00010203n	印度
bn:00010210n	偏见
bn:00010217n	圣经
bn:00010217n	经文
bn:00010224n	书目
bn:00010243n	争吵
bn:00010248n	自行车
bn:00010260n	请求
bn:00010270n	母鸡
bn:00010271n	小鸡
bn:00010310n	大人物
bn:00010373n	胆汁
bn:00010384n	血吸虫病
bn:00010390n	脾气
bn:00010392n	措施
bn:00010392n	法案
bn:00010392n	账单
bn:00010394n	传单
bn:00010395n	海报
bn:00010395n	通知
bn:00010406n	汇票
bn:00010407n	菜单
bn:00010411n	起诉书
bn:00010422n	便条
bn:00010422n	笔记
bn:00010429n	钱包
bn:00010469n	箱子
bn:00010489n	结合
bn:00010490n	镶边
bn:00010498n	狂欢
bn:00010504n	一
bn:00010504n	单打
bn:00010508n	望远镜
bn:00010514n	BW
bn:00010514n	生物战
bn:00010534n	传记
bn:00010534n	生平
bn:00010534n	生活
bn:00010534n	生活史
bn:00010543n	生物学
bn:00010548n	生物学家
bn:00010569n	活检
bn:00010605n	鸟
bn:00010605n	鸟儿
bn:00010605n	鸟类
bn:00010606n	鸟
bn:00010633n	猫头鹰
bn:00010651n	鸟舍
bn:00010659n	伯明翰
bn:00010660n	伯明翰
bn:00010663n	出生
bn:00010664n	出生
bn:00010671n	节育
bn:00010671n	避孕
bn:00010672n	避孕
bn:00010678n	生日
bn:00010679n	生日
bn:00010686n	出生地
bn:00010687n	产地
bn:00010687n	摇篮
bn:00010696n	饼干
bn:00010697n	曲奇
bn:00010697n	饼干
bn:00010706n	主教
bn:00010712n	圣父
bn:00010712n	教宗
bn:00010712n	教皇
bn:00010715n	主教
bn:00010728n	分钟
bn:00010728n	时刻
bn:00010728n	片刻
bn:00010728n	瞬间
bn:00010728n	秒
bn:00010728n	秒钟
bn:00010777n	结局
bn:00010788n	不满
bn:00010788n	怨恨
bn:00010805n	营地
bn:00010805n	野营
bn:00010807n	露营
bn:00010816n	黑色
bn:00010820n	黑人
bn:00010866n	黑体
bn:00010892n	黑眼圈
bn:00010894n	打击
bn:00010894n	挫折
bn:00010896n	黑旗
bn:00010920n	黑洞
bn:00010929n	石墨
bn:00010936n	黑人
bn:00010937n	马车
bn:00011008n	黑莓
bn:00011012n	黑板
bn:00011035n	勒索者
bn:00011095n	责备
bn:00011096n	责任
bn:00011110n	空格
bn:00011117n	位置
bn:00011119n	毛毯
bn:00011119n	毯子
bn:00011187n	大疱
bn:00011193n	出血
bn:00011197n	瑕疵
bn:00011224n	玛丽
bn:00011224n	玛利亚
bn:00011225n	恩惠
bn:00011241n	同事
bn:00011241n	家伙
bn:00011241n	小伙子
bn:00011246n	盲人
bn:00011248n	屏幕
bn:00011271n	失明
bn:00011276n	眨眼
bn:00011301n	暴风雪
bn:00011308n	块
bn:00011308n	方块
bn:00011308n	街区
bn:00011309n	街区
bn:00011312n	街区
bn:00011315n	滑轮
bn:00011322n	框图
bn:00011327n	封锁
bn:00011342n	金发
bn:00011346n	血
bn:00011346n	血液
bn:00011346n	鲜血
bn:00011383n	血浆
bn:00011386n	血压
bn:00011389n	血清
bn:00011392n	血流
bn:00011394n	输血
bn:00011396n	血管
bn:00011398n	猎犬
bn:00011412n	水蛭
bn:00011422n	花
bn:00011422n	花朵
bn:00011422n	鲜花
bn:00011425n	巅峰
bn:00011425n	高峰
bn:00011436n	污点
bn:00011442n	打击
bn:00011444n	冲击
bn:00011453n	蒲公英
bn:00011454n	鼓风机
bn:00011457n	河豚
bn:00011461n	通风管
bn:00011468n	爆炸
bn:00011477n	蓝色
bn:00011488n	蓝绿藻
bn:00011571n	蓝莓派
bn:00011581n	蓝鱼
bn:00011586n	肯塔基
bn:00011593n	方式
bn:00011593n	设计
bn:00011596n	布鲁斯
bn:00011602n	峭壁
bn:00011602n	悬崖
bn:00011621n	虚张声势
bn:00011628n	水手长
bn:00011633n	蟒蛇
bn:00011639n	木板
bn:00011639n	板
bn:00011639n	板子
bn:00011640n	木板
bn:00011640n	板子
bn:00011643n	餐桌
bn:00011644n	仪表盘
bn:00011651n	董事会
bn:00011653n	董事会
bn:00011663n	公寓
bn:00011674n	船
bn:00011674n	船只
bn:00011687n	草帽
bn:00011690n	划船
bn:00011716n	发夹
bn:00011737n	预感
bn:00011744n	尸体
bn:00011744n	肢体
bn:00011744n	身体
bn:00011744n	躯体
bn:00011745n	人
bn:00011745n	团体
bn:00011746n	尸体
bn:00011747n	物体
bn:00011747n	身体
bn:00011748n	身体
bn:00011748n	躯干
bn:00011749n	人
bn:00011755n	体格
bn:00011755n	身材
bn:00011766n	水
bn:00011766n	水位
bn:00011766n	水体
bn:00011766n	水域
bn:00011766n	水面
bn:00011779n	体重
bn:00011828n	锅炉
bn:00011829n	水壶
bn:00011849n	大胆
bn:00011853n	树干
bn:00011893n	布尔什维克
bn:00011897n	闪电
bn:00011917n	炸弹
bn:00011917n	轰炸
bn:00011933n	孟买
bn:00011936n	轰炸机
bn:00011943n	嗡嗡声
bn:00011953n	熊蜂
bn:00011963n	美食家
bn:00011968n	拿破仑
bn:00011973n	键
bn:00011974n	债券
bn:00011975n	束缚
bn:00011984n	奴隶制
bn:00011999n	骨头
bn:00011999n	骨骸
bn:00011999n	骨骼
bn:00012000n	骨头
bn:00012000n	骨骼
bn:00012001n	牙
bn:00012001n	珍珠
bn:00012010n	骨髓
bn:00012010n	髓
bn:00012017n	骨粉
bn:00012018n	响板
bn:00012034n	波恩
bn:00012042n	动机
bn:00012046n	傻瓜
bn:00012047n	胸部
bn:00012048n	电视
bn:00012048n	电视机
bn:00012052n	陷阱
bn:00012053n	陷阱
bn:00012054n	羽衣甘蓝
bn:00012054n	赃物
bn:00012054n	钱
bn:00012059n	书
bn:00012059n	书本
bn:00012059n	书籍
bn:00012059n	著作
bn:00012060n	书
bn:00012060n	书本
bn:00012060n	书籍
bn:00012060n	卷
bn:00012061n	书
bn:00012061n	记录
bn:00012062n	剧本
bn:00012083n	参考
bn:00012087n	说明
bn:00012121n	书柜
bn:00012135n	学生
bn:00012135n	学者
bn:00012135n	研究者
bn:00012140n	书架
bn:00012142n	学生
bn:00012157n	鼓励
bn:00012166n	靴子
bn:00012171n	踢腿
bn:00012180n	摊位
bn:00012188n	走私者
bn:00012193n	赃物
bn:00012195n	烈酒
bn:00012195n	酒
bn:00012196n	酒
bn:00012212n	边境
bn:00012212n	边界
bn:00012213n	余地
bn:00012213n	边界
bn:00012213n	边缘
bn:00012214n	边缘
bn:00012226n	口径
bn:00012232n	厌烦
bn:00012256n	区
bn:00012262n	借款人
bn:00012273n	牛
bn:00012286n	胸前
bn:00012287n	胸部
bn:00012289n	内心
bn:00012289n	心
bn:00012289n	心情
bn:00012289n	心灵
bn:00012289n	心脏
bn:00012289n	心里
bn:00012293n	工头
bn:00012293n	老大
bn:00012293n	老板
bn:00012294n	老板
bn:00012321n	植被
bn:00012327n	费神
bn:00012327n	麻烦
bn:00012339n	瓶
bn:00012339n	瓶子
bn:00012339n	酒
bn:00012339n	酒瓶
bn:00012340n	瓶
bn:00012361n	瓶颈
bn:00012365n	下面
bn:00012365n	底部
bn:00012366n	底部
bn:00012369n	货轮
bn:00012403n	巨石
bn:00012417n	界限
bn:00012417n	边界
bn:00012417n	边缘
bn:00012418n	界限
bn:00012418n	边界
bn:00012419n	极限
bn:00012419n	界限
bn:00012419n	范围
bn:00012419n	限制
bn:00012432n	胸花
bn:00012432n	花束
bn:00012434n	波旁
bn:00012441n	资产阶级
bn:00012466n	琴弓
bn:00012484n	肚子
bn:00012495n	碗
bn:00012519n	弓弦
bn:00012524n	盒子
bn:00012524n	箱子
bn:00012525n	包厢
bn:00012525n	箱子
bn:00012526n	箱
bn:00012569n	少年
bn:00012569n	男孩
bn:00012569n	男生
bn:00012570n	男孩
bn:00012571n	儿子
bn:00012571n	儿子们
bn:00012571n	养子
bn:00012571n	男孩
bn:00012574n	童子军
bn:00012591n	傻瓜
bn:00012592n	家伙
bn:00012592n	球员
bn:00012596n	一对
bn:00012596n	夫妇
bn:00012596n	对
bn:00012597n	一对
bn:00012597n	双
bn:00012673n	辫子
bn:00012679n	大脑
bn:00012679n	脑
bn:00012679n	脑浆
bn:00012679n	脑袋
bn:00012680n	头脑
bn:00012680n	智力
bn:00012680n	智慧
bn:00012680n	理智
bn:00012681n	大脑
bn:00012681n	头脑
bn:00012681n	心思
bn:00012681n	心灵
bn:00012681n	心目
bn:00012681n	心里
bn:00012681n	思想
bn:00012681n	精神
bn:00012681n	脑
bn:00012681n	脑子
bn:00012681n	脑袋
bn:00012681n	记忆
bn:00012682n	大脑
bn:00012682n	天才
bn:00012686n	谜语
bn:00012702n	脑瘤
bn:00012705n	灵感
bn:00012710n	刹车
bn:00012724n	刹车
bn:00012738n	枝条
bn:00012738n	树枝
bn:00012739n	分支
bn:00012739n	腿
bn:00012742n	支线
bn:00012749n	分支
bn:00012758n	品牌
bn:00012760n	品牌
bn:00012760n	烙印
bn:00012770n	白兰地
bn:00012786n	巴西
bn:00012789n	黄铜
bn:00012793n	斑块
bn:00012839n	勇气
bn:00012862n	破坏
bn:00012873n	面包
bn:00012877n	支持
bn:00012877n	生计
bn:00012886n	肚子
bn:00012886n	胃
bn:00012886n	腹部
bn:00012892n	广度
bn:00012893n	宽度
bn:00012893n	广度
bn:00012896n	中断
bn:00012899n	休息
bn:00012901n	停顿
bn:00012907n	中断
bn:00012907n	打扰
bn:00012907n	打断
bn:00012922n	崩溃
bn:00012927n	海浪
bn:00012930n	早餐
bn:00012933n	早餐桌
bn:00012940n	发现
bn:00012940n	突破
bn:00012941n	突破
bn:00012945n	防波堤
bn:00012960n	胸骨
bn:00012965n	口气
bn:00012965n	呼吸
bn:00012965n	气流
bn:00012966n	呼吸
bn:00012968n	气息
bn:00012973n	呼吸
bn:00012986n	品种
bn:00012986n	牲畜
bn:00012992n	教育
bn:00012995n	生育
bn:00013043n	贿赂
bn:00013047n	砖
bn:00013047n	砖块
bn:00013059n	砌砖
bn:00013066n	新娘
bn:00013074n	新郎
bn:00013075n	新郎
bn:00013077n	桥
bn:00013079n	桥
bn:00013081n	桥牌
bn:00013092n	桥头堡
bn:00013102n	简报
bn:00013104n	公文包
bn:00013115n	准将
bn:00013115n	旅长
bn:00013123n	光
bn:00013123n	光亮
bn:00013123n	光线
bn:00013123n	火花
bn:00013130n	光辉
bn:00013131n	天才
bn:00013132n	光泽
bn:00013139n	海水
bn:00013139n	盐水
bn:00013144n	边缘
bn:00013173n	英国
bn:00013179n	伦敦
bn:00013194n	英镑
bn:00013235n	节目
bn:00013281n	悲伤
bn:00013281n	悲痛
bn:00013340n	小溪
bn:00013379n	工会
bn:00013389n	前额
bn:00013389n	额头
bn:00013390n	眉毛
bn:00013404n	黑面包
bn:00013488n	灌木丛
bn:00013551n	香槟
bn:00013560n	海盗
bn:00013577n	鞍马
bn:00013578n	美元
bn:00013585n	士兵
bn:00013590n	桶
bn:00013590n	水桶
bn:00013597n	俄亥俄
bn:00013597n	俄亥俄州
bn:00013602n	盾牌
bn:00013609n	鹿皮
bn:00013623n	农民
bn:00013625n	花蕾
bn:00013626n	花蕾
bn:00013628n	佛像
bn:00013628n	佛陀
bn:00013632n	佛教徒
bn:00013639n	预算
bn:00013640n	预算
bn:00013648n	爱好者
bn:00013648n	粉丝
bn:00013679n	柜台
bn:00013685n	小丑
bn:00013686n	小丑
bn:00013687n	恶作剧
bn:00013697n	虫子
bn:00013710n	马车
bn:00013712n	喇叭
bn:00013716n	号兵
bn:00013722n	大楼
bn:00013722n	建筑
bn:00013722n	建筑物
bn:00013723n	建筑
bn:00013723n	建设
bn:00013723n	施工
bn:00013724n	建筑
bn:00013726n	单位
bn:00013740n	肥皂粉
bn:00013744n	球茎
bn:00013744n	鳞茎
bn:00013745n	灯泡
bn:00013745n	电灯
bn:00013756n	保加利亚
bn:00013767n	多数
bn:00013767n	大多数
bn:00013767n	大量
bn:00013768n	大量
bn:00013768n	质量
bn:00013774n	公牛
bn:00013807n	子弹
bn:00013810n	弹孔
bn:00013838n	恶棍
bn:00013843n	恐吓
bn:00013852n	流浪者
bn:00013853n	懒惰者
bn:00013854n	大黄蜂
bn:00013854n	熊蜂
bn:00013868n	乡巴佬
bn:00013873n	串
bn:00013873n	群
bn:00013874n	帮派
bn:00013874n	群
bn:00013879n	骗局
bn:00013883n	捆
bn:00013888n	小屋
bn:00013894n	铺位
bn:00013898n	沙坑
bn:00013941n	负担
bn:00013941n	责任
bn:00013942n	负担
bn:00013942n	负荷
bn:00013943n	效果
bn:00013955n	官僚
bn:00013955n	官僚主义
bn:00013964n	窃贼
bn:00013980n	埋葬
bn:00013980n	葬礼
bn:00013984n	公墓
bn:00013984n	墓地
bn:00013985n	墓穴
bn:00014000n	缅甸
bn:00014018n	灯
bn:00014037n	棕褐色
bn:00014056n	洞穴
bn:00014066n	爆发
bn:00014066n	爆炸
bn:00014091n	汽车站
bn:00014095n	灌木
bn:00014133n	乡巴佬
bn:00014136n	业务
bn:00014136n	企业
bn:00014136n	商业
bn:00014136n	生意
bn:00014137n	业务
bn:00014137n	事情
bn:00014137n	商业
bn:00014137n	生意
bn:00014137n	行业
bn:00014138n	业务
bn:00014138n	商业
bn:00014138n	工作
bn:00014138n	生意
bn:00014138n	职业
bn:00014138n	职位
bn:00014138n	行业
bn:00014138n	饭碗
bn:00014139n	事情
bn:00014139n	职责
bn:00014140n	事情
bn:00014140n	交易
bn:00014141n	业务
bn:00014141n	商业
bn:00014141n	生意
bn:00014142n	业务
bn:00014142n	企业
bn:00014142n	商业
bn:00014152n	交易
bn:00014152n	贸易
bn:00014155n	商业区
bn:00014155n	市中心
bn:00014155n	市区
bn:00014160n	企业
bn:00014160n	公司
bn:00014169n	办事处
bn:00014169n	办公室
bn:00014175n	商人
bn:00014182n	吻
bn:00014231n	管家
bn:00014237n	目标
bn:00014238n	烟卷
bn:00014238n	香烟
bn:00014249n	黄油
bn:00014301n	储藏室
bn:00014305n	钮扣
bn:00014306n	按钮
bn:00014349n	副产品
bn:00014350n	副产品
bn:00014355n	绰号
bn:00014374n	光速
bn:00014403n	加利福尼亚
bn:00014403n	加利福尼亚州
bn:00014403n	加州
bn:00014405n	驾驶室
bn:00014407n	出租车
bn:00014409n	派系
bn:00014410n	阴谋
bn:00014418n	小屋
bn:00014419n	夜总会
bn:00014423n	卷心菜
bn:00014437n	小屋
bn:00014438n	小屋
bn:00014445n	柜
bn:00014447n	储物柜
bn:00014457n	线路
bn:00014500n	激情
bn:00014500n	狂热
bn:00014512n	尸体
bn:00014537n	干部
bn:00014557n	咖啡馆
bn:00014561n	食堂
bn:00014574n	笼子
bn:00014575n	笼子
bn:00014640n	悲剧
bn:00014640n	灾难
bn:00014664n	钙化
bn:00014688n	计算
bn:00014689n	计算
bn:00014692n	结石
bn:00014706n	日历
bn:00014710n	月
bn:00014710n	月份
bn:00014712n	历年
bn:00014717n	小牛
bn:00014717n	牛犊
bn:00014718n	小腿
bn:00014731n	品质
bn:00014731n	水准
bn:00014731n	质量
bn:00014732n	校准
bn:00014743n	哈里发
bn:00014780n	加州
bn:00014791n	电话
bn:00014792n	召唤
bn:00014793n	叫声
bn:00014793n	呼唤
bn:00014793n	喊叫
bn:00014794n	呼唤
bn:00014805n	公告板
bn:00014808n	电话亭
bn:00014824n	访客
bn:00014839n	事业
bn:00014839n	生涯
bn:00014839n	职业
bn:00014878n	冷静
bn:00014878n	平静
bn:00014878n	镇静
bn:00014925n	诽谤
bn:00014965n	情谊
bn:00014978n	柬埔寨
bn:00014988n	剑桥
bn:00015008n	摄像机
bn:00015008n	摄影机
bn:00015008n	相机
bn:00015009n	摄像机
bn:00015009n	摄影机
bn:00015009n	相机
bn:00015012n	镜头
bn:00015033n	伪装
bn:00015036n	营地
bn:00015037n	营地
bn:00015038n	阵营
bn:00015039n	营地
bn:00015040n	营地
bn:00015050n	活动
bn:00015050n	竞选
bn:00015051n	事业
bn:00015051n	活动
bn:00015051n	运动
bn:00015051n	驱动
bn:00015052n	战役
bn:00015056n	候选人
bn:00015057n	资格
bn:00015076n	露营者
bn:00015079n	篝火
bn:00015097n	校园
bn:00015103n	罐
bn:00015106n	厕所
bn:00015106n	罐子
bn:00015106n	锅
bn:00015115n	加拿大
bn:00015144n	管道
bn:00015178n	取消
bn:00015180n	癌症
bn:00015205n	候选人
bn:00015211n	蜡烛
bn:00015227n	糖果
bn:00015240n	手杖
bn:00015267n	犬
bn:00015267n	狗
bn:00015303n	大炮
bn:00015312n	炮灰
bn:00015320n	准则
bn:00015322n	峡谷
bn:00015343n	清唱剧
bn:00015381n	帆布
bn:00015381n	油画
bn:00015381n	画布
bn:00015382n	画布
bn:00015383n	画布
bn:00015384n	帆布
bn:00015387n	投票
bn:00015387n	调查
bn:00015396n	橡胶
bn:00015398n	帽子
bn:00015401n	帽子
bn:00015404n	上限
bn:00015405n	夹克
bn:00015409n	能力
bn:00015410n	能力
bn:00015414n	电容
bn:00015415n	电容
bn:00015415n	电容器
bn:00015418n	能力
bn:00015419n	含量
bn:00015419n	容量
bn:00015419n	能力
bn:00015420n	能力
bn:00015427n	海角
bn:00015491n	毛细
bn:00015496n	资本
bn:00015497n	资本
bn:00015498n	首都
bn:00015501n	华盛顿
bn:00015515n	凤凰城
bn:00015524n	萨克拉门托
bn:00015529n	丹佛
bn:00015540n	巴黎
bn:00015546n	檀香山
bn:00015546n	火奴鲁鲁
bn:00015548n	斯普林菲尔德
bn:00015550n	Indianapolis
bn:00015550n	印第安纳波利斯
bn:00015554n	都柏林
bn:00015555n	耶路撒冷
bn:00015556n	罗马
bn:00015558n	东京
bn:00015563n	万象
bn:00015576n	圣保罗
bn:00015582n	拉巴特
bn:00015587n	康科德
bn:00015605n	华沙
bn:00015606n	里斯本
bn:00015607n	普罗维登斯
bn:00015622n	喀土穆
bn:00015626n	大马士革
bn:00015630n	纳什维尔
bn:00015631n	拿骚
bn:00015634n	莫斯科
bn:00015648n	里士满
bn:00015650n	查尔斯顿
bn:00015652n	夏延
bn:00015656n	死刑
bn:00015663n	资本主义
bn:00015664n	资本家
bn:00015704n	冲动
bn:00015720n	山羊
bn:00015740n	绞盘
bn:00015743n	胶囊
bn:00015744n	胶囊
bn:00015749n	上尉
bn:00015749n	船长
bn:00015749n	队长
bn:00015750n	舰长
bn:00015750n	船长
bn:00015751n	船长
bn:00015751n	队长
bn:00015752n	船长
bn:00015753n	头目
bn:00015753n	酋长
bn:00015753n	队长
bn:00015767n	囚徒
bn:00015767n	囚犯
bn:00015774n	围捕
bn:00015784n	头
bn:00015784n	头部
bn:00015784n	头颅
bn:00015784n	脑
bn:00015784n	脑袋
bn:00015785n	汽车
bn:00015793n	车门
bn:00015795n	停车场
bn:00015805n	水牛
bn:00015851n	卡宾枪
bn:00015867n	二氧化碳
bn:00015875n	四氯化碳
bn:00015876n	四卤化碳
bn:00015879n	碳酸盐
bn:00015897n	尸体
bn:00015916n	卡片
bn:00015926n	牌桌
bn:00015937n	纸板
bn:00015961n	枢机
bn:00015961n	红衣主教
bn:00015985n	心脏病
bn:00016013n	关注
bn:00016016n	维护
bn:00016019n	事业
bn:00016019n	生涯
bn:00016019n	职业
bn:00016032n	疏忽
bn:00016035n	抚摸
bn:00016047n	货物
bn:00016047n	货运
bn:00016065n	加勒比
bn:00016124n	关系
bn:00016141n	集市
bn:00016191n	木匠
bn:00016191n	木工
bn:00016203n	木工
bn:00016205n	地毯
bn:00016214n	拖鞋
bn:00016237n	交叉口
bn:00016237n	十字路口
bn:00016240n	马车
bn:00016241n	马车
bn:00016253n	载体
bn:00016256n	邮递员
bn:00016257n	报童
bn:00016261n	纸袋
bn:00016286n	执行
bn:00016286n	绩效
bn:00016286n	表现
bn:00016291n	马车
bn:00016300n	信托
bn:00016317n	软骨
bn:00016328n	漫画
bn:00016330n	漫画家
bn:00016332n	子弹
bn:00016347n	银元
bn:00016356n	雕塑家
bn:00016358n	雕刻
bn:00016358n	雕刻品
bn:00016360n	雕塑
bn:00016401n	例
bn:00016401n	例子
bn:00016401n	实例
bn:00016401n	情况
bn:00016401n	案件
bn:00016401n	案例
bn:00016401n	病例
bn:00016402n	事件
bn:00016402n	事实
bn:00016402n	情况
bn:00016402n	案件
bn:00016403n	情况
bn:00016403n	案件
bn:00016403n	案子
bn:00016403n	诉讼
bn:00016404n	事实
bn:00016404n	情况
bn:00016404n	案例
bn:00016405n	箱
bn:00016405n	箱子
bn:00016406n	案件
bn:00016406n	案例
bn:00016406n	病例
bn:00016407n	案例
bn:00016407n	病例
bn:00016408n	情况
bn:00016408n	案件
bn:00016409n	案件
bn:00016410n	箱
bn:00016411n	案例
bn:00016413n	类型
bn:00016426n	先例
bn:00016430n	先例
bn:00016448n	现金
bn:00016459n	资金
bn:00016473n	赌场
bn:00016527n	管型
bn:00016529n	形式
bn:00016529n	形状
bn:00016530n	石膏
bn:00016535n	铸铁
bn:00016569n	城堡
bn:00016569n	宫殿
bn:00016606n	猫
bn:00016612n	工具
bn:00016651n	目录
bn:00016652n	目录
bn:00016673n	电泳
bn:00016678n	弹弓
bn:00016689n	灾害
bn:00016689n	灾难
bn:00016715n	探测
bn:00016719n	口号
bn:00016719n	座右铭
bn:00016731n	分类
bn:00016733n	家
bn:00016733n	家族
bn:00016733n	类
bn:00016733n	类别
bn:00016733n	范畴
bn:00016734n	类别
bn:00016739n	毛毛虫
bn:00016756n	中国
bn:00016758n	大教堂
bn:00016768n	导管
bn:00016771n	阴极
bn:00016776n	天主教
bn:00016776n	天主教徒
bn:00016777n	天主教会
bn:00016777n	天主教堂
bn:00016780n	天主教
bn:00016781n	普遍性
bn:00016782n	万灵药
bn:00016808n	牧场
bn:00016810n	畜栏
bn:00016814n	牛仔
bn:00016845n	原因
bn:00016850n	原因
bn:00016851n	原因
bn:00016855n	流言
bn:00016859n	反讽
bn:00016859n	讽刺
bn:00016863n	警告
bn:00016872n	骑兵
bn:00016876n	骑兵
bn:00016878n	山洞
bn:00016878n	洞穴
bn:00016879n	穴居人
bn:00016896n	深渊
bn:00016896n	空洞
bn:00016913n	毫升
bn:00016974n	天花板
bn:00016975n	天花板
bn:00016986n	庆祝
bn:00016990n	名人
bn:00016991n	名声
bn:00016991n	声誉
bn:00017004n	天体
bn:00017014n	轨道
bn:00017017n	天空
bn:00017026n	单元
bn:00017026n	单元格
bn:00017026n	电池
bn:00017026n	细胞
bn:00017027n	电池
bn:00017027n	细胞
bn:00017037n	核
bn:00017037n	细胞核
bn:00017040n	地窖
bn:00017050n	呼吸
bn:00017056n	电影
bn:00017057n	纤维素
bn:00017080n	水泥
bn:00017081n	水泥
bn:00017094n	审查
bn:00017097n	普查
bn:00017099n	分
bn:00017099n	美分
bn:00017100n	便士
bn:00017120n	中
bn:00017120n	中央
bn:00017120n	中心
bn:00017120n	中间
bn:00017120n	心脏
bn:00017122n	中心
bn:00017123n	中心
bn:00017124n	中心
bn:00017124n	实质
bn:00017124n	总和
bn:00017124n	本质
bn:00017124n	核心
bn:00017125n	中心
bn:00017126n	中心
bn:00017126n	中枢
bn:00017129n	中锋
bn:00017130n	中心
bn:00017131n	中心
bn:00017141n	中心线
bn:00017153n	焦点
bn:00017153n	重点
bn:00017163n	厘米
bn:00017168n	交换机
bn:00017185n	总部
bn:00017196n	集中化
bn:00017209n	离心
bn:00017210n	离心机
bn:00017216n	温和派
bn:00017234n	世纪
bn:00017236n	头痛
bn:00017269n	陶工
bn:00017324n	谷物
bn:00017330n	小脑
bn:00017332n	皮层
bn:00017332n	皮质
bn:00017335n	脑瘫
bn:00017339n	思想
bn:00017339n	思维
bn:00017339n	思考
bn:00017345n	仪式
bn:00017348n	仪式
bn:00017349n	仪式
bn:00017367n	证书
bn:00017367n	证明
bn:00017371n	认证
bn:00017372n	认证
bn:00017377n	确信
bn:00017393n	鹿
bn:00017395n	脖子
bn:00017395n	颈部
bn:00017428n	锡兰
bn:00017474n	稻草
bn:00017474n	麦秆
bn:00017483n	懊恼
bn:00017487n	链
bn:00017487n	链条
bn:00017489n	链条
bn:00017510n	连锁店
bn:00017514n	镣铐
bn:00017515n	椅子
bn:00017517n	主席
bn:00017518n	电椅
bn:00017557n	挑战
bn:00017558n	挑战
bn:00017562n	对手
bn:00017581n	室
bn:00017585n	室内乐
bn:00017586n	商会
bn:00017605n	冠军
bn:00017609n	平原
bn:00017609n	田野
bn:00017612n	战士
bn:00017612n	英雄
bn:00017614n	称号
bn:00017621n	可能性
bn:00017621n	机会
bn:00017622n	偶然
bn:00017622n	命运
bn:00017622n	机会
bn:00017622n	运气
bn:00017623n	可能性
bn:00017623n	风险
bn:00017624n	概率
bn:00017625n	前景
bn:00017651n	变动
bn:00017651n	变化
bn:00017651n	改变
bn:00017651n	转变
bn:00017652n	变动
bn:00017652n	变化
bn:00017652n	变更
bn:00017652n	变革
bn:00017652n	改变
bn:00017653n	变化
bn:00017666n	旅行
bn:00017678n	转变
bn:00017678n	过渡
bn:00017681n	渠道
bn:00017681n	通道
bn:00017682n	通道
bn:00017685n	线路
bn:00017696n	光明节
bn:00017718n	帽子
bn:00017719n	教堂
bn:00017726n	花环
bn:00017730n	章
bn:00017730n	章节
bn:00017731n	章节
bn:00017746n	人物
bn:00017746n	性格
bn:00017747n	品质
bn:00017747n	性质
bn:00017747n	特性
bn:00017747n	质量
bn:00017748n	个性
bn:00017748n	品格
bn:00017748n	性格
bn:00017749n	人物
bn:00017749n	角色
bn:00017750n	性格
bn:00017751n	参考
bn:00017751n	推荐信
bn:00017758n	刻画
bn:00017758n	特性
bn:00017761n	特征
bn:00017761n	特性
bn:00017761n	特点
bn:00017762n	特征
bn:00017762n	特性
bn:00017777n	木炭
bn:00017789n	冲锋
bn:00017790n	指控
bn:00017791n	费用
bn:00017792n	电荷
bn:00017793n	任务
bn:00017793n	使命
bn:00017803n	比率
bn:00017803n	费率
bn:00017815n	魅力
bn:00017824n	庸医
bn:00017841n	达尔文
bn:00017892n	魅力
bn:00017904n	图
bn:00017904n	图表
bn:00017905n	图表
bn:00017906n	宪章
bn:00017920n	追求
bn:00017920n	追逐
bn:00017924n	追求者
bn:00017984n	确认
bn:00017985n	检查
bn:00018012n	清单
bn:00018021n	检查
bn:00018024n	脸颊
bn:00018024n	面颊
bn:00018027n	颧骨
bn:00018028n	傲慢
bn:00018031n	欢呼
bn:00018038n	奶酪
bn:00018059n	杰作
bn:00018096n	化学
bn:00018096n	化学品
bn:00018105n	元素
bn:00018109n	平衡
bn:00018115n	机制
bn:00018121n	反应
bn:00018123n	化学
bn:00018131n	化学家
bn:00018207n	胸
bn:00018207n	胸前
bn:00018207n	胸口
bn:00018207n	胸膛
bn:00018207n	胸部
bn:00018253n	芝加哥
bn:00018265n	鸡
bn:00018265n	鸡肉
bn:00018266n	鸡
bn:00018319n	首
bn:00018319n	首领
bn:00018323n	总统
bn:00018324n	总统
bn:00018338n	发髻
bn:00018345n	儿童
bn:00018345n	孩子
bn:00018345n	孩子们
bn:00018345n	小孩
bn:00018345n	小孩子
bn:00018345n	小朋友
bn:00018345n	年轻人
bn:00018345n	未成年人
bn:00018346n	儿童
bn:00018346n	子女
bn:00018346n	孩子
bn:00018346n	孩子们
bn:00018346n	小孩子
bn:00018350n	游戏
bn:00018365n	童年
bn:00018366n	童年
bn:00018387n	寒意
bn:00018388n	寒意
bn:00018389n	寒冷
bn:00018394n	冷却
bn:00018414n	烟囱
bn:00018426n	下巴
bn:00018428n	引体向上
bn:00018431n	中国
bn:00018431n	瓷器
bn:00018432n	台湾
bn:00018452n	中文
bn:00018545n	凿子
bn:00018619n	绿藻
bn:00018625n	氯噻
bn:00018625n	氯噻嗪
bn:00018638n	巧克力
bn:00018660n	选择
bn:00018661n	选择
bn:00018663n	措辞
bn:00018665n	合唱团
bn:00018665n	唱诗班
bn:00018696n	胆固醇
bn:00018728n	牛排馆
bn:00018729n	肖邦
bn:00018737n	砧板
bn:00018744n	弦
bn:00018745n	和弦
bn:00018756n	任务
bn:00018756n	家务
bn:00018756n	工作
bn:00018782n	合唱团
bn:00018805n	基督
bn:00018805n	救主
bn:00018805n	耶稣
bn:00018818n	基督徒
bn:00018818n	基督教
bn:00018819n	基督教会
bn:00018819n	教会
bn:00018819n	教堂
bn:00018828n	基督教
bn:00018835n	圣诞
bn:00018835n	圣诞节
bn:00018836n	圣诞节
bn:00018843n	圣诞卡
bn:00018869n	色调
bn:00018875n	色谱法
bn:00018877n	铬
bn:00018887n	不锈钢
bn:00018913n	继承
bn:00018913n	顺序
bn:00018922n	菊花
bn:00018991n	傻子
bn:00018991n	傻瓜
bn:00018995n	教会
bn:00018995n	教堂
bn:00018996n	教堂
bn:00019000n	长凳
bn:00019002n	信条
bn:00019003n	教父
bn:00019003n	祖先
bn:00019026n	教士
bn:00019026n	牧师
bn:00019028n	墓地
bn:00019032n	降落伞
bn:00019033n	滑槽
bn:00019056n	伤疤
bn:00019056n	伤痕
bn:00019056n	瘢痕
bn:00019079n	雪茄
bn:00019082n	雪茄盒
bn:00019098n	纤毛虫
bn:00019100n	纤毛
bn:00019114n	辛辛那提
bn:00019120n	腰带
bn:00019129n	电影院
bn:00019153n	密码
bn:00019169n	圆
bn:00019169n	圆周
bn:00019169n	圆圈
bn:00019169n	圈
bn:00019180n	电路
bn:00019181n	回路
bn:00019181n	巡回
bn:00019181n	循环
bn:00019196n	流通
bn:00019207n	周长
bn:00019218n	情况
bn:00019218n	条件
bn:00019218n	环境
bn:00019219n	情况
bn:00019219n	情形
bn:00019219n	背景
bn:00019220n	情况
bn:00019220n	情节
bn:00019220n	状况
bn:00019220n	考虑
bn:00019222n	命运
bn:00019222n	境况
bn:00019222n	好运
bn:00019222n	环境
bn:00019222n	运气
bn:00019227n	马戏团
bn:00019228n	马戏团
bn:00019281n	公民
bn:00019281n	市民
bn:00019283n	人
bn:00019283n	人们
bn:00019283n	人民
bn:00019301n	柑橘
bn:00019319n	中心
bn:00019319n	城
bn:00019319n	城市
bn:00019319n	大都会
bn:00019319n	大都市
bn:00019319n	市
bn:00019320n	城市
bn:00019320n	市
bn:00019333n	市长
bn:00019333n	镇长
bn:00019334n	费城
bn:00019336n	洛杉矶
bn:00019362n	民法
bn:00019378n	内战
bn:00019380n	平民
bn:00019383n	文化
bn:00019384n	文明
bn:00019403n	主张
bn:00019403n	索赔
bn:00019404n	主张
bn:00019405n	索赔
bn:00019405n	要求
bn:00019407n	主张
bn:00019407n	头衔
bn:00019410n	索赔人
bn:00019414n	蛤蜊
bn:00019427n	蛤壳
bn:00019429n	家族
bn:00019436n	排他性
bn:00019439n	舌头
bn:00019459n	清晰度
bn:00019460n	清晰度
bn:00019472n	冲突
bn:00019472n	摩擦
bn:00019475n	手
bn:00019475n	掌握
bn:00019477n	年级
bn:00019477n	班
bn:00019477n	班级
bn:00019477n	等级
bn:00019477n	阶段
bn:00019478n	阶层
bn:00019478n	阶级
bn:00019479n	课
bn:00019479n	课程
bn:00019501n	同学
bn:00019577n	古典主义者
bn:00019586n	教室
bn:00019586n	课堂
bn:00019603n	句
bn:00019618n	爪子
bn:00019624n	粘土
bn:00019624n	黏土
bn:00019625n	泥
bn:00019625n	泥土
bn:00019625n	泥泞
bn:00019637n	陶器
bn:00019643n	清洁剂
bn:00019647n	清洁
bn:00019647n	清洗
bn:00019663n	间隙
bn:00019668n	空地
bn:00019685n	裂缝
bn:00019708n	仁慈
bn:00019708n	怜悯
bn:00019718n	拳
bn:00019718n	拳头
bn:00019726n	牧师
bn:00019727n	牧师
bn:00019735n	文书
bn:00019735n	文员
bn:00019735n	职员
bn:00019736n	职员
bn:00019742n	克利夫兰
bn:00019749n	线索
bn:00019762n	客户
bn:00019763n	客户
bn:00019763n	顾客
bn:00019767n	悬崖
bn:00019780n	气候
bn:00019781n	情绪
bn:00019786n	高潮
bn:00019787n	高潮
bn:00019788n	高潮
bn:00019832n	监狱
bn:00019848n	时候
bn:00019848n	时光
bn:00019848n	时刻
bn:00019848n	时间
bn:00019848n	期间
bn:00019848n	次数
bn:00019864n	剪报
bn:00019878n	下水道
bn:00019884n	东西
bn:00019887n	时钟
bn:00019887n	钟
bn:00019887n	钟表
bn:00019893n	时间
bn:00019918n	结论
bn:00019934n	奥秘
bn:00019934n	神秘
bn:00019934n	谜团
bn:00019951n	熟悉
bn:00019955n	壁橱
bn:00019956n	壁橱
bn:00019957n	衣柜
bn:00019957n	衣橱
bn:00019964n	关闭
bn:00019965n	关闭
bn:00019966n	完成
bn:00019967n	封锁
bn:00019976n	决议
bn:00019978n	凝块
bn:00019980n	布
bn:00019980n	布料
bn:00019980n	材料
bn:00019980n	纺织业
bn:00019980n	纺织品
bn:00019980n	织物
bn:00019992n	晾衣架
bn:00019993n	晾衣绳
bn:00020001n	云
bn:00020002n	云
bn:00020006n	蜂群
bn:00020012n	暴雨
bn:00020039n	俱乐部
bn:00020039n	社会
bn:00020041n	俱乐部
bn:00020057n	咯咯声
bn:00020058n	线索
bn:00020111n	合作社
bn:00020114n	坐标
bn:00020118n	同事
bn:00020119n	教练
bn:00020119n	经理
bn:00020144n	煤油
bn:00020164n	海岸
bn:00020266n	公鸡
bn:00020378n	相关性
bn:00020400n	冲动
bn:00020407n	代
bn:00020445n	有效性
bn:00020446n	证据
bn:00020446n	证明
bn:00020448n	书房
bn:00020452n	知识
bn:00020452n	认识
bn:00020453n	内容
bn:00020457n	过程
bn:00020466n	鉴赏家
bn:00020468n	齿轮
bn:00020483n	发型
bn:00020535n	低温
bn:00020592n	伙伴
bn:00020592n	合伙人
bn:00020592n	搭档
bn:00020601n	崩盘
bn:00020602n	帐篷
bn:00020621n	同行
bn:00020647n	大学生
bn:00020712n	定居点
bn:00020714n	定居者
bn:00020718n	定居点
bn:00020825n	社论
bn:00020825n	编辑
bn:00020831n	英寸
bn:00020858n	争吵
bn:00020858n	战斗
bn:00020858n	打斗
bn:00020858n	斗争
bn:00020896n	诱惑
bn:00020920n	休息室
bn:00020944n	掌控
bn:00020944n	掌握
bn:00020944n	控制
bn:00020961n	教义
bn:00020961n	教导
bn:00020977n	言论
bn:00020977n	评论
bn:00020979n	流言
bn:00020980n	观察员
bn:00020980n	观察者
bn:00020983n	商务部
bn:00020997n	商法
bn:00021008n	怜悯
bn:00021019n	代表团
bn:00021051n	公园
bn:00021051n	果岭
bn:00021109n	常春藤
bn:00021149n	民间
bn:00021160n	盐
bn:00021164n	意义
bn:00021164n	理性
bn:00021164n	理智
bn:00021207n	共和国
bn:00021207n	民主
bn:00021211n	波多黎各
bn:00021279n	密度
bn:00021279n	浓度
bn:00021288n	剧团
bn:00021290n	党派
bn:00021290n	政党
bn:00021290n	聚会
bn:00021326n	同侪
bn:00021340n	战斗
bn:00021345n	自满
bn:00021366n	完整性
bn:00021369n	混合
bn:00021370n	复合物
bn:00021375n	复数
bn:00021383n	复杂性
bn:00021386n	并发症
bn:00021390n	共谋
bn:00021394n	元件
bn:00021394n	元素
bn:00021394n	分
bn:00021394n	分量
bn:00021394n	因素
bn:00021394n	成分
bn:00021394n	组件
bn:00021394n	组成
bn:00021394n	要素
bn:00021394n	部分
bn:00021395n	一部分
bn:00021395n	分
bn:00021395n	分量
bn:00021395n	区别
bn:00021395n	成分
bn:00021395n	组件
bn:00021395n	组成
bn:00021395n	部位
bn:00021395n	部分
bn:00021396n	元件
bn:00021396n	元素
bn:00021396n	成分
bn:00021397n	作曲家
bn:00021397n	作曲者
bn:00021398n	构图
bn:00021406n	成分
bn:00021408n	作品
bn:00021408n	创作
bn:00021410n	文件
bn:00021410n	文章
bn:00021410n	论文
bn:00021413n	堆肥
bn:00021432n	理解
bn:00021445n	妥协
bn:00021452n	审计长
bn:00021456n	冲动
bn:00021456n	强迫
bn:00021458n	强迫性
bn:00021459n	强迫性
bn:00021464n	计算机
bn:00021483n	内存
bn:00021513n	囚犯
bn:00021525n	保密
bn:00021525n	隐私
bn:00021526n	屏幕
bn:00021526n	掩护
bn:00021526n	覆盖物
bn:00021527n	让步
bn:00021534n	精矿
bn:00021536n	浓缩
bn:00021538n	浓度
bn:00021539n	浓缩
bn:00021540n	集中
bn:00021542n	集中营
bn:00021547n	构想
bn:00021547n	概念
bn:00021547n	观念
bn:00021550n	创造
bn:00021550n	构想
bn:00021551n	创新
bn:00021551n	创造力
bn:00021551n	发明
bn:00021551n	观念
bn:00021556n	关心
bn:00021556n	关注
bn:00021556n	关注点
bn:00021557n	忧虑
bn:00021558n	关注
bn:00021558n	忧虑
bn:00021558n	担忧
bn:00021558n	烦恼
bn:00021559n	音乐会
bn:00021563n	音乐厅
bn:00021568n	协奏曲
bn:00021570n	让步
bn:00021577n	礼宾员
bn:00021584n	conclusion
bn:00021584n	决定
bn:00021584n	决策
bn:00021584n	结局
bn:00021584n	结论
bn:00021585n	结论
bn:00021586n	结论
bn:00021587n	结论
bn:00021588n	结论
bn:00021590n	决定
bn:00021590n	决策
bn:00021593n	混合物
bn:00021607n	混凝土
bn:00021622n	震荡
bn:00021624n	谴责
bn:00021626n	诅咒
bn:00021628n	判决
bn:00021628n	句
bn:00021628n	句子
bn:00021631n	凝缩
bn:00021636n	炼乳
bn:00021644n	情况
bn:00021644n	条件
bn:00021644n	状况
bn:00021644n	状态
bn:00021644n	环境
bn:00021644n	身份
bn:00021645n	条件
bn:00021649n	条件
bn:00021649n	条款
bn:00021675n	导线
bn:00021675n	电线
bn:00021678n	指挥
bn:00021678n	指挥家
bn:00021679n	导体
bn:00021690n	圆锥
bn:00021704n	兔子
bn:00021710n	南方
bn:00021710n	邦联
bn:00021711n	联盟
bn:00021712n	共谋
bn:00021712n	阴谋
bn:00021713n	共谋
bn:00021721n	会议
bn:00021722n	会议
bn:00021722n	联盟
bn:00021722n	联赛
bn:00021723n	会议
bn:00021726n	会议室
bn:00021740n	知己
bn:00021742n	信心
bn:00021743n	信心
bn:00021747n	提示
bn:00021750n	星座
bn:00021750n	配置
bn:00021751n	形式
bn:00021751n	形态
bn:00021751n	形状
bn:00021751n	轮廓
bn:00021757n	确认
bn:00021765n	冲突
bn:00021766n	冲突
bn:00021767n	冲突
bn:00021769n	争执
bn:00021769n	争论
bn:00021769n	分歧
bn:00021769n	区别
bn:00021780n	对抗
bn:00021782n	对决
bn:00021783n	反对
bn:00021788n	混乱
bn:00021788n	混淆
bn:00021789n	混乱
bn:00021804n	亲戚
bn:00021815n	充血
bn:00021816n	拥堵
bn:00021832n	祝贺
bn:00021834n	表扬
bn:00021834n	赞扬
bn:00021834n	赞美
bn:00021837n	会众
bn:00021844n	国会
bn:00021852n	代表
bn:00021869n	推测
bn:00021870n	猜测
bn:00021880n	交配
bn:00021880n	结合
bn:00021882n	连词
bn:00021895n	魔术师
bn:00021901n	联系
bn:00021902n	关联
bn:00021902n	联系
bn:00021904n	康涅狄格州
bn:00021911n	关系
bn:00021916n	结缔组织
bn:00021921n	场
bn:00021927n	内涵
bn:00021927n	含义
bn:00021928n	内涵
bn:00021938n	征服
bn:00021939n	征服者
bn:00021940n	征服
bn:00021945n	良心
bn:00021945n	良知
bn:00021946n	良心
bn:00021946n	良知
bn:00021947n	良知
bn:00021951n	意识
bn:00021958n	共识
bn:00021959n	同意
bn:00021961n	作用
bn:00021961n	后果
bn:00021961n	影响
bn:00021961n	成果
bn:00021961n	效应
bn:00021961n	效果
bn:00021961n	结果
bn:00021965n	保护
bn:00021966n	保护
bn:00021974n	保守主义
bn:00021975n	保守派
bn:00021989n	考虑
bn:00021996n	一致性
bn:00022000n	安慰
bn:00022000n	慰藉
bn:00022006n	巩固
bn:00022007n	整合
bn:00022012n	辅音
bn:00022016n	池
bn:00022016n	财团
bn:00022023n	警察
bn:00022026n	法律
bn:00022026n	警察
bn:00022026n	警方
bn:00022031n	常数
bn:00022050n	选民
bn:00022052n	基本法
bn:00022052n	宪法
bn:00022069n	构造
bn:00022071n	机构
bn:00022071n	结构
bn:00022072n	构造
bn:00022091n	咨询
bn:00022095n	消费者
bn:00022107n	摄入
bn:00022107n	摄入量
bn:00022107n	摄取
bn:00022112n	接触
bn:00022112n	联系
bn:00022116n	联系人
bn:00022117n	联系
bn:00022119n	联系
bn:00022129n	容器
bn:00022136n	污染
bn:00022136n	污点
bn:00022140n	冥想
bn:00022140n	反思
bn:00022140n	想法
bn:00022143n	现代性
bn:00022146n	轻蔑
bn:00022153n	内容
bn:00022154n	主题
bn:00022154n	信息
bn:00022154n	内容
bn:00022154n	报告
bn:00022154n	消息
bn:00022154n	题材
bn:00022155n	含量
bn:00022157n	主体
bn:00022157n	主题
bn:00022159n	争论
bn:00022159n	论点
bn:00022163n	竞赛
bn:00022164n	参赛者
bn:00022168n	上下文
bn:00022168n	情境
bn:00022168n	背景
bn:00022168n	语境
bn:00022173n	大陆
bn:00022174n	大陆
bn:00022176n	早餐
bn:00022190n	延续
bn:00022191n	时长
bn:00022200n	连续性
bn:00022206n	连续体
bn:00022214n	轮廓
bn:00022223n	走私者
bn:00022225n	避孕
bn:00022227n	合同
bn:00022227n	契约
bn:00022228n	合同
bn:00022240n	承包商
bn:00022244n	矛盾
bn:00022245n	矛盾
bn:00022261n	对比
bn:00022262n	对比
bn:00022263n	对比
bn:00022264n	对比
bn:00022264n	对比度
bn:00022269n	贡献
bn:00022269n	部分
bn:00022270n	捐赠
bn:00022270n	贡献
bn:00022271n	捐款
bn:00022271n	捐赠
bn:00022272n	贡献
bn:00022274n	贡献者
bn:00022282n	规划者
bn:00022283n	控制
bn:00022283n	控制权
bn:00022284n	控制
bn:00022284n	控制权
bn:00022284n	管控
bn:00022285n	控制
bn:00022286n	控制
bn:00022287n	控制
bn:00022288n	克制
bn:00022320n	对流
bn:00022329n	修道院
bn:00022333n	大会
bn:00022334n	习俗
bn:00022334n	惯例
bn:00022334n	模式
bn:00022334n	规则
bn:00022334n	规定
bn:00022349n	对话
bn:00022349n	谈话
bn:00022355n	转换
bn:00022366n	皈依者
bn:00022376n	凸性
bn:00022379n	运输
bn:00022381n	交通
bn:00022381n	传输
bn:00022381n	传递
bn:00022381n	转移
bn:00022381n	运输
bn:00022383n	传达者
bn:00022398n	车队
bn:00022401n	发作
bn:00022403n	动荡
bn:00022403n	混乱
bn:00022407n	厨师
bn:00022407n	炊事员
bn:00022412n	烹饪
bn:00022422n	平底锅
bn:00022422n	锅
bn:00022423n	炉子
bn:00022423n	炉灶
bn:00022429n	冷却液
bn:00022431n	冰箱
bn:00022431n	冷藏箱
bn:00022436n	降温
bn:00022443n	黑人
bn:00022452n	合作
bn:00022452n	配合
bn:00022453n	合作
bn:00022454n	合作社
bn:00022467n	协调员
bn:00022479n	哥本哈根
bn:00022525n	副本
bn:00022526n	副本
bn:00022526n	复制
bn:00022526n	复制品
bn:00022526n	拷贝
bn:00022527n	副本
bn:00022589n	绳子
bn:00022592n	灯芯绒
bn:00022606n	款待
bn:00022626n	核心
bn:00022627n	核心
bn:00022628n	核心
bn:00022629n	核心
bn:00022661n	软木
bn:00022678n	玉米
bn:00022679n	玉米
bn:00022680n	玉米
bn:00022696n	玉米片
bn:00022733n	角落
bn:00022734n	角
bn:00022735n	墙角
bn:00022735n	角落
bn:00022736n	拐角
bn:00022736n	街头
bn:00022736n	角落
bn:00022737n	拐角
bn:00022737n	角落
bn:00022737n	边角
bn:00022750n	号角
bn:00022750n	小号
bn:00022760n	内布拉斯加
bn:00022792n	挽歌
bn:00022801n	验尸官
bn:00022811n	企业
bn:00022811n	公司
bn:00022812n	下士
bn:00022841n	校正
bn:00022842n	校正
bn:00022843n	校正
bn:00022853n	正确性
bn:00022856n	关联
bn:00022856n	相关性
bn:00022861n	通信
bn:00022865n	记者
bn:00022865n	通信者
bn:00022865n	通讯员
bn:00022866n	记者
bn:00022866n	通讯员
bn:00022867n	走廊
bn:00022884n	堕落
bn:00022897n	套房
bn:00022899n	皮层
bn:00022932n	寒鸦
bn:00022991n	世界
bn:00022991n	宇宙
bn:00022995n	代价
bn:00022995n	成本
bn:00022995n	费用
bn:00022996n	价格
bn:00022996n	成本
bn:00022996n	物价
bn:00022996n	费用
bn:00022997n	代价
bn:00023011n	肋骨
bn:00023028n	服装
bn:00023072n	棉
bn:00023072n	棉线
bn:00023072n	棉花
bn:00023101n	沙发
bn:00023119n	委员会
bn:00023119n	理事会
bn:00023134n	指导
bn:00023134n	指引
bn:00023134n	方向
bn:00023137n	顾问
bn:00023139n	计数
bn:00023140n	计数
bn:00023151n	面容
bn:00023151n	面貌
bn:00023152n	制裁
bn:00023154n	柜台
bn:00023155n	筹码
bn:00023206n	反攻
bn:00023235n	乡下
bn:00023235n	国
bn:00023235n	国土
bn:00023235n	国家
bn:00023235n	地
bn:00023235n	地区
bn:00023236n	乡村
bn:00023236n	国
bn:00023236n	国家
bn:00023236n	土地
bn:00023236n	州
bn:00023236n	民族
bn:00023237n	乡下
bn:00023237n	乡村
bn:00023237n	农村
bn:00023237n	地区
bn:00023241n	故乡
bn:00023241n	祖国
bn:00023244n	贸易站
bn:00023245n	同胞
bn:00023248n	乡村
bn:00023251n	县
bn:00023258n	政变
bn:00023260n	一瞥
bn:00023268n	一对
bn:00023268n	夫妇
bn:00023268n	夫妻
bn:00023269n	夫妇
bn:00023269n	夫妻
bn:00023284n	信使
bn:00023285n	历程
bn:00023285n	线路
bn:00023285n	课程
bn:00023285n	路程
bn:00023285n	路线
bn:00023285n	过程
bn:00023286n	趋势
bn:00023286n	路线
bn:00023286n	过程
bn:00023287n	路线
bn:00023288n	课程
bn:00023288n	足迹
bn:00023288n	轨道
bn:00023290n	排
bn:00023293n	学分
bn:00023295n	课程
bn:00023301n	宫廷
bn:00023301n	法庭
bn:00023301n	法院
bn:00023302n	法院
bn:00023303n	宫廷
bn:00023310n	庭院
bn:00023310n	院子
bn:00023322n	礼貌
bn:00023322n	礼遇
bn:00023327n	侍臣
bn:00023333n	表亲
bn:00023347n	掩护
bn:00023348n	覆盖
bn:00023349n	盖子
bn:00023350n	掩护
bn:00023361n	覆盖
bn:00023373n	床罩
bn:00023381n	牛
bn:00023397n	懦夫
bn:00023399n	懦弱
bn:00023410n	牛皮
bn:00023433n	南达科他州
bn:00023436n	cps
bn:00023436n	周期
bn:00023438n	螃蟹
bn:00023461n	干裂
bn:00023461n	缝
bn:00023461n	间隙
bn:00023462n	枪声
bn:00023464n	萨莉
bn:00023469n	审判日
bn:00023470n	射手
bn:00023470n	狙击手
bn:00023486n	怪人
bn:00023491n	摇篮
bn:00023496n	交易
bn:00023496n	工艺
bn:00023496n	手艺
bn:00023496n	技艺
bn:00023496n	职业
bn:00023496n	行
bn:00023496n	行业
bn:00023496n	贸易
bn:00023498n	行业
bn:00023499n	技艺
bn:00023505n	工匠
bn:00023506n	峭壁
bn:00023571n	撞车
bn:00023581n	粗俗
bn:00023619n	狂热
bn:00023620n	怒火
bn:00023620n	歇斯底里
bn:00023620n	狂热
bn:00023620n	疯狂
bn:00023632n	精英
bn:00023645n	皱纹
bn:00023645n	线
bn:00023653n	创作
bn:00023653n	创造物
bn:00023654n	创造
bn:00023654n	开始
bn:00023658n	思想
bn:00023659n	创造力
bn:00023661n	生物
bn:00023663n	托儿所
bn:00023667n	信贷
bn:00023667n	功劳
bn:00023667n	认可
bn:00023668n	信贷
bn:00023671n	信用
bn:00023671n	信贷
bn:00023685n	信条
bn:00023747n	傍晚
bn:00023747n	黄昏
bn:00023757n	峰顶
bn:00023758n	山峰
bn:00023758n	顶端
bn:00023758n	顶部
bn:00023774n	人员
bn:00023775n	帮
bn:00023778n	船员
bn:00023782n	水手
bn:00023796n	蟋蟀
bn:00023807n	犯罪
bn:00023807n	罪行
bn:00023810n	财团
bn:00023815n	歹徒
bn:00023815n	罪犯
bn:00023815n	骗子
bn:00023819n	刑法
bn:00023823n	起诉
bn:00023827n	犯罪
bn:00023843n	瘸子
bn:00023844n	危机
bn:00023845n	危机
bn:00023853n	标准
bn:00023853n	试金石
bn:00023854n	标准
bn:00023856n	批评家
bn:00023856n	评论家
bn:00023857n	批评家
bn:00023864n	回顾
bn:00023864n	评论
bn:00023867n	批判
bn:00023867n	批评
bn:00023868n	批评
bn:00023869n	批判
bn:00023931n	作物
bn:00023931n	农作物
bn:00023931n	成果
bn:00023946n	十字架
bn:00023947n	十字架
bn:00023976n	截面
bn:00024016n	十字路口
bn:00024016n	村庄
bn:00024017n	交叉点
bn:00024042n	怪癖
bn:00024049n	臀部
bn:00024054n	乌鸦
bn:00024054n	啼
bn:00024065n	人群
bn:00024069n	王冠
bn:00024097n	君主
bn:00024098n	屏幕
bn:00024119n	残忍
bn:00024120n	虐待
bn:00024122n	航行
bn:00024126n	警车
bn:00024139n	十字军
bn:00024145n	砾石
bn:00024154n	拐杖
bn:00024162n	泪水
bn:00024162n	眼泪
bn:00024172n	冻伤
bn:00024209n	晶体
bn:00024210n	晶体
bn:00024212n	石英
bn:00024232n	晶体学
bn:00024243n	菜鸟
bn:00024244n	小伙子
bn:00024247n	古巴
bn:00024258n	立方
bn:00024258n	立方体
bn:00024266n	升
bn:00024318n	袖口
bn:00024325n	死胡同
bn:00024341n	罪犯
bn:00024369n	文化
bn:00024394n	积云
bn:00024395n	拖延
bn:00024410n	杯
bn:00024410n	杯子
bn:00024411n	杯
bn:00024459n	牧师
bn:00024461n	治疗
bn:00024463n	路边
bn:00024468n	路边
bn:00024488n	好奇
bn:00024488n	好奇心
bn:00024510n	电流
bn:00024525n	誓言
bn:00024526n	诅咒
bn:00024534n	帘子
bn:00024534n	帷幔
bn:00024534n	窗帘
bn:00024541n	场地
bn:00024541n	庭院
bn:00024541n	院子
bn:00024550n	曲线
bn:00024551n	曲线
bn:00024564n	减震器
bn:00024564n	缓冲
bn:00024591n	习俗
bn:00024591n	习惯
bn:00024592n	习俗
bn:00024592n	传统
bn:00024600n	剪辑
bn:00024630n	触觉
bn:00024640n	表皮
bn:00024643n	皮肤
bn:00024643n	肌肤
bn:00024644n	弯刀
bn:00024712n	网
bn:00024712n	网络
bn:00024724n	周期
bn:00024724n	循环
bn:00024724n	节奏
bn:00024725n	周期
bn:00024726n	循环
bn:00024727n	循环
bn:00024746n	百科全书
bn:00024779n	柱体
bn:00024845n	柏树
bn:00024880n	囊肿
bn:00024905n	细胞质
bn:00024933n	捷克斯洛伐克
bn:00024989n	爸
bn:00024989n	爸爸
bn:00024990n	达达主义
bn:00024996n	朝鲜
bn:00024996n	韩国
bn:00024998n	恶魔
bn:00024998n	魔鬼
bn:00025000n	水仙花
bn:00025029n	奶牛
bn:00025036n	雏菊
bn:00025062n	达拉斯
bn:00025075n	水坝
bn:00025080n	伤害
bn:00025080n	损伤
bn:00025080n	损失
bn:00025080n	损害
bn:00025080n	破坏
bn:00025081n	损坏
bn:00025082n	坏处
bn:00025082n	损害
bn:00025083n	代价
bn:00025083n	价格
bn:00025083n	条件
bn:00025084n	错误
bn:00025097n	女士
bn:00025113n	诅咒
bn:00025142n	舞曲
bn:00025142n	舞蹈
bn:00025143n	舞会
bn:00025143n	舞蹈
bn:00025144n	舞蹈
bn:00025153n	舞者
bn:00025167n	丹麦人
bn:00025170n	危险
bn:00025171n	危险
bn:00025171n	风险
bn:00025172n	危险
bn:00025196n	丹麦
bn:00025198n	但丁
bn:00025211n	斑块
bn:00025233n	暗
bn:00025233n	黑暗
bn:00025234n	黑暗
bn:00025235n	影子
bn:00025235n	阴影
bn:00025235n	黑暗
bn:00025236n	夜
bn:00025236n	夜晚
bn:00025236n	晚
bn:00025236n	晚上
bn:00025236n	晚间
bn:00025236n	黑暗
bn:00025237n	黑暗
bn:00025241n	中世纪
bn:00025242n	海军
bn:00025256n	宠儿
bn:00025286n	短跑
bn:00025293n	失望
bn:00025314n	数据
bn:00025320n	文件
bn:00025320n	档案
bn:00025327n	数据
bn:00025336n	日
bn:00025336n	日期
bn:00025337n	约会
bn:00025364n	女儿
bn:00025364n	女儿们
bn:00025364n	女孩
bn:00025408n	海底
bn:00025417n	天
bn:00025417n	日子
bn:00025417n	时期
bn:00025418n	天
bn:00025418n	日
bn:00025418n	日子
bn:00025419n	天
bn:00025419n	日子
bn:00025419n	白天
bn:00025419n	白昼
bn:00025420n	天
bn:00025421n	时期
bn:00025433n	玉簪
bn:00025436n	厄运
bn:00025463n	震惊
bn:00025495n	执事
bn:00025500n	死者
bn:00025510n	僵局
bn:00025523n	死者
bn:00025524n	猜测
bn:00025559n	经销商
bn:00025566n	交易
bn:00025567n	交易
bn:00025569n	交往
bn:00025569n	关系
bn:00025571n	院长
bn:00025580n	短缺
bn:00025582n	死亡
bn:00025583n	死亡
bn:00025584n	死亡
bn:00025584n	死神
bn:00025585n	死亡
bn:00025585n	死神
bn:00025588n	终结
bn:00025588n	结局
bn:00025596n	毒气室
bn:00025615n	屠杀
bn:00025619n	降解
bn:00025621n	辩论
bn:00025622n	放荡者
bn:00025627n	衰弱
bn:00025634n	尘埃
bn:00025634n	杂物
bn:00025634n	灰尘
bn:00025634n	瓦砾
bn:00025634n	碎片
bn:00025638n	债务
bn:00025643n	进入
bn:00025645n	12月
bn:00025645n	十二月
bn:00025646n	十
bn:00025674n	衰减
bn:00025674n	衰退
bn:00025675n	下降
bn:00025675n	衰败
bn:00025680n	欺骗
bn:00025683n	减速
bn:00025686n	除夕
bn:00025688n	礼貌
bn:00025693n	决策
bn:00025719n	甲板
bn:00025721n	扑克牌
bn:00025735n	决议
bn:00025735n	决议案
bn:00025742n	下降
bn:00025742n	落差
bn:00025744n	衰退
bn:00025746n	衰落
bn:00025754n	分解
bn:00025755n	分解
bn:00025755n	瓦解
bn:00025756n	腐烂
bn:00025764n	装饰
bn:00025765n	装饰
bn:00025765n	装饰品
bn:00025766n	勋章
bn:00025766n	奖章
bn:00025769n	装饰性
bn:00025770n	设计师
bn:00025772n	礼仪
bn:00025780n	减少
bn:00025781n	判决
bn:00025781n	命令
bn:00025781n	法令
bn:00025792n	奉献
bn:00025798n	扣除
bn:00025799n	扣除
bn:00025800n	含义
bn:00025801n	结论
bn:00025803n	折扣
bn:00025804n	契约
bn:00025827n	水深
bn:00025827n	深处
bn:00025827n	深度
bn:00025830n	兔热病
bn:00025848n	默认
bn:00025855n	失败
bn:00025856n	挫折
bn:00025863n	缺损
bn:00025863n	缺陷
bn:00025864n	缺陷
bn:00025865n	缺点
bn:00025865n	缺陷
bn:00025870n	防御
bn:00025872n	辩护
bn:00025874n	辩护
bn:00025875n	辩护
bn:00025878n	防御
bn:00025879n	防御
bn:00025884n	被告
bn:00025885n	捍卫者
bn:00025885n	监护人
bn:00025889n	国防部
bn:00025913n	缺乏
bn:00025913n	缺失
bn:00025913n	缺陷
bn:00025914n	不足
bn:00025916n	短缺
bn:00025916n	赤字
bn:00025928n	定义
bn:00025929n	定义
bn:00025940n	转移
bn:00025950n	失真
bn:00025954n	支付
bn:00025960n	退化
bn:00025965n	层次
bn:00025965n	水平
bn:00025965n	程度
bn:00025966n	层次
bn:00025966n	层面
bn:00025966n	水平
bn:00025966n	点
bn:00025966n	程度
bn:00025966n	级别
bn:00025966n	要点
bn:00025966n	角度
bn:00025966n	阶段
bn:00025968n	度
bn:00025974n	自由度
bn:00025995n	上帝
bn:00025995n	众神
bn:00025995n	神
bn:00025995n	神像
bn:00025995n	神明
bn:00025995n	神灵
bn:00025995n	诸神
bn:00026000n	午餐
bn:00026000n	午饭
bn:00026007n	特拉华
bn:00026007n	特拉华河
bn:00026014n	拖延
bn:00026015n	拖延
bn:00026022n	乐趣
bn:00026022n	快乐
bn:00026023n	享受
bn:00026025n	代表
bn:00026037n	审议
bn:00026042n	外交
bn:00026047n	乐趣
bn:00026053n	玩忽职守
bn:00026061n	救援
bn:00026081n	三角洲
bn:00026089n	泼尼松
bn:00026090n	三角肌
bn:00026096n	幻觉
bn:00026101n	煽动者
bn:00026103n	要求
bn:00026103n	需求
bn:00026104n	需求
bn:00026105n	要求
bn:00026105n	需求
bn:00026106n	需求
bn:00026107n	需求
bn:00026107n	需要
bn:00026115n	范围
bn:00026129n	区域
bn:00026129n	土地
bn:00026129n	地盘
bn:00026133n	超人
bn:00026146n	民主
bn:00026148n	民主党人
bn:00026149n	民主党
bn:00026163n	毁灭
bn:00026165n	恶魔
bn:00026173n	演示
bn:00026173n	示范
bn:00026173n	证明
bn:00026179n	示范者
bn:00026199n	巢穴
bn:00026200n	藏身处
bn:00026229n	否认
bn:00026230n	拒绝
bn:00026239n	居民
bn:00026245n	宗派
bn:00026245n	教派
bn:00026251n	参照
bn:00026255n	谴责
bn:00026259n	密度
bn:00026277n	假牙
bn:00026279n	牙医
bn:00026308n	部门
bn:00026325n	司法部
bn:00026327n	劳工部
bn:00026336n	国务院
bn:00026344n	偏离
bn:00026344n	区别
bn:00026344n	差异
bn:00026350n	可靠性
bn:00026351n	依赖
bn:00026351n	依赖性
bn:00026352n	家属
bn:00026364n	消耗
bn:00026374n	沉积物
bn:00026385n	储户
bn:00026386n	图书馆
bn:00026387n	终端
bn:00026388n	仓库
bn:00026389n	堕落
bn:00026391n	折旧
bn:00026392n	折旧
bn:00026393n	贬低
bn:00026398n	掠夺
bn:00026398n	破坏
bn:00026402n	抑郁
bn:00026404n	洼地
bn:00026405n	沮丧
bn:00026415n	贫困
bn:00026416n	损失
bn:00026418n	深度
bn:00026425n	副手
bn:00026425n	副警长
bn:00026487n	后裔
bn:00026488n	后代
bn:00026498n	出处
bn:00026498n	血统
bn:00026499n	下降
bn:00026501n	描述
bn:00026512n	形式
bn:00026512n	形态
bn:00026512n	表单
bn:00026512n	表格
bn:00026516n	整合
bn:00026519n	沙漠
bn:00026519n	荒漠
bn:00026532n	干燥剂
bn:00026535n	设计
bn:00026536n	计划
bn:00026536n	设计
bn:00026537n	图案
bn:00026537n	设计
bn:00026542n	认同
bn:00026542n	识别
bn:00026542n	鉴定
bn:00026550n	愿望
bn:00026550n	欲望
bn:00026550n	渴望
bn:00026551n	意愿
bn:00026551n	愿望
bn:00026552n	欲望
bn:00026554n	书桌
bn:00026554n	办公桌
bn:00026554n	桌
bn:00026554n	桌子
bn:00026576n	解吸
bn:00026577n	绝望
bn:00026581n	发货
bn:00026590n	掠夺者
bn:00026601n	目的
bn:00026601n	目的地
bn:00026602n	目的地
bn:00026603n	命运
bn:00026604n	命运
bn:00026606n	驱逐舰
bn:00026610n	毁灭
bn:00026610n	破坏
bn:00026620n	隔离
bn:00026622n	细节
bn:00026622n	要点
bn:00026622n	详情
bn:00026622n	项目
bn:00026623n	细节
bn:00026623n	项
bn:00026623n	项目
bn:00026624n	细节
bn:00026628n	细节
bn:00026631n	发现
bn:00026631n	探测
bn:00026631n	检测
bn:00026633n	侦探
bn:00026633n	调查员
bn:00026638n	传感器
bn:00026638n	探测器
bn:00026645n	洗涤剂
bn:00026645n	清洁剂
bn:00026646n	洗涤剂
bn:00026647n	恶化
bn:00026650n	发现
bn:00026650n	测定
bn:00026658n	例子
bn:00026658n	教训
bn:00026658n	课
bn:00026672n	底特律
bn:00026684n	德国
bn:00026691n	开发商
bn:00026695n	发展
bn:00026696n	发展
bn:00026696n	进化
bn:00026697n	发展
bn:00026697n	发育
bn:00026697n	增长
bn:00026697n	成长
bn:00026697n	生长
bn:00026698n	发展
bn:00026699n	发展
bn:00026700n	发展
bn:00026701n	发展
bn:00026712n	偏差
bn:00026716n	装置
bn:00026716n	设备
bn:00026718n	扭曲
bn:00026739n	恶作剧
bn:00026745n	制作
bn:00026753n	热爱
bn:00026788n	糖尿病
bn:00026791n	糖尿病
bn:00026805n	诊断
bn:00026809n	病理学家
bn:00026817n	图表
bn:00026820n	表盘
bn:00026827n	辩证法
bn:00026828n	辩证法
bn:00026834n	对话
bn:00026835n	对话
bn:00026836n	台词
bn:00026836n	对话
bn:00026838n	会谈
bn:00026838n	谈判
bn:00026839n	分离
bn:00026839n	透析
bn:00026841n	直径
bn:00026848n	钻石
bn:00026869n	尿布
bn:00026876n	膜片
bn:00026876n	隔膜
bn:00026877n	膈肌
bn:00026886n	腹泻
bn:00026887n	日志
bn:00026887n	日记
bn:00026901n	硅藻
bn:00026920n	骰子
bn:00026960n	命令
bn:00026961n	指令
bn:00026967n	字典
bn:00026967n	词典
bn:00026971n	名言
bn:00026971n	声明
bn:00026980n	指示
bn:00026980n	教学
bn:00026980n	教育
bn:00026996n	传统主义者
bn:00027011n	饮食
bn:00027022n	不同
bn:00027022n	分歧
bn:00027022n	区别
bn:00027022n	差别
bn:00027022n	差异
bn:00027023n	不同
bn:00027036n	分化
bn:00027036n	区别
bn:00027037n	微分
bn:00027040n	困难
bn:00027040n	难度
bn:00027041n	困难
bn:00027041n	难度
bn:00027041n	麻烦
bn:00027042n	困难
bn:00027043n	困难
bn:00027046n	衍射
bn:00027053n	扩散
bn:00027056n	分散
bn:00027059n	发掘
bn:00027059n	挖掘
bn:00027078n	数字
bn:00027103n	尊严
bn:00027103n	自尊
bn:00027104n	尊严
bn:00027131n	困境
bn:00027132n	勤奋
bn:00027143n	稀释
bn:00027144n	稀释
bn:00027151n	尺寸
bn:00027151n	维度
bn:00027195n	餐厅
bn:00027206n	晚餐
bn:00027206n	晚饭
bn:00027207n	晚宴
bn:00027209n	饭盒
bn:00027281n	外交
bn:00027283n	外交官
bn:00027303n	偶极
bn:00027352n	方向
bn:00027352n	路
bn:00027352n	道路
bn:00027353n	方向
bn:00027354n	方向
bn:00027355n	指导
bn:00027355n	管理
bn:00027356n	指令
bn:00027356n	指示
bn:00027357n	指导
bn:00027361n	方向性
bn:00027363n	指令
bn:00027366n	主任
bn:00027366n	主管
bn:00027366n	导演
bn:00027366n	总监
bn:00027366n	管理者
bn:00027366n	经理
bn:00027366n	董事
bn:00027367n	董事
bn:00027368n	导演
bn:00027374n	目录
bn:00027386n	土
bn:00027386n	土地
bn:00027386n	土壤
bn:00027386n	泥土
bn:00027387n	土
bn:00027387n	土壤
bn:00027387n	污垢
bn:00027387n	污物
bn:00027387n	泥土
bn:00027388n	丑闻
bn:00027407n	伤残
bn:00027407n	残疾
bn:00027407n	障碍
bn:00027415n	劣势
bn:00027415n	缺点
bn:00027421n	分歧
bn:00027422n	分歧
bn:00027422n	差异
bn:00027426n	失踪
bn:00027427n	消失
bn:00027430n	失望
bn:00027433n	厌恶
bn:00027435n	裁军
bn:00027439n	拆卸
bn:00027451n	代价
bn:00027451n	开支
bn:00027451n	开销
bn:00027451n	费用
bn:00027452n	支出
bn:00027454n	唱片
bn:00027454n	录音
bn:00027454n	记录
bn:00027455n	圆盘
bn:00027457n	圆盘
bn:00027471n	放电
bn:00027472n	放电
bn:00027474n	释放
bn:00027476n	释放
bn:00027485n	纪律
bn:00027486n	纪律
bn:00027489n	启示
bn:00027496n	污渍
bn:00027506n	不满
bn:00027508n	中断
bn:00027518n	沮丧
bn:00027521n	演讲
bn:00027522n	布道
bn:00027522n	讲道
bn:00027523n	处理
bn:00027523n	治疗
bn:00027523n	讨论
bn:00027526n	进攻
bn:00027529n	发现
bn:00027530n	发现
bn:00027533n	差异
bn:00027538n	歧视
bn:00027544n	讨论
bn:00027544n	话
bn:00027546n	疾病
bn:00027546n	病害
bn:00027549n	患者
bn:00027551n	灵魂
bn:00027551n	神灵
bn:00027551n	精神
bn:00027566n	耻辱
bn:00027570n	厌恶
bn:00027573n	盘
bn:00027573n	盘子
bn:00027573n	餐具
bn:00027574n	盘子
bn:00027579n	洗碗机
bn:00027620n	厌恶
bn:00027620n	反感
bn:00027656n	分配器
bn:00027661n	分布
bn:00027661n	分配
bn:00027665n	移动
bn:00027665n	转变
bn:00027666n	置换
bn:00027670n	演出
bn:00027670n	表现
bn:00027671n	陈列
bn:00027678n	不满
bn:00027682n	处理
bn:00027685n	性格
bn:00027686n	倾向
bn:00027696n	不安
bn:00027698n	忽视
bn:00027705n	不满
bn:00027709n	伪君子
bn:00027714n	异议
bn:00027715n	异议
bn:00027716n	反对
bn:00027716n	意见
bn:00027716n	抗议
bn:00027719n	伤害
bn:00027728n	浪费
bn:00027729n	解离
bn:00027747n	距离
bn:00027747n	远处
bn:00027748n	远处
bn:00027749n	距离
bn:00027761n	蒸馏
bn:00027765n	殊荣
bn:00027766n	区别
bn:00027767n	区别
bn:00027768n	特性
bn:00027782n	分心
bn:00027786n	痛苦
bn:00027790n	严重性
bn:00027795n	分销商
bn:00027797n	分布
bn:00027797n	分类
bn:00027798n	分配
bn:00027799n	分销
bn:00027810n	区
bn:00027810n	地区
bn:00027810n	选区
bn:00027810n	领土
bn:00027810n	领地
bn:00027813n	怀疑
bn:00027815n	不安
bn:00027815n	扰动
bn:00027815n	骚乱
bn:00027815n	骚动
bn:00027816n	不安
bn:00027816n	障碍
bn:00027819n	干扰
bn:00027825n	沟渠
bn:00027862n	多样性
bn:00027862n	种类
bn:00027863n	多元化
bn:00027865n	娱乐
bn:00027865n	消遣
bn:00027874n	剥离
bn:00027878n	流域
bn:00027880n	分红
bn:00027880n	红利
bn:00027880n	股息
bn:00027886n	隔板
bn:00027890n	预言
bn:00027893n	神法
bn:00027898n	仪式
bn:00027898n	服务
bn:00027900n	跳水
bn:00027909n	神学
bn:00027911n	师
bn:00027912n	部分
bn:00027912n	部门
bn:00027913n	部分
bn:00027914n	支
bn:00027914n	部门
bn:00027935n	倍数
bn:00027935n	因子
bn:00027937n	离婚
bn:00027951n	眩晕
bn:00027976n	医师
bn:00027976n	医生
bn:00027980n	被告席
bn:00027982n	码头
bn:00027993n	医生
bn:00027994n	医生
bn:00028005n	博士
bn:00028013n	主义
bn:00028013n	原则
bn:00028013n	哲学
bn:00028013n	学说
bn:00028013n	教义
bn:00028014n	纪录片
bn:00028015n	文件
bn:00028016n	文件
bn:00028020n	支持
bn:00028020n	支撑
bn:00028030n	狐狸
bn:00028031n	逃避
bn:00028057n	狗窝
bn:00028086n	信条
bn:00028086n	教条
bn:00028111n	洋娃娃
bn:00028114n	美元
bn:00028141n	世界
bn:00028141n	领域
bn:00028151n	家畜
bn:00028155n	家禽
bn:00028170n	优势
bn:00028175n	支配
bn:00028176n	优势
bn:00028176n	至高无上
bn:00028188n	多米尼加
bn:00028190n	周日
bn:00028190n	星期天
bn:00028190n	星期日
bn:00028191n	统治
bn:00028191n	统治权
bn:00028213n	堂吉诃德
bn:00028227n	地牢
bn:00028247n	门
bn:00028248n	门
bn:00028248n	门口
bn:00028249n	门
bn:00028252n	门童
bn:00028266n	门槛
bn:00028271n	内幕
bn:00028288n	大厅
bn:00028288n	宿舍
bn:00028319n	剂量
bn:00028320n	剂量
bn:00028329n	点
bn:00028341n	双打
bn:00028425n	怀疑
bn:00028425n	疑虑
bn:00028425n	疑问
bn:00028426n	怀疑
bn:00028426n	疑问
bn:00028426n	问题
bn:00028427n	怀疑者
bn:00028432n	钱
bn:00028432n	面团
bn:00028446n	鸽子
bn:00028465n	嫁妆
bn:00028469n	绒毛
bn:00028515n	几十
bn:00028515n	许多
bn:00028561n	制图
bn:00028562n	绘图
bn:00028563n	绘图板
bn:00028568n	阻力
bn:00028591n	排水
bn:00028596n	排水沟
bn:00028604n	剧本
bn:00028604n	戏
bn:00028604n	戏剧
bn:00028605n	戏剧
bn:00028606n	戏剧
bn:00028609n	戏剧
bn:00028616n	剧作家
bn:00028620n	布商
bn:00028636n	抽屉
bn:00028638n	图纸
bn:00028638n	绘图
bn:00028639n	图纸
bn:00028648n	客厅
bn:00028658n	梦
bn:00028658n	梦想
bn:00028659n	梦
bn:00028659n	梦想
bn:00028660n	梦
bn:00028664n	唯心主义者
bn:00028674n	沉淀物
bn:00028682n	服装
bn:00028682n	衣服
bn:00028682n	连衣裙
bn:00028702n	化妆室
bn:00028702n	更衣室
bn:00028709n	滴
bn:00028719n	动力
bn:00028719n	漂移
bn:00028723n	趋势
bn:00028736n	练习
bn:00028736n	锻炼
bn:00028749n	酒
bn:00028749n	饮品
bn:00028749n	饮料
bn:00028756n	杯子
bn:00028756n	玻璃
bn:00028777n	推动
bn:00028777n	驱动
bn:00028777n	驱动器
bn:00028778n	传动
bn:00028778n	驱动
bn:00028779n	车道
bn:00028780n	动力
bn:00028783n	乘车
bn:00028783n	骑行
bn:00028795n	司机
bn:00028809n	细雨
bn:00028821n	雄蜂
bn:00028822n	嗡嗡声
bn:00028847n	液滴
bn:00028853n	水肿
bn:00028861n	杂质
bn:00028863n	干旱
bn:00028863n	旱灾
bn:00028864n	干旱
bn:00028872n	药物
bn:00028891n	鼓
bn:00028891n	鼓声
bn:00028908n	鼓丘
bn:00028909n	鼓手
bn:00028913n	酒鬼
bn:00028913n	醉汉
bn:00028934n	世界
bn:00028934n	土地
bn:00028934n	地
bn:00028934n	地球
bn:00028934n	地面
bn:00028934n	大地
bn:00028934n	陆地
bn:00028948n	排演
bn:00028967n	干燥
bn:00029010n	鸭子
bn:00029049n	到期日
bn:00029050n	东方
bn:00029051n	北面
bn:00029053n	南边
bn:00029054n	西边
bn:00029054n	西面
bn:00029071n	防空洞
bn:00029074n	公爵
bn:00029096n	哑剧
bn:00029097n	哑铃
bn:00029124n	沙丘
bn:00029149n	受害者
bn:00029150n	欺诈
bn:00029161n	耐用性
bn:00029170n	时长
bn:00029170n	长度
bn:00029192n	尘土
bn:00029192n	灰尘
bn:00029192n	粉尘
bn:00029196n	尘云
bn:00029212n	争吵
bn:00029220n	三叶草
bn:00029223n	印度尼西亚
bn:00029239n	义务
bn:00029239n	任务
bn:00029239n	职责
bn:00029239n	责任
bn:00029240n	任务
bn:00029240n	职责
bn:00029240n	责任
bn:00029241n	关税
bn:00029242n	轮班
bn:00029296n	动力学
bn:00029300n	炸药
bn:00029313n	痢疾
bn:00029340n	维生素E
bn:00029364n	准备
bn:00029372n	耳朵
bn:00029373n	耳朵
bn:00029399n	初期
bn:00029406n	商标
bn:00029406n	标志
bn:00029406n	标记
bn:00029406n	特征
bn:00029412n	诚意
bn:00029415n	利润
bn:00029415n	收入
bn:00029415n	收益
bn:00029416n	工资
bn:00029416n	报酬
bn:00029416n	支付
bn:00029416n	收入
bn:00029416n	薪
bn:00029416n	薪水
bn:00029416n	薪资
bn:00029416n	薪酬
bn:00029419n	耳机
bn:00029424n	世界
bn:00029424n	地球
bn:00029425n	土地
bn:00029425n	地球
bn:00029425n	地面
bn:00029425n	泥土
bn:00029426n	地球
bn:00029428n	世界
bn:00029430n	水面
bn:00029430n	表面
bn:00029432n	厕所
bn:00029441n	震动
bn:00029448n	地震
bn:00029457n	休息
bn:00029458n	画架
bn:00029463n	东方
bn:00029464n	东方
bn:00029490n	东侧
bn:00029497n	复活节
bn:00029535n	安乐椅
bn:00029542n	牧场
bn:00029545n	餐厅
bn:00029545n	餐馆
bn:00029547n	侵蚀
bn:00029621n	回声
bn:00029621n	混响
bn:00029648n	月食
bn:00029650n	黄道
bn:00029667n	经济学家
bn:00029678n	经济
bn:00029680n	价值
bn:00029683n	经济
bn:00029684n	经济
bn:00029685n	节约
bn:00029692n	狂喜
bn:00029694n	电休克
bn:00029734n	天堂
bn:00029745n	边缘
bn:00029747n	优势
bn:00029748n	边缘
bn:00029770n	版
bn:00029770n	版本
bn:00029771n	版本
bn:00029773n	版本
bn:00029774n	编辑
bn:00029806n	学生
bn:00029807n	教育
bn:00029808n	教育
bn:00029809n	教育
bn:00029857n	脑电图
bn:00029871n	印象
bn:00029871n	影响
bn:00029871n	效应
bn:00029871n	效果
bn:00029872n	效应
bn:00029872n	效果
bn:00029876n	效能
bn:00029876n	有效性
bn:00029877n	强度
bn:00029877n	效力
bn:00029877n	效能
bn:00029877n	有效性
bn:00029888n	效力
bn:00029889n	效率
bn:00029890n	效率
bn:00029897n	废水
bn:00029897n	污水
bn:00029899n	努力
bn:00029900n	努力
bn:00029900n	壮举
bn:00029913n	卵
bn:00029913n	蛋
bn:00029913n	鸡蛋
bn:00029914n	鸡蛋
bn:00029934n	自尊
bn:00029934n	自尊心
bn:00029934n	自我
bn:00029935n	自己
bn:00029935n	自我
bn:00029945n	自负
bn:00030004n	爱尔兰
bn:00030015n	驱逐
bn:00030081n	弹性
bn:00030098n	地方
bn:00030098n	房间
bn:00030098n	空位
bn:00030098n	空间
bn:00030098n	路
bn:00030100n	长老
bn:00030100n	长辈
bn:00030113n	选举
bn:00030118n	选举日
bn:00030119n	投票区
bn:00030122n	选民
bn:00030157n	风琴
bn:00030158n	插座
bn:00030159n	电压
bn:00030160n	电力
bn:00030163n	电冰箱
bn:00030164n	电阻
bn:00030165n	电击
bn:00030167n	冲击
bn:00030170n	开关
bn:00030181n	电
bn:00030181n	电力
bn:00030190n	电工
bn:00030192n	电
bn:00030192n	电力
bn:00030192n	电学
bn:00030193n	电
bn:00030202n	电极
bn:00030209n	电解
bn:00030215n	电磁铁
bn:00030227n	电压
bn:00030231n	电子
bn:00030242n	管道
bn:00030270n	电子学
bn:00030293n	优雅
bn:00030308n	小学
bn:00030314n	大象
bn:00030328n	提升
bn:00030333n	提升机
bn:00030333n	电梯
bn:00030339n	足球队
bn:00030358n	消除
bn:00030375n	例外
bn:00030376n	精英
bn:00030401n	希腊
bn:00030406n	椭圆
bn:00030406n	椭圆形
bn:00030416n	榆树
bn:00030464n	堤岸
bn:00030465n	禁运
bn:00030466n	尴尬
bn:00030468n	尴尬
bn:00030470n	大使馆
bn:00030486n	形状
bn:00030497n	拥抱
bn:00030515n	主人
bn:00030515n	主持人
bn:00030521n	爱尔兰
bn:00030523n	出现
bn:00030538n	砂纸
bn:00030546n	移民
bn:00030560n	征用权
bn:00030581n	情感
bn:00030581n	情绪
bn:00030584n	情绪
bn:00030584n	精神
bn:00030598n	强调
bn:00030600n	肺气肿
bn:00030601n	帝国
bn:00030605n	纽约
bn:00030607n	乔治亚
bn:00030607n	乔治亚州
bn:00030607n	佐治亚州
bn:00030615n	选址
bn:00030616n	就业
bn:00030616n	工作
bn:00030616n	雇佣
bn:00030618n	员工
bn:00030618n	职员
bn:00030618n	雇员
bn:00030623n	流动率
bn:00030624n	老板
bn:00030624n	雇主
bn:00030625n	就业
bn:00030625n	工作
bn:00030626n	就业
bn:00030627n	使用
bn:00030627n	利用
bn:00030627n	用法
bn:00030627n	用途
bn:00030627n	练习
bn:00030640n	疏散
bn:00030686n	咒语
bn:00030686n	恍惚
bn:00030686n	魔咒
bn:00030687n	女巫
bn:00030687n	巫婆
bn:00030702n	会议
bn:00030707n	侵占
bn:00030707n	侵扰
bn:00030709n	影响
bn:00030716n	奖学金
bn:00030718n	尽头
bn:00030718n	末端
bn:00030718n	结束
bn:00030719n	终结
bn:00030719n	结束
bn:00030720n	尽头
bn:00030720n	末日
bn:00030720n	终结
bn:00030720n	结尾
bn:00030720n	结局
bn:00030720n	结束
bn:00030721n	目标
bn:00030721n	目的
bn:00030721n	终点
bn:00030721n	终结
bn:00030722n	末尾
bn:00030722n	结尾
bn:00030723n	尽头
bn:00030723n	末端
bn:00030724n	末端
bn:00030725n	尽头
bn:00030736n	端点
bn:00030738n	输出
bn:00030747n	危险
bn:00030747n	风险
bn:00030751n	企业
bn:00030751n	努力
bn:00030757n	结尾
bn:00030765n	激素
bn:00030806n	天赋
bn:00030806n	才华
bn:00030806n	才能
bn:00030810n	耐力
bn:00030811n	生存
bn:00030812n	马拉松
bn:00030814n	敌人
bn:00030814n	敌方
bn:00030815n	敌人
bn:00030816n	敌人
bn:00030820n	能量
bn:00030821n	活力
bn:00030821n	能量
bn:00030822n	精力
bn:00030822n	能量
bn:00030823n	精力
bn:00030823n	能量
bn:00030824n	活力
bn:00030839n	执行
bn:00030844n	参与
bn:00030850n	发动机
bn:00030850n	引擎
bn:00030852n	引擎
bn:00030858n	工程
bn:00030858n	技术
bn:00030861n	英国
bn:00030861n	英格兰
bn:00030862n	英语
bn:00030863n	英国人
bn:00030864n	英语
bn:00030891n	英国人
bn:00030899n	雕刻师
bn:00030916n	享受
bn:00030917n	享受
bn:00030922n	扩展
bn:00030922n	扩张
bn:00030926n	启迪
bn:00030928n	士兵
bn:00030936n	恶意
bn:00030951n	提问
bn:00030951n	询问
bn:00030951n	质疑
bn:00030951n	质问
bn:00030951n	问题
bn:00030952n	研究
bn:00030953n	调查
bn:00030959n	注册
bn:00030959n	登记
bn:00030961n	乐团
bn:00030977n	纠葛
bn:00030987n	伤寒
bn:00031008n	企业
bn:00031009n	主动性
bn:00031011n	企业家
bn:00031021n	诱惑
bn:00031027n	存在
bn:00031027n	实体
bn:00031044n	入口
bn:00031047n	进入者
bn:00031048n	新手
bn:00031048n	新来者
bn:00031062n	条目
bn:00031065n	编号
bn:00031067n	信封
bn:00031074n	环境
bn:00031075n	周围
bn:00031075n	环境
bn:00031085n	酶
bn:00031107n	肩章
bn:00031134n	史诗
bn:00031140n	震中
bn:00031153n	传染病
bn:00031153n	流行病
bn:00031177n	警句
bn:00031208n	骨骺
bn:00031224n	插曲
bn:00031224n	片段
bn:00031227n	序列
bn:00031237n	认识论
bn:00031258n	原型
bn:00031258n	形象
bn:00031261n	年代
bn:00031261n	时代
bn:00031261n	时期
bn:00031284n	平等
bn:00031285n	平等
bn:00031287n	怀俄明州
bn:00031293n	公式
bn:00031293n	方程
bn:00031293n	方程式
bn:00031294n	赤道
bn:00031312n	平衡
bn:00031322n	装备
bn:00031322n	设备
bn:00031332n	股票
bn:00031334n	公正
bn:00031337n	等价
bn:00031337n	等价物
bn:00031339n	同义词
bn:00031345n	马
bn:00031345n	马匹
bn:00031475n	爱
bn:00031480n	任务
bn:00031480n	差事
bn:00031483n	错误
bn:00031484n	误差
bn:00031484n	错误
bn:00031485n	过错
bn:00031485n	错误
bn:00031486n	失误
bn:00031487n	罪孽
bn:00031487n	错误
bn:00031493n	喷发
bn:00031519n	红细胞
bn:00031545n	逃脱
bn:00031546n	逃避
bn:00031605n	西班牙
bn:00031609n	间谍
bn:00031610n	间谍
bn:00031618n	士气
bn:00031622n	散文
bn:00031622n	文章
bn:00031623n	尝试
bn:00031629n	香料
bn:00031629n	香水
bn:00031631n	必需品
bn:00031631n	要求
bn:00031631n	需求
bn:00031631n	需要
bn:00031641n	制度
bn:00031641n	机构
bn:00031643n	企业
bn:00031647n	产业
bn:00031647n	财产
bn:00031647n	遗产
bn:00031653n	尊重
bn:00031654n	尊重
bn:00031655n	酯
bn:00031660n	估计
bn:00031660n	判断
bn:00031661n	估计
bn:00031685n	永生
bn:00031687n	永恒
bn:00031706n	伦理
bn:00031708n	处方
bn:00031709n	伦理学
bn:00031709n	道德
bn:00031714n	埃塞俄比亚人
bn:00031744n	礼仪
bn:00031801n	福祉
bn:00031853n	音乐
bn:00031896n	欧洲
bn:00031898n	欧洲人
bn:00031970n	撤离
bn:00031972n	评估
bn:00031972n	评级
bn:00031973n	估值
bn:00031973n	等级
bn:00031973n	评价
bn:00031973n	评估
bn:00031973n	评级
bn:00031974n	裁判
bn:00031976n	福音
bn:00031995n	夏娃
bn:00031996n	前夕
bn:00031998n	傍晚
bn:00031998n	晚
bn:00031998n	晚上
bn:00032021n	事件
bn:00032021n	活动
bn:00032025n	珠穆朗玛峰
bn:00032026n	佛罗里达
bn:00032026n	佛罗里达州
bn:00032035n	华盛顿
bn:00032035n	华盛顿州
bn:00032045n	理由
bn:00032045n	证据
bn:00032046n	证据
bn:00032047n	证据
bn:00032048n	邪恶
bn:00032049n	邪恶
bn:00032050n	罪恶
bn:00032050n	邪恶
bn:00032053n	罪人
bn:00032068n	前夫
bn:00032075n	老兵
bn:00032084n	夸张
bn:00032089n	测试
bn:00032089n	考试
bn:00032093n	检查
bn:00032095n	测试
bn:00032099n	例子
bn:00032099n	例证
bn:00032099n	实例
bn:00032099n	情况
bn:00032099n	榜样
bn:00032100n	例子
bn:00032100n	典型
bn:00032100n	典范
bn:00032101n	例子
bn:00032101n	典范
bn:00032101n	模型
bn:00032101n	模式
bn:00032102n	练习
bn:00032114n	优点
bn:00032118n	例外
bn:00032121n	盈余
bn:00032125n	交换
bn:00032126n	交流
bn:00032127n	交换
bn:00032127n	交流
bn:00032128n	交流
bn:00032138n	国库
bn:00032138n	财政部
bn:00032139n	消费税
bn:00032141n	兴奋性
bn:00032144n	兴奋剂
bn:00032145n	兴奋
bn:00032149n	感叹
bn:00032156n	特权
bn:00032163n	远足
bn:00032163n	郊游
bn:00032168n	白宫
bn:00032175n	谋杀
bn:00032175n	谋杀罪
bn:00032178n	刽子手
bn:00032180n	行政
bn:00032199n	免税额
bn:00032199n	自由
bn:00032199n	豁免
bn:00032203n	练习
bn:00032203n	运动
bn:00032203n	锻炼
bn:00032209n	重量
bn:00032224n	展览
bn:00032224n	表演
bn:00032225n	展览
bn:00032227n	表演赛
bn:00032242n	出口
bn:00032242n	出路
bn:00032286n	前景
bn:00032286n	意料
bn:00032286n	期望
bn:00032286n	预期
bn:00032294n	机会主义
bn:00032296n	探险队
bn:00032296n	远征
bn:00032297n	探险队
bn:00032299n	支出
bn:00032300n	开支
bn:00032300n	支出
bn:00032300n	费用
bn:00032301n	代价
bn:00032302n	开销
bn:00032306n	体验
bn:00032306n	经历
bn:00032306n	经验
bn:00032307n	体验
bn:00032307n	经历
bn:00032307n	经验
bn:00032308n	体验
bn:00032308n	经历
bn:00032308n	经验
bn:00032309n	实验
bn:00032309n	试验
bn:00032310n	实验
bn:00032310n	试验
bn:00032311n	实验
bn:00032319n	实验者
bn:00032322n	专家
bn:00032328n	解释
bn:00032336n	剥削
bn:00032336n	开发
bn:00032337n	用户
bn:00032339n	勘探
bn:00032355n	力量
bn:00032369n	阐述
bn:00032373n	反对
bn:00032373n	异议
bn:00032375n	暴露
bn:00032381n	照片
bn:00032391n	反映
bn:00032391n	表现
bn:00032391n	表达
bn:00032392n	表达
bn:00032393n	表情
bn:00032393n	表现
bn:00032393n	表达
bn:00032394n	表达
bn:00032394n	表述
bn:00032395n	公式
bn:00032395n	表达
bn:00032395n	表达式
bn:00032400n	风格
bn:00032412n	扩展
bn:00032413n	扩展
bn:00032425n	幅度
bn:00032425n	程度
bn:00032425n	范围
bn:00032426n	程度
bn:00032426n	范围
bn:00032429n	外面
bn:00032435n	清算
bn:00032469n	提取
bn:00032478n	外部
bn:00032491n	极端
bn:00032492n	极值
bn:00032493n	反动派
bn:00032506n	欢欣
bn:00032512n	眼
bn:00032512n	眼睛
bn:00032513n	眼睛
bn:00032514n	眼睛
bn:00032547n	眼镜
bn:00032552n	盖子
bn:00032552n	眼睑
bn:00032555n	目镜
bn:00032557n	眼影
bn:00032559n	视力
bn:00032576n	罗斯福
bn:00032591n	传说
bn:00032592n	框架
bn:00032598n	外墙
bn:00032600n	脸
bn:00032600n	脸庞
bn:00032600n	脸色
bn:00032600n	脸部
bn:00032600n	面前
bn:00032600n	面孔
bn:00032600n	面容
bn:00032601n	脸
bn:00032601n	脸庞
bn:00032601n	面
bn:00032601n	面孔
bn:00032601n	面容
bn:00032602n	表面
bn:00032603n	面孔
bn:00032604n	侧面
bn:00032645n	设施
bn:00032654n	事实
bn:00032655n	事实
bn:00032656n	事实
bn:00032657n	事实
bn:00032661n	因素
bn:00032675n	工厂
bn:00032695n	仙女
bn:00032702n	尾部
bn:00032718n	弱点
bn:00032718n	虚弱
bn:00032721n	失败
bn:00032722n	失败
bn:00032724n	失败者
bn:00032742n	对象
bn:00032742n	猎物
bn:00032742n	目标
bn:00032752n	球道
bn:00032763n	童话
bn:00032768n	信仰
bn:00032768n	宗教
bn:00032769n	信仰
bn:00032769n	信任
bn:00032769n	信心
bn:00032770n	信仰
bn:00032770n	宗教
bn:00032771n	信仰
bn:00032777n	骗子
bn:00032795n	猎鹰
bn:00032805n	堕落
bn:00032830n	瀑布
bn:00032892n	家
bn:00032892n	家人
bn:00032892n	家庭
bn:00032892n	家族
bn:00032893n	家人
bn:00032893n	家庭
bn:00032893n	家族
bn:00032894n	家庭
bn:00032894n	家族
bn:00032895n	家庭
bn:00032896n	家族
bn:00032897n	团体
bn:00032897n	团契
bn:00032897n	联谊
bn:00033359n	关系
bn:00033596n	饥饿
bn:00033599n	扇子
bn:00033599n	风扇
bn:00033600n	球迷
bn:00033614n	狂热者
bn:00033616n	幻想
bn:00033616n	幻觉
bn:00033616n	错觉
bn:00033622n	拉皮条
bn:00033622n	皮条
bn:00033622n	皮条客
bn:00033624n	女主人
bn:00033624n	情妇
bn:00033635n	天窗
bn:00033647n	幻想
bn:00033648n	幻想
bn:00033656n	远东
bn:00033661n	闹剧
bn:00033671n	告别
bn:00033672n	分离
bn:00033672n	离别
bn:00033676n	农业
bn:00033676n	农场
bn:00033676n	农田
bn:00033678n	牲畜
bn:00033687n	农夫
bn:00033687n	农民
bn:00033693n	农舍
bn:00033695n	农田
bn:00033726n	法西斯主义
bn:00033729n	办法
bn:00033729n	方式
bn:00033729n	方法
bn:00033729n	方面
bn:00033729n	模式
bn:00033729n	风格
bn:00033730n	时尚
bn:00033731n	时尚
bn:00033750n	花招
bn:00033758n	速度
bn:00033761n	脂肪
bn:00033776n	父亲
bn:00033776n	祖先
bn:00033777n	父亲
bn:00033777n	神父
bn:00033794n	疲劳
bn:00033806n	脂肪酸
bn:00033813n	龙头
bn:00033832n	恩惠
bn:00033832n	欢心
bn:00033854n	恐惧
bn:00033857n	可行性
bn:00033858n	盛宴
bn:00033865n	羽毛
bn:00033877n	特征
bn:00033877n	特色
bn:00033882n	二月
bn:00033919n	南斯拉夫
bn:00033939n	费用
bn:00033946n	饲料
bn:00033949n	反馈
bn:00033957n	饲养场
bn:00033959n	感觉
bn:00033960n	情感
bn:00033960n	情绪
bn:00033960n	感情
bn:00033960n	感觉
bn:00033960n	特点
bn:00033960n	精神
bn:00033960n	音调
bn:00033961n	触感
bn:00033963n	同情
bn:00033963n	情感
bn:00033963n	感情
bn:00033963n	感觉
bn:00033964n	感觉
bn:00033965n	触觉
bn:00033968n	情感
bn:00033968n	感情
bn:00033980n	幸福
bn:00033981n	幸福
bn:00034003n	同情
bn:00034004n	会员
bn:00034004n	成员
bn:00034004n	构件
bn:00034004n	议员
bn:00034016n	雌
bn:00034016n	雌性
bn:00034017n	女人
bn:00034017n	女性
bn:00034021n	女孩
bn:00034021n	女生
bn:00034021n	少女
bn:00034022n	母马
bn:00034025n	女王
bn:00034027n	妈妈
bn:00034027n	母亲
bn:00034032n	女性
bn:00034040n	股骨
bn:00034048n	围栏
bn:00034048n	栅栏
bn:00034048n	篱笆
bn:00034051n	栅栏线
bn:00034105n	发酵
bn:00034115n	怒火
bn:00034115n	暴力
bn:00034150n	节庆
bn:00034165n	巫术
bn:00034203n	故事
bn:00034205n	纤维
bn:00034230n	纤维化
bn:00034242n	小说
bn:00034250n	小提琴
bn:00034253n	小提琴手
bn:00034258n	保真度
bn:00034265n	田地
bn:00034265n	田野
bn:00034265n	野外
bn:00034266n	田地
bn:00034266n	田野
bn:00034266n	领域
bn:00034267n	场
bn:00034268n	领域
bn:00034269n	域
bn:00034270n	野外
bn:00034270n	领域
bn:00034271n	领域
bn:00034287n	野餐
bn:00034291n	四分卫
bn:00034293n	玻璃
bn:00034336n	守备
bn:00034353n	五分之一
bn:00034369n	图形
bn:00034369n	图表
bn:00034389n	人物
bn:00034389n	形象
bn:00034390n	人物
bn:00034390n	形象
bn:00034391n	图形
bn:00034391n	形象
bn:00034391n	身影
bn:00034392n	数字
bn:00034393n	人物
bn:00034393n	形象
bn:00034393n	身材
bn:00034394n	多少
bn:00034394n	数
bn:00034394n	数字
bn:00034395n	形象
bn:00034423n	文件
bn:00034424n	锉刀
bn:00034453n	女士
bn:00034453n	女孩
bn:00034453n	女生
bn:00034453n	小姐
bn:00034468n	加油站
bn:00034471n	影片
bn:00034471n	电影
bn:00034471n	画面
bn:00034471n	胶片
bn:00034472n	影片
bn:00034472n	胶卷
bn:00034472n	胶片
bn:00034473n	薄膜
bn:00034491n	滤
bn:00034491n	过滤器
bn:00034492n	滤波器
bn:00034495n	滤纸
bn:00034520n	成果
bn:00034520n	效果
bn:00034520n	结果
bn:00034524n	融资
bn:00034524n	财务
bn:00034543n	财年
bn:00034545n	融资
bn:00034550n	裁决
bn:00034551n	发现
bn:00034552n	判决
bn:00034565n	手指
bn:00034584n	指法
bn:00034588n	指甲
bn:00034589n	指纹
bn:00034593n	指尖
bn:00034609n	芬兰人
bn:00034623n	火
bn:00034623n	火力
bn:00034623n	火灾
bn:00034624n	射击
bn:00034624n	火力
bn:00034625n	明火
bn:00034625n	火
bn:00034625n	火光
bn:00034625n	火焰
bn:00034626n	火
bn:00034626n	炉火
bn:00034627n	火
bn:00034676n	枪
bn:00034676n	枪械
bn:00034676n	火器
bn:00034693n	火光
bn:00034696n	消防员
bn:00034701n	佛罗伦萨
bn:00034702n	壁炉
bn:00034703n	火力
bn:00034706n	炉边
bn:00034712n	防火墙
bn:00034718n	烟花
bn:00034732n	坚固
bn:00034737n	第一
bn:00034738n	第一
bn:00034788n	名字
bn:00034797n	主动权
bn:00034797n	倡议
bn:00034798n	瘤胃
bn:00034806n	一战
bn:00034816n	鱼
bn:00034816n	鱼类
bn:00034817n	鱼
bn:00034818n	鱼
bn:00034819n	双鱼座
bn:00034831n	鱼鹰
bn:00034854n	渔夫
bn:00034854n	渔民
bn:00034861n	钓鱼
bn:00034863n	渔船
bn:00034866n	钓具
bn:00034870n	钓鱼竿
bn:00034888n	少数
bn:00034898n	适合性
bn:00034898n	适应性
bn:00034919n	修理
bn:00034919n	修缮
bn:00034921n	位置
bn:00034940n	不动
bn:00034950n	正规军
bn:00034953n	嘶嘶声
bn:00034960n	旗帜
bn:00034961n	旗帜
bn:00034962n	旗帜
bn:00034969n	白旗
bn:00034981n	鞭打
bn:00034982n	鞭子
bn:00034995n	连枷
bn:00035030n	法兰绒
bn:00035052n	闪光
bn:00035053n	闪光
bn:00035068n	闪回
bn:00035073n	手电筒
bn:00035073n	电筒
bn:00035077n	烧瓶
bn:00035077n	瓶
bn:00035079n	平地
bn:00035105n	巡警
bn:00035120n	气体
bn:00035137n	味道
bn:00035144n	完美
bn:00035151n	跳蚤
bn:00035168n	逃亡者
bn:00035170n	舰队
bn:00035182n	肉
bn:00035182n	肉体
bn:00035182n	肌肉
bn:00035182n	肌肤
bn:00035183n	果肉
bn:00035189n	灵活性
bn:00035192n	铰链
bn:00035201n	火花
bn:00035203n	飘动
bn:00035206n	航班
bn:00035206n	飞行
bn:00035207n	航班
bn:00035207n	飞行
bn:00035209n	飞行
bn:00035233n	燧石
bn:00035284n	絮状物
bn:00035285n	絮凝
bn:00035287n	鸟群
bn:00035291n	冰川
bn:00035294n	洪水
bn:00035304n	地板
bn:00035304n	地面
bn:00035305n	层
bn:00035305n	楼
bn:00035305n	楼层
bn:00035306n	地板
bn:00035313n	地板
bn:00035324n	植株
bn:00035324n	植物
bn:00035324n	种
bn:00035361n	面粉
bn:00035370n	流动
bn:00035370n	流量
bn:00035371n	流动
bn:00035371n	流速
bn:00035371n	流量
bn:00035372n	流动
bn:00035372n	溪流
bn:00035373n	流程
bn:00035378n	花
bn:00035378n	花朵
bn:00035378n	英
bn:00035378n	鲜花
bn:00035388n	花瓣
bn:00035412n	流感
bn:00035414n	变化
bn:00035414n	变异
bn:00035423n	绒毛
bn:00035426n	流体
bn:00035426n	液体
bn:00035427n	流体
bn:00035444n	走狗
bn:00035448n	荧光素
bn:00035450n	荧光
bn:00035477n	长笛
bn:00035482n	通量
bn:00035483n	通量
bn:00035487n	磁场
bn:00035494n	苍蝇
bn:00035548n	泡沫
bn:00035557n	焦点
bn:00035562n	焦点
bn:00035562n	聚焦
bn:00035564n	强调
bn:00035570n	雾
bn:00035570n	雾气
bn:00035571n	雾
bn:00035577n	弱点
bn:00035584n	挫败
bn:00035592n	折叠椅
bn:00035596n	叶子
bn:00035596n	树叶
bn:00035617n	民俗学
bn:00035629n	追随者
bn:00035631n	追随者
bn:00035649n	营养
bn:00035649n	食品
bn:00035649n	食物
bn:00035663n	市场
bn:00035663n	杂货店
bn:00035670n	垃圾
bn:00035671n	食品
bn:00035672n	傻子
bn:00035672n	傻瓜
bn:00035679n	脚
bn:00035680n	尺
bn:00035680n	英尺
bn:00035681n	底部
bn:00035681n	脚
bn:00035685n	步兵
bn:00035699n	步兵
bn:00035700n	下属
bn:00035704n	橄榄球
bn:00035704n	足球
bn:00035705n	足球
bn:00035726n	脚注
bn:00035727n	脚步声
bn:00035732n	条款
bn:00035738n	人行道
bn:00035738n	通路
bn:00035745n	脚步
bn:00035745n	脚步声
bn:00035746n	步
bn:00035746n	步伐
bn:00035746n	步子
bn:00035746n	脚步
bn:00035746n	脚步声
bn:00035746n	进展
bn:00035746n	速度
bn:00035759n	突袭
bn:00035759n	袭击
bn:00035762n	耐心
bn:00035767n	力量
bn:00035767n	势力
bn:00035768n	力
bn:00035768n	力量
bn:00035769n	军队
bn:00035769n	力量
bn:00035769n	武力
bn:00035770n	人事
bn:00035770n	人员
bn:00035770n	力量
bn:00035770n	暴力
bn:00035770n	部队
bn:00035771n	军队
bn:00035771n	力量
bn:00035771n	部队
bn:00035772n	力量
bn:00035772n	暴力
bn:00035772n	武力
bn:00035773n	力量
bn:00035773n	权力
bn:00035778n	压力
bn:00035804n	预测
bn:00035805n	预言者
bn:00035806n	预测
bn:00035811n	食指
bn:00035815n	前景
bn:00035828n	外汇
bn:00035831n	国务卿
bn:00035832n	任务
bn:00035832n	使命
bn:00035834n	外交部
bn:00035838n	外人
bn:00035841n	岬角
bn:00035851n	上午
bn:00035851n	早上
bn:00035851n	早晨
bn:00035851n	晨间
bn:00035855n	前面
bn:00035859n	前身
bn:00035860n	先驱
bn:00035865n	远见
bn:00035868n	树林
bn:00035868n	森林
bn:00035869n	森林
bn:00035883n	序言
bn:00035886n	牺牲
bn:00035902n	叉子
bn:00035903n	叉子
bn:00035907n	形式
bn:00035907n	性质
bn:00035907n	种
bn:00035907n	种类
bn:00035907n	类
bn:00035907n	类型
bn:00035908n	图案
bn:00035908n	形式
bn:00035908n	形状
bn:00035908n	方式
bn:00035908n	模式
bn:00035909n	形式
bn:00035909n	形状
bn:00035910n	表格
bn:00035911n	形式
bn:00035912n	形式
bn:00035914n	阶段
bn:00035918n	词类
bn:00035926n	政体
bn:00035933n	形式主义
bn:00035940n	编队
bn:00035940n	队形
bn:00035941n	形成
bn:00035942n	构造
bn:00035960n	公式
bn:00035960n	方案
bn:00035960n	配方
bn:00035961n	公式
bn:00035965n	制剂
bn:00035965n	制备
bn:00035965n	配方
bn:00035974n	堡垒
bn:00035974n	要塞
bn:00035975n	堡垒
bn:00035983n	专长
bn:00035983n	人数
bn:00035983n	优点
bn:00035983n	力量
bn:00035983n	特长
bn:00035986n	钢琴
bn:00035989n	四十
bn:00036002n	财富
bn:00036041n	养父母
bn:00036063n	基础
bn:00036063n	根基
bn:00036064n	基金会
bn:00036076n	喷泉
bn:00036082n	源头
bn:00036107n	方块
bn:00036107n	方形
bn:00036107n	正方形
bn:00036110n	第四
bn:00036111n	四分之一
bn:00036111n	季度
bn:00036116n	时间
bn:00036129n	狐狸
bn:00036152n	分数
bn:00036152n	小部分
bn:00036152n	部分
bn:00036152n	馏分
bn:00036153n	小部分
bn:00036154n	分数
bn:00036158n	分级
bn:00036159n	分级
bn:00036165n	碎片
bn:00036178n	恶习
bn:00036181n	雅司病
bn:00036183n	帧
bn:00036184n	局
bn:00036197n	框架
bn:00036197n	模型
bn:00036197n	模式
bn:00036200n	法郎
bn:00036202n	法国
bn:00036284n	兄弟会
bn:00036292n	欺诈
bn:00036308n	怪物
bn:00036308n	怪胎
bn:00036309n	雀斑
bn:00036360n	自由基
bn:00036367n	空闲
bn:00036376n	自由
bn:00036377n	反叛者
bn:00036396n	释放
bn:00036417n	货运
bn:00036420n	货车
bn:00036426n	法文
bn:00036426n	法语
bn:00036427n	法国
bn:00036444n	法国号
bn:00036456n	法国人
bn:00036471n	频率
bn:00036472n	频率
bn:00036478n	顾客
bn:00036491n	新奇性
bn:00036506n	弗洛伊德
bn:00036512n	周五
bn:00036512n	星期五
bn:00036522n	火柴
bn:00036538n	朋友
bn:00036545n	友谊
bn:00036552n	饰带
bn:00036568n	外周
bn:00036568n	外围
bn:00036568n	边缘
bn:00036569n	边缘
bn:00036569n	郊区
bn:00036626n	阵线
bn:00036630n	面前
bn:00036632n	运动
bn:00036636n	前门
bn:00036638n	前廊
bn:00036640n	客厅
bn:00036640n	起居室
bn:00036641n	前院
bn:00036642n	正面
bn:00036654n	前沿
bn:00036654n	边疆
bn:00036661n	霜冻
bn:00036686n	水果
bn:00036687n	成果
bn:00036688n	果实
bn:00036700n	果树
bn:00036734n	燃料
bn:00036772n	将军
bn:00036782n	后卫
bn:00036806n	烟
bn:00036806n	烟雾
bn:00036813n	乐趣
bn:00036813n	娱乐
bn:00036821n	函数
bn:00036822n	作用
bn:00036822n	使用
bn:00036822n	函数
bn:00036822n	功能
bn:00036822n	用途
bn:00036822n	目的
bn:00036822n	职责
bn:00036822n	角色
bn:00036823n	作用
bn:00036823n	办公室
bn:00036823n	功能
bn:00036823n	职能
bn:00036823n	角色
bn:00036826n	例程
bn:00036837n	官员
bn:00036839n	基金
bn:00036839n	款项
bn:00036839n	资金
bn:00036840n	库存
bn:00036855n	葬礼
bn:00036856n	殡仪馆
bn:00036875n	漏斗
bn:00036882n	毛皮
bn:00036882n	皮毛
bn:00036882n	皮草
bn:00036883n	皮毛
bn:00036910n	怒火
bn:00036910n	愤怒
bn:00036926n	统一
bn:00036926n	融合
bn:00036941n	将来
bn:00036941n	未来
bn:00036942n	将来
bn:00036942n	未来
bn:00036957n	克
bn:00036984n	马刺
bn:00037008n	玩笑
bn:00037008n	笑柄
bn:00037008n	笑话
bn:00037019n	欢乐
bn:00037022n	利润
bn:00037022n	成果
bn:00037022n	收益
bn:00037023n	收益
bn:00037030n	速度
bn:00037040n	加仑
bn:00037055n	星系
bn:00037055n	银河系
bn:00037089n	胆囊
bn:00037100n	阳台
bn:00037126n	绞刑
bn:00037129n	绞刑
bn:00037140n	伏打电堆
bn:00037140n	电堆
bn:00037163n	策略
bn:00037169n	赌博
bn:00037171n	赌场
bn:00037175n	柠檬色
bn:00037180n	比赛
bn:00037180n	游戏
bn:00037181n	比赛
bn:00037182n	比赛
bn:00037182n	游戏
bn:00037183n	游戏
bn:00037187n	情节
bn:00037187n	阴谋
bn:00037221n	伽马
bn:00037229n	火腿
bn:00037243n	帮派
bn:00037253n	坏死
bn:00037256n	匪徒
bn:00037256n	歹徒
bn:00037277n	差距
bn:00037278n	开口
bn:00037283n	车库
bn:00037293n	废物堆
bn:00037300n	园艺
bn:00037300n	花园
bn:00037301n	园艺
bn:00037301n	花园
bn:00037302n	花园
bn:00037322n	新泽西州
bn:00037326n	产品
bn:00037328n	园丁
bn:00037332n	园艺
bn:00037352n	衣服
bn:00037356n	粮仓
bn:00037382n	气体
bn:00037383n	气体
bn:00037384n	汽油
bn:00037385n	天然气
bn:00037393n	煤气炉
bn:00037462n	腓肠肌
bn:00037486n	大门
bn:00037486n	门
bn:00037486n	门口
bn:00037494n	门柱
bn:00037524n	高斯
bn:00037536n	加沃特
bn:00037541n	同性恋
bn:00037551n	目光
bn:00037576n	齿轮组
bn:00037605n	财富
bn:00037609n	宝石
bn:00037609n	珠宝
bn:00037633n	性别
bn:00037657n	大选
bn:00037661n	总经理
bn:00037671n	归纳
bn:00037671n	概括
bn:00037673n	通才
bn:00037676n	一代
bn:00037676n	世代
bn:00037676n	代
bn:00037677n	一代
bn:00037677n	世代
bn:00037677n	代
bn:00037679n	起源
bn:00037684n	发生器
bn:00037684n	发电机
bn:00037684n	生成器
bn:00037685n	发生器
bn:00037705n	遗传学家
bn:00037741n	体裁
bn:00037747n	名字
bn:00037747n	姓名
bn:00037749n	龙胆
bn:00037769n	先生
bn:00037769n	绅士
bn:00039375n	Psithyrus
bn:00039788n	Storeria
bn:00039895n	袜带蛇
bn:00040002n	Tropidoclonion
bn:00040159n	地理学家
bn:00040169n	地质学家
bn:00040170n	地质学
bn:00040181n	几何
bn:00040198n	黑格尔
bn:00040239n	乔治·华盛顿
bn:00040239n	华盛顿
bn:00040251n	乔治亚州
bn:00040284n	来源
bn:00040284n	根源
bn:00040284n	源头
bn:00040292n	德国人
bn:00040293n	德语
bn:00040302n	纳粹
bn:00040335n	姿态
bn:00040335n	手势
bn:00040336n	动作
bn:00040336n	手势
bn:00040337n	姿态
bn:00040340n	会议
bn:00040352n	加纳
bn:00040364n	贫民区
bn:00040368n	幽灵
bn:00040368n	鬼
bn:00040386n	巨人
bn:00040434n	眩晕
bn:00040436n	礼物
bn:00040437n	礼物
bn:00040452n	羊腿
bn:00040509n	银杏树
bn:00040536n	女友
bn:00040536n	女孩
bn:00040537n	女孩
bn:00040542n	女友
bn:00040561n	活力
bn:00040568n	给予者
bn:00040579n	冰川
bn:00040585n	角斗士
bn:00040590n	魅力
bn:00040592n	腺体
bn:00040593n	鼻疽
bn:00040601n	聚光灯
bn:00040605n	玻璃
bn:00040605n	眼镜
bn:00040620n	温室
bn:00040628n	青光眼
bn:00040665n	想法
bn:00040711n	荣耀
bn:00040711n	荣誉
bn:00040714n	荣耀
bn:00040741n	红光
bn:00040745n	光芒
bn:00040758n	胶水
bn:00040777n	贪吃者
bn:00040784n	甘油
bn:00040830n	GNP
bn:00040845n	激励
bn:00040864n	水手
bn:00040864n	船员
bn:00040878n	上帝
bn:00040878n	神
bn:00040878n	造物主
bn:00040880n	偶像
bn:00040888n	女神
bn:00040921n	金子
bn:00040921n	黄金
bn:00040926n	金匠
bn:00040934n	金箔
bn:00041010n	高尔夫
bn:00041010n	高尔夫球
bn:00041018n	洞
bn:00041021n	高尔夫球手
bn:00041059n	利益
bn:00041059n	好处
bn:00041060n	利益
bn:00041060n	善
bn:00041060n	好处
bn:00041061n	善
bn:00041061n	善良
bn:00041066n	诚信
bn:00041068n	好运
bn:00041070n	好人
bn:00041071n	健康
bn:00041073n	早上
bn:00041078n	好人
bn:00041083n	善意
bn:00041086n	推荐
bn:00041098n	鹅
bn:00041113n	共和党
bn:00041120n	明尼苏达州
bn:00041185n	痛风
bn:00041191n	政府
bn:00041192n	政治
bn:00041192n	政治学
bn:00041204n	州长
bn:00041204n	总督
bn:00041208n	长袍
bn:00041221n	恩典
bn:00041222n	优雅
bn:00041223n	魅力
bn:00041233n	研究生院
bn:00041236n	步
bn:00041239n	层次
bn:00041239n	层面
bn:00041239n	水平
bn:00041239n	等级
bn:00041239n	级
bn:00041239n	级别
bn:00041240n	斜坡
bn:00041241n	分数
bn:00041241n	得分
bn:00041241n	标志
bn:00041248n	梯度
bn:00041248n	渐变
bn:00041249n	斜率
bn:00041249n	斜面
bn:00041258n	刻度
bn:00041258n	尺度
bn:00041258n	标度
bn:00041258n	等级
bn:00041258n	量表
bn:00041261n	毕业
bn:00041310n	祖父
bn:00041313n	奶奶
bn:00041313n	祖母
bn:00041333n	大陪审团
bn:00041348n	苏丹
bn:00041350n	孙辈
bn:00041360n	重要性
bn:00041363n	祖父母
bn:00041371n	新罕布什尔州
bn:00041379n	拨款
bn:00041380n	拨款
bn:00041383n	补助金
bn:00041392n	颗粒
bn:00041399n	葡萄
bn:00041411n	葡萄藤
bn:00041412n	图形
bn:00041412n	图表
bn:00041433n	草
bn:00041433n	草地
bn:00041452n	草蜢
bn:00041452n	蚱蜢
bn:00041457n	炉格
bn:00041463n	满意
bn:00041463n	满足
bn:00041467n	坟墓
bn:00041467n	死亡
bn:00041468n	坟墓
bn:00041468n	墓
bn:00041473n	严重性
bn:00041477n	墓碑
bn:00041491n	引力
bn:00041491n	重力
bn:00041496n	引力场
bn:00041510n	灰色
bn:00041536n	老人
bn:00041536n	老头
bn:00041536n	老头子
bn:00041543n	牧场
bn:00041544n	油脂
bn:00041574n	曾祖母
bn:00041581n	密歇根
bn:00041581n	密歇根州
bn:00041585n	强国
bn:00041606n	外套
bn:00041606n	大衣
bn:00041611n	纽约
bn:00041611n	纽约市
bn:00041612n	胸大肌
bn:00041634n	希腊
bn:00041634n	希腊语
bn:00041635n	希腊
bn:00041635n	希腊人
bn:00041648n	绿色
bn:00041654n	嫉妒
bn:00041678n	佛蒙特州
bn:00041717n	格陵兰
bn:00041721n	绿色
bn:00041736n	村庄
bn:00041739n	问候
bn:00041757n	手榴弹
bn:00041774n	反叛者
bn:00041785n	怨恨
bn:00041785n	恩怨
bn:00041788n	哀悼者
bn:00041807n	微笑
bn:00041807n	笑容
bn:00041820n	手柄
bn:00041820n	把手
bn:00041837n	杂货商
bn:00041853n	培训
bn:00041853n	训练
bn:00041868n	收入
bn:00041871n	利润率
bn:00041881n	原因
bn:00041881n	理由
bn:00041881n	道理
bn:00041883n	土地
bn:00041883n	土壤
bn:00041922n	地下水
bn:00041927n	先驱者
bn:00041942n	一家
bn:00041942n	分组
bn:00041942n	团体
bn:00041942n	小组
bn:00041942n	组
bn:00041942n	群
bn:00041942n	群组
bn:00041942n	队
bn:00041942n	集团
bn:00041948n	会议
bn:00041948n	会面
bn:00041966n	树林
bn:00041967n	果园
bn:00041974n	咆哮
bn:00041978n	发展
bn:00041978n	增长
bn:00041978n	成长
bn:00041979n	增加
bn:00041979n	增强
bn:00041979n	增长
bn:00041979n	提高
bn:00041980n	生长
bn:00041986n	增长率
bn:00042006n	猪
bn:00042010n	关岛
bn:00042039n	保证
bn:00042040n	保证
bn:00042043n	卫队
bn:00042043n	守卫
bn:00042043n	护卫
bn:00042043n	警卫
bn:00042044n	后卫
bn:00042045n	保险
bn:00042049n	保障
bn:00042049n	预防
bn:00042068n	危地马拉
bn:00042081n	游击队
bn:00042090n	嘉宾
bn:00042090n	客人
bn:00042090n	宾客
bn:00042102n	指导
bn:00042106n	指南
bn:00042107n	指导
bn:00042113n	导弹
bn:00042119n	路标
bn:00042128n	罪
bn:00042128n	罪行
bn:00042128n	罪责
bn:00042129n	内疚
bn:00042150n	吉他
bn:00042160n	海湾
bn:00042189n	海鸥
bn:00042221n	带枪
bn:00042221n	枪
bn:00042223n	枪手
bn:00042233n	枪口
bn:00042237n	硝烟
bn:00042238n	扳机
bn:00042242n	枪声
bn:00042242n	炮火
bn:00042250n	火药
bn:00042254n	枪托
bn:00042264n	大师
bn:00042275n	口味
bn:00042275n	味道
bn:00042286n	热情
bn:00042293n	勇气
bn:00042297n	排水沟
bn:00042306n	家伙
bn:00042316n	体育馆
bn:00042316n	健身房
bn:00042317n	垫子
bn:00042319n	运动鞋
bn:00042323n	中学
bn:00042326n	体操
bn:00042378n	马力
bn:00042379n	水
bn:00042379n	水位
bn:00042379n	水面
bn:00042379n	河水
bn:00042379n	海水
bn:00042379n	用水
bn:00042403n	习性
bn:00042403n	习惯
bn:00042404n	习惯
bn:00042409n	栖息地
bn:00042457n	角蝇
bn:00042473n	血红蛋白
bn:00042518n	俳句
bn:00042519n	冰雹
bn:00042526n	头发
bn:00042526n	毛发
bn:00042526n	汗毛
bn:00042601n	一半
bn:00042601n	半
bn:00042601n	部分
bn:00042605n	混血儿
bn:00042616n	半月
bn:00042663n	大厅
bn:00042663n	走廊
bn:00042663n	过道
bn:00042664n	大厅
bn:00042665n	大厅
bn:00042667n	住宅
bn:00042676n	哈利路亚
bn:00042691n	卤素
bn:00042729n	村庄
bn:00042729n	村里
bn:00042730n	锤子
bn:00042745n	土堆
bn:00042759n	手
bn:00042760n	雇工
bn:00042761n	字迹
bn:00042761n	手
bn:00042763n	手
bn:00042780n	放大镜
bn:00042781n	手榴弹
bn:00042807n	少数
bn:00042808n	手枪
bn:00042817n	手帕
bn:00042821n	处理
bn:00042823n	处理
bn:00042823n	待遇
bn:00042823n	治疗
bn:00042833n	人力
bn:00042833n	劳动力
bn:00042833n	男人
bn:00042838n	倒立
bn:00042889n	麻风病
bn:00042904n	事件
bn:00042904n	出现
bn:00042905n	幸福
bn:00042918n	港口
bn:00042955n	奴隶
bn:00042979n	五金店
bn:00042984n	野兔
bn:00042994n	后宫
bn:00043003n	哈莱姆
bn:00043009n	卖淫
bn:00043011n	伤害
bn:00043011n	损伤
bn:00043023n	和谐
bn:00043029n	和声
bn:00043032n	马具
bn:00043043n	竖琴
bn:00043087n	哈佛
bn:00043109n	搭扣
bn:00043139n	舱口
bn:00043140n	仇恨
bn:00043140n	憎恨
bn:00043153n	臀部
bn:00043154n	臀部
bn:00043175n	夏威夷
bn:00043178n	夏威夷
bn:00043185n	鹰
bn:00043193n	小贩
bn:00043206n	干草
bn:00043209n	花粉症
bn:00043214n	草地
bn:00043226n	干草堆
bn:00043234n	雾霾
bn:00043252n	头
bn:00043259n	校长
bn:00043267n	问题
bn:00043268n	标题
bn:00043283n	面纱
bn:00043319n	前灯
bn:00043320n	标题
bn:00043325n	校长
bn:00043333n	总部
bn:00043356n	治疗师
bn:00043358n	健康
bn:00043372n	听证会
bn:00043373n	听证会
bn:00043377n	听证官
bn:00043378n	传言
bn:00043378n	传闻
bn:00043378n	谣言
bn:00043383n	心脏
bn:00043383n	颗
bn:00043384n	勇气
bn:00043384n	心
bn:00043384n	心灵
bn:00043384n	心脏
bn:00043385n	精神
bn:00043415n	热
bn:00043415n	热气
bn:00043415n	热能
bn:00043415n	热量
bn:00043416n	高温
bn:00043417n	温暖
bn:00043417n	热量
bn:00043446n	加热器
bn:00043484n	周
bn:00043484n	星期
bn:00043489n	犹太教
bn:00043491n	希伯来语
bn:00043492n	犹太人
bn:00043530n	后跟
bn:00043530n	脚跟
bn:00043531n	后跟
bn:00043531n	脚跟
bn:00043544n	高度
bn:00043545n	身高
bn:00043546n	高地
bn:00043555n	继承人
bn:00043555n	继承者
bn:00043603n	地狱
bn:00043638n	弱点
bn:00043638n	无助
bn:00043647n	边缘
bn:00043668n	半球
bn:00043684n	母鸡
bn:00043718n	亨利·詹姆斯
bn:00043754n	肝炎
bn:00043760n	核黄素
bn:00043777n	香草
bn:00043801n	群
bn:00043812n	遗传
bn:00043821n	遗产
bn:00043822n	遗产
bn:00043824n	遗产
bn:00043839n	诠释学
bn:00043842n	隐士
bn:00043850n	英雄
bn:00043851n	英雄
bn:00043992n	粉刺
bn:00044002n	皮
bn:00044002n	皮肤
bn:00044009n	藏身之处
bn:00044024n	高音
bn:00044028n	高中
bn:00044054n	单杠
bn:00044075n	中午
bn:00044075n	正午
bn:00044079n	优越性
bn:00044082n	公海
bn:00044095n	叛国
bn:00044095n	叛国罪
bn:00044124n	殿下
bn:00044127n	大道
bn:00044128n	公路
bn:00044128n	大道
bn:00044137n	步行
bn:00044141n	小山
bn:00044141n	山丘
bn:00044141n	斜坡
bn:00044148n	山坡
bn:00044197n	臀部
bn:00044198n	臀部
bn:00044198n	骨盆
bn:00044198n	骨盆带
bn:00044258n	历史学家
bn:00044258n	史学家
bn:00044267n	历史
bn:00044267n	历史学
bn:00044268n	历史
bn:00044268n	历史学
bn:00044269n	历史
bn:00044270n	历史
bn:00044274n	击打
bn:00044304n	珍宝
bn:00044349n	锄头
bn:00044382n	群众
bn:00044390n	控制
bn:00044394n	夹持器
bn:00044407n	洞
bn:00044408n	洞
bn:00044409n	孔
bn:00044415n	休假
bn:00044415n	假期
bn:00044415n	度假
bn:00044415n	节日
bn:00044416n	假期
bn:00044416n	节日
bn:00044417n	度假村
bn:00044419n	旅游
bn:00044419n	游客
bn:00044420n	神圣
bn:00044423n	荷兰
bn:00044430n	空虚
bn:00044436n	好莱坞
bn:00044441n	歇洛克·福尔摩斯
bn:00044441n	福尔摩斯
bn:00044468n	圣灵
bn:00044486n	磨石
bn:00044488n	家里
bn:00044489n	本垒
bn:00044520n	本垒打
bn:00044531n	归来
bn:00044539n	主妇
bn:00044547n	户主
bn:00044548n	荷马
bn:00044562n	家乡
bn:00044576n	人
bn:00044576n	人类
bn:00044582n	现代人
bn:00044586n	匀浆
bn:00044587n	同质性
bn:00044620n	诚信
bn:00044620n	诚实
bn:00044622n	花蜜
bn:00044622n	蜂蜜
bn:00044631n	蜜腺
bn:00044641n	蜜月
bn:00044646n	金银花
bn:00044653n	荣耀
bn:00044654n	荣誉
bn:00044684n	东西
bn:00044685n	蹄子
bn:00044685n	马蹄
bn:00044702n	胡克绿
bn:00044706n	钩虫
bn:00044720n	印第安纳州
bn:00044736n	希望
bn:00044737n	希望
bn:00044738n	希望
bn:00044738n	承诺
bn:00044739n	希望
bn:00044754n	跳房子
bn:00044763n	地平线
bn:00044774n	号角
bn:00044774n	喇叭
bn:00044775n	犄角
bn:00044775n	角
bn:00044776n	喇叭
bn:00044811n	运势
bn:00044815n	恐怖
bn:00044815n	恐惧
bn:00044816n	恐怖
bn:00044817n	厌恶
bn:00044817n	恐怖
bn:00044817n	恐惧
bn:00044824n	小径
bn:00044825n	马厩
bn:00044835n	西部
bn:00044836n	赛马
bn:00044896n	医务室
bn:00044896n	医院
bn:00044906n	病房
bn:00044910n	主人
bn:00044911n	主持人
bn:00044911n	宿主
bn:00044911n	寄主
bn:00044913n	东道主
bn:00044921n	女主人
bn:00044922n	女主人
bn:00044926n	敌意
bn:00044959n	热战
bn:00044967n	旅馆
bn:00044967n	酒店
bn:00044981n	猎犬
bn:00044982n	小时
bn:00044982n	时间
bn:00044985n	时角
bn:00044991n	小时
bn:00044992n	小时
bn:00044994n	住宅
bn:00044994n	住房
bn:00044994n	屋子
bn:00044994n	房子
bn:00044994n	房屋
bn:00044994n	门
bn:00044998n	家族
bn:00045002n	剧场
bn:00045002n	剧院
bn:00045002n	戏剧
bn:00045015n	众议院
bn:00045022n	绘画
bn:00045039n	家务
bn:00045052n	住宿
bn:00045052n	住房
bn:00045052n	房屋
bn:00045059n	休斯顿
bn:00045064n	小屋
bn:00045064n	棚屋
bn:00045073n	迫击炮
bn:00045106n	丈夫
bn:00045108n	傲慢
bn:00045122n	哈德逊河
bn:00045161n	关系
bn:00045167n	人文主义
bn:00045168n	人文主义
bn:00045172n	人性
bn:00045173n	人性
bn:00045179n	谦逊
bn:00045183n	单调
bn:00045190n	湿度
bn:00045192n	羞辱
bn:00045199n	幽默
bn:00045199n	智慧
bn:00045199n	机智
bn:00045200n	幽默
bn:00045200n	幽默感
bn:00045201n	幽默
bn:00045201n	心情
bn:00045201n	情绪
bn:00045216n	怀疑
bn:00045216n	直觉
bn:00045216n	预感
bn:00045220n	百分之一
bn:00045228n	匈牙利
bn:00045229n	饥饿
bn:00045230n	渴望
bn:00045234n	渴望
bn:00045243n	搜寻
bn:00045243n	检查
bn:00045243n	追寻
bn:00045245n	狩猎
bn:00045247n	猎人
bn:00045247n	猎手
bn:00045273n	障碍
bn:00045278n	投手
bn:00045282n	飓风
bn:00045284n	速度
bn:00045285n	痛苦
bn:00045286n	疼痛
bn:00045286n	痛苦
bn:00045310n	风信子
bn:00045346n	氢氧化物
bn:00045359n	氢化物
bn:00045364n	碳氢化合物
bn:00045380n	氢键
bn:00045388n	过氧化氢
bn:00045388n	过氧化物
bn:00045426n	土霉素
bn:00045458n	婚礼
bn:00045476n	充血
bn:00045532n	增生
bn:00045549n	肥大
bn:00045587n	虚伪
bn:00045612n	垂体
bn:00045629n	下丘脑
bn:00045631n	假设
bn:00045632n	假设
bn:00045632n	可能性
bn:00045632n	理论
bn:00045658n	歇斯底里
bn:00045677n	智商
bn:00045705n	冰
bn:00045705n	冰块
bn:00045722n	冰淇淋
bn:00045741n	冰水
bn:00045744n	冰箱
bn:00045749n	冰岛
bn:00045750n	冰岛
bn:00045754n	冰岛语
bn:00045768n	冰柱
bn:00045772n	图像
bn:00045772n	图片
bn:00045772n	照片
bn:00045772n	画
bn:00045772n	画面
bn:00045800n	主意
bn:00045800n	念头
bn:00045800n	思想
bn:00045800n	思维
bn:00045800n	想法
bn:00045800n	概念
bn:00045800n	理念
bn:00045800n	观念
bn:00045801n	主意
bn:00045804n	理想
bn:00045804n	观念
bn:00045812n	理论家
bn:00045815n	身份
bn:00045818n	识别
bn:00045824n	身份
bn:00045825n	身份
bn:00045840n	习语
bn:00045840n	风格
bn:00045855n	偶像
bn:00045892n	无知
bn:00045911n	伊利诺伊州
bn:00045914n	法兰西岛
bn:00045921n	回肠
bn:00045936n	推理
bn:00045936n	推论
bn:00045952n	疾病
bn:00045956n	光
bn:00045956n	光明
bn:00045956n	照明
bn:00045960n	幻想
bn:00045960n	幻觉
bn:00045960n	幻象
bn:00045960n	错觉
bn:00045962n	插图
bn:00045964n	插画家
bn:00045970n	图像
bn:00045970n	形象
bn:00045970n	意象
bn:00045970n	画面
bn:00045971n	形象
bn:00045976n	想象
bn:00045976n	想象力
bn:00045976n	意象
bn:00045976n	成像
bn:00045979n	想象
bn:00045979n	想象力
bn:00045979n	愿景
bn:00045980n	想象
bn:00045980n	想象力
bn:00045980n	资源
bn:00045997n	模仿
bn:00045998n	模仿
bn:00045999n	模仿
bn:00046019n	移民
bn:00046021n	移民
bn:00046033n	不朽
bn:00046038n	不动产
bn:00046038n	房地产
bn:00046045n	免疫
bn:00046045n	免疫力
bn:00046064n	冲击
bn:00046064n	撞击
bn:00046065n	冲击
bn:00046065n	影响
bn:00046094n	压力
bn:00046106n	帝国主义
bn:00046119n	冲量
bn:00046127n	工具
bn:00046128n	内涵
bn:00046128n	含义
bn:00046128n	意义
bn:00046128n	重要性
bn:00046137n	进口
bn:00046139n	含义
bn:00046139n	意义
bn:00046139n	意思
bn:00046143n	意义
bn:00046143n	重要性
bn:00046145n	进口
bn:00046157n	贫困
bn:00046157n	贫穷
bn:00046161n	诅咒
bn:00046169n	形象
bn:00046169n	画面
bn:00046182n	监禁
bn:00046191n	改进
bn:00046192n	改进
bn:00046192n	进步
bn:00046197n	冲动
bn:00046198n	冲动
bn:00046199n	脉冲
bn:00046199n	脉动
bn:00046200n	动量
bn:00046205n	杂质
bn:00046209n	寸
bn:00046209n	英寸
bn:00046221n	孔雀
bn:00046252n	反射
bn:00046272n	动机
bn:00046272n	吸引力
bn:00046272n	激励
bn:00046275n	起源
bn:00046280n	发生
bn:00046280n	发生率
bn:00046282n	事件
bn:00046282n	插曲
bn:00046295n	刺激
bn:00046298n	倾角
bn:00046301n	倾向
bn:00046301n	趋势
bn:00046303n	坡度
bn:00046303n	山坡
bn:00046303n	斜坡
bn:00046304n	坡道
bn:00046304n	斜度
bn:00046315n	收入
bn:00046317n	所得税
bn:00046318n	申报
bn:00046319n	不便
bn:00046355n	增加
bn:00046355n	提高
bn:00046356n	增加
bn:00046361n	孵化期
bn:00046361n	潜伏期
bn:00046362n	梦魇
bn:00046363n	噩梦
bn:00046366n	任期
bn:00046376n	渗透
bn:00046406n	独立
bn:00046406n	独立性
bn:00046407n	独立
bn:00046417n	指标
bn:00046418n	指数
bn:00046418n	指标
bn:00046444n	莲花
bn:00046456n	蟒
bn:00046456n	蟒蛇
bn:00046467n	秋老虎
bn:00046473n	指征
bn:00046473n	指示
bn:00046473n	标志
bn:00046473n	迹象
bn:00046476n	读数
bn:00046477n	指标
bn:00046478n	指示器
bn:00046485n	冷漠
bn:00046487n	需要
bn:00046491n	义愤
bn:00046491n	愤怒
bn:00046491n	愤慨
bn:00046503n	愿望
bn:00046516n	东西
bn:00046516n	个人
bn:00046516n	个体
bn:00046516n	人
bn:00046516n	人们
bn:00046516n	人员
bn:00046516n	人士
bn:00046516n	人物
bn:00046516n	人身
bn:00046516n	凡人
bn:00046516n	某人
bn:00046516n	灵魂
bn:00046517n	个人
bn:00046517n	个体
bn:00046520n	个人主义
bn:00046520n	个性
bn:00046521n	个人主义
bn:00046523n	个人主义者
bn:00046566n	工业化
bn:00046568n	工厂
bn:00046568n	植物
bn:00046568n	设施
bn:00046573n	工业主义
bn:00046575n	业界
bn:00046575n	产业
bn:00046575n	工业
bn:00046575n	行业
bn:00046576n	产业
bn:00046576n	制造业
bn:00046576n	工业
bn:00046576n	行业
bn:00046599n	必然性
bn:00046621n	迷恋
bn:00046624n	感染
bn:00046630n	传染病
bn:00046653n	自卑感
bn:00046661n	渗透
bn:00046665n	空间
bn:00046667n	不定式
bn:00046675n	通货膨胀
bn:00046683n	韵律
bn:00046693n	影响
bn:00046693n	影响力
bn:00046694n	影响
bn:00046695n	影响
bn:00046695n	影响力
bn:00046696n	影响
bn:00046698n	信息
bn:00046702n	来源
bn:00046703n	证人
bn:00046705n	信息
bn:00046706n	信息
bn:00046721n	轻罪
bn:00046729n	冷藏
bn:00046750n	成分
bn:00046765n	本能
bn:00046765n	直觉
bn:00046768n	抑制
bn:00046779n	首字母
bn:00046786n	注射
bn:00046794n	墨水
bn:00046812n	入口
bn:00046816n	囚犯
bn:00046833n	创新
bn:00046833n	发明
bn:00046836n	暗示
bn:00046839n	接种
bn:00046844n	磷酸盐
bn:00046848n	输入
bn:00046849n	刺激
bn:00046849n	激励
bn:00046855n	审问
bn:00046859n	审问者
bn:00046864n	疯狂
bn:00046867n	铭文
bn:00046870n	昆虫
bn:00046890n	插图
bn:00046891n	内部
bn:00046892n	里面
bn:00046904n	洞察力
bn:00046904n	洞见
bn:00046905n	洞察力
bn:00046910n	坚持
bn:00046922n	检查员
bn:00046926n	灵感
bn:00046932n	不稳定性
bn:00046934n	安装
bn:00046942n	分钟
bn:00046942n	因素
bn:00046942n	时候
bn:00046942n	时刻
bn:00046942n	瞬间
bn:00046952n	学院
bn:00046953n	机构
bn:00046954n	机构
bn:00046956n	指令
bn:00046956n	教学
bn:00046958n	教师
bn:00046958n	老师
bn:00046958n	讲师
bn:00046961n	乐器
bn:00046961n	仪器
bn:00046961n	工具
bn:00046962n	仪器
bn:00046962n	工具
bn:00046975n	音乐家
bn:00046976n	工具
bn:00046977n	工具
bn:00046991n	胰岛素
bn:00046996n	保险
bn:00046997n	保险
bn:00046997n	政策
bn:00047000n	保险费
bn:00047003n	反叛
bn:00047003n	反抗
bn:00047003n	叛乱
bn:00047003n	暴动
bn:00047003n	起义
bn:00047009n	整数
bn:00047010n	积分
bn:00047016n	团结
bn:00047016n	完整性
bn:00047016n	统一
bn:00047016n	统一体
bn:00047016n	统一性
bn:00047020n	智力
bn:00047020n	理智
bn:00047021n	理性
bn:00047021n	理解
bn:00047022n	知识分子
bn:00047025n	智力
bn:00047025n	智慧
bn:00047026n	情报
bn:00047028n	新闻
bn:00047028n	消息
bn:00047039n	强化
bn:00047042n	强度
bn:00047043n	强度
bn:00047044n	音量
bn:00047046n	意图
bn:00047046n	精神
bn:00047047n	意图
bn:00047052n	互动
bn:00047052n	交互
bn:00047056n	截距
bn:00047061n	干预
bn:00047062n	交换
bn:00047077n	关注
bn:00047077n	兴趣
bn:00047077n	利益
bn:00047077n	权益
bn:00047077n	趣味
bn:00047078n	兴趣
bn:00047078n	利益
bn:00047079n	兴趣
bn:00047079n	趣味
bn:00047080n	利息
bn:00047081n	利益
bn:00047082n	利益
bn:00047083n	兴趣
bn:00047083n	利益
bn:00047083n	消遣
bn:00047085n	利率
bn:00047087n	界面
bn:00047092n	干涉
bn:00047093n	干扰
bn:00047094n	干涉仪
bn:00047114n	翻译
bn:00047118n	入侵者
bn:00047119n	插曲
bn:00047140n	表现
bn:00047140n	表象
bn:00047156n	国际法
bn:00047159n	英里
bn:00047196n	解释
bn:00047196n	诠释
bn:00047197n	诠释
bn:00047201n	翻译者
bn:00047203n	代表
bn:00047208n	疑问词
bn:00047208n	问题
bn:00047215n	交点
bn:00047229n	间隔
bn:00047229n	间隙
bn:00047230n	区间
bn:00047231n	分离
bn:00047235n	治疗
bn:00047238n	访谈
bn:00047238n	采访
bn:00047238n	面谈
bn:00047240n	采访者
bn:00047240n	面试官
bn:00047248n	内膜
bn:00047254n	语调
bn:00047283n	阴谋
bn:00047287n	入门
bn:00047289n	介绍
bn:00047290n	介绍
bn:00047303n	干扰
bn:00047307n	直觉
bn:00047316n	病人
bn:00047330n	发明
bn:00047332n	库存
bn:00047332n	股票
bn:00047354n	调查
bn:00047355n	调查
bn:00047356n	研究者
bn:00047358n	投资
bn:00047360n	投资
bn:00047367n	投资者
bn:00047375n	邀约
bn:00047375n	邀请
bn:00047387n	参与
bn:00047395n	碘化物
bn:00047397n	碘化
bn:00047408n	离子
bn:00047425n	斯大林
bn:00047447n	伊朗
bn:00047475n	爱尔兰
bn:00047490n	爱尔兰人
bn:00047493n	铁杆
bn:00047499n	普鲁士蓝
bn:00047500n	铁笼
bn:00047501n	铁幕
bn:00047530n	讽刺
bn:00047549n	不规则
bn:00047562n	灌溉
bn:00047569n	侵入
bn:00047580n	牛顿
bn:00047607n	巴基斯坦
bn:00047612n	岛屿
bn:00047613n	岛屿
bn:00047618n	岛
bn:00047644n	孤立
bn:00047683n	以色列
bn:00047687n	发行
bn:00047688n	问题
bn:00047690n	主题
bn:00047690n	事
bn:00047690n	事情
bn:00047690n	事项
bn:00047690n	原因
bn:00047690n	话题
bn:00047690n	问题
bn:00047691n	回报
bn:00047691n	收入
bn:00047691n	收益
bn:00047692n	后代
bn:00047693n	出版
bn:00047705n	意大利
bn:00047706n	意大利人
bn:00047707n	意大利语
bn:00047722n	斜体字
bn:00047730n	事项
bn:00047730n	件
bn:00047730n	项
bn:00047730n	项目
bn:00047731n	一则
bn:00047731n	事项
bn:00047731n	条款
bn:00047731n	项目
bn:00047741n	路径
bn:00047741n	路线
bn:00047741n	途径
bn:00047754n	牙
bn:00047754n	象牙
bn:00047758n	象牙塔
bn:00047795n	劳动者
bn:00047795n	劳工
bn:00047795n	工人
bn:00047816n	多面手
bn:00047823n	外套
bn:00047823n	夹克
bn:00047824n	夹克
bn:00047824n	封套
bn:00047901n	果酱
bn:00047908n	牙买加
bn:00047919n	威廉·詹姆斯
bn:00047960n	一月
bn:00047974n	清洁工
bn:00047982n	日本
bn:00047984n	日本
bn:00047985n	日本
bn:00047991n	日本人
bn:00047992n	日语
bn:00048023n	罐
bn:00048023n	罐子
bn:00048042n	爪哇
bn:00048051n	牙关
bn:00048075n	卢梭
bn:00048079n	拉辛
bn:00048091n	吉普车
bn:00048104n	空肠
bn:00048108n	果冻
bn:00048160n	玩笑
bn:00048161n	耶稣会
bn:00048166n	喷射流
bn:00048184n	珠宝商
bn:00048237n	工作
bn:00048238n	工作
bn:00048239n	工作
bn:00048240n	工作
bn:00048242n	问题
bn:00048256n	批发商
bn:00048261n	骑师
bn:00048269n	普通人
bn:00048437n	吉卜林
bn:00048453n	杂志
bn:00048459n	新闻业
bn:00048459n	新闻学
bn:00048461n	记者
bn:00048463n	旅程
bn:00048463n	旅行
bn:00048468n	快乐
bn:00048488n	法官
bn:00048492n	判决
bn:00048492n	意见
bn:00048493n	主意
bn:00048493n	判断
bn:00048493n	心里
bn:00048493n	评价
bn:00048494n	判断
bn:00048495n	判断力
bn:00048496n	判决
bn:00048507n	诉讼
bn:00048511n	令状
bn:00048532n	果汁
bn:00048532n	活力
bn:00048548n	七月
bn:00048570n	毛衣
bn:00048574n	围裙
bn:00048587n	场合
bn:00048587n	时刻
bn:00048587n	机会
bn:00048592n	六月
bn:00048619n	初中
bn:00048646n	木星
bn:00048652n	管辖权
bn:00048654n	法学
bn:00048654n	法律
bn:00048654n	法理
bn:00048655n	法则
bn:00048655n	法律
bn:00048656n	法学家
bn:00048657n	陪审员
bn:00048658n	陪审团
bn:00048659n	陪审团
bn:00048668n	正义
bn:00048669n	公正
bn:00048669n	司法
bn:00048669n	正义
bn:00048673n	理由
bn:00048674n	理由
bn:00048692n	K
bn:00048698n	动能
bn:00048870n	kc
bn:00048886n	纪念品
bn:00048914n	肯特
bn:00048955n	手帕
bn:00048985n	钥匙
bn:00048986n	关键
bn:00049005n	键盘
bn:00049011n	钥匙孔
bn:00049011n	锁孔
bn:00049019n	宾夕法尼亚
bn:00049019n	宾夕法尼亚州
bn:00049083n	肾
bn:00049083n	肾脏
bn:00049099n	杀戮
bn:00049103n	凶手
bn:00049103n	杀手
bn:00049107n	杀戮
bn:00049107n	谋杀
bn:00049112n	公里
bn:00049129n	幼儿园
bn:00049141n	国王
bn:00049156n	狮子
bn:00049167n	境界
bn:00049167n	王国
bn:00049167n	领域
bn:00049168n	王国
bn:00049169n	王国
bn:00049178n	挪威
bn:00049181n	瑞典
bn:00049182n	泰国
bn:00049241n	装备
bn:00049248n	厨房
bn:00049250n	菜园
bn:00049278n	三K党
bn:00049307n	膝盖
bn:00049308n	膝盖
bn:00049322n	刀
bn:00049323n	刀
bn:00049329n	骑士
bn:00049331n	游侠
bn:00049341n	针织
bn:00049350n	旋钮
bn:00049356n	敲门声
bn:00049366n	群
bn:00049367n	结
bn:00049381n	指关节
bn:00049429n	韩国人
bn:00049544n	路易斯安那
bn:00049551n	实验室
bn:00049557n	标签
bn:00049560n	标签
bn:00049570n	劳动
bn:00049570n	劳工
bn:00049570n	无产阶级
bn:00049571n	劳动
bn:00049573n	任务
bn:00049573n	项目
bn:00049589n	拉布拉多
bn:00049594n	迷宫
bn:00049652n	梯子
bn:00049652n	阶梯
bn:00049666n	女士
bn:00049683n	滞后
bn:00049696n	泻湖
bn:00049709n	湖泊
bn:00049758n	小羊
bn:00049758n	羔羊
bn:00049786n	哀鸣
bn:00049786n	哭声
bn:00049804n	灯
bn:00049836n	土地
bn:00049843n	新墨西哥
bn:00049843n	新墨西哥州
bn:00049847n	地点
bn:00049847n	场地
bn:00049847n	场所
bn:00049847n	所在地
bn:00049847n	站点
bn:00049847n	网站
bn:00049847n	选址
bn:00049847n	遗址
bn:00049863n	码头
bn:00049877n	店主
bn:00049877n	房东
bn:00049881n	里程碑
bn:00049882n	地标
bn:00049882n	转折点
bn:00049886n	景观
bn:00049886n	风景
bn:00049887n	风景
bn:00049888n	风景
bn:00049897n	山崩
bn:00049899n	小路
bn:00049900n	车道
bn:00049910n	语言
bn:00049911n	口语
bn:00049911n	语言
bn:00049912n	抒情诗
bn:00049912n	歌词
bn:00049912n	话
bn:00049912n	语言
bn:00049913n	语言
bn:00049914n	语言
bn:00049915n	术语
bn:00049944n	灯笼
bn:00049948n	幻灯片
bn:00049950n	稀土
bn:00049957n	老挝
bn:00049990n	肉垂
bn:00049995n	失效
bn:00050017n	大肠
bn:00050048n	幼虫
bn:00050110n	背阔肌
bn:00050153n	泡沫
bn:00050153n	肥皂泡
bn:00050161n	拉丁文
bn:00050161n	拉丁语
bn:00050165n	拉丁美洲
bn:00050166n	拉丁美洲
bn:00050177n	纬度
bn:00050198n	大笑
bn:00050198n	笑声
bn:00050210n	发射器
bn:00050240n	洗涤
bn:00050240n	清洗
bn:00050249n	法律
bn:00050250n	法则
bn:00050250n	法律
bn:00050250n	自然法
bn:00050251n	定律
bn:00050251n	法则
bn:00050251n	法律
bn:00050251n	自然法
bn:00050252n	法律
bn:00050255n	执法
bn:00050276n	执法者
bn:00050278n	法学院
bn:00050283n	立法
bn:00050284n	草坪
bn:00050287n	网球
bn:00050313n	外行
bn:00050315n	布局
bn:00050316n	布局
bn:00050327n	磅
bn:00050340n	领先
bn:00050342n	主导
bn:00050346n	明星
bn:00050350n	皮带
bn:00050363n	铅笔
bn:00050371n	领导
bn:00050371n	领导人
bn:00050371n	领导者
bn:00050371n	领袖
bn:00050372n	领导
bn:00050372n	领袖
bn:00050373n	领导
bn:00050373n	领导力
bn:00050374n	领导
bn:00050374n	领导力
bn:00050375n	领导力
bn:00050405n	叶蝉
bn:00050409n	联盟
bn:00050426n	倾向
bn:00050442n	租约
bn:00050443n	租赁
bn:00050452n	皮革
bn:00050465n	影响
bn:00050475n	好色之徒
bn:00050478n	欲望
bn:00050485n	讲师
bn:00050486n	演讲
bn:00050487n	演讲
bn:00050491n	讲师
bn:00050521n	左边
bn:00050522n	左派
bn:00050523n	左手
bn:00050524n	左侧
bn:00050526n	左撇子
bn:00050529n	左撇子
bn:00050541n	双腿
bn:00050541n	腿
bn:00050541n	腿部
bn:00050542n	腿
bn:00050543n	腿
bn:00050545n	木腿
bn:00050548n	阶段
bn:00050561n	受托人
bn:00050563n	程序
bn:00050563n	诉讼
bn:00050587n	法律
bn:00050587n	立法
bn:00050588n	法规
bn:00050591n	立法者
bn:00050593n	合法性
bn:00050614n	休闲
bn:00050622n	引理
bn:00050627n	柠檬
bn:00050650n	柠檬水
bn:00050662n	长度
bn:00050663n	长度
bn:00050673n	透镜
bn:00050673n	镜头
bn:00050775n	损伤
bn:00050775n	病变
bn:00050776n	伤口
bn:00050793n	课
bn:00050793n	课程
bn:00050794n	教训
bn:00050794n	道德
bn:00050795n	功课
bn:00050795n	课
bn:00050795n	课程
bn:00050802n	书信
bn:00050802n	信
bn:00050802n	信件
bn:00050802n	信函
bn:00050809n	信箱
bn:00050809n	邮箱
bn:00050816n	信纸
bn:00050816n	文具
bn:00050861n	水平仪
bn:00050864n	杠杆
bn:00050906n	词汇
bn:00050906n	词汇表
bn:00050913n	低频率
bn:00050935n	自由主义
bn:00050935n	自由主义者
bn:00050935n	自由派
bn:00050936n	自由主义者
bn:00050940n	自由主义
bn:00050941n	自由主义
bn:00050954n	自由
bn:00050955n	自由
bn:00050967n	图书馆
bn:00050985n	许可
bn:00050986n	许可
bn:00050986n	许可证
bn:00051016n	位置
bn:00051016n	谎言
bn:00051032n	脾脏
bn:00051035n	位置
bn:00051035n	地方
bn:00051037n	中尉
bn:00051038n	中尉
bn:00051043n	副州长
bn:00051045n	人生
bn:00051045n	生命
bn:00051045n	生活
bn:00051046n	人生
bn:00051046n	生命
bn:00051046n	生活
bn:00051047n	一生
bn:00051047n	人生
bn:00051047n	生
bn:00051047n	生命
bn:00051047n	生活
bn:00051047n	生涯
bn:00051048n	人生
bn:00051048n	寿命
bn:00051048n	生命
bn:00051048n	生活
bn:00051048n	生涯
bn:00051049n	一生
bn:00051049n	人生
bn:00051049n	寿命
bn:00051049n	生命
bn:00051049n	生活
bn:00051050n	一生
bn:00051050n	生命
bn:00051051n	生命
bn:00051052n	生命
bn:00051052n	精神
bn:00051053n	生命
bn:00051053n	生活
bn:00051053n	生物
bn:00051054n	生命
bn:00051055n	生活
bn:00051097n	韧带
bn:00051108n	光
bn:00051108n	光源
bn:00051108n	光线
bn:00051108n	可见光
bn:00051108n	灯光
bn:00051109n	亮光
bn:00051109n	光
bn:00051109n	光源
bn:00051109n	光线
bn:00051109n	灯
bn:00051109n	灯光
bn:00051109n	灯火
bn:00051110n	眼光
bn:00051111n	光线
bn:00051112n	亮光
bn:00051113n	光
bn:00051114n	光亮
bn:00051114n	灯光
bn:00051114n	照明
bn:00051116n	活力
bn:00051116n	火花
bn:00051120n	光年
bn:00051138n	小歌剧
bn:00051138n	轻歌剧
bn:00051154n	灯光
bn:00051154n	照明
bn:00051155n	照明
bn:00051161n	闪电
bn:00051182n	可能性
bn:00051187n	丁香
bn:00051187n	紫丁香
bn:00051217n	四肢
bn:00051237n	阈值
bn:00051247n	极限
bn:00051247n	限制
bn:00051247n	限度
bn:00051248n	范围
bn:00051250n	限制
bn:00051251n	限制
bn:00051252n	局限性
bn:00051252n	限制
bn:00051288n	战线
bn:00051288n	队伍
bn:00051289n	线
bn:00051289n	线条
bn:00051290n	排
bn:00051290n	线
bn:00051290n	线路
bn:00051290n	队伍
bn:00051291n	线条
bn:00051292n	台词
bn:00051292n	行
bn:00051293n	电线
bn:00051295n	线路
bn:00051295n	行
bn:00051297n	线
bn:00051297n	线路
bn:00051300n	线条
bn:00051302n	线路
bn:00051334n	视线
bn:00051351n	透视法
bn:00051355n	轮廓
bn:00051362n	亚麻
bn:00051363n	亚麻布
bn:00051385n	语言学家
bn:00051392n	规则
bn:00051395n	语言学
bn:00051400n	联系
bn:00051400n	链接
bn:00051401n	联系
bn:00051401n	链接
bn:00051414n	油毡
bn:00051440n	嘴唇
bn:00051447n	口红
bn:00051471n	液体
bn:00051473n	液体
bn:00051482n	液氮
bn:00051488n	凶手
bn:00051488n	谋杀犯
bn:00051508n	列举
bn:00051508n	列表
bn:00051508n	名单
bn:00051508n	清单
bn:00051520n	文学
bn:00051538n	文学
bn:00051569n	一窝
bn:00051570n	垃圾
bn:00051594n	罗得岛
bn:00051594n	罗德岛
bn:00051621n	肝
bn:00051621n	肝脏
bn:00051622n	肝脏
bn:00051631n	利物浦
bn:00051641n	僵尸
bn:00051644n	住处
bn:00051655n	蜥蜴
bn:00051674n	负载
bn:00051693n	贷款
bn:00051716n	叶
bn:00051743n	小叶
bn:00051750n	地方政府
bn:00051752n	邮局
bn:00051758n	地区
bn:00051758n	地方
bn:00051758n	地点
bn:00051758n	社区
bn:00051758n	邻域
bn:00051758n	附近
bn:00051760n	位
bn:00051760n	位置
bn:00051760n	地点
bn:00051760n	所在地
bn:00051760n	选址
bn:00051771n	锁
bn:00051783n	更衣室
bn:00051795n	监禁
bn:00051807n	蝗虫
bn:00051824n	阁楼
bn:00051829n	原木
bn:00051830n	对数
bn:00051834n	小木屋
bn:00051845n	逻辑
bn:00051845n	逻辑性
bn:00051846n	逻辑
bn:00051846n	道理
bn:00051847n	逻辑
bn:00051857n	实证主义
bn:00051869n	物流
bn:00051877n	子
bn:00051904n	德克萨斯
bn:00051925n	长骨
bn:00051931n	长岛
bn:00051968n	目光
bn:00051969n	样子
bn:00051969n	神情
bn:00051972n	旁观者
bn:00051972n	见证人
bn:00051972n	观众
bn:00051972n	证人
bn:00051973n	旁观者
bn:00051975n	侦察员
bn:00051975n	哨兵
bn:00051979n	查找
bn:00051992n	漏洞
bn:00051993n	枪眼
bn:00052017n	上帝
bn:00052017n	主
bn:00052017n	主人
bn:00052018n	贵族
bn:00052049n	损失
bn:00052050n	损失
bn:00052051n	损失
bn:00052051n	损耗
bn:00052052n	输
bn:00052053n	失落
bn:00052053n	损失
bn:00052054n	损失
bn:00052055n	损失
bn:00052076n	喇叭
bn:00052076n	扬声器
bn:00052114n	虱子
bn:00052116n	虱病
bn:00052121n	热爱
bn:00052121n	爱
bn:00052121n	爱情
bn:00052122n	热情
bn:00052122n	热爱
bn:00052143n	恋人
bn:00052143n	情人
bn:00052159n	最低点
bn:00052194n	下限
bn:00052194n	最低
bn:00052205n	低地
bn:00052218n	忠诚
bn:00052222n	药丸
bn:00052293n	木料
bn:00052293n	木材
bn:00052310n	肿胀
bn:00052329n	狂人
bn:00052329n	疯子
bn:00052341n	肺
bn:00052360n	倾斜
bn:00052368n	夜莺
bn:00052372n	欲望
bn:00052374n	光泽
bn:00052402n	奢侈
bn:00052402n	奢侈品
bn:00052432n	淋巴结
bn:00052473n	抒情诗
bn:00052501n	m
bn:00052501n	米
bn:00052502n	M
bn:00052511n	Mamma
bn:00052511n	妈
bn:00052511n	妈妈
bn:00052512n	毫安
bn:00052556n	机器
bn:00052557n	机器
bn:00052559n	机器
bn:00052565n	机枪
bn:00052567n	机械车间
bn:00052571n	机器
bn:00052571n	机械
bn:00052573n	机械师
bn:00052628n	染色
bn:00052664n	大师
bn:00052671n	杂志
bn:00052674n	杂志
bn:00052675n	杂志
bn:00052684n	蛆
bn:00052688n	魔力
bn:00052688n	魔法
bn:00052701n	判官
bn:00052712n	磁铁
bn:00052713n	磁
bn:00052713n	磁力
bn:00052713n	磁性
bn:00052730n	磁矩
bn:00052732n	磁针
bn:00052737n	磁共振
bn:00052757n	大小
bn:00052757n	星等
bn:00052763n	密西西比
bn:00052763n	密西西比州
bn:00052772n	喜鹊
bn:00052794n	红木
bn:00052814n	邮件
bn:00052815n	邮件
bn:00052856n	缅因州
bn:00052858n	大陆
bn:00052867n	维护
bn:00052869n	修理工
bn:00052875n	少校
bn:00052879n	少将
bn:00052881n	长轴
bn:00052888n	行星
bn:00052910n	制作者
bn:00052911n	制造商
bn:00052915n	资历
bn:00052915n	资格
bn:00052938n	疾病
bn:00052944n	疟疾
bn:00052967n	雄性
bn:00052968n	男性
bn:00052990n	男性
bn:00053001n	恶意
bn:00053018n	可塑性
bn:00053077n	乳头
bn:00053096n	人
bn:00053096n	军人
bn:00053096n	男人
bn:00053097n	人
bn:00053097n	人类
bn:00053097n	男人
bn:00053098n	人
bn:00053107n	夫妻
bn:00053107n	婚姻
bn:00053108n	工时
bn:00053116n	管理
bn:00053131n	曼彻斯特
bn:00053132n	曼彻斯特
bn:00053171n	演习
bn:00053172n	战术
bn:00053172n	策略
bn:00053175n	机动性
bn:00053192n	曼哈顿
bn:00053214n	表现
bn:00053215n	表现
bn:00053218n	歧管
bn:00053226n	操作员
bn:00053238n	举止
bn:00053238n	态度
bn:00053238n	方式
bn:00053238n	风格
bn:00053241n	步态
bn:00053241n	走路
bn:00053242n	礼貌
bn:00053245n	压力计
bn:00053246n	庄园
bn:00053251n	男仆
bn:00053279n	手册
bn:00053285n	制造商
bn:00053285n	生产者
bn:00053286n	解放
bn:00053287n	粪肥
bn:00053288n	手稿
bn:00053303n	地图
bn:00053307n	枫树
bn:00053318n	三月
bn:00053338n	大理石
bn:00053354n	进军
bn:00053421n	木琴
bn:00053428n	陆战队
bn:00053438n	约库特人
bn:00053444n	印记
bn:00053444n	标志
bn:00053445n	目标
bn:00053446n	标记
bn:00053446n	痕迹
bn:00053447n	印记
bn:00053450n	标志
bn:00053450n	符号
bn:00053450n	迹象
bn:00053458n	市场
bn:00053459n	市场
bn:00053460n	市场
bn:00053461n	市场
bn:00053470n	工匠
bn:00053470n	店主
bn:00053480n	营销
bn:00053480n	销售
bn:00053518n	婚姻
bn:00053518n	结婚
bn:00053519n	婚姻
bn:00053519n	婚礼
bn:00053521n	婚床
bn:00053528n	求婚
bn:00053531n	妻
bn:00053531n	妻子
bn:00053536n	火星
bn:00053552n	元帅
bn:00053556n	调车场
bn:00053578n	火星人
bn:00053594n	殉道者
bn:00053594n	烈士
bn:00053600n	奇迹
bn:00053619n	睫毛膏
bn:00053637n	面具
bn:00053662n	质量
bn:00053664n	弥撒
bn:00053665n	块
bn:00053675n	集会
bn:00053682n	光谱仪
bn:00053682n	谱仪
bn:00053701n	按摩师
bn:00053706n	桅杆
bn:00053714n	大师
bn:00053715n	原作
bn:00053721n	主卧
bn:00053738n	杰作
bn:00053765n	垫子
bn:00053772n	比赛
bn:00053773n	火柴
bn:00053774n	匹配
bn:00053793n	队友
bn:00053794n	伴侣
bn:00053801n	东西
bn:00053801n	材料
bn:00053801n	物质
bn:00053801n	素材
bn:00053802n	材料
bn:00053802n	素材
bn:00053802n	资料
bn:00053803n	材料
bn:00053803n	物质
bn:00053810n	后代
bn:00053823n	数学
bn:00053827n	乘积
bn:00053827n	产品
bn:00053832n	统计学家
bn:00053849n	基质
bn:00053860n	主妇
bn:00053867n	实物
bn:00053867n	物质
bn:00053884n	成熟
bn:00053886n	无酵饼
bn:00053911n	陵墓
bn:00053914n	反叛者
bn:00053933n	上限
bn:00053941n	五月
bn:00053964n	纠缠
bn:00053993n	顿
bn:00053993n	餐
bn:00053993n	餐点
bn:00054001n	方法
bn:00054009n	含义
bn:00054009n	实质
bn:00054009n	意义
bn:00054009n	意思
bn:00054012n	手段
bn:00054012n	方法
bn:00054018n	措施
bn:00054018n	步
bn:00054018n	步伐
bn:00054018n	步骤
bn:00054019n	尺寸
bn:00054019n	措施
bn:00054026n	肉
bn:00054060n	力学
bn:00054061n	机制
bn:00054063n	机制
bn:00054085n	干预
bn:00054107n	医疗
bn:00054122n	医学院
bn:00054125n	专家
bn:00054126n	医学
bn:00054128n	药物
bn:00054133n	医学
bn:00054144n	冥想
bn:00054146n	地中海
bn:00054149n	媒介
bn:00054150n	介质
bn:00054151n	媒介
bn:00054196n	自大狂
bn:00054219n	湄公河
bn:00054225n	忧郁
bn:00054225n	感伤
bn:00054243n	火鸡
bn:00054257n	情节剧
bn:00054258n	旋律
bn:00054261n	甜瓜
bn:00054268n	熔化
bn:00054276n	成员
bn:00054284n	膜
bn:00054291n	备忘录
bn:00054292n	回忆录
bn:00054297n	石碑
bn:00054297n	纪念碑
bn:00054299n	回忆
bn:00054299n	记忆
bn:00054300n	记忆
bn:00054301n	记忆
bn:00054301n	记忆力
bn:00054307n	孟菲斯
bn:00054311n	威胁
bn:00054316n	动物园
bn:00054319n	初潮
bn:00054365n	神经症
bn:00054378n	测试
bn:00054380n	心态
bn:00054380n	观点
bn:00054380n	视野
bn:00054390n	参考
bn:00054392n	智者
bn:00054416n	产品
bn:00054416n	商品
bn:00054417n	商人
bn:00054421n	怜悯
bn:00054453n	价值
bn:00054453n	优点
bn:00054453n	美德
bn:00054464n	美人鱼
bn:00054475n	狂欢者
bn:00054497n	网络
bn:00054516n	混乱
bn:00054519n	食堂
bn:00054523n	信息
bn:00054523n	消息
bn:00054523n	留言
bn:00054523n	讯息
bn:00054550n	金属
bn:00054578n	隐喻
bn:00054598n	流星
bn:00054602n	陨石
bn:00054612n	时间
bn:00054625n	方式
bn:00054625n	方法
bn:00054667n	地铁
bn:00054679n	墨西哥人
bn:00054693n	墨西哥
bn:00054701n	mg
bn:00054701n	毫克
bn:00054703n	心肌梗死
bn:00054714n	胶束
bn:00054731n	微生物
bn:00054740n	缩影
bn:00054763n	微米
bn:00054774n	麦克风
bn:00054781n	显微镜
bn:00054789n	微秒
bn:00054804n	微波
bn:00054808n	雷达
bn:00054838n	半空
bn:00054842n	中间
bn:00054843n	中间
bn:00054844n	中间
bn:00054852n	中东
bn:00054864n	中西部
bn:00054884n	午夜
bn:00054889n	中间
bn:00054897n	周三
bn:00054897n	星期三
bn:00054902n	力量
bn:00054902n	功率
bn:00054902n	动力
bn:00054923n	里程
bn:00054933n	里程碑
bn:00054941n	里程碑
bn:00054944n	周围
bn:00054944n	环境
bn:00054947n	动员
bn:00054954n	优势
bn:00054954n	力量
bn:00054954n	实力
bn:00054958n	占领
bn:00054971n	任务
bn:00054972n	人员
bn:00054972n	军官
bn:00054972n	官员
bn:00054973n	作业
bn:00054973n	行动
bn:00054975n	军人
bn:00054975n	军队
bn:00054975n	部队
bn:00054979n	位置
bn:00054979n	阵地
bn:00054980n	哨所
bn:00054991n	志愿者
bn:00054992n	民兵
bn:00054996n	奶
bn:00055031n	千年
bn:00055052n	毫米
bn:00055053n	毫米汞柱
bn:00055064n	毫伏
bn:00055080n	密尔沃基
bn:00055084n	mimesis
bn:00055084n	模仿
bn:00055084n	模拟
bn:00055094n	分钟
bn:00055105n	脑子
bn:00055105n	记忆
bn:00055114n	矿
bn:00055114n	矿山
bn:00055115n	地雷
bn:00055118n	雷区
bn:00055123n	矿工
bn:00055124n	矿产
bn:00055124n	矿产品
bn:00055124n	矿物
bn:00055124n	矿物质
bn:00055135n	矿物学
bn:00055177n	帮助
bn:00055177n	救济
bn:00055178n	事工
bn:00055190n	明尼阿波利斯
bn:00055203n	小行星
bn:00055208n	少数
bn:00055244n	细节
bn:00055250n	奇迹
bn:00055251n	奇迹
bn:00055261n	镜子
bn:00055264n	反映
bn:00055272n	错误
bn:00055278n	误解
bn:00055280n	误解
bn:00055283n	无赖
bn:00055290n	布景
bn:00055292n	悲惨
bn:00055292n	痛苦
bn:00055298n	不安
bn:00055298n	疑虑
bn:00055298n	顾虑
bn:00055322n	导弹
bn:00055323n	枚
bn:00055325n	使命
bn:00055327n	传教
bn:00055331n	密西西比
bn:00055331n	密西西比河
bn:00055334n	密苏里州
bn:00055345n	雾
bn:00055345n	雾气
bn:00055345n	雾霭
bn:00055393n	社交
bn:00055400n	混合物
bn:00055408n	暴民
bn:00055416n	流动性
bn:00055446n	Model
bn:00055446n	型号
bn:00055446n	模型
bn:00055447n	模型
bn:00055447n	模特
bn:00055448n	模型
bn:00055449n	模特
bn:00055467n	现代人
bn:00055475n	现代化
bn:00055476n	现代主义
bn:00055488n	修饰语
bn:00055494n	变调
bn:00055494n	调节
bn:00055495n	调制
bn:00055504n	套路
bn:00055504n	常规
bn:00055504n	惯例
bn:00055528n	波纹
bn:00055529n	水分
bn:00055529n	湿气
bn:00055563n	分子量
bn:00055564n	分子
bn:00055604n	动量
bn:00055609n	周一
bn:00055609n	星期一
bn:00055629n	修道院
bn:00055630n	僧侣
bn:00055630n	和尚
bn:00055644n	款项
bn:00055644n	货币
bn:00055644n	金钱
bn:00055644n	钱
bn:00055644n	钱款
bn:00055645n	款项
bn:00055645n	金
bn:00055645n	钱
bn:00055651n	汇票
bn:00055682n	监控
bn:00055685n	猴子
bn:00055700n	单色画
bn:00055716n	专著
bn:00055725n	独白
bn:00055730n	单体
bn:00055741n	垄断
bn:00055743n	垄断
bn:00055743n	垄断权
bn:00055744n	垄断
bn:00055768n	门罗主义
bn:00055772n	季风
bn:00055794n	月
bn:00055794n	月份
bn:00055800n	蒙特利尔
bn:00055809n	月亮
bn:00055809n	月球
bn:00055810n	月亮
bn:00055811n	月光
bn:00055848n	美德
bn:00055852n	士气
bn:00055859n	道德家
bn:00055860n	道德
bn:00055884n	风俗
bn:00055902n	牵牛
bn:00055923n	形态
bn:00055944n	砂浆
bn:00055948n	抵押
bn:00055962n	马赛克
bn:00055973n	摩西
bn:00055977n	蚊子
bn:00055981n	苔藓
bn:00056023n	主题
bn:00056024n	主题
bn:00056025n	主题
bn:00056029n	举动
bn:00056029n	动作
bn:00056029n	动静
bn:00056029n	运动
bn:00056030n	动作
bn:00056030n	动静
bn:00056030n	移动
bn:00056030n	运动
bn:00056031n	运动
bn:00056032n	动议
bn:00056033n	动作
bn:00056033n	运动
bn:00056037n	动力
bn:00056037n	动机
bn:00056037n	需要
bn:00056041n	发动机
bn:00056041n	马达
bn:00056059n	卡车
bn:00056067n	坐骑
bn:00056068n	山区
bn:00056068n	山脉
bn:00056068n	群山
bn:00056109n	山坡
bn:00056119n	小鼠
bn:00056119n	老鼠
bn:00056119n	鼠
bn:00056133n	胡子
bn:00056135n	口腔
bn:00056135n	嘴
bn:00056135n	嘴巴
bn:00056135n	嘴里
bn:00056136n	嘴
bn:00056136n	嘴巴
bn:00056136n	嘴里
bn:00056148n	话筒
bn:00056150n	羊肉
bn:00056154n	举动
bn:00056155n	举动
bn:00056155n	搬家
bn:00056157n	乐章
bn:00056170n	占领
bn:00056171n	波
bn:00056171n	波动
bn:00056171n	波浪
bn:00056171n	浪潮
bn:00056187n	多
bn:00056187n	大量
bn:00056187n	很多
bn:00056187n	许多
bn:00056199n	粘膜
bn:00056200n	粘液
bn:00056219n	慕尼黑
bn:00056225n	消声器
bn:00056225n	消音器
bn:00056254n	覆盖物
bn:00056255n	骡子
bn:00056300n	倍
bn:00056377n	肌
bn:00056377n	肌肉
bn:00056378n	肌肉
bn:00056379n	打手
bn:00056381n	肌纤维
bn:00056402n	胸
bn:00056402n	胸肌
bn:00056420n	腹横肌
bn:00056426n	博物馆
bn:00056443n	音乐
bn:00056444n	音乐
bn:00056448n	音乐厅
bn:00056449n	杂耍
bn:00056458n	音乐剧
bn:00056463n	音
bn:00056463n	音符
bn:00056463n	音调
bn:00056468n	乐句
bn:00056468n	短语
bn:00056470n	乐谱
bn:00056475n	音乐家
bn:00056487n	火枪
bn:00056530n	突变体
bn:00056538n	沉默
bn:00056541n	叛乱
bn:00056541n	叛变
bn:00056550n	极性
bn:00056607n	心肌
bn:00056632n	无数
bn:00056669n	神话
bn:00056674n	神话
bn:00056727n	指甲
bn:00056728n	钉子
bn:00056742n	现实主义
bn:00056758n	名
bn:00056758n	名义
bn:00056758n	名字
bn:00056758n	名称
bn:00056758n	姓名
bn:00056759n	名字
bn:00056760n	名义
bn:00056797n	护士
bn:00056825n	餐巾
bn:00056857n	叙事
bn:00056857n	叙述
bn:00056857n	故事
bn:00056857n	谣言
bn:00056883n	鼻腔
bn:00056911n	游泳池
bn:00056915n	臣民
bn:00056917n	国歌
bn:00056935n	政治家
bn:00056956n	民族主义
bn:00056956n	爱国主义
bn:00056957n	民族主义
bn:00056960n	爱国者
bn:00056963n	国籍
bn:00056990n	语言
bn:00056996n	物理
bn:00056996n	物理学
bn:00056998n	资源
bn:00057010n	自然主义
bn:00057013n	自然
bn:00057015n	天生
bn:00057015n	性格
bn:00057015n	性质
bn:00057015n	本性
bn:00057015n	本质
bn:00057015n	自然
bn:00057016n	自然
bn:00057016n	自然界
bn:00057017n	大自然
bn:00057017n	自然
bn:00057017n	自然界
bn:00057018n	性质
bn:00057018n	本性
bn:00057018n	本质
bn:00057052n	海军
bn:00057079n	航海者
bn:00057100n	北卡罗来纳州
bn:00057102n	东北
bn:00057115n	吻部
bn:00057131n	必要
bn:00057131n	必要性
bn:00057131n	必需品
bn:00057144n	项链
bn:00057149n	领带
bn:00057160n	花蜜
bn:00057164n	需要
bn:00057191n	负电荷
bn:00057219n	邻
bn:00057219n	邻居
bn:00057221n	居民区
bn:00057221n	社区
bn:00057221n	街区
bn:00057221n	邻里
bn:00057267n	肿瘤
bn:00057273n	新浪漫主义
bn:00057287n	侄子
bn:00057287n	外甥
bn:00057319n	夹竹桃
bn:00057322n	神经
bn:00057332n	通路
bn:00057353n	巢
bn:00057353n	巢穴
bn:00057353n	窝
bn:00057358n	积蓄
bn:00057373n	吨
bn:00057379n	网络
bn:00057380n	网络
bn:00057430n	神经症
bn:00057436n	中性
bn:00057440n	中立化
bn:00057441n	中立主义
bn:00057442n	中立主义者
bn:00057443n	中立性
bn:00057448n	中子弹
bn:00057469n	新政
bn:00057474n	新英格兰
bn:00057489n	新月
bn:00057491n	新奥尔良
bn:00057499n	新约
bn:00057503n	西半球
bn:00057513n	纽约湾
bn:00057516n	纽约人
bn:00057530n	纽卡斯尔
bn:00057533n	新来者
bn:00057543n	纽波特
bn:00057546n	新闻
bn:00057546n	消息
bn:00057547n	新闻
bn:00057552n	发布会
bn:00057562n	记者
bn:00057563n	份
bn:00057563n	报社
bn:00057563n	报纸
bn:00057563n	文件
bn:00057563n	论文
bn:00057564n	报纸
bn:00057565n	报纸
bn:00057620n	礼貌
bn:00057624n	定位
bn:00057642n	尼古丁
bn:00057650n	侄女
bn:00057701n	噩梦
bn:00057768n	努力
bn:00057774n	硝酸盐
bn:00057796n	氮氧化物
bn:00057809n	不
bn:00057841n	夜光藻
bn:00057847n	点头
bn:00057855n	结节
bn:00057858n	木钉
bn:00057863n	噪音
bn:00057885n	提名
bn:00057891n	非天主教徒
bn:00057892n	祭司
bn:00058008n	标准
bn:00058008n	规范
bn:00058031n	北方
bn:00058032n	北方
bn:00058032n	联邦
bn:00058033n	北方
bn:00058038n	北美
bn:00058038n	北美洲
bn:00058054n	朝鲜人
bn:00058061n	北极
bn:00058070n	东北
bn:00058095n	北方人
bn:00058117n	鼻子
bn:00058118n	鼻子
bn:00058124n	喷嘴
bn:00058137n	怀旧
bn:00058145n	笔记
bn:00058145n	记录
bn:00058146n	音符
bn:00058152n	笔记本
bn:00058164n	通知
bn:00058165n	注意
bn:00058168n	注意
bn:00058173n	通知
bn:00058174n	概念
bn:00058174n	观念
bn:00058188n	名词
bn:00058192n	十一月
bn:00058192n	十一月份
bn:00058201n	小说
bn:00058205n	小说家
bn:00058217n	现在
bn:00058218n	现在
bn:00058252n	核酸
bn:00058254n	核仁
bn:00058259n	原子核
bn:00058262n	裸体画
bn:00058285n	数字
bn:00058286n	号码
bn:00058287n	数字
bn:00058313n	修女
bn:00058325n	护士
bn:00058341n	坚果
bn:00058343n	螺母
bn:00058379n	若虫
bn:00058381n	花痴
bn:00058415n	燕麦
bn:00058420n	誓言
bn:00058431n	顺从
bn:00058433n	尊重
bn:00058435n	方尖碑
bn:00058442n	事物
bn:00058442n	对象
bn:00058442n	物件
bn:00058442n	物体
bn:00058443n	宾语
bn:00058444n	对象
bn:00058460n	反对
bn:00058462n	客观性
bn:00058468n	义务
bn:00058494n	观察
bn:00058495n	观察
bn:00058495n	观测
bn:00058496n	观察力
bn:00058497n	观察
bn:00058508n	黑曜石
bn:00058511n	障碍
bn:00058512n	障碍
bn:00058536n	机会
bn:00058536n	理由
bn:00058539n	机会
bn:00058540n	西方
bn:00058540n	西部
bn:00058541n	西方人
bn:00058546n	枕叶
bn:00058562n	租赁
bn:00058564n	居民
bn:00058574n	大洋
bn:00058574n	海洋
bn:00058575n	海洋
bn:00058579n	航程
bn:00058579n	航行
bn:00058593n	十月
bn:00058593n	十月份
bn:00058638n	敖德萨
bn:00058653n	味道
bn:00058653n	气味
bn:00058653n	香味
bn:00058674n	进攻
bn:00058679n	提议
bn:00058685n	力量
bn:00058685n	权力
bn:00058697n	主管
bn:00058697n	人员
bn:00058697n	官员
bn:00058698n	人员
bn:00058698n	军官
bn:00058698n	警察
bn:00058699n	军官
bn:00058701n	官员
bn:00058715n	幼
bn:00058732n	油
bn:00058732n	石油
bn:00058757n	油画
bn:00058770n	油井
bn:00058772n	油布
bn:00058774n	油田
bn:00058779n	雨衣
bn:00058801n	老兵
bn:00058801n	老将
bn:00058801n	老手
bn:00058803n	老头
bn:00058810n	弗吉尼亚
bn:00058810n	弗吉尼亚州
bn:00058810n	维吉尼亚
bn:00058841n	旧约
bn:00058843n	无稽之谈
bn:00058935n	征兆
bn:00058940n	遗漏
bn:00058941n	遗漏
bn:00058967n	发病
bn:00058967n	开始
bn:00058967n	起始
bn:00058969n	一个
bn:00058989n	十分之一
bn:00058990n	三分之一
bn:00058992n	千分之一
bn:00059005n	团结
bn:00059031n	攻击
bn:00059062n	户外
bn:00059064n	水面
bn:00059094n	开幕
bn:00059099n	可能
bn:00059099n	可能性
bn:00059107n	歌剧
bn:00059125n	操作
bn:00059125n	运营
bn:00059126n	业务
bn:00059126n	操作
bn:00059126n	运营
bn:00059127n	业务
bn:00059127n	行动
bn:00059127n	运营
bn:00059128n	操作
bn:00059129n	手术
bn:00059130n	操作
bn:00059130n	程序
bn:00059130n	过程
bn:00059130n	运营
bn:00059141n	算子
bn:00059141n	运算符
bn:00059142n	经营者
bn:00059150n	蛇
bn:00059168n	情感
bn:00059168n	情绪
bn:00059168n	意见
bn:00059168n	看法
bn:00059168n	舆论
bn:00059168n	评价
bn:00059169n	意见
bn:00059169n	看法
bn:00059170n	舆论
bn:00059171n	意见
bn:00059171n	裁决
bn:00059171n	裁定
bn:00059175n	鸦片
bn:00059186n	反对
bn:00059186n	对手
bn:00059186n	对立面
bn:00059192n	反对
bn:00059192n	抵抗
bn:00059192n	抵抗力
bn:00059196n	压迫
bn:00059224n	乐观
bn:00059235n	先知
bn:00059235n	预言家
bn:00059249n	橙子
bn:00059250n	橙色
bn:00059285n	乐团
bn:00059301n	考验
bn:00059303n	命令
bn:00059303n	订单
bn:00059304n	数量级
bn:00059305n	秩序
bn:00059306n	排序
bn:00059306n	订单
bn:00059306n	顺序
bn:00059307n	顺序
bn:00059308n	订单
bn:00059309n	顺序
bn:00059436n	条例
bn:00059436n	规定
bn:00059436n	规章
bn:00059436n	规范
bn:00059447n	纵坐标
bn:00059451n	矿石
bn:00059458n	器官
bn:00059459n	机构
bn:00059480n	形成
bn:00059480n	机构
bn:00059480n	组织
bn:00059482n	组织
bn:00059507n	取向
bn:00059507n	方向
bn:00059510n	偏好
bn:00059518n	原点
bn:00059520n	原罪
bn:00059522n	原创性
bn:00059522n	独创性
bn:00059529n	祈祷
bn:00059561n	孤儿
bn:00059610n	短骨
bn:00059630n	振荡
bn:00059631n	振荡
bn:00059632n	振荡器
bn:00059649n	渗透压
bn:00059651n	骨化
bn:00059768n	太空
bn:00059768n	空间
bn:00059773n	外野手
bn:00059783n	轮廓
bn:00059786n	前哨
bn:00059788n	产出
bn:00059788n	产量
bn:00059789n	输出
bn:00059798n	暴行
bn:00059799n	丑闻
bn:00059811n	郊区
bn:00059829n	烤箱
bn:00059843n	工作服
bn:00059843n	工装
bn:00059843n	工装裤
bn:00059872n	径流
bn:00059879n	革新
bn:00059891n	过载
bn:00059907n	套鞋
bn:00059908n	监督
bn:00059918n	加班
bn:00059921n	暗示
bn:00059923n	序曲
bn:00059924n	前奏
bn:00059953n	业主
bn:00059953n	主人
bn:00059953n	所有者
bn:00059954n	主人
bn:00059954n	所有者
bn:00059957n	所有制
bn:00059957n	所有权
bn:00059958n	所有权
bn:00059975n	牛车
bn:00059978n	牛津
bn:00059986n	氧化
bn:00060021n	牡蛎
bn:00060040n	臭氧
bn:00060051n	势能
bn:00060057n	毕加索
bn:00060063n	步伐
bn:00060063n	速度
bn:00060065n	节奏
bn:00060066n	码
bn:00060085n	太平洋
bn:00060099n	节奏
bn:00060099n	速度
bn:00060109n	包装
bn:00060109n	包裹
bn:00060112n	包装
bn:00060113n	促销
bn:00060113n	宣传
bn:00060113n	推广
bn:00060120n	堆积
bn:00060141n	稻田
bn:00060144n	挂锁
bn:00060155n	牡丹
bn:00060158n	页
bn:00060158n	页面
bn:00060181n	疼痛
bn:00060181n	痛苦
bn:00060182n	疼痛
bn:00060182n	痛苦
bn:00060187n	油漆
bn:00060187n	画作
bn:00060187n	颜料
bn:00060198n	画家
bn:00060201n	图片
bn:00060201n	照片
bn:00060201n	画
bn:00060201n	画作
bn:00060201n	画面
bn:00060201n	绘画
bn:00060202n	画作
bn:00060202n	绘画
bn:00060203n	油漆
bn:00060203n	绘画
bn:00060204n	一对
bn:00060222n	宫殿
bn:00060273n	巴勒莫
bn:00060274n	巴勒斯坦
bn:00060279n	调色板
bn:00060280n	调色板
bn:00060304n	手掌
bn:00060315n	南卡罗来纳
bn:00060333n	小册子
bn:00060340n	巴拿马
bn:00060376n	镶板
bn:00060377n	面板
bn:00060396n	恐慌
bn:00060420n	三色堇
bn:00060423n	裤子
bn:00060424n	裤腿
bn:00060436n	老虎
bn:00060464n	报纸
bn:00060464n	文件
bn:00060464n	纸
bn:00060464n	纸上
bn:00060464n	纸张
bn:00060465n	文件
bn:00060465n	纸上
bn:00060466n	论文
bn:00060467n	平装书
bn:00060505n	天主教
bn:00060521n	标准杆
bn:00060538n	游行
bn:00060542n	范例
bn:00060542n	范式
bn:00060547n	悖论
bn:00060556n	款
bn:00060556n	段
bn:00060556n	段落
bn:00060562n	鹦鹉
bn:00060581n	顺磁体
bn:00060585n	参数
bn:00060586n	参数
bn:00060598n	偏执狂
bn:00060604n	释义
bn:00060618n	寄生虫
bn:00060633n	一部分
bn:00060633n	包裹
bn:00060633n	部分
bn:00060638n	羊皮纸
bn:00060641n	实质
bn:00060643n	父母
bn:00060647n	括号
bn:00060680n	堂区
bn:00060680n	教区
bn:00060690n	公园
bn:00060698n	停车
bn:00060701n	停车位
bn:00060708n	议会
bn:00060713n	客厅
bn:00060713n	起居室
bn:00060764n	部件
bn:00060764n	部分
bn:00060765n	片
bn:00060765n	篇
bn:00060765n	部分
bn:00060766n	角色
bn:00060766n	部分
bn:00060767n	区域
bn:00060767n	地区
bn:00060768n	份额
bn:00060768n	比例
bn:00060768n	百分比
bn:00060768n	股份
bn:00060768n	部分
bn:00060769n	部位
bn:00060769n	部分
bn:00060770n	部分
bn:00060787n	先入之见
bn:00060799n	球员
bn:00060799n	队员
bn:00060802n	粒子
bn:00060802n	颗粒
bn:00060807n	细节
bn:00060821n	合伙
bn:00060834n	党
bn:00060834n	党派
bn:00060834n	政党
bn:00060834n	聚会
bn:00060835n	派对
bn:00060835n	聚会
bn:00060836n	派对
bn:00060836n	聚会
bn:00060837n	党
bn:00060881n	经过
bn:00060881n	跃迁
bn:00060881n	转变
bn:00060881n	过渡
bn:00060882n	段落
bn:00060883n	通道
bn:00060885n	通道
bn:00060888n	走廊
bn:00060888n	通道
bn:00060894n	乘客
bn:00060907n	热情
bn:00060908n	愤怒
bn:00060909n	热情
bn:00060927n	过去
bn:00060928n	过去
bn:00060929n	过去
bn:00060938n	浆糊
bn:00060938n	糊状物
bn:00060938n	面团
bn:00060963n	水龙头
bn:00060967n	片
bn:00060969n	时间
bn:00060984n	专利
bn:00060993n	专利权
bn:00061005n	小路
bn:00061005n	方式
bn:00061005n	方法
bn:00061005n	路
bn:00061005n	路径
bn:00061005n	道路
bn:00061006n	小路
bn:00061012n	病理
bn:00061012n	病理学
bn:00061017n	患者
bn:00061017n	病人
bn:00061018n	铜绿
bn:00061019n	露台
bn:00061041n	巡逻队
bn:00061047n	发起人
bn:00061047n	赞助商
bn:00061050n	生意
bn:00061050n	贸易
bn:00061054n	习惯
bn:00061054n	做法
bn:00061054n	实践
bn:00061054n	惯例
bn:00061054n	格局
bn:00061054n	模式
bn:00061055n	模式
bn:00061083n	人行道
bn:00061084n	人行道
bn:00061087n	铺路石
bn:00061113n	复仇
bn:00061115n	发薪日
bn:00061119n	付款
bn:00061119n	支付
bn:00061121n	佩恩灰
bn:00061133n	PBS
bn:00061135n	比例
bn:00061135n	百分比
bn:00061138n	豌豆
bn:00061149n	和平
bn:00061150n	和平
bn:00061151n	和平
bn:00061173n	孔雀
bn:00061177n	尖端
bn:00061187n	梨
bn:00061187n	梨子
bn:00061189n	珍珠
bn:00061206n	农民
bn:00061211n	卵石
bn:00061211n	鹅卵石
bn:00061218n	啄木鸟
bn:00061253n	尿液
bn:00061296n	子弹
bn:00061314n	笔
bn:00061325n	处罚
bn:00061325n	惩罚
bn:00061326n	处罚
bn:00061327n	惩罚
bn:00061330n	悔改
bn:00061330n	赎罪
bn:00061333n	品味
bn:00061334n	铅笔
bn:00061346n	钟摆
bn:00061370n	半岛
bn:00061392n	游乐场
bn:00061406n	养老金
bn:00061418n	五角大楼
bn:00061419n	五角大楼
bn:00061450n	人
bn:00061450n	人们
bn:00061450n	人口
bn:00061450n	人民
bn:00061450n	民族
bn:00061451n	人
bn:00061485n	肽酶
bn:00061485n	蛋白酶
bn:00061500n	感知
bn:00061500n	知觉
bn:00061503n	感知
bn:00061557n	穿孔
bn:00061560n	演出
bn:00061560n	行为
bn:00061560n	表演
bn:00061560n	表现
bn:00061561n	演出
bn:00061561n	表演
bn:00061564n	演奏者
bn:00061564n	表演者
bn:00061571n	灌注
bn:00061605n	周期
bn:00061605n	季节
bn:00061605n	年代
bn:00061605n	时代
bn:00061605n	时候
bn:00061605n	时期
bn:00061605n	期间
bn:00061606n	周期
bn:00061617n	期刊
bn:00061651n	持久性
bn:00061661n	许可
bn:00061663n	宽容
bn:00061697n	迫害
bn:00061722n	人物
bn:00061736n	个性
bn:00061736n	人格
bn:00061746n	景色
bn:00061746n	看法
bn:00061746n	立场
bn:00061746n	观点
bn:00061746n	视角
bn:00061748n	汗
bn:00061748n	汗水
bn:00061751n	实力
bn:00061757n	秘鲁
bn:00061775n	悲观
bn:00061777n	悲观主义者
bn:00061787n	宠物
bn:00061826n	诉状
bn:00061826n	请愿书
bn:00061826n	请求
bn:00061827n	请愿人
bn:00061855n	pH
bn:00061868n	指骨
bn:00061889n	药学
bn:00061897n	喉咙
bn:00061897n	嗓子
bn:00061898n	Phase
bn:00061898n	阶段
bn:00061899n	相位
bn:00061916n	野鸡
bn:00061931n	现象
bn:00061932n	现象
bn:00061933n	吩噻嗪
bn:00061953n	交响乐
bn:00061966n	菲律宾
bn:00061979n	哲学家
bn:00061984n	哲学
bn:00062019n	嗓音
bn:00062019n	声音
bn:00062020n	电话
bn:00062021n	声音
bn:00062024n	电话簿
bn:00062032n	音位
bn:00062032n	音素
bn:00062034n	语音学
bn:00062039n	语音学
bn:00062042n	留声机
bn:00062048n	光气
bn:00062084n	摄影
bn:00062100n	光子
bn:00062115n	措辞
bn:00062115n	短语
bn:00062115n	说法
bn:00062118n	语法
bn:00062119n	措辞
bn:00062147n	语系
bn:00062163n	体育
bn:00062170n	物理学
bn:00062176n	物理学家
bn:00062182n	生理学
bn:00062203n	钢琴家
bn:00062214n	地方
bn:00062214n	广场
bn:00062262n	野餐区
bn:00062273n	图片
bn:00062275n	场景
bn:00062275n	场面
bn:00062275n	情景
bn:00062275n	画面
bn:00062276n	图像
bn:00062276n	图片
bn:00062276n	视频
bn:00062278n	绘本
bn:00062279n	画框
bn:00062297n	块
bn:00062297n	碎片
bn:00062297n	部件
bn:00062298n	块
bn:00062298n	片
bn:00062298n	篇
bn:00062299n	篇
bn:00062300n	切片
bn:00062302n	一部分
bn:00062308n	张
bn:00062308n	白纸
bn:00062308n	纸张
bn:00062309n	作品
bn:00062309n	工作
bn:00062310n	作品
bn:00062310n	写作
bn:00062310n	文笔
bn:00062339n	虔诚
bn:00062349n	潜艇
bn:00062350n	鸽子
bn:00062357n	色素
bn:00062368n	猪皮
bn:00062385n	沙丁鱼
bn:00062387n	高跷
bn:00062392n	朝圣者
bn:00062395n	朝圣
bn:00062397n	药丸
bn:00062404n	支柱
bn:00062414n	枕头
bn:00062496n	乒乓球
bn:00062507n	粉红
bn:00062517n	尖顶
bn:00062560n	拓荒者
bn:00062568n	管道
bn:00062569n	烟斗
bn:00062576n	水管工
bn:00062576n	管工
bn:00062643n	音调
bn:00062643n	音高
bn:00062646n	倾斜
bn:00062647n	沥青
bn:00062679n	匹兹堡
bn:00062694n	披萨
bn:00062699n	位置
bn:00062699n	地方
bn:00062699n	地点
bn:00062699n	场所
bn:00062700n	地
bn:00062700n	地方
bn:00062700n	地点
bn:00062700n	物业
bn:00062700n	财产
bn:00062701n	一席之地
bn:00062701n	位置
bn:00062701n	住所
bn:00062701n	地位
bn:00062702n	地方
bn:00062702n	地点
bn:00062703n	位置
bn:00062704n	位置
bn:00062704n	地方
bn:00062704n	定位
bn:00062705n	位置
bn:00062706n	位置
bn:00062706n	坐垫
bn:00062706n	座位
bn:00062707n	地方
bn:00062723n	安置
bn:00062734n	宁静
bn:00062750n	便衣
bn:00062757n	褶
bn:00062759n	方案
bn:00062759n	程序
bn:00062759n	节目
bn:00062759n	计划
bn:00062759n	课程
bn:00062766n	平面
bn:00062776n	行星
bn:00062784n	共鸣
bn:00062784n	活力
bn:00062794n	策划
bn:00062794n	规划
bn:00062794n	计划
bn:00062795n	规划
bn:00062796n	准备
bn:00062796n	规划
bn:00062796n	规定
bn:00062822n	种植园
bn:00062824n	种植者
bn:00062830n	种植
bn:00062836n	斑块
bn:00062837n	水花
bn:00062850n	石膏
bn:00062851n	石膏
bn:00062854n	泥水匠
bn:00062856n	塑料
bn:00062877n	板
bn:00062878n	盘子
bn:00062898n	平台
bn:00062899n	平台
bn:00062899n	方案
bn:00062899n	纲领
bn:00062899n	计划
bn:00062910n	柏拉图
bn:00062914n	排
bn:00062928n	戏剧
bn:00062949n	玩伴
bn:00062951n	游乐场
bn:00062956n	演奏
bn:00062965n	玩具
bn:00062972n	乐趣
bn:00062972n	快乐
bn:00063002n	很多
bn:00063016n	胸膜
bn:00063033n	声带
bn:00063036n	困境
bn:00063049n	情节
bn:00063052n	情节
bn:00063057n	犁
bn:00063067n	塞子
bn:00063067n	插头
bn:00063133n	总理
bn:00063133n	首相
bn:00063143n	肺炎
bn:00063155n	口袋
bn:00063155n	袋
bn:00063156n	口袋
bn:00063157n	口袋
bn:00063193n	诗
bn:00063193n	诗歌
bn:00063193n	诗集
bn:00063196n	诗人
bn:00063204n	诗意
bn:00063213n	处
bn:00063213n	点
bn:00063214n	处
bn:00063214n	点
bn:00063215n	点
bn:00063215n	要点
bn:00063218n	点
bn:00063219n	点
bn:00063236n	参考
bn:00063237n	立场
bn:00063237n	观点
bn:00063237n	角度
bn:00063277n	政客
bn:00063279n	波兰
bn:00063287n	偏振
bn:00063287n	极化
bn:00063293n	杆子
bn:00063294n	波兰人
bn:00063320n	警察局
bn:00063329n	政策
bn:00063330n	政策
bn:00063331n	决策者
bn:00063351n	政治
bn:00063353n	政治
bn:00063354n	政客
bn:00063354n	政治家
bn:00063356n	政治
bn:00063372n	花粉
bn:00063376n	拇指
bn:00063381n	蝌蚪
bn:00063382n	投票
bn:00063385n	污染
bn:00063393n	运动衫
bn:00063403n	聚丁烯
bn:00063415n	聚乙烯
bn:00063434n	聚合
bn:00063452n	多磷酸盐
bn:00063506n	斗篷
bn:00063506n	雨披
bn:00063508n	水塘
bn:00063508n	池塘
bn:00063526n	小马
bn:00063534n	水池
bn:00063548n	家伙
bn:00063580n	罂粟
bn:00063584n	世人
bn:00063584n	世界
bn:00063584n	公众
bn:00063584n	大众
bn:00063591n	民粹主义
bn:00063592n	流行
bn:00063595n	人口
bn:00063595n	群体
bn:00063596n	人口
bn:00063596n	种群
bn:00063597n	人口
bn:00063598n	人口
bn:00063606n	猪肉
bn:00063608n	走廊
bn:00063608n	门廊
bn:00063608n	阳台
bn:00063612n	毛孔
bn:00063627n	猪排
bn:00063640n	港口
bn:00063666n	搬运工
bn:00063682n	描绘
bn:00063683n	肖像
bn:00063689n	葡萄牙
bn:00063690n	葡萄牙语
bn:00063703n	地位
bn:00063703n	职位
bn:00063703n	身份
bn:00063704n	位置
bn:00063704n	定位
bn:00063704n	职位
bn:00063706n	位置
bn:00063706n	职位
bn:00063707n	位置
bn:00063707n	场合
bn:00063707n	局面
bn:00063707n	情况
bn:00063707n	情境
bn:00063727n	实证主义者
bn:00063731n	属地
bn:00063731n	拥有
bn:00063731n	财产
bn:00063731n	领地
bn:00063734n	意志
bn:00063738n	可能性
bn:00063739n	可能
bn:00063739n	可能性
bn:00063743n	哨所
bn:00063746n	木桩
bn:00063768n	邮票
bn:00063792n	后缀
bn:00063802n	邮戳
bn:00063810n	附言
bn:00063820n	锅
bn:00063820n	锅子
bn:00063864n	潜力
bn:00063864n	电位
bn:00063900n	陶器厂
bn:00063920n	磅
bn:00063925n	战俘
bn:00063926n	粉
bn:00063926n	粉末
bn:00063927n	粉末
bn:00063940n	力量
bn:00063940n	势力
bn:00063940n	权力
bn:00063940n	权势
bn:00063941n	力量
bn:00063941n	功率
bn:00063941n	动力
bn:00063961n	发电厂
bn:00063983n	公关
bn:00063989n	实践
bn:00063990n	做法
bn:00064005n	现实主义
bn:00064010n	草原
bn:00064038n	祈祷
bn:00064038n	祷告
bn:00064041n	念珠
bn:00064044n	祈祷会
bn:00064059n	牧师
bn:00064063n	序言
bn:00064069n	不确定
bn:00064070n	预防
bn:00064072n	优先级
bn:00064077n	原则
bn:00064085n	悬崖
bn:00064093n	精确度
bn:00064104n	前任
bn:00064104n	前辈
bn:00064119n	优势
bn:00064136n	前缀
bn:00064166n	预科
bn:00064167n	准备
bn:00064167n	制备
bn:00064175n	介词
bn:00064181n	条件
bn:00064181n	要求
bn:00064192n	规则
bn:00064193n	处方
bn:00064201n	出席
bn:00064201n	存在
bn:00064201n	据点
bn:00064208n	礼物
bn:00064233n	总裁
bn:00064234n	总统
bn:00064235n	校长
bn:00064246n	印刷机
bn:00064248n	压力
bn:00064248n	压迫
bn:00064249n	俯卧撑
bn:00064262n	压力
bn:00064262n	施压
bn:00064263n	压力
bn:00064276n	声望
bn:00064276n	威望
bn:00064279n	预设
bn:00064281n	借口
bn:00064287n	借口
bn:00064307n	代价
bn:00064308n	价格
bn:00064323n	定价
bn:00064338n	自豪
bn:00064340n	自尊心
bn:00064340n	自豪
bn:00064346n	牧师
bn:00064346n	神父
bn:00064346n	祭司
bn:00064405n	王子
bn:00064422n	本金
bn:00064426n	原则
bn:00064426n	原理
bn:00064426n	规则
bn:00064427n	原则
bn:00064427n	原理
bn:00064428n	原则
bn:00064429n	原则
bn:00064429n	原理
bn:00064430n	原则
bn:00064430n	原理
bn:00064435n	印刷
bn:00064443n	印刷店
bn:00064451n	印刷
bn:00064452n	打印
bn:00064468n	监禁
bn:00064469n	监狱
bn:00064470n	劳动营
bn:00064472n	判决
bn:00064476n	隐私
bn:00064489n	特权
bn:00064507n	概率
bn:00064526n	问题
bn:00064527n	困境
bn:00064527n	问题
bn:00064527n	麻烦
bn:00064536n	处理
bn:00064536n	步骤
bn:00064536n	程序
bn:00064536n	过程
bn:00064536n	进程
bn:00064545n	加工
bn:00064570n	采购
bn:00064581n	制片人
bn:00064584n	产品
bn:00064584n	产物
bn:00064584n	制品
bn:00064584n	生产
bn:00064584n	用品
bn:00064585n	产物
bn:00064590n	产生
bn:00064590n	产量
bn:00064590n	生产
bn:00064591n	产品
bn:00064598n	生产力
bn:00064598n	生产率
bn:00064601n	教授
bn:00064607n	专业
bn:00064607n	职业
bn:00064607n	行业
bn:00064608n	职业
bn:00064610n	专业
bn:00064624n	建议
bn:00064624n	提议
bn:00064626n	技巧
bn:00064626n	技术
bn:00064627n	轮廓
bn:00064628n	剖面
bn:00064645n	预言
bn:00064646n	程序
bn:00064646n	计划
bn:00064646n	训练
bn:00064646n	课程
bn:00064651n	编程
bn:00064659n	进步主义
bn:00064661n	禁酒
bn:00064661n	禁酒令
bn:00064662n	禁酒
bn:00064665n	项目
bn:00064666n	火箭
bn:00064667n	投影
bn:00064667n	预测
bn:00064668n	投影
bn:00064673n	屏幕
bn:00064673n	银幕
bn:00064681n	工人
bn:00064684n	增殖
bn:00064695n	普罗米修斯
bn:00064699n	承诺
bn:00064714n	发布者
bn:00064721n	代词
bn:00064724n	证据
bn:00064724n	证明
bn:00064731n	支撑
bn:00064735n	宣传
bn:00064736n	宣传者
bn:00064752n	属性
bn:00064752n	性质
bn:00064752n	特性
bn:00064759n	先知
bn:00064765n	比例
bn:00064766n	对称性
bn:00064776n	建议
bn:00064776n	提案
bn:00064776n	提议
bn:00064779n	命题
bn:00064779n	提议
bn:00064785n	所有权
bn:00064803n	散文
bn:00064805n	散文诗
bn:00064806n	检察官
bn:00064819n	繁荣
bn:00064837n	保护
bn:00064838n	保护
bn:00064838n	掩护
bn:00064839n	保护
bn:00064839n	安全
bn:00064853n	门徒
bn:00064855n	蛋白
bn:00064855n	蛋白质
bn:00064862n	反对
bn:00064862n	抗议
bn:00064865n	新教徒
bn:00064866n	新教
bn:00064869n	新教
bn:00064893n	质子
bn:00064909n	天意
bn:00064912n	供应商
bn:00064914n	国家
bn:00064914n	州
bn:00064914n	政府
bn:00064914n	省
bn:00064914n	省份
bn:00064914n	邦
bn:00064915n	职责
bn:00064915n	责任
bn:00064919n	试验场
bn:00064921n	条款
bn:00064921n	规定
bn:00064922n	供应
bn:00064922n	补给
bn:00065006n	灵魂
bn:00065026n	心理学
bn:00065028n	心理学家
bn:00065062n	胬肉
bn:00065080n	公众
bn:00065080n	民众
bn:00065083n	福利
bn:00065090n	公法
bn:00065099n	广场
bn:00065103n	骚乱
bn:00065106n	出版物
bn:00065106n	刊物
bn:00065111n	出版商
bn:00065111n	出版社
bn:00065137n	波多黎各人
bn:00065158n	拉
bn:00065159n	拉力
bn:00065159n	拉动
bn:00065252n	瞳孔
bn:00065265n	购买
bn:00065265n	采购
bn:00065266n	采购
bn:00065281n	纯净
bn:00065281n	纯度
bn:00065284n	炼狱
bn:00065288n	纯化
bn:00065306n	紫色
bn:00065323n	钱包
bn:00065324n	钱包
bn:00065332n	探索
bn:00065342n	推
bn:00065343n	推力
bn:00065343n	推进
bn:00065414n	Pyrex
bn:00065438n	高温计
bn:00065461n	蟒蛇
bn:00065465n	岩蟒
bn:00065473n	Q热
bn:00065485n	骗子
bn:00065535n	条件
bn:00065538n	品质
bn:00065538n	特性
bn:00065538n	质量
bn:00065539n	乐音
bn:00065539n	品质
bn:00065539n	特性
bn:00065539n	质量
bn:00065539n	音色
bn:00065539n	音调
bn:00065552n	数量
bn:00065573n	夸脱
bn:00065576n	季度
bn:00065625n	颤抖
bn:00065634n	女王
bn:00065635n	王后
bn:00065677n	问卷
bn:00065703n	沉默
bn:00065772n	半径
bn:00065779n	拉比
bn:00065798n	比赛
bn:00065798n	竞争
bn:00065799n	比赛
bn:00065799n	赛车
bn:00065800n	人类
bn:00065800n	种族
bn:00065801n	亚种
bn:00065801n	种族
bn:00065826n	种族主义者
bn:00065835n	游艇
bn:00065837n	货架
bn:00065841n	台
bn:00065850n	敲诈者
bn:00065850n	骗子
bn:00065874n	辐射
bn:00065875n	辐射
bn:00065894n	激进主义
bn:00065899n	收音机
bn:00065899n	无线电
bn:00065900n	收音机
bn:00065900n	无线电
bn:00065901n	收音机
bn:00065901n	无线电
bn:00065924n	发射器
bn:00065962n	萝卜
bn:00065966n	半径
bn:00065967n	半径
bn:00065969n	辐条
bn:00065982n	木筏
bn:00065985n	抹布
bn:00065985n	破布
bn:00066008n	栏杆
bn:00066020n	铁路
bn:00066021n	铁路
bn:00066024n	列车员
bn:00066026n	火车站
bn:00066028n	列车
bn:00066028n	火车
bn:00066032n	降雨
bn:00066032n	雨
bn:00066032n	雨季
bn:00066032n	雨水
bn:00066033n	雨
bn:00066033n	雨水
bn:00066043n	阵雨
bn:00066045n	彩虹
bn:00066138n	射程
bn:00066138n	航程
bn:00066138n	范围
bn:00066138n	距离
bn:00066139n	山脉
bn:00066139n	范围
bn:00066151n	队伍
bn:00066152n	级别
bn:00066152n	职级
bn:00066153n	士兵
bn:00066154n	职级
bn:00066164n	赎金
bn:00066165n	赎金
bn:00066180n	强奸犯
bn:00066207n	刺耳声
bn:00066217n	大鼠
bn:00066236n	速度
bn:00066236n	速率
bn:00066247n	比
bn:00066247n	比例
bn:00066247n	比率
bn:00066256n	合理化
bn:00066259n	系统化
bn:00066260n	理性主义
bn:00066271n	响尾蛇
bn:00066277n	利血平
bn:00066295n	原材料
bn:00066310n	射线
bn:00066322n	剃刀
bn:00066342n	反应物
bn:00066343n	反应
bn:00066344n	反应
bn:00066354n	反应
bn:00066354n	反应性
bn:00066355n	反应性
bn:00066365n	读者
bn:00066366n	读者
bn:00066367n	读者
bn:00066368n	评论家
bn:00066372n	阅读
bn:00066373n	阅读
bn:00066374n	阅读
bn:00066381n	阅览室
bn:00066393n	试剂
bn:00066414n	现实
bn:00066414n	现实主义
bn:00066414n	真实性
bn:00066415n	现实主义者
bn:00066418n	世界
bn:00066418n	现实
bn:00066419n	现实
bn:00066434n	后方
bn:00066438n	后卫
bn:00066443n	原因
bn:00066443n	理由
bn:00066458n	复兴
bn:00066464n	轻视
bn:00066466n	重建
bn:00066478n	回忆
bn:00066489n	收入
bn:00066490n	收据
bn:00066493n	接收器
bn:00066494n	听筒
bn:00066494n	接收器
bn:00066495n	得主
bn:00066495n	接受者
bn:00066506n	反应
bn:00066506n	应对
bn:00066507n	招待会
bn:00066512n	接待室
bn:00066513n	接待员
bn:00066515n	感官
bn:00066516n	衰退
bn:00066562n	建议
bn:00066562n	建议书
bn:00066570n	重建
bn:00066571n	重建
bn:00066574n	记录
bn:00066575n	记录
bn:00066576n	记录
bn:00066577n	创纪录
bn:00066577n	记录
bn:00066578n	记录
bn:00066587n	唱片
bn:00066587n	录音
bn:00066588n	录音
bn:00066588n	记录
bn:00066590n	录音室
bn:00066608n	矩形
bn:00066612n	整流器
bn:00066631n	红色
bn:00066632n	红河
bn:00066632n	红河谷
bn:00066634n	红腹蛇
bn:00066652n	红土
bn:00066706n	紫色
bn:00066712n	拯救
bn:00066712n	救赎
bn:00066735n	还原
bn:00066763n	礁石
bn:00066777n	增援
bn:00066786n	餐厅
bn:00066793n	公投
bn:00066804n	糖
bn:00066810n	反射
bn:00066816n	反射器
bn:00066830n	改革
bn:00066831n	改革
bn:00066857n	难民
bn:00066858n	退款
bn:00066859n	还款
bn:00066862n	拒绝
bn:00066865n	方面
bn:00066873n	受托人
bn:00066879n	体制
bn:00066880n	团
bn:00066884n	地区
bn:00066890n	登记簿
bn:00066901n	注册人
bn:00066917n	遗憾
bn:00066927n	节奏
bn:00066927n	规律
bn:00066933n	规则
bn:00066933n	规定
bn:00066947n	康复
bn:00066969n	缰绳
bn:00066977n	奖励
bn:00066986n	拒绝
bn:00066987n	拒绝
bn:00066995n	关系
bn:00066996n	亲属
bn:00066996n	亲戚
bn:00067001n	关系
bn:00067002n	关系
bn:00067023n	发行
bn:00067023n	版本
bn:00067030n	相关性
bn:00067031n	信任
bn:00067033n	遗物
bn:00067036n	救济
bn:00067046n	教派
bn:00067050n	仪式
bn:00067098n	复兴
bn:00067125n	出租
bn:00067125n	房租
bn:00067125n	租金
bn:00067134n	房客
bn:00067153n	重复
bn:00067157n	重复
bn:00067167n	重复
bn:00067169n	替代
bn:00067170n	替代
bn:00067170n	替代品
bn:00067170n	替代物
bn:00067171n	继任者
bn:00067176n	复制
bn:00067181n	报告
bn:00067181n	报道
bn:00067181n	研究
bn:00067182n	报告
bn:00067191n	表现
bn:00067199n	代理人
bn:00067199n	代表
bn:00067205n	缓刑
bn:00067208n	报复
bn:00067214n	繁殖
bn:00067231n	南非
bn:00067235n	突尼斯
bn:00067236n	土耳其
bn:00067239n	委内瑞拉
bn:00067250n	排斥
bn:00067253n	名声
bn:00067253n	声誉
bn:00067254n	名声
bn:00067254n	声誉
bn:00067262n	申请
bn:00067265n	报应
bn:00067275n	调整
bn:00067280n	研究
bn:00067280n	科研
bn:00067280n	调查
bn:00067290n	相似性
bn:00067291n	保留地
bn:00067295n	后备队
bn:00067313n	住宅
bn:00067319n	残留物
bn:00067322n	辞职
bn:00067327n	阻力
bn:00067333n	电阻
bn:00067333n	电阻器
bn:00067338n	分辨率
bn:00067339n	解决
bn:00067345n	共振
bn:00067346n	共振
bn:00067346n	共鸣
bn:00067352n	资源
bn:00067353n	资源
bn:00067356n	敬意
bn:00067367n	反应
bn:00067367n	响应
bn:00067367n	回应
bn:00067368n	回应
bn:00067370n	责任
bn:00067379n	重述
bn:00067390n	恢复
bn:00067397n	约束
bn:00067409n	摘要
bn:00067409n	简历
bn:00067409n	调查
bn:00067409n	速写
bn:00067410n	复兴
bn:00067417n	零售
bn:00067419n	零售商
bn:00067421n	零售业
bn:00067423n	仆人
bn:00067423n	公务员
bn:00067427n	报复
bn:00067446n	网膜
bn:00067456n	退休
bn:00067457n	退休
bn:00067464n	撤退
bn:00067490n	回顾展
bn:00067509n	转
bn:00067513n	狂欢
bn:00067514n	启示
bn:00067519n	税务
bn:00067519n	税收
bn:00067519n	税款
bn:00067530n	翻转
bn:00067543n	可逆性
bn:00067567n	革命
bn:00067568n	革命
bn:00067581n	奖励
bn:00067616n	风湿病
bn:00067624n	犀牛
bn:00067679n	押韵
bn:00067680n	押韵
bn:00067680n	诗句
bn:00067684n	节奏
bn:00067688n	肋骨
bn:00067703n	丝带
bn:00067703n	带
bn:00067717n	大米
bn:00067717n	米饭
bn:00067741n	财富
bn:00067757n	骑手
bn:00067761n	山脊
bn:00067770n	嘲笑
bn:00067772n	马靴
bn:00067783n	波纹
bn:00067783n	涟漪
bn:00067785n	步枪
bn:00067791n	步枪手
bn:00067792n	步枪手
bn:00067807n	权
bn:00067807n	权利
bn:00067807n	权益
bn:00067808n	右
bn:00067808n	右边
bn:00067809n	右
bn:00067809n	右边
bn:00067810n	右派
bn:00067811n	右手
bn:00067845n	投票权
bn:00067848n	正义
bn:00067912n	水权
bn:00067923n	兴起
bn:00067924n	高地
bn:00067937n	仪式
bn:00067939n	仪式
bn:00067948n	河
bn:00067948n	河流
bn:00067959n	河岸
bn:00067975n	公路
bn:00067975n	线路
bn:00067975n	路
bn:00067975n	路线
bn:00067975n	道路
bn:00067975n	马路
bn:00067976n	道路
bn:00067996n	路边
bn:00067998n	道路
bn:00068012n	劫匪
bn:00068012n	强盗
bn:00068014n	抢劫
bn:00068014n	抢劫案
bn:00068017n	长袍
bn:00068045n	岩石
bn:00068045n	石头
bn:00068046n	岩石
bn:00068046n	石制
bn:00068046n	石头
bn:00068085n	火箭
bn:00068115n	X射线
bn:00068130n	角色
bn:00068132n	名册
bn:00068134n	卷
bn:00068172n	罗马人
bn:00068181n	天主教徒
bn:00068198n	罗马尼亚人
bn:00068204n	浪漫派
bn:00068210n	罗马
bn:00068220n	屋顶
bn:00068220n	顶板
bn:00068231n	屋顶
bn:00068233n	屋子
bn:00068233n	房
bn:00068233n	房间
bn:00068234n	空间
bn:00068239n	室温
bn:00068239n	常温
bn:00068243n	房间
bn:00068246n	根
bn:00068248n	根
bn:00068266n	绳子
bn:00068283n	玫瑰
bn:00068283n	玫瑰花
bn:00068321n	扶轮社
bn:00068323n	旋转
bn:00068343n	转子
bn:00068376n	进展
bn:00068424n	列
bn:00068424n	排
bn:00068425n	排
bn:00068443n	王室
bn:00068443n	皇室
bn:00068452n	使用费
bn:00068452n	版税
bn:00068458n	观光
bn:00068465n	垃圾
bn:00068477n	标题
bn:00068489n	红宝石
bn:00068494n	方向舵
bn:00068519n	毁灭
bn:00068520n	遗址
bn:00068525n	尺子
bn:00068528n	管理者
bn:00068528n	统治者
bn:00068547n	比分
bn:00068548n	测试
bn:00068548n	试验
bn:00068548n	运行
bn:00068568n	总结
bn:00068575n	亚军
bn:00068618n	赤褐色
bn:00068619n	俄罗斯
bn:00068619n	苏联
bn:00068620n	俄罗斯
bn:00068621n	俄罗斯
bn:00068624n	俄国
bn:00068624n	俄罗斯人
bn:00068625n	俄语
bn:00068650n	沙沙声
bn:00068651n	车辙
bn:00068672n	秒
bn:00068672n	秒钟
bn:00068692n	主日学
bn:00068696n	周六
bn:00068696n	星期六
bn:00068710n	破坏
bn:00068745n	圣礼
bn:00068762n	马鞍
bn:00068782n	悲伤
bn:00068790n	保险
bn:00068790n	保险箱
bn:00068799n	安全
bn:00068799n	安全性
bn:00068820n	智者
bn:00068847n	航行
bn:00068856n	圣人
bn:00068877n	圣彼得堡
bn:00068899n	沙拉
bn:00068912n	蝾螈
bn:00068915n	销售
bn:00068915n	销售额
bn:00068916n	销售
bn:00068922n	陈列室
bn:00068933n	推销员
bn:00068933n	销售员
bn:00068949n	唾液
bn:00068966n	大马哈鱼
bn:00068979n	沙龙
bn:00068982n	小轿车
bn:00068991n	盐
bn:00069032n	救赎
bn:00069078n	例子
bn:00069078n	样品
bn:00069078n	样本
bn:00069079n	样本
bn:00069081n	采样器
bn:00069085n	抽样
bn:00069085n	采样
bn:00069104n	旧金山
bn:00069122n	制裁
bn:00069126n	沙地
bn:00069126n	沙子
bn:00069126n	砂子
bn:00069143n	凉鞋
bn:00069144n	檀木
bn:00069164n	三明治
bn:00069182n	卫生
bn:00069183n	卫生
bn:00069220n	智慧
bn:00069280n	沙丁鱼
bn:00069286n	纱丽
bn:00069321n	缎子
bn:00069327n	满足
bn:00069337n	饱和度
bn:00069343n	土星
bn:00069350n	酱汁
bn:00069369n	香肠
bn:00069413n	锯末
bn:00069454n	断头台
bn:00069454n	脚手架
bn:00069467n	尺度
bn:00069467n	规模
bn:00069468n	刻度
bn:00069468n	尺度
bn:00069468n	比例
bn:00069469n	鳞片
bn:00069492n	扫描
bn:00069513n	肩胛骨
bn:00069523n	围巾
bn:00069539n	猎枪
bn:00069539n	霰弹枪
bn:00069544n	清除剂
bn:00069546n	情节
bn:00069550n	场景
bn:00069550n	现场
bn:00069551n	场景
bn:00069551n	情景
bn:00069551n	景象
bn:00069551n	现场
bn:00069551n	画面
bn:00069552n	场景
bn:00069553n	场景
bn:00069553n	景
bn:00069553n	景象
bn:00069554n	场景
bn:00069554n	见解
bn:00069555n	环境
bn:00069555n	背景
bn:00069556n	风景
bn:00069560n	风景
bn:00069568n	安排
bn:00069568n	日程
bn:00069568n	时间表
bn:00069579n	体系
bn:00069579n	战略
bn:00069579n	方案
bn:00069579n	策略
bn:00069579n	计划
bn:00069580n	制度
bn:00069580n	系统
bn:00069586n	分裂
bn:00069594n	精神分裂症
bn:00069614n	奖学金
bn:00069619n	学校
bn:00069619n	学院
bn:00069619n	校
bn:00069620n	学校
bn:00069620n	校舍
bn:00069621n	学校
bn:00069622n	学派
bn:00069622n	流派
bn:00069637n	教师
bn:00069666n	瑞士
bn:00069670n	科学
bn:00069671n	技巧
bn:00069671n	技术
bn:00069671n	技能
bn:00069671n	技艺
bn:00069671n	科学
bn:00069680n	科学家
bn:00069683n	弯刀
bn:00069750n	比分
bn:00069751n	二十
bn:00069773n	苏格兰人
bn:00069783n	苏格兰
bn:00069789n	恶棍
bn:00069793n	恐怖
bn:00069819n	刮擦声
bn:00069841n	尖叫
bn:00069841n	尖叫声
bn:00069852n	纱门
bn:00069875n	螺丝刀
bn:00069924n	雕塑
bn:00069946n	大海
bn:00069946n	海洋
bn:00069946n	海浪
bn:00069954n	海鸟
bn:00069970n	海象
bn:00069970n	海马
bn:00070013n	印章
bn:00070035n	海啸
bn:00070036n	搜索
bn:00070044n	搜查令
bn:00070047n	探照灯
bn:00070056n	季
bn:00070056n	季节
bn:00070056n	赛季
bn:00070057n	季节
bn:00070059n	及时性
bn:00070065n	座位
bn:00070066n	座位
bn:00070067n	座位
bn:00070077n	西雅图
bn:00070080n	海藻
bn:00070094n	分泌
bn:00070113n	二垒
bn:00070132n	平方
bn:00070158n	保密
bn:00070158n	沉默
bn:00070159n	秘密
bn:00070159n	秘诀
bn:00070164n	秘书
bn:00070168n	秘书
bn:00070168n	部长
bn:00070169n	秘书长
bn:00070176n	国务卿
bn:00070190n	节
bn:00070190n	部分
bn:00070190n	部门
bn:00070191n	部分
bn:00070192n	区域
bn:00070192n	部分
bn:00070193n	段
bn:00070193n	部分
bn:00070205n	扇区
bn:00070205n	部分
bn:00070206n	部门
bn:00070207n	部分
bn:00070207n	领域
bn:00070218n	股市
bn:00070219n	安全
bn:00070220n	安全
bn:00070247n	诱惑
bn:00070253n	种子
bn:00070254n	种子
bn:00070265n	苗床
bn:00070270n	幼苗
bn:00070300n	震动
bn:00070302n	地震仪
bn:00070311n	选择
bn:00070325n	自己
bn:00070325n	自我
bn:00070332n	自杀
bn:00070343n	自卫
bn:00070344n	自律
bn:00070347n	自决
bn:00070347n	自治
bn:00070351n	自尊
bn:00070383n	自私
bn:00070458n	参议院
bn:00070459n	参议院
bn:00070461n	参议员
bn:00070480n	高年级
bn:00070492n	感觉
bn:00070494n	感官
bn:00070494n	感知
bn:00070497n	意识
bn:00070497n	感觉
bn:00070497n	理智
bn:00070498n	意义
bn:00070499n	感觉
bn:00070500n	方向感
bn:00070502n	责任感
bn:00070506n	敏感
bn:00070506n	敏感性
bn:00070506n	灵敏度
bn:00070512n	敏感性
bn:00070513n	灵敏度
bn:00070523n	淫荡
bn:00070528n	句
bn:00070528n	句子
bn:00070532n	情感
bn:00070537n	九月
bn:00070542n	分离
bn:00070568n	隔膜
bn:00070574n	序列
bn:00070574n	顺序
bn:00070575n	顺序
bn:00070597n	系列
bn:00070598n	系列
bn:00070609n	序列
bn:00070609n	系列
bn:00070636n	锯肌
bn:00070648n	服务员
bn:00070648n	服务生
bn:00070651n	服务
bn:00070651n	贡献
bn:00070652n	服务
bn:00070653n	服务
bn:00070654n	服务
bn:00070677n	服务
bn:00070689n	会议
bn:00070689n	会话
bn:00070690n	会议
bn:00070694n	六重奏
bn:00070696n	组合
bn:00070696n	集合
bn:00070697n	集合
bn:00070698n	布景
bn:00070705n	布景
bn:00070724n	乡村
bn:00070724n	定居点
bn:00070724n	村
bn:00070724n	村子
bn:00070724n	村庄
bn:00070724n	村里
bn:00070724n	镇
bn:00070725n	和解
bn:00070753n	污水
bn:00070772n	性
bn:00070773n	两性
bn:00070773n	性别
bn:00070805n	性关系
bn:00070821n	色调
bn:00070830n	影子
bn:00070830n	阴影
bn:00070832n	残余
bn:00070832n	痕迹
bn:00070841n	箭杆
bn:00070859n	颤音
bn:00070886n	羞耻
bn:00070886n	耻辱
bn:00070912n	股
bn:00070912n	股份
bn:00070914n	股东
bn:00070919n	鲨鱼
bn:00070937n	剃须
bn:00070943n	披肩
bn:00070952n	剪切
bn:00070964n	棚子
bn:00070967n	绵羊
bn:00070967n	羊
bn:00070987n	乐谱
bn:00070999n	架子
bn:00071003n	贝壳
bn:00071004n	外壳
bn:00071019n	庇护
bn:00071019n	庇护所
bn:00071019n	收容所
bn:00071019n	避难所
bn:00071043n	雪利酒
bn:00071054n	口号
bn:00071055n	屏蔽
bn:00071056n	屏蔽
bn:00071057n	屏蔽
bn:00071059n	移动
bn:00071059n	转化
bn:00071059n	转变
bn:00071060n	变化
bn:00071060n	转变
bn:00071060n	轮班
bn:00071061n	移动
bn:00071079n	垫片
bn:00071082n	小腿
bn:00071103n	船
bn:00071103n	船只
bn:00071103n	船舶
bn:00071111n	造船
bn:00071132n	沉船
bn:00071135n	船厂
bn:00071142n	衬衫
bn:00071162n	休克
bn:00071172n	鞋
bn:00071172n	鞋子
bn:00071174n	鞋店
bn:00071177n	鞋带
bn:00071204n	射手
bn:00071206n	射击
bn:00071206n	投篮
bn:00071206n	拍摄
bn:00071215n	商店
bn:00071215n	店
bn:00071215n	店铺
bn:00071216n	工作坊
bn:00071216n	车间
bn:00071225n	店面
bn:00071227n	购物者
bn:00071229n	购物
bn:00071235n	岸边
bn:00071235n	海岸
bn:00071269n	速记
bn:00071276n	游击
bn:00071276n	游击手
bn:00071282n	快照
bn:00071294n	肩
bn:00071294n	肩胛
bn:00071294n	肩膀
bn:00071294n	肩部
bn:00071306n	叫喊
bn:00071309n	铲子
bn:00071315n	展览
bn:00071315n	演出
bn:00071315n	节目
bn:00071315n	表演
bn:00071324n	淋浴
bn:00071325n	淋浴
bn:00071330n	浴室
bn:00071337n	弹片
bn:00071337n	榴霰弹
bn:00071355n	圣地
bn:00071364n	灌木
bn:00071365n	灌木丛
bn:00071367n	耸肩
bn:00071377n	分流
bn:00071382n	快门
bn:00071383n	百叶窗
bn:00071399n	暹罗猫
bn:00071401n	西伯利亚
bn:00071410n	西西里
bn:00071414n	病人
bn:00071429n	病房
bn:00071431n	侧边
bn:00071431n	侧面
bn:00071432n	方面
bn:00071434n	侧面
bn:00071434n	旁边
bn:00071435n	方面
bn:00071436n	边
bn:00071443n	侧门
bn:00071453n	侧院
bn:00071505n	叹息
bn:00071507n	景象
bn:00071508n	景象
bn:00071508n	视线
bn:00071508n	视野
bn:00071509n	视力
bn:00071509n	视线
bn:00071509n	视觉
bn:00071524n	标志
bn:00071524n	牌子
bn:00071525n	信号
bn:00071525n	手势
bn:00071525n	迹象
bn:00071526n	标志
bn:00071526n	标牌
bn:00071527n	迹象
bn:00071528n	迹象
bn:00071547n	签名
bn:00071548n	签名
bn:00071554n	意义
bn:00071554n	重要性
bn:00071583n	轮廓
bn:00071587n	硅酸盐
bn:00071599n	丝绸
bn:00071609n	窗台
bn:00071615n	筒仓
bn:00071670n	相似性
bn:00071671n	明喻
bn:00071707n	罪
bn:00071707n	罪过
bn:00071708n	犯罪
bn:00071708n	罪
bn:00071708n	罪恶
bn:00071708n	罪过
bn:00071715n	诚意
bn:00071726n	肌腱
bn:00071731n	歌手
bn:00071734n	歌唱
bn:00071734n	歌声
bn:00071756n	内衣
bn:00071756n	汗衫
bn:00071756n	背心
bn:00071766n	水槽
bn:00071790n	窦状
bn:00071803n	先生
bn:00071803n	长官
bn:00071838n	姐妹
bn:00071858n	地点
bn:00071861n	西藏
bn:00071869n	事态
bn:00071869n	处境
bn:00071869n	局势
bn:00071869n	局面
bn:00071869n	形势
bn:00071869n	情况
bn:00071869n	情境
bn:00071869n	状况
bn:00071887n	大小
bn:00071887n	尺寸
bn:00071887n	规模
bn:00071888n	尺寸
bn:00071923n	研究
bn:00071923n	素描
bn:00071923n	草图
bn:00071924n	小品
bn:00071924n	素描
bn:00071924n	草图
bn:00071924n	速写
bn:00071926n	草图
bn:00071961n	小艇
bn:00072003n	下摆
bn:00072003n	裙子
bn:00072006n	小品
bn:00072011n	头骨
bn:00072011n	脑壳
bn:00072016n	天空
bn:00072033n	石板
bn:00072065n	板条
bn:00072080n	奴隶
bn:00072091n	奴隶制
bn:00072093n	斯拉夫
bn:00072101n	睡眠
bn:00072107n	睡眠者
bn:00072119n	睡袋
bn:00072120n	睡美人
bn:00072123n	安眠药
bn:00072174n	条
bn:00072175n	纸条
bn:00072190n	裂缝
bn:00072209n	懒散
bn:00072213n	槽
bn:00072240n	污泥
bn:00072248n	贫民区
bn:00072248n	贫民窟
bn:00072274n	小肠
bn:00072287n	天花
bn:00072319n	烟雾
bn:00072374n	蜗牛
bn:00072399n	金鱼草
bn:00072404n	陷阱
bn:00072432n	狙击手
bn:00072455n	积雪
bn:00072455n	降雪量
bn:00072455n	雪
bn:00072456n	雪
bn:00072496n	肥皂
bn:00072554n	单位
bn:00072559n	社会主义
bn:00072561n	社会主义者
bn:00072566n	社会
bn:00072573n	社会学家
bn:00072576n	袜子
bn:00072592n	硝酸钠
bn:00072620n	软饮料
bn:00072687n	太阳系
bn:00072691n	太阳风
bn:00072698n	士兵
bn:00072703n	鞋底
bn:00072718n	关怀
bn:00072719n	固体
bn:00072720n	固体
bn:00072723n	立体角
bn:00072727n	团结
bn:00072749n	独奏者
bn:00072760n	溶液
bn:00072761n	解决
bn:00072794n	歌
bn:00072794n	歌曲
bn:00072830n	女高音
bn:00072854n	悲伤
bn:00072875n	西南
bn:00072886n	灵魂
bn:00072887n	灵魂
bn:00072892n	声响
bn:00072892n	声音
bn:00072893n	声音
bn:00072894n	声音
bn:00072895n	海峡
bn:00072900n	音效
bn:00072919n	智慧
bn:00072920n	原声带
bn:00072921n	汤
bn:00072925n	汤碗
bn:00072943n	来源
bn:00072944n	来源
bn:00072959n	法衣
bn:00072960n	南方
bn:00072961n	南方
bn:00072966n	南美
bn:00072966n	南美洲
bn:00072975n	南卡罗来纳州
bn:00072989n	南海
bn:00072991n	南侧
bn:00073004n	南半球
bn:00073007n	南方人
bn:00073020n	主权
bn:00073024n	苏联人
bn:00073038n	空间
bn:00073038n	空隙
bn:00073039n	空间
bn:00073061n	间距
bn:00073063n	黑桃
bn:00073064n	铁锹
bn:00073082n	跨度
bn:00073092n	西班牙语
bn:00073093n	西班牙语
bn:00073146n	麻雀
bn:00073159n	空间性
bn:00073170n	发言者
bn:00073170n	扬声器
bn:00073171n	议长
bn:00073184n	规格
bn:00073205n	专业化
bn:00073206n	专家
bn:00073210n	物种
bn:00073210n	种
bn:00073211n	物种
bn:00073211n	种
bn:00073211n	种类
bn:00073219n	特异性
bn:00073220n	特异性
bn:00073222n	标本
bn:00073223n	标本
bn:00073226n	奇观
bn:00073226n	景象
bn:00073235n	光谱学
bn:00073235n	谱学
bn:00073237n	光谱
bn:00073237n	频谱
bn:00073240n	冒险
bn:00073258n	速度
bn:00073264n	限速
bn:00073279n	拼写
bn:00073308n	球体
bn:00073309n	范围
bn:00073309n	领域
bn:00073320n	小球
bn:00073329n	香料
bn:00073338n	蜘蛛
bn:00073351n	尖峰
bn:00073419n	螺旋
bn:00073427n	尖塔
bn:00073427n	尖顶
bn:00073430n	心灵
bn:00073430n	灵魂
bn:00073430n	精神
bn:00073431n	精神
bn:00073490n	劈叉
bn:00073526n	发言人
bn:00073533n	海绵
bn:00073544n	赞助
bn:00073545n	自发性
bn:00073547n	勺子
bn:00073557n	孢子
bn:00073568n	体育
bn:00073568n	运动
bn:00073571n	运动员
bn:00073572n	跑车
bn:00073615n	喷雾
bn:00073625n	传播
bn:00073625n	扩散
bn:00073636n	春
bn:00073636n	春天
bn:00073636n	春季
bn:00073637n	弹簧
bn:00073638n	源泉
bn:00073643n	青少年
bn:00073643n	青年
bn:00073649n	跳板
bn:00073685n	间谍
bn:00073698n	小组
bn:00073698n	小队
bn:00073698n	班
bn:00073699n	团队
bn:00073699n	小队
bn:00073699n	队
bn:00073703n	中队
bn:00073724n	平方英里
bn:00073727n	平方根
bn:00073747n	尖叫
bn:00073766n	侍从
bn:00073767n	乡绅
bn:00073788n	稳定性
bn:00073795n	堆
bn:00073801n	人员
bn:00073801n	员工
bn:00073816n	舞台
bn:00073817n	舞台
bn:00073842n	染色
bn:00073847n	染色
bn:00073848n	台阶
bn:00073848n	楼梯
bn:00073851n	楼梯
bn:00073853n	台阶
bn:00073853n	楼梯
bn:00073854n	楼梯井
bn:00073868n	茎
bn:00073878n	货摊
bn:00073884n	雄蕊
bn:00073902n	站姿
bn:00073904n	站立
bn:00073933n	地位
bn:00073975n	右舷
bn:00073980n	凝视
bn:00073987n	星光
bn:00073989n	开端
bn:00073992n	启动器
bn:00073999n	起点
bn:00074009n	国家
bn:00074009n	状况
bn:00074009n	状态
bn:00074010n	国家
bn:00074010n	州
bn:00074010n	政府
bn:00074023n	战争
bn:00074033n	声明
bn:00074033n	说法
bn:00074033n	陈述
bn:00074033n	陈述句
bn:00074049n	站
bn:00074049n	车站
bn:00074057n	统计
bn:00074063n	雕像
bn:00074064n	雕像
bn:00074066n	身高
bn:00074069n	现状
bn:00074076n	停留
bn:00074088n	心上人
bn:00074088n	爱人
bn:00074089n	牛排
bn:00074094n	小偷
bn:00074094n	窃贼
bn:00074116n	汽船
bn:00074122n	坐骑
bn:00074123n	钢
bn:00074123n	钢制
bn:00074123n	钢铁
bn:00074156n	方向盘
bn:00074192n	步
bn:00074192n	步伐
bn:00074206n	继母
bn:00074210n	垫脚石
bn:00074217n	立体声
bn:00074221n	刻板印象
bn:00074234n	类固醇
bn:00074236n	听诊器
bn:00074252n	树枝
bn:00074252n	棍子
bn:00074270n	劳动者
bn:00074274n	僵硬
bn:00074287n	剧照
bn:00074296n	刺激
bn:00074323n	马镫
bn:00074326n	缝线
bn:00074332n	股
bn:00074332n	股份
bn:00074332n	股票
bn:00074333n	股票
bn:00074364n	栅栏
bn:00074376n	袜子
bn:00074395n	斯多葛主义
bn:00074396n	斯多葛主义
bn:00074410n	石
bn:00074410n	石头
bn:00074417n	石墙
bn:00074427n	凳子
bn:00074434n	阻挡
bn:00074446n	储存
bn:00074446n	存储
bn:00074450n	储藏室
bn:00074453n	仓库
bn:00074458n	暴风雨
bn:00074458n	风暴
bn:00074459n	风暴
bn:00074472n	小说
bn:00074472n	故事
bn:00074496n	掉队者
bn:00074498n	直道
bn:00074508n	直线
bn:00074519n	压力
bn:00074560n	分层
bn:00074567n	阶层
bn:00074572n	吸管
bn:00074572n	稻草
bn:00074572n	草帽
bn:00074576n	草莓
bn:00074588n	小河
bn:00074588n	溪流
bn:00074589n	意识流
bn:00074595n	街
bn:00074595n	街头
bn:00074595n	街道
bn:00074595n	马路
bn:00074596n	街道
bn:00074597n	街头
bn:00074606n	街灯
bn:00074613n	电车
bn:00074615n	力量
bn:00074615n	实力
bn:00074615n	强度
bn:00074633n	压力
bn:00074633n	紧张
bn:00074634n	应力
bn:00074641n	拉伸
bn:00074645n	弹力裤
bn:00074654n	条纹
bn:00074654n	横纹
bn:00074663n	进展
bn:00074667n	冲突
bn:00074668n	罢工
bn:00074682n	绳子
bn:00074683n	琴弦
bn:00074702n	条
bn:00074702n	条纹
bn:00074759n	结构
bn:00074760n	结构
bn:00074762n	斗争
bn:00074786n	工作室
bn:00074790n	研究
bn:00074790n	调查
bn:00074791n	作品
bn:00074791n	学业
bn:00074791n	学习
bn:00074791n	工作
bn:00074791n	研究
bn:00074792n	学习
bn:00074792n	研究
bn:00074793n	书房
bn:00074798n	东西
bn:00074799n	东西
bn:00074810n	绊脚石
bn:00074811n	树桩
bn:00074818n	特技
bn:00074828n	大动荡
bn:00074831n	款式
bn:00074831n	风格
bn:00074832n	风格
bn:00074856n	分测验
bn:00074871n	潜意识
bn:00074897n	子组
bn:00074900n	主题
bn:00074900n	话题
bn:00074900n	课题
bn:00074900n	问题
bn:00074901n	主语
bn:00074901n	问题
bn:00074903n	征服
bn:00074907n	主观主义
bn:00074907n	主观主义者
bn:00074921n	冲锋枪
bn:00074963n	订阅
bn:00074964n	订阅
bn:00074977n	补贴
bn:00074978n	生活
bn:00074982n	幸存者
bn:00074983n	底土
bn:00074985n	实质
bn:00074985n	物质
bn:00074990n	变电站
bn:00074991n	基质
bn:00075008n	郊区
bn:00075023n	成功
bn:00075024n	成功
bn:00075025n	成功
bn:00075028n	继任者
bn:00075048n	吸力
bn:00075059n	汗腺
bn:00075069n	痛苦
bn:00075069n	苦难
bn:00075094n	建议
bn:00075103n	套装
bn:00075103n	西装
bn:00075107n	适应性
bn:00075108n	组
bn:00075108n	组曲
bn:00075141n	和
bn:00075142n	总结
bn:00075151n	夏天
bn:00075151n	夏季
bn:00075151n	避暑
bn:00075170n	太阳
bn:00075170n	阳光
bn:00075171n	太阳
bn:00075171n	阳光
bn:00075172n	太阳
bn:00075203n	日晷
bn:00075204n	日落
bn:00075277n	超市
bn:00075283n	超自然主义
bn:00075298n	迷信
bn:00075315n	晚餐
bn:00075315n	晚饭
bn:00075321n	补充
bn:00075322n	供应
bn:00075322n	供应品
bn:00075322n	供给
bn:00075322n	物资
bn:00075323n	供应
bn:00075326n	储藏室
bn:00075330n	支持
bn:00075331n	支持
bn:00075332n	支持
bn:00075333n	支撑
bn:00075334n	支持
bn:00075334n	支架
bn:00075351n	超表现主义
bn:00075373n	表面
bn:00075374n	平面
bn:00075374n	水面
bn:00075374n	表面
bn:00075375n	表面
bn:00075385n	表土
bn:00075412n	惊讶
bn:00075433n	测量员
bn:00075439n	幸存者
bn:00075445n	寿司
bn:00075447n	嫌疑犯
bn:00075449n	悬念
bn:00075450n	悬念
bn:00075453n	悬浮液
bn:00075456n	吊桥
bn:00075468n	低语
bn:00075468n	耳语
bn:00075493n	斯瓦希里语
bn:00075499n	沼泽
bn:00075504n	天鹅
bn:00075516n	包裹
bn:00075535n	运动衫
bn:00075537n	瑞典人
bn:00075560n	甜橙
bn:00075570n	甜心
bn:00075579n	游泳
bn:00075601n	瑞士
bn:00075601n	瑞士人
bn:00075644n	音节
bn:00075652n	符号
bn:00075652n	象征
bn:00075653n	象征
bn:00075669n	同情
bn:00075669n	理解
bn:00075670n	同情
bn:00075670n	怜悯
bn:00075673n	交响乐
bn:00075673n	交响曲
bn:00075682n	研讨会
bn:00075683n	症状
bn:00075684n	症状
bn:00075688n	犹太教堂
bn:00075718n	综合征
bn:00075722n	协同
bn:00075737n	语法
bn:00075742n	合成
bn:00075743n	合成
bn:00075743n	综合
bn:00075752n	叙利亚
bn:00075759n	制度
bn:00075759n	系统
bn:00075760n	系统
bn:00075761n	体系
bn:00075761n	制度
bn:00075761n	系统
bn:00075762n	系统
bn:00075763n	体系
bn:00075763n	系统
bn:00075785n	甲状腺素
bn:00075796n	结核病
bn:00075796n	肺结核
bn:00075812n	表
bn:00075812n	表格
bn:00075813n	桌
bn:00075813n	桌子
bn:00075813n	餐桌
bn:00075814n	桌子
bn:00075833n	桌面
bn:00075843n	白板
bn:00075844n	制表
bn:00075872n	战术
bn:00075885n	标签
bn:00075897n	大溪
bn:00075904n	尾巴
bn:00075905n	尾部
bn:00075959n	人才
bn:00075959n	才能
bn:00075965n	对话
bn:00075965n	讨论
bn:00075965n	话
bn:00075965n	谈话
bn:00075966n	谈话
bn:00076041n	探戈
bn:00076095n	酒馆
bn:00076100n	带子
bn:00076100n	录音带
bn:00076100n	磁带
bn:00076107n	录音机
bn:00076148n	目标
bn:00076158n	篷布
bn:00076208n	嘲笑
bn:00076208n	嘲讽
bn:00076212n	压力
bn:00076243n	滑行道
bn:00076252n	纳税人
bn:00076264n	茶
bn:00076282n	茶话会
bn:00076283n	茶具
bn:00076289n	教师
bn:00076301n	茶壶
bn:00076303n	团队
bn:00076303n	队
bn:00076312n	泪水
bn:00076312n	眼泪
bn:00076338n	技师
bn:00076338n	技术员
bn:00076341n	技巧
bn:00076341n	技术
bn:00076341n	技法
bn:00076369n	特拉维夫
bn:00076373n	电视
bn:00076382n	电报
bn:00076383n	电报
bn:00076386n	电话线
bn:00076387n	电报员
bn:00076388n	电线杆
bn:00076400n	电话
bn:00076421n	电视
bn:00076457n	气温
bn:00076457n	温度
bn:00076458n	温度
bn:00076465n	寺庙
bn:00076465n	庙宇
bn:00076496n	趋势
bn:00076518n	田纳西州
bn:00076525n	网球场
bn:00076529n	网球拍
bn:00076532n	男高音
bn:00076545n	时态
bn:00076552n	张力
bn:00076553n	压力
bn:00076553n	张力
bn:00076562n	触角
bn:00076587n	术语
bn:00076587n	条款
bn:00076587n	词语
bn:00076588n	任期
bn:00076588n	学期
bn:00076588n	期限
bn:00076589n	项
bn:00076590n	条件
bn:00076611n	地形
bn:00076627n	领地
bn:00076630n	恐怖
bn:00076647n	测试
bn:00076647n	考验
bn:00076648n	考验
bn:00076665n	遗嘱
bn:00076666n	遗嘱
bn:00076677n	证词
bn:00076678n	证词
bn:00076680n	测试
bn:00076681n	测试
bn:00076726n	德克萨斯人
bn:00076732n	文本
bn:00076740n	纹理
bn:00076740n	质地
bn:00076740n	质感
bn:00076741n	纹理
bn:00076742n	质感
bn:00076744n	周四
bn:00076744n	星期四
bn:00076768n	感谢
bn:00076785n	西印度
bn:00076789n	事实
bn:00076789n	真理
bn:00076789n	真相
bn:00076816n	那时
bn:00076825n	神学家
bn:00076827n	神学
bn:00076828n	神学
bn:00076831n	定理
bn:00076834n	理论
bn:00076835n	理论
bn:00076843n	治疗
bn:00076866n	热电偶
bn:00076867n	热力学
bn:00076877n	温度计
bn:00076883n	恒温器
bn:00076890n	论点
bn:00076908n	厚度
bn:00076911n	大腿
bn:00076918n	东西
bn:00076918n	事
bn:00076918n	事情
bn:00076918n	事物
bn:00076918n	件
bn:00076918n	情况
bn:00076919n	东西
bn:00076919n	事
bn:00076919n	事情
bn:00076919n	情况
bn:00076920n	事
bn:00076920n	事情
bn:00076920n	事物
bn:00076921n	东西
bn:00076921n	事情
bn:00076921n	事物
bn:00076922n	东西
bn:00076922n	事
bn:00076922n	事情
bn:00076922n	件
bn:00076922n	情况
bn:00076923n	东西
bn:00076923n	事
bn:00076923n	事情
bn:00076923n	件
bn:00076923n	情况
bn:00076924n	东西
bn:00076924n	事情
bn:00076924n	事物
bn:00076925n	东西
bn:00076925n	事
bn:00076925n	事情
bn:00076926n	东西
bn:00076926n	事
bn:00076926n	件
bn:00076929n	件
bn:00076944n	第三
bn:00076945n	第三
bn:00076948n	三垒
bn:00076951n	三维性
bn:00076954n	三垒手
bn:00076968n	口渴
bn:00077016n	思想
bn:00077016n	思维
bn:00077032n	威胁
bn:00077033n	威胁
bn:00077055n	阈值
bn:00077062n	浪费
bn:00077067n	喉部
bn:00077123n	雷声
bn:00077134n	重击
bn:00077142n	甲状
bn:00077142n	甲状腺
bn:00077143n	TSH
bn:00077169n	滴答声
bn:00077170n	蜱虫
bn:00077172n	手表
bn:00077174n	门票
bn:00077199n	潮水
bn:00077199n	潮汐
bn:00077204n	潮水
bn:00077208n	平局
bn:00077225n	老虎
bn:00077239n	瓷砖
bn:00077260n	木材
bn:00077267n	时代
bn:00077267n	时候
bn:00077267n	时刻
bn:00077267n	时间
bn:00077267n	期间
bn:00077267n	期限
bn:00077268n	倍
bn:00077268n	季节
bn:00077268n	时
bn:00077268n	时代
bn:00077268n	时光
bn:00077268n	时期
bn:00077268n	时间
bn:00077269n	时候
bn:00077269n	时刻
bn:00077269n	时机
bn:00077269n	时间
bn:00077270n	时间
bn:00077271n	时光
bn:00077295n	休假
bn:00077309n	计时器
bn:00077311n	时代
bn:00077314n	时间表
bn:00077318n	羞怯
bn:00077365n	尖
bn:00077365n	尖端
bn:00077365n	提示
bn:00077377n	轮胎
bn:00077386n	组织
bn:00077387n	纸巾
bn:00077398n	效价
bn:00077398n	滴度
bn:00077409n	书名
bn:00077409n	标题
bn:00077410n	标题
bn:00077415n	扉页
bn:00077433n	吐司
bn:00077462n	今天
bn:00077462n	今日
bn:00077462n	当今
bn:00077463n	今天
bn:00077465n	脚趾
bn:00077516n	容忍
bn:00077519n	代价
bn:00077537n	番茄
bn:00077537n	西红柿
bn:00077541n	番茄酱
bn:00077549n	明天
bn:00077549n	未来
bn:00077550n	明天
bn:00077550n	未来
bn:00077553n	声调
bn:00077553n	语气
bn:00077553n	语调
bn:00077554n	声调
bn:00077554n	语气
bn:00077554n	语调
bn:00077554n	音调
bn:00077571n	压舌板
bn:00077572n	绕口令
bn:00077575n	今晚
bn:00077585n	工具
bn:00077593n	牙齿
bn:00077594n	牙齿
bn:00077602n	牙刷
bn:00077607n	上面
bn:00077607n	顶上
bn:00077607n	顶端
bn:00077607n	顶部
bn:00077608n	上面
bn:00077608n	顶端
bn:00077608n	顶部
bn:00077608n	首位
bn:00077638n	地形
bn:00077657n	火炬
bn:00077667n	龙卷风
bn:00077670n	多伦多
bn:00077726n	触
bn:00077726n	触感
bn:00077726n	触摸
bn:00077726n	触碰
bn:00077727n	触摸
bn:00077727n	触碰
bn:00077736n	达阵
bn:00077750n	比赛
bn:00077750n	锦标赛
bn:00077760n	拖船
bn:00077761n	毛巾
bn:00077766n	塔楼
bn:00077773n	城市
bn:00077773n	城镇
bn:00077773n	镇
bn:00077773n	镇子
bn:00077774n	城镇
bn:00077774n	镇
bn:00077775n	镇
bn:00077784n	同乡
bn:00077813n	印记
bn:00077824n	气管
bn:00077834n	描摹
bn:00077834n	追踪
bn:00077857n	拖拉机
bn:00077860n	贸易
bn:00077877n	标志
bn:00077883n	传统
bn:00077888n	交通
bn:00077888n	车流
bn:00077889n	交通
bn:00077899n	悲剧
bn:00077904n	痕迹
bn:00077905n	小径
bn:00077905n	小路
bn:00077930n	特征
bn:00077931n	叛徒
bn:00077963n	转录
bn:00077966n	传感器
bn:00077966n	换能器
bn:00077992n	翻译
bn:00077992n	转换
bn:00077993n	变压器
bn:00078000n	短暂
bn:00078004n	交通
bn:00078008n	跃迁
bn:00078014n	平移
bn:00078024n	传输
bn:00078068n	陷阱
bn:00078069n	陷阱
bn:00078085n	旅行
bn:00078093n	旅行者
bn:00078102n	托盘
bn:00078109n	跑步机
bn:00078112n	宝物
bn:00078120n	国库
bn:00078127n	处理
bn:00078131n	树
bn:00078131n	树木
bn:00078188n	支架
bn:00078198n	审判
bn:00078201n	试错
bn:00078208n	三角形
bn:00078257n	戏弄
bn:00078302n	装饰
bn:00078318n	旅程
bn:00078318n	旅行
bn:00078318n	旅途
bn:00078318n	行
bn:00078346n	脚架
bn:00078365n	胜利
bn:00078366n	胜利
bn:00078382n	巨魔
bn:00078393n	部队
bn:00078394n	部队
bn:00078424n	麻烦
bn:00078425n	忧虑
bn:00078425n	担忧
bn:00078425n	烦恼
bn:00078428n	波谷
bn:00078460n	实情
bn:00078460n	实话
bn:00078460n	真相
bn:00078479n	后备箱
bn:00078479n	箱子
bn:00078479n	行李箱
bn:00078487n	信托
bn:00078488n	信任
bn:00078498n	事实
bn:00078498n	真理
bn:00078498n	真相
bn:00078509n	海啸
bn:00078520n	管
bn:00078520n	管子
bn:00078532n	小管
bn:00078546n	Tuesday
bn:00078546n	周二
bn:00078546n	星期二
bn:00078557n	学费
bn:00078559n	郁金香
bn:00078582n	动荡
bn:00078602n	调谐
bn:00078606n	隧道
bn:00078617n	头巾
bn:00078620n	鼻甲
bn:00078621n	涡轮
bn:00078624n	湍流
bn:00078656n	转弯
bn:00078657n	变化
bn:00078657n	曲折
bn:00078658n	转折
bn:00078659n	转弯
bn:00078694n	唱盘
bn:00078719n	辅导
bn:00078725n	观众
bn:00078738n	岁
bn:00078738n	岁月
bn:00078738n	年
bn:00078738n	年代
bn:00078738n	年度
bn:00078738n	年级
bn:00078753n	双胞胎
bn:00078778n	三分之二
bn:00078798n	型
bn:00078798n	种
bn:00078798n	种类
bn:00078798n	类型
bn:00078809n	打字机
bn:00078813n	打字
bn:00078818n	typhus
bn:00078838n	酪氨酸
bn:00078848n	美国
bn:00078863n	丑陋
bn:00078873n	乌克兰
bn:00078879n	溃疡
bn:00078906n	紫外
bn:00078906n	紫外光
bn:00078906n	紫外线
bn:00078931n	联合国
bn:00078952n	大叔
bn:00078968n	无意识
bn:00078986n	内衣
bn:00079004n	本科生
bn:00079014n	副部长
bn:00079036n	波
bn:00079045n	失业
bn:00079079n	制服
bn:00079081n	均匀性
bn:00079106n	单位
bn:00079107n	单位
bn:00079107n	单元
bn:00079108n	单位
bn:00079108n	单元
bn:00079110n	晶胞
bn:00079129n	美元
bn:00079151n	大学
bn:00079152n	大学
bn:00079184n	志愿者
bn:00079261n	上风
bn:00079262n	上限
bn:00079293n	维纳斯
bn:00079344n	瓮
bn:00079370n	使用
bn:00079372n	效用
bn:00079372n	用处
bn:00079373n	使用者
bn:00079373n	用户
bn:00079388n	器具
bn:00079392n	子宫
bn:00079407n	乌托邦
bn:00079410n	乌托邦
bn:00079416n	言论
bn:00079435n	副总统
bn:00079435n	副总裁
bn:00079439n	空缺
bn:00079444n	度假
bn:00079447n	疫苗
bn:00079449n	真空
bn:00079454n	吸尘器
bn:00079476n	山谷
bn:00079476n	流域
bn:00079508n	值
bn:00079508n	标准
bn:00079509n	价值
bn:00079517n	瓣膜
bn:00079517n	阀门
bn:00079569n	制高点
bn:00079571n	蒸气
bn:00079580n	变量
bn:00079581n	变量
bn:00079587n	变化
bn:00079588n	变奏
bn:00079589n	变化
bn:00079601n	品种
bn:00079618n	容器
bn:00079618n	血管
bn:00079628n	花瓶
bn:00079639n	梵蒂冈
bn:00079653n	向量
bn:00079663n	菜
bn:00079663n	蔬菜
bn:00079675n	车辆
bn:00079676n	载体
bn:00079681n	血管
bn:00079681n	静脉
bn:00079696n	丝绒
bn:00079699n	天鹅绒
bn:00079733n	威尼斯
bn:00079748n	火山
bn:00079753n	通风
bn:00079764n	冒险
bn:00079771n	金星
bn:00079776n	真实性
bn:00079778n	动词
bn:00079779n	动词
bn:00079786n	马鞭草
bn:00079822n	诗
bn:00079827n	版本
bn:00079833n	顶点
bn:00079847n	活力
bn:00079862n	船
bn:00079862n	船只
bn:00079864n	背心
bn:00079883n	兽医
bn:00079891n	否决权
bn:00079940n	受害者
bn:00079944n	得主
bn:00079964n	Victrola
bn:00079972n	视频
bn:00079990n	观察
bn:00080004n	村民
bn:00080013n	葡萄
bn:00080013n	藤
bn:00080013n	藤蔓
bn:00080018n	葡萄园
bn:00080022n	葡萄酒
bn:00080022n	酒
bn:00080023n	酒
bn:00080027n	乙烯基
bn:00080036n	暴力
bn:00080037n	紫罗兰
bn:00080052n	处女
bn:00080055n	维尔京群岛
bn:00080083n	毒力
bn:00080083n	毒性
bn:00080085n	病毒
bn:00080092n	粘度
bn:00080101n	能见度
bn:00080106n	幻想
bn:00080106n	幻觉
bn:00080106n	愿景
bn:00080111n	参观
bn:00080111n	访问
bn:00080112n	拜访
bn:00080112n	访问
bn:00080113n	访问
bn:00080115n	参观者
bn:00080115n	来访者
bn:00080115n	游客
bn:00080115n	访客
bn:00080147n	维生素
bn:00080171n	词汇
bn:00080171n	词汇表
bn:00080172n	词汇
bn:00080185n	嗓音
bn:00080185n	声音
bn:00080187n	声音
bn:00080189n	声音
bn:00080190n	嗓音
bn:00080216n	意志
bn:00080216n	意愿
bn:00080216n	旨意
bn:00080220n	排球
bn:00080228n	电压表
bn:00080229n	体积
bn:00080230n	卷
bn:00080231n	体积
bn:00080258n	投票权
bn:00080267n	元音
bn:00080272n	航程
bn:00080287n	秃鹫
bn:00080322n	货车
bn:00080322n	马车
bn:00080339n	腰
bn:00080339n	腰间
bn:00080344n	服务员
bn:00080357n	散步
bn:00080358n	散步
bn:00080386n	墙
bn:00080386n	墙体
bn:00080386n	墙壁
bn:00080386n	壁
bn:00080387n	堵
bn:00080387n	墙
bn:00080397n	华尔街
bn:00080413n	墙纸
bn:00080413n	壁纸
bn:00080415n	核桃
bn:00080435n	意愿
bn:00080435n	愿望
bn:00080435n	需求
bn:00080439n	军事
bn:00080439n	战争
bn:00080439n	战斗
bn:00080440n	战争
bn:00080440n	斗争
bn:00080452n	战争部
bn:00080472n	守护
bn:00080479n	衣橱
bn:00080495n	警告
bn:00080495n	警报
bn:00080495n	预兆
bn:00080495n	预警
bn:00080510n	战士
bn:00080510n	战斗
bn:00080510n	武士
bn:00080517n	洗涤
bn:00080543n	废料
bn:00080543n	废物
bn:00080550n	守望
bn:00080562n	水
bn:00080566n	水彩
bn:00080566n	水彩画
bn:00080567n	水彩
bn:00080567n	水彩画
bn:00080571n	滑水
bn:00080605n	水位
bn:00080609n	水印
bn:00080636n	水塔
bn:00080677n	水道
bn:00080687n	波
bn:00080688n	浪潮
bn:00080689n	波浪
bn:00080701n	波长
bn:00080702n	波长
bn:00080707n	蜡
bn:00080720n	方式
bn:00080720n	方法
bn:00080721n	方式
bn:00080721n	路
bn:00080721n	道路
bn:00080722n	路
bn:00080724n	方式
bn:00080724n	方法
bn:00080736n	弱点
bn:00080746n	财富
bn:00080747n	大量
bn:00080747n	财富
bn:00080748n	财富
bn:00080767n	编织
bn:00080809n	杂草
bn:00080813n	周
bn:00080815n	工作日
bn:00080816n	周末
bn:00080821n	周刊
bn:00080831n	体重
bn:00080831n	重量
bn:00080832n	分量
bn:00080833n	砝码
bn:00080833n	重量
bn:00080836n	加权
bn:00080843n	鱼梁
bn:00080861n	井
bn:00080861n	水井
bn:00080861n	泉水
bn:00080875n	世界观
bn:00080893n	西
bn:00080893n	西方
bn:00080893n	西部
bn:00080919n	西侧
bn:00080933n	西方人
bn:00080946n	润湿
bn:00080959n	小麦
bn:00080972n	方向盘
bn:00080972n	车轮
bn:00080972n	轮子
bn:00080979n	轮椅
bn:00080991n	下落
bn:00080991n	去向
bn:00080991n	行踪
bn:00081001n	辉格党
bn:00081007n	鞭子
bn:00081031n	威士忌
bn:00081052n	白度
bn:00081052n	白色
bn:00081078n	白人
bn:00081136n	整体
bn:00081164n	宽银幕
bn:00081167n	寡妇
bn:00081167n	遗孀
bn:00081170n	鳏夫
bn:00081177n	假发
bn:00081192n	野狗
bn:00081201n	暴投
bn:00081209n	野猫
bn:00081224n	意志
bn:00081224n	意愿
bn:00081224n	旨意
bn:00081240n	柳树
bn:00081284n	风车
bn:00081285n	窗口
bn:00081285n	窗户
bn:00081286n	窗户
bn:00081287n	窗口
bn:00081287n	窗户
bn:00081306n	窗台
bn:00081319n	酒
bn:00081336n	翅膀
bn:00081337n	机翼
bn:00081337n	翅膀
bn:00081338n	联队
bn:00081353n	僚机
bn:00081370n	冬天
bn:00081370n	冬季
bn:00081370n	过冬
bn:00081377n	冬至
bn:00081386n	电线
bn:00081386n	金属丝
bn:00081386n	铁丝网
bn:00081406n	智慧
bn:00081407n	智慧
bn:00081424n	女巫
bn:00081428n	巫医
bn:00081444n	柳条
bn:00081453n	见证
bn:00081479n	女人
bn:00081492n	木材
bn:00081528n	木制品
bn:00081531n	羊毛
bn:00081546n	单词
bn:00081546n	字
bn:00081546n	用词
bn:00081546n	词
bn:00081546n	词汇
bn:00081546n	词语
bn:00081546n	话
bn:00081546n	话语
bn:00081547n	消息
bn:00081547n	话
bn:00081547n	话语
bn:00081548n	词语
bn:00081564n	言语
bn:00081564n	言辞
bn:00081564n	话
bn:00081564n	话语
bn:00081568n	作品
bn:00081568n	劳动
bn:00081568n	工作
bn:00081568n	工程
bn:00081569n	功
bn:00081569n	工作
bn:00081575n	勤工俭学
bn:00081581n	艺术品
bn:00081585n	工作台
bn:00081593n	人员
bn:00081593n	工
bn:00081593n	工人
bn:00081593n	工作者
bn:00081594n	工人
bn:00081595n	工蜂
bn:00081605n	工人
bn:00081609n	运作
bn:00081618n	研讨会
bn:00081622n	世界
bn:00081635n	虫
bn:00081651n	崇拜
bn:00081651n	敬拜
bn:00081651n	礼拜
bn:00081660n	价值
bn:00081661n	价值
bn:00081674n	外套
bn:00081680n	愤怒
bn:00081681n	残骸
bn:00081683n	残骸
bn:00081700n	手表
bn:00081711n	作家
bn:00081713n	作品
bn:00081713n	写作
bn:00081713n	著作
bn:00081726n	错
bn:00081726n	错误
bn:00081750n	X光机
bn:00081787n	木质部
bn:00081810n	耶鲁
bn:00081856n	年
bn:00081856n	年度
bn:00081858n	年终
bn:00081866n	黄色
bn:00081879n	黄松
bn:00081909n	昨天
bn:00081926n	瑜伽
bn:00081947n	青少年
bn:00081947n	青年
bn:00081947n	青春
bn:00081950n	小伙子
bn:00081957n	青年
bn:00081957n	青春
bn:00081958n	青春
bn:00081968n	丝兰
bn:00082021n	天顶
bn:00082068n	黄道光
bn:00082075n	区域
bn:00082118v	抛弃
bn:00082118v	放弃
bn:00082119v	放弃
bn:00082119v	离弃
bn:00082120v	放弃
bn:00082120v	清空
bn:00082120v	遗弃
bn:00082121v	丢弃
bn:00082121v	抛弃
bn:00082121v	放弃
bn:00082122v	放弃
bn:00082122v	遗弃
bn:00082124v	尴尬
bn:00082126v	平息
bn:00082127v	缩短
bn:00082131v	绑架
bn:00082136v	厌恶
bn:00082137v	住
bn:00082137v	待
bn:00082137v	留
bn:00082137v	等待
bn:00082137v	逗留
bn:00082138v	容忍
bn:00082138v	容许
bn:00082138v	忍受
bn:00082138v	承受
bn:00082138v	遭受
bn:00082139v	追随
bn:00082139v	遵从
bn:00082139v	遵守
bn:00082139v	遵循
bn:00082139v	顺从
bn:00082140v	尊重
bn:00082140v	遵守
bn:00082141v	撤回
bn:00082141v	收回
bn:00082142v	断奶
bn:00082148v	废除
bn:00082153v	挤满
bn:00082161v	废除
bn:00082164v	离开
bn:00082166v	消除
bn:00082166v	缺席
bn:00082168v	放
bn:00082169v	吸收
bn:00082169v	吸附
bn:00082170v	吸收
bn:00082171v	吸收
bn:00082171v	承担
bn:00082172v	吸收
bn:00082173v	吸收
bn:00082174v	吸收
bn:00082175v	吞噬
bn:00082175v	吞没
bn:00082175v	沉浸
bn:00082177v	从事
bn:00082178v	弃权
bn:00082180v	抽象
bn:00082182v	抽象
bn:00082184v	滥用
bn:00082184v	虐待
bn:00082185v	滥用
bn:00082189v	弥补
bn:00082189v	赎罪
bn:00082190v	屈服
bn:00082190v	服从
bn:00082190v	让步
bn:00082192v	同意
bn:00082192v	默许
bn:00082193v	加快
bn:00082193v	加速
bn:00082194v	加快
bn:00082195v	强调
bn:00082196v	强调
bn:00082196v	重读
bn:00082197v	承认
bn:00082197v	接受
bn:00082198v	拿
bn:00082198v	接受
bn:00082198v	接纳
bn:00082198v	接过
bn:00082198v	获得
bn:00082199v	同意
bn:00082199v	接受
bn:00082200v	接受
bn:00082201v	承认
bn:00082201v	接受
bn:00082202v	承担
bn:00082202v	接受
bn:00082202v	接管
bn:00082203v	接受
bn:00082206v	取
bn:00082206v	接受
bn:00082206v	采取
bn:00082211v	称赞
bn:00082212v	鼓掌
bn:00082214v	安装
bn:00082214v	容纳
bn:00082214v	符合
bn:00082214v	适合
bn:00082214v	适应
bn:00082214v	配备
bn:00082215v	容纳
bn:00082215v	改编
bn:00082215v	适合
bn:00082215v	适应
bn:00082216v	容纳
bn:00082217v	举行
bn:00082217v	容纳
bn:00082221v	伴
bn:00082221v	伴随
bn:00082221v	陪同
bn:00082222v	伴随
bn:00082222v	陪
bn:00082222v	陪伴
bn:00082223v	伴奏
bn:00082223v	伴随
bn:00082223v	跟随
bn:00082223v	陪同
bn:00082224v	陪
bn:00082225v	完成
bn:00082225v	实施
bn:00082225v	实现
bn:00082225v	履行
bn:00082225v	执行
bn:00082225v	满足
bn:00082225v	达成
bn:00082225v	进行
bn:00082226v	做到
bn:00082226v	到达
bn:00082226v	取得
bn:00082226v	完成
bn:00082226v	实现
bn:00082226v	获得
bn:00082226v	达到
bn:00082226v	达成
bn:00082227v	一致
bn:00082228v	分配
bn:00082228v	给予
bn:00082233v	形容
bn:00082233v	报告
bn:00082233v	报道
bn:00082233v	描述
bn:00082233v	汇报
bn:00082235v	占
bn:00082235v	导致
bn:00082236v	导致
bn:00082246v	积累
bn:00082247v	堆积
bn:00082247v	积累
bn:00082247v	聚集
bn:00082249v	指控
bn:00082249v	指责
bn:00082249v	控
bn:00082250v	指控
bn:00082262v	疼痛
bn:00082263v	渴望
bn:00082264v	痛
bn:00082267v	承认
bn:00082268v	承认
bn:00082268v	确认
bn:00082269v	承认
bn:00082270v	承认
bn:00082272v	公认
bn:00082272v	承认
bn:00082272v	知
bn:00082272v	知道
bn:00082272v	认出
bn:00082272v	认可
bn:00082272v	认识
bn:00082272v	识别
bn:00082273v	介绍
bn:00082273v	呈现
bn:00082273v	提出
bn:00082276v	使
bn:00082276v	取得
bn:00082276v	得
bn:00082276v	得到
bn:00082276v	拿到
bn:00082276v	获得
bn:00082277v	具有
bn:00082277v	呈现
bn:00082277v	摆出
bn:00082277v	获得
bn:00082277v	采取
bn:00082278v	发展
bn:00082278v	生长
bn:00082278v	获得
bn:00082278v	长
bn:00082280v	得到
bn:00082280v	盈利
bn:00082280v	获得
bn:00082280v	赢
bn:00082280v	赢得
bn:00082281v	学
bn:00082281v	学习
bn:00082281v	学会
bn:00082281v	学到
bn:00082282v	发展
bn:00082283v	无罪
bn:00082284v	行事
bn:00082284v	表现
bn:00082285v	行动
bn:00082285v	表现
bn:00082286v	扮演
bn:00082286v	行动
bn:00082286v	表现
bn:00082287v	代表
bn:00082287v	出
bn:00082287v	扮演
bn:00082287v	播放
bn:00082287v	表演
bn:00082289v	扮演
bn:00082289v	玩
bn:00082291v	工作
bn:00082293v	假装
bn:00082295v	作为
bn:00082295v	充当
bn:00082297v	继续
bn:00082297v	进行
bn:00082297v	追求
bn:00082304v	影响
bn:00082305v	起诉
bn:00082306v	启动
bn:00082306v	引发
bn:00082306v	激活
bn:00082307v	激活
bn:00082311v	实现
bn:00082313v	促使
bn:00082313v	激励
bn:00082315v	即兴
bn:00082316v	调整
bn:00082316v	适应
bn:00082317v	加
bn:00082317v	加上
bn:00082317v	增加
bn:00082317v	新增
bn:00082317v	添
bn:00082317v	添加
bn:00082318v	加
bn:00082318v	加上
bn:00082318v	增加
bn:00082319v	增加
bn:00082319v	增添
bn:00082319v	贡献
bn:00082320v	加上
bn:00082320v	增加
bn:00082321v	增加
bn:00082327v	合计
bn:00082327v	总计
bn:00082332v	称呼
bn:00082332v	转向
bn:00082333v	发表
bn:00082333v	称呼
bn:00082333v	讲话
bn:00082333v	说话
bn:00082339v	处理
bn:00082339v	对待
bn:00082339v	涵盖
bn:00082339v	视为
bn:00082344v	紧贴
bn:00082344v	附着
bn:00082347v	结合
bn:00082348v	达到
bn:00082350v	休会
bn:00082350v	休庭
bn:00082352v	宣布
bn:00082353v	审理
bn:00082354v	决定
bn:00082354v	消除
bn:00082354v	解决
bn:00082357v	调整
bn:00082357v	调节
bn:00082358v	调整
bn:00082359v	调整
bn:00082362v	管理
bn:00082363v	实施
bn:00082364v	分发
bn:00082364v	分配
bn:00082364v	给予
bn:00082367v	仰慕
bn:00082367v	欣赏
bn:00082367v	赞赏
bn:00082367v	钦佩
bn:00082368v	欣赏
bn:00082368v	钦佩
bn:00082369v	录取
bn:00082369v	承认
bn:00082369v	接纳
bn:00082370v	包括
bn:00082375v	劝阻
bn:00082375v	警告
bn:00082376v	提醒
bn:00082376v	警告
bn:00082379v	支持
bn:00082379v	追随
bn:00082379v	通过
bn:00082379v	遵循
bn:00082379v	采取
bn:00082379v	采用
bn:00082379v	采纳
bn:00082380v	借用
bn:00082380v	接管
bn:00082380v	采用
bn:00082381v	呈现
bn:00082381v	承担
bn:00082381v	接任
bn:00082381v	接手
bn:00082381v	接替
bn:00082381v	接管
bn:00082381v	通过
bn:00082381v	采用
bn:00082382v	收养
bn:00082384v	拥抱
bn:00082386v	装饰
bn:00082389v	吸附
bn:00082392v	概述
bn:00082393v	暗示
bn:00082394v	上
bn:00082394v	前进
bn:00082394v	继续
bn:00082394v	进步
bn:00082395v	提出
bn:00082396v	上涨
bn:00082396v	促进
bn:00082396v	推进
bn:00082396v	提高
bn:00082397v	促进
bn:00082397v	助长
bn:00082397v	推广
bn:00082397v	推进
bn:00082397v	提倡
bn:00082397v	提出
bn:00082397v	鼓励
bn:00082398v	推进
bn:00082398v	提出
bn:00082399v	领先
bn:00082400v	发展
bn:00082400v	推进
bn:00082401v	推进
bn:00082402v	提升
bn:00082402v	提拔
bn:00082408v	冒险
bn:00082409v	危及
bn:00082409v	资助
bn:00082410v	倾听
bn:00082411v	触及
bn:00082412v	举
bn:00082412v	引用
bn:00082412v	提到
bn:00082412v	提及
bn:00082412v	提起
bn:00082413v	公布
bn:00082413v	宣传
bn:00082414v	推
bn:00082414v	推动
bn:00082414v	推广
bn:00082414v	推进
bn:00082415v	劝告
bn:00082415v	建议
bn:00082415v	指导
bn:00082415v	辅导
bn:00082416v	建议
bn:00082416v	通知
bn:00082417v	建议
bn:00082417v	打算
bn:00082417v	提出
bn:00082417v	提议
bn:00082418v	主张
bn:00082418v	倡导
bn:00082418v	催促
bn:00082418v	建议
bn:00082418v	推荐
bn:00082418v	提倡
bn:00082418v	敦促
bn:00082419v	倡导
bn:00082419v	说教
bn:00082420v	播出
bn:00082424v	雾化
bn:00082426v	影响
bn:00082426v	接触
bn:00082426v	碰
bn:00082427v	影响
bn:00082428v	包含
bn:00082428v	影响
bn:00082428v	涉及
bn:00082428v	牵涉
bn:00082428v	视为
bn:00082429v	假装
bn:00082429v	掩饰
bn:00082429v	造作
bn:00082430v	印象深刻
bn:00082430v	感动
bn:00082430v	打动
bn:00082432v	交往
bn:00082434v	印证
bn:00082434v	支持
bn:00082434v	断言
bn:00082434v	确认
bn:00082434v	证实
bn:00082435v	主张
bn:00082435v	发誓
bn:00082435v	声称
bn:00082435v	宣称
bn:00082435v	确认
bn:00082435v	肯定
bn:00082436v	确认
bn:00082436v	肯定
bn:00082441v	提供
bn:00082442v	交给
bn:00082442v	产生
bn:00082442v	发表
bn:00082442v	提供
bn:00082442v	给
bn:00082442v	给予
bn:00082442v	赋予
bn:00082447v	吓
bn:00082447v	吓唬
bn:00082448v	侮辱
bn:00082448v	冒犯
bn:00082449v	老
bn:00082459v	激怒
bn:00082462v	攻击
bn:00082462v	袭击
bn:00082462v	进攻
bn:00082468v	对抗
bn:00082468v	斗争
bn:00082469v	动
bn:00082469v	搅动
bn:00082469v	让步
bn:00082470v	抖动
bn:00082470v	摇
bn:00082470v	颤抖
bn:00082471v	扰乱
bn:00082472v	发生
bn:00082472v	承认
bn:00082472v	认出
bn:00082472v	认可
bn:00082472v	认同
bn:00082472v	认识
bn:00082475v	一致
bn:00082475v	同意
bn:00082476v	同意
bn:00082477v	一致
bn:00082477v	匹
bn:00082477v	匹配
bn:00082477v	对应
bn:00082477v	比较
bn:00082477v	相符
bn:00082477v	符合
bn:00082477v	适合
bn:00082481v	助
bn:00082481v	协助
bn:00082481v	帮
bn:00082481v	帮助
bn:00082481v	帮忙
bn:00082481v	扶
bn:00082481v	援助
bn:00082481v	救命
bn:00082481v	有助于
bn:00082482v	帮
bn:00082482v	帮助
bn:00082482v	有助于
bn:00082485v	拿
bn:00082485v	指挥
bn:00082485v	瞄准
bn:00082485v	采取
bn:00082486v	打算
bn:00082486v	提议
bn:00082489v	放
bn:00082489v	瞄准
bn:00082491v	渴望
bn:00082493v	传输
bn:00082493v	发出
bn:00082493v	发送
bn:00082494v	宣传
bn:00082507v	警告
bn:00082507v	警示
bn:00082514v	疏远
bn:00082518v	对齐
bn:00082520v	协调
bn:00082521v	滋养
bn:00082527v	声称
bn:00082527v	指称
bn:00082527v	说
bn:00082527v	说明
bn:00082527v	说道
bn:00082530v	减轻
bn:00082530v	宽慰
bn:00082530v	纾解
bn:00082530v	缓解
bn:00082531v	促成
bn:00082531v	促进
bn:00082531v	放松
bn:00082531v	缓解
bn:00082534v	分摊
bn:00082534v	分配
bn:00082535v	分配
bn:00082535v	指定
bn:00082535v	赋予
bn:00082536v	任
bn:00082536v	任由
bn:00082536v	假设
bn:00082536v	允许
bn:00082536v	让
bn:00082537v	允许
bn:00082537v	让
bn:00082538v	允许
bn:00082538v	承认
bn:00082538v	授予
bn:00082539v	保留
bn:00082539v	允许
bn:00082539v	拨出
bn:00082539v	拨款
bn:00082539v	搁置
bn:00082539v	预留
bn:00082540v	剩下
bn:00082540v	留
bn:00082541v	考虑
bn:00082553v	修改
bn:00082553v	换
bn:00082553v	改变
bn:00082553v	转变
bn:00082553v	转换
bn:00082554v	修改
bn:00082554v	变
bn:00082554v	变化
bn:00082554v	改变
bn:00082554v	更换
bn:00082555v	改变
bn:00082558v	争吵
bn:00082558v	争辩
bn:00082558v	吵架
bn:00082559v	交替
bn:00082565v	混合
bn:00082565v	统一
bn:00082566v	惊讶
bn:00082567v	困惑
bn:00082567v	惊奇
bn:00082571v	伏击
bn:00082571v	埋伏
bn:00082572v	伏击
bn:00082573v	提高
bn:00082573v	改善
bn:00082573v	改进
bn:00082573v	进步
bn:00082574v	好转
bn:00082574v	提高
bn:00082574v	改善
bn:00082574v	进步
bn:00082575v	修改
bn:00082575v	修正
bn:00082576v	纠正
bn:00082585v	相当于
bn:00082586v	增强
bn:00082586v	放大
bn:00082587v	夸大
bn:00082587v	夸大其词
bn:00082587v	放大
bn:00082588v	扩展
bn:00082591v	娱乐
bn:00082591v	逗乐
bn:00082592v	有趣
bn:00082596v	分析
bn:00082596v	学习
bn:00082596v	审视
bn:00082596v	检查
bn:00082596v	检视
bn:00082596v	研究
bn:00082598v	分析
bn:00082598v	分解
bn:00082602v	诅咒
bn:00082602v	该死
bn:00082605v	固定
bn:00082606v	停泊
bn:00082613v	倚靠
bn:00082613v	倾
bn:00082613v	倾斜
bn:00082620v	伤害
bn:00082627v	激励
bn:00082627v	激发
bn:00082627v	驱动
bn:00082630v	复兴
bn:00082630v	恢复
bn:00082634v	根除
bn:00082634v	消灭
bn:00082634v	消除
bn:00082637v	公布
bn:00082637v	宣布
bn:00082638v	宣布
bn:00082639v	宣布
bn:00082640v	宣布
bn:00082641v	打扰
bn:00082641v	烦
bn:00082641v	烦恼
bn:00082643v	取消
bn:00082643v	废除
bn:00082643v	解除
bn:00082646v	回
bn:00082646v	回复
bn:00082646v	回应
bn:00082646v	回答
bn:00082646v	符合
bn:00082647v	回答
bn:00082647v	接
bn:00082648v	回答
bn:00082648v	解答
bn:00082649v	回答
bn:00082649v	解决
bn:00082649v	解答
bn:00082650v	回答
bn:00082652v	做
bn:00082652v	足够
bn:00082656v	抵消
bn:00082659v	付
bn:00082659v	付出
bn:00082659v	支付
bn:00082659v	缴纳
bn:00082660v	放弃
bn:00082665v	期待
bn:00082665v	期望
bn:00082665v	要求
bn:00082665v	预料
bn:00082665v	预期
bn:00082666v	预料
bn:00082666v	预见
bn:00082667v	预期
bn:00082667v	预知
bn:00082667v	预见
bn:00082668v	承诺
bn:00082668v	预料
bn:00082668v	预测
bn:00082668v	预示
bn:00082668v	预言
bn:00082668v	预计
bn:00082669v	期待
bn:00082678v	合理化
bn:00082678v	证明
bn:00082678v	辩解
bn:00082679v	道歉
bn:00082683v	激怒
bn:00082683v	震惊
bn:00082684v	打扮
bn:00082684v	穿
bn:00082684v	穿着
bn:00082685v	上诉
bn:00082686v	呼吁
bn:00082686v	诉诸
bn:00082687v	吸引
bn:00082689v	援引
bn:00082689v	祈求
bn:00082690v	似乎
bn:00082690v	出来
bn:00082690v	出现
bn:00082690v	显得
bn:00082690v	显现
bn:00082690v	看
bn:00082690v	起
bn:00082691v	出庭
bn:00082691v	出演
bn:00082691v	出现
bn:00082691v	发表
bn:00082691v	显现
bn:00082692v	出演
bn:00082692v	出现
bn:00082692v	发表
bn:00082692v	呈现
bn:00082693v	显得
bn:00082694v	出现
bn:00082694v	显现
bn:00082695v	出现
bn:00082697v	安抚
bn:00082705v	使用
bn:00082705v	利用
bn:00082705v	套用
bn:00082705v	应用
bn:00082705v	用
bn:00082705v	运用
bn:00082705v	适用
bn:00082705v	采用
bn:00082705v	雇佣
bn:00082705v	雇用
bn:00082706v	使用
bn:00082706v	应用
bn:00082706v	适用
bn:00082707v	申请
bn:00082708v	使用
bn:00082708v	应用
bn:00082708v	涂抹
bn:00082709v	应用
bn:00082709v	适用
bn:00082710v	给
bn:00082711v	实践
bn:00082711v	应用
bn:00082711v	练习
bn:00082712v	实施
bn:00082712v	应用
bn:00082712v	执行
bn:00082713v	应用
bn:00082715v	任命
bn:00082715v	指定
bn:00082716v	任命
bn:00082716v	委任
bn:00082716v	安排
bn:00082718v	分享
bn:00082718v	分担
bn:00082718v	分配
bn:00082720v	测量
bn:00082720v	评价
bn:00082720v	评估
bn:00082721v	审视
bn:00082721v	看看
bn:00082721v	调查
bn:00082722v	感激
bn:00082722v	欣赏
bn:00082723v	欣赏
bn:00082724v	欣赏
bn:00082724v	珍惜
bn:00082724v	珍视
bn:00082727v	懂
bn:00082727v	掌握
bn:00082727v	理解
bn:00082728v	被捕
bn:00082728v	逮捕
bn:00082732v	接近
bn:00082732v	走近
bn:00082732v	逼近
bn:00082732v	靠近
bn:00082733v	接近
bn:00082734v	处理
bn:00082734v	接近
bn:00082734v	着手
bn:00082735v	临近
bn:00082735v	接近
bn:00082736v	接近
bn:00082739v	征服
bn:00082739v	扣押
bn:00082739v	抓住
bn:00082739v	查封
bn:00082740v	同意
bn:00082740v	批准
bn:00082740v	认可
bn:00082741v	批准
bn:00082741v	赞同
bn:00082743v	估算
bn:00082743v	估计
bn:00082743v	判断
bn:00082743v	猜
bn:00082743v	猜测
bn:00082743v	评估
bn:00082743v	近似
bn:00082743v	预计
bn:00082750v	弯曲
bn:00082750v	拱起
bn:00082754v	主张
bn:00082754v	争论
bn:00082754v	争辩
bn:00082754v	辩称
bn:00082754v	辩论
bn:00082755v	主张
bn:00082755v	争论
bn:00082755v	争辩
bn:00082755v	辩称
bn:00082756v	表明
bn:00082757v	产生
bn:00082757v	兴起
bn:00082757v	出现
bn:00082757v	发展
bn:00082757v	发生
bn:00082757v	开发
bn:00082757v	成长
bn:00082757v	来自
bn:00082757v	涌现
bn:00082757v	起源于
bn:00082758v	产生
bn:00082758v	出现
bn:00082759v	起床
bn:00082759v	起来
bn:00082759v	起身
bn:00082760v	出现
bn:00082760v	发生
bn:00082761v	上升
bn:00082761v	上去
bn:00082761v	上涨
bn:00082761v	升起
bn:00082761v	升高
bn:00082761v	增加
bn:00082761v	起
bn:00082762v	兴起
bn:00082762v	反抗
bn:00082762v	叛逆
bn:00082763v	起
bn:00082763v	起床
bn:00082763v	起身
bn:00082764v	集结
bn:00082765v	装备
bn:00082768v	产生
bn:00082768v	唤起
bn:00082768v	引出
bn:00082768v	引发
bn:00082768v	引起
bn:00082768v	激发
bn:00082768v	激起
bn:00082769v	唤醒
bn:00082769v	醒
bn:00082769v	醒来
bn:00082770v	实行
bn:00082770v	提出
bn:00082770v	高
bn:00082771v	刺激
bn:00082771v	引起
bn:00082771v	激励
bn:00082771v	激起
bn:00082772v	唤醒
bn:00082772v	醒来
bn:00082776v	指责
bn:00082777v	安排
bn:00082777v	排列
bn:00082777v	改编
bn:00082777v	整理
bn:00082777v	设立
bn:00082778v	安排
bn:00082779v	安排
bn:00082780v	安排
bn:00082781v	做
bn:00082781v	准备
bn:00082784v	布置
bn:00082785v	制止
bn:00082785v	阻止
bn:00082787v	停止
bn:00082788v	使
bn:00082788v	到来
bn:00082788v	到达
bn:00082788v	抵达
bn:00082788v	来
bn:00082788v	来到
bn:00082788v	起
bn:00082790v	到
bn:00082790v	到达
bn:00082790v	抵达
bn:00082790v	获得
bn:00082790v	达到
bn:00082790v	达成
bn:00082791v	主张
bn:00082791v	声称
bn:00082791v	宣称
bn:00082793v	接手
bn:00082793v	接管
bn:00082793v	篡夺
bn:00082794v	闲逛
bn:00082799v	措辞
bn:00082800v	说
bn:00082800v	说道
bn:00082802v	阐明
bn:00082803v	上升
bn:00082803v	升
bn:00082809v	升起
bn:00082810v	升起
bn:00082811v	了解
bn:00082811v	决定
bn:00082811v	创立
bn:00082811v	判断
bn:00082811v	发现
bn:00082811v	找
bn:00082811v	找出
bn:00082811v	找到
bn:00082811v	测定
bn:00082811v	确定
bn:00082811v	认为
bn:00082812v	保证
bn:00082812v	检查
bn:00082812v	看
bn:00082812v	看到
bn:00082812v	确保
bn:00082813v	查看
bn:00082813v	看
bn:00082813v	看出
bn:00082813v	看到
bn:00082815v	分配
bn:00082815v	归因
bn:00082815v	归因于
bn:00082815v	指定
bn:00082815v	赋予
bn:00082817v	要求
bn:00082817v	询问
bn:00082817v	请求
bn:00082817v	问
bn:00082817v	问道
bn:00082817v	需要
bn:00082818v	叫
bn:00082818v	要求
bn:00082818v	请
bn:00082818v	请求
bn:00082818v	邀请
bn:00082818v	问
bn:00082818v	问道
bn:00082819v	问
bn:00082819v	问道
bn:00082820v	期待
bn:00082820v	期望
bn:00082820v	要求
bn:00082820v	请求
bn:00082820v	需要
bn:00082820v	预期
bn:00082822v	所需
bn:00082822v	拍摄
bn:00082822v	涉及
bn:00082822v	要求
bn:00082822v	需
bn:00082822v	需要
bn:00082824v	招致
bn:00082824v	邀请
bn:00082826v	邀请
bn:00082828v	邀请
bn:00082829v	玷污
bn:00082831v	窒息
bn:00082837v	攻击
bn:00082837v	袭击
bn:00082837v	进攻
bn:00082838v	攻击
bn:00082838v	袭击
bn:00082839v	攻击
bn:00082842v	强奸
bn:00082844v	寻求
bn:00082844v	尝试
bn:00082844v	试
bn:00082844v	试图
bn:00082844v	请求
bn:00082845v	建立
bn:00082845v	拼凑
bn:00082845v	收集
bn:00082845v	组合
bn:00082845v	组装
bn:00082845v	设立
bn:00082845v	设置
bn:00082845v	集结
bn:00082846v	会
bn:00082846v	会晤
bn:00082846v	会面
bn:00082846v	开会
bn:00082846v	聚集
bn:00082846v	见面
bn:00082846v	集合
bn:00082847v	聚集
bn:00082848v	主张
bn:00082848v	坚持
bn:00082848v	声称
bn:00082848v	宣称
bn:00082848v	断言
bn:00082850v	坚持
bn:00082857v	分配
bn:00082857v	指定
bn:00082857v	指派
bn:00082857v	赋予
bn:00082858v	分配
bn:00082859v	放
bn:00082859v	赋予
bn:00082862v	同化
bn:00082863v	吸收
bn:00082866v	协助
bn:00082867v	服务
bn:00082868v	相关
bn:00082868v	相连
bn:00082868v	结合
bn:00082868v	联系
bn:00082868v	连接
bn:00082871v	分开
bn:00082871v	分离
bn:00082871v	归类
bn:00082871v	整理
bn:00082872v	以为
bn:00082872v	假定
bn:00082872v	假设
bn:00082873v	摆出
bn:00082873v	采取
bn:00082876v	戴上
bn:00082876v	穿
bn:00082876v	穿上
bn:00082877v	保证
bn:00082877v	确保
bn:00082878v	保证
bn:00082878v	告诉
bn:00082878v	确信
bn:00082879v	保证
bn:00082879v	确信
bn:00082880v	保证
bn:00082881v	保证
bn:00082881v	承诺
bn:00082881v	答应
bn:00082891v	忏悔
bn:00082891v	悔改
bn:00082893v	装
bn:00082893v	连接
bn:00082893v	附上
bn:00082893v	附加
bn:00082893v	附着
bn:00082894v	贴上
bn:00082894v	连接
bn:00082896v	结合
bn:00082897v	没收
bn:00082897v	缴获
bn:00082901v	到
bn:00082901v	到达
bn:00082901v	达
bn:00082901v	达到
bn:00082902v	发现
bn:00082903v	侮辱
bn:00082903v	羞辱
bn:00082906v	从事
bn:00082906v	企图
bn:00082906v	尝试
bn:00082906v	承担
bn:00082906v	着手
bn:00082906v	试图
bn:00082907v	上
bn:00082907v	出席
bn:00082907v	去
bn:00082907v	参加
bn:00082910v	处理
bn:00082913v	表现
bn:00082913v	证明
bn:00082914v	证明
bn:00082915v	作证
bn:00082915v	证明
bn:00082917v	打扮
bn:00082920v	吸引
bn:00082920v	牵
bn:00082924v	审核
bn:00082926v	试镜
bn:00082927v	增加
bn:00082929v	预测
bn:00082929v	预示
bn:00082937v	授权
bn:00082938v	批准
bn:00082938v	授权
bn:00082950v	反击
bn:00082954v	避免
bn:00082954v	阻止
bn:00082955v	移开
bn:00082957v	飞行
bn:00082958v	躲避
bn:00082958v	避免
bn:00082958v	避开
bn:00082959v	避免
bn:00082959v	避开
bn:00082960v	避免
bn:00082963v	期待
bn:00082963v	期望
bn:00082963v	等
bn:00082963v	等候
bn:00082963v	等待
bn:00082963v	预期
bn:00082965v	授予
bn:00082966v	判给
bn:00082966v	授予
bn:00082976v	唱
bn:00082976v	谈话
bn:00082977v	纵容
bn:00082981v	支持
bn:00082982v	后退
bn:00082983v	支持
bn:00082984v	后退
bn:00082985v	支持
bn:00082989v	支持
bn:00082992v	后退
bn:00082995v	支持
bn:00082997v	堵住
bn:00082997v	阻碍
bn:00083018v	折返
bn:00083021v	挑逗
bn:00083021v	纠缠
bn:00083024v	挫败
bn:00083038v	嘲笑
bn:00083038v	逗
bn:00083041v	烘
bn:00083041v	烘烤
bn:00083041v	烤
bn:00083042v	烤
bn:00083045v	平衡
bn:00083046v	平衡
bn:00083047v	平衡
bn:00083051v	犹豫
bn:00083054v	震惊
bn:00083055v	搞砸
bn:00083055v	破坏
bn:00083061v	摆布
bn:00083063v	禁止
bn:00083064v	禁止
bn:00083065v	驱逐
bn:00083066v	排斥
bn:00083066v	流放
bn:00083066v	驱逐
bn:00083077v	猛击
bn:00083086v	禁止
bn:00083087v	消除
bn:00083093v	存放
bn:00083095v	依赖
bn:00083095v	依靠
bn:00083095v	信任
bn:00083095v	相信
bn:00083099v	享受
bn:00083100v	开玩笑
bn:00083101v	受洗
bn:00083101v	施洗
bn:00083102v	妨碍
bn:00083102v	排除
bn:00083102v	禁止
bn:00083103v	阻挡
bn:00083104v	禁止
bn:00083115v	作呕
bn:00083115v	吐
bn:00083115v	呕吐
bn:00083119v	闯入
bn:00083132v	激励
bn:00083133v	嘲笑
bn:00083141v	建立
bn:00083145v	享受
bn:00083145v	享有
bn:00083145v	喜欢
bn:00083145v	欣赏
bn:00083150v	打
bn:00083154v	击球
bn:00083166v	沐浴
bn:00083166v	洗澡
bn:00083171v	冲击
bn:00083174v	叫卖
bn:00083177v	指责
bn:00083177v	斥责
bn:00083177v	谴责
bn:00083177v	责备
bn:00083178v	吠
bn:00083181v	为
bn:00083181v	做
bn:00083181v	呈
bn:00083181v	在
bn:00083181v	存在
bn:00083181v	属
bn:00083181v	是
bn:00083181v	表示
bn:00083182v	为
bn:00083182v	做
bn:00083182v	在
bn:00083182v	存在
bn:00083182v	是
bn:00083182v	表示
bn:00083183v	为
bn:00083183v	做
bn:00083183v	在
bn:00083183v	存在
bn:00083183v	当
bn:00083183v	是
bn:00083183v	表示
bn:00083184v	为
bn:00083184v	在
bn:00083184v	存在
bn:00083184v	是
bn:00083184v	表示
bn:00083185v	为
bn:00083185v	做
bn:00083185v	呈
bn:00083185v	在
bn:00083185v	存在
bn:00083185v	是
bn:00083185v	表示
bn:00083186v	为
bn:00083186v	是
bn:00083186v	等于
bn:00083186v	表示
bn:00083187v	为
bn:00083187v	代表
bn:00083187v	做
bn:00083187v	是
bn:00083187v	构成
bn:00083187v	组成
bn:00083187v	表示
bn:00083188v	为
bn:00083188v	做
bn:00083188v	当
bn:00083188v	是
bn:00083189v	体现
bn:00083189v	包含
bn:00083189v	是
bn:00083191v	活
bn:00083191v	生活
bn:00083193v	耗资
bn:00083193v	花费
bn:00083194v	动
bn:00083194v	移动
bn:00083195v	漂浮
bn:00083195v	飘动
bn:00083196v	打算
bn:00083196v	策划
bn:00083196v	计划
bn:00083196v	追赶
bn:00083197v	误解
bn:00083199v	下
bn:00083199v	出生
bn:00083199v	生
bn:00083199v	诞生
bn:00083202v	趋向
bn:00083216v	亮
bn:00083216v	照耀
bn:00083222v	产下
bn:00083222v	产仔
bn:00083222v	有
bn:00083223v	带
bn:00083225v	保持
bn:00083225v	包含
bn:00083225v	含
bn:00083225v	含有
bn:00083225v	容纳
bn:00083225v	携带
bn:00083226v	产生
bn:00083226v	支付
bn:00083227v	佩戴
bn:00083227v	带
bn:00083227v	戴
bn:00083227v	穿
bn:00083227v	穿着
bn:00083228v	持有
bn:00083229v	保持
bn:00083229v	带
bn:00083231v	拿走
bn:00083234v	冲锋
bn:00083239v	记住
bn:00083240v	关心
bn:00083240v	关注
bn:00083240v	参考
bn:00083240v	接触
bn:00083240v	提到
bn:00083240v	有关
bn:00083240v	涉及
bn:00083242v	保存
bn:00083242v	保护
bn:00083242v	保持
bn:00083242v	保留
bn:00083242v	坚持
bn:00083242v	延续
bn:00083242v	延长
bn:00083242v	持续
bn:00083242v	支持
bn:00083242v	继续
bn:00083242v	维护
bn:00083242v	维持
bn:00083243v	支持
bn:00083243v	证明
bn:00083245v	显示
bn:00083245v	示
bn:00083245v	表明
bn:00083245v	表现
bn:00083245v	证明
bn:00083247v	击败
bn:00083247v	打败
bn:00083247v	赢
bn:00083248v	打
bn:00083249v	击打
bn:00083249v	打
bn:00083249v	拍
bn:00083250v	拍打
bn:00083252v	打
bn:00083256v	击败
bn:00083268v	疲惫
bn:00083268v	耗尽
bn:00083272v	排斥
bn:00083281v	美化
bn:00083284v	平静
bn:00083284v	稳住
bn:00083286v	发生
bn:00083289v	召唤
bn:00083289v	招手
bn:00083289v	挥
bn:00083289v	挥手
bn:00083289v	示意
bn:00083290v	召唤
bn:00083292v	遮蔽
bn:00083293v	使
bn:00083293v	使得
bn:00083293v	到达
bn:00083293v	变
bn:00083293v	变为
bn:00083293v	变得
bn:00083293v	变成
bn:00083293v	得
bn:00083293v	得到
bn:00083293v	成
bn:00083293v	成为
bn:00083293v	结束
bn:00083293v	达到
bn:00083294v	为
bn:00083294v	变为
bn:00083294v	变得
bn:00083294v	变成
bn:00083294v	成
bn:00083294v	成为
bn:00083295v	变得
bn:00083295v	变成
bn:00083295v	成为
bn:00083301v	上床
bn:00083301v	入睡
bn:00083301v	睡觉
bn:00083306v	眼花缭乱
bn:00083309v	困惑
bn:00083309v	混淆
bn:00083312v	掩盖
bn:00083312v	遮蔽
bn:00083317v	加固
bn:00083317v	加强
bn:00083317v	增强
bn:00083317v	巩固
bn:00083317v	强化
bn:00083324v	逃跑
bn:00083325v	适应
bn:00083326v	愚弄
bn:00083326v	欺骗
bn:00083326v	糊弄
bn:00083327v	欺骗
bn:00083331v	乞求
bn:00083331v	恳求
bn:00083332v	乞求
bn:00083332v	征求
bn:00083332v	请求
bn:00083333v	乞讨
bn:00083333v	恳求
bn:00083340v	出发
bn:00083340v	发起
bn:00083340v	始于
bn:00083340v	开始
bn:00083340v	着手
bn:00083341v	出发
bn:00083341v	启动
bn:00083341v	始于
bn:00083341v	开始
bn:00083342v	出现
bn:00083342v	发动
bn:00083342v	启动
bn:00083342v	开始
bn:00083343v	开始
bn:00083355v	斩杀
bn:00083356v	看
bn:00083356v	看到
bn:00083365v	喷出
bn:00083366v	包围
bn:00083367v	反驳
bn:00083368v	歪曲
bn:00083369v	信
bn:00083369v	相信
bn:00083369v	置信
bn:00083369v	认为
bn:00083370v	以为
bn:00083370v	信
bn:00083370v	想
bn:00083370v	相信
bn:00083370v	认为
bn:00083371v	信任
bn:00083371v	相信
bn:00083371v	认为
bn:00083372v	信
bn:00083372v	相信
bn:00083374v	信仰
bn:00083386v	属于
bn:00083387v	属于
bn:00083388v	属于
bn:00083389v	属于
bn:00083391v	属于
bn:00083395v	赶赴
bn:00083395v	飞驰
bn:00083396v	下
bn:00083397v	哀叹
bn:00083398v	嘲弄
bn:00083398v	嘲笑
bn:00083402v	弯曲
bn:00083404v	弯曲
bn:00083404v	扭曲
bn:00083405v	弯
bn:00083405v	弯曲
bn:00083405v	弯腰
bn:00083405v	蹲
bn:00083406v	弯曲
bn:00083413v	受益
bn:00083413v	受益匪浅
bn:00083413v	得到
bn:00083413v	获得
bn:00083414v	受益
bn:00083414v	有益于
bn:00083414v	造福
bn:00083426v	困扰
bn:00083431v	玷污
bn:00083436v	指示
bn:00083436v	显示
bn:00083436v	标志
bn:00083436v	表明
bn:00083436v	表示
bn:00083437v	要求
bn:00083437v	请求
bn:00083445v	授予
bn:00083448v	上马
bn:00083448v	登上
bn:00083449v	打赌
bn:00083455v	暴露
bn:00083455v	背叛
bn:00083456v	背叛
bn:00083457v	失效
bn:00083457v	背叛
bn:00083458v	徘徊
bn:00083458v	背叛
bn:00083459v	告发
bn:00083460v	欺骗
bn:00083461v	打破
bn:00083461v	改善
bn:00083463v	小心
bn:00083472v	提供
bn:00083473v	祝
bn:00083476v	邀请
bn:00083485v	避开
bn:00083494v	包扎
bn:00083494v	结合
bn:00083495v	停泊
bn:00083495v	绑住
bn:00083498v	系
bn:00083498v	绑
bn:00083498v	结合
bn:00083515v	咬
bn:00083515v	咬伤
bn:00083516v	烧
bn:00083516v	烧伤
bn:00083519v	咬掉
bn:00083524v	扎营
bn:00083524v	露营
bn:00083526v	变黑
bn:00083527v	经营
bn:00083533v	否决
bn:00083536v	嘲笑
bn:00083536v	笑
bn:00083545v	归咎于
bn:00083545v	责怪
bn:00083546v	怪
bn:00083546v	怪罪
bn:00083546v	责怪
bn:00083547v	归咎于
bn:00083547v	指责
bn:00083547v	责怪
bn:00083548v	苍白
bn:00083550v	奉承
bn:00083552v	忘
bn:00083552v	忘记
bn:00083552v	遗忘
bn:00083554v	覆盖
bn:00083557v	吹
bn:00083557v	爆炸
bn:00083560v	发誓
bn:00083560v	咒骂
bn:00083560v	诅咒
bn:00083562v	猛击
bn:00083562v	砸
bn:00083563v	炸
bn:00083567v	射击
bn:00083581v	喊
bn:00083586v	出血
bn:00083586v	流血
bn:00083587v	流血
bn:00083595v	混合
bn:00083596v	调和
bn:00083597v	混合
bn:00083597v	融合
bn:00083599v	保佑
bn:00083599v	祝福
bn:00083599v	赐福
bn:00083600v	祝福
bn:00083603v	困扰
bn:00083604v	蒙蔽
bn:00083605v	蒙蔽
bn:00083610v	眨
bn:00083610v	眨眼
bn:00083611v	眨眼
bn:00083612v	闪
bn:00083612v	闪烁
bn:00083622v	阻挠
bn:00083622v	阻止
bn:00083622v	阻碍
bn:00083623v	停止
bn:00083623v	制止
bn:00083623v	阻止
bn:00083624v	干扰
bn:00083624v	阻碍
bn:00083630v	挡住
bn:00083630v	阻挡
bn:00083646v	开放
bn:00083646v	开花
bn:00083646v	盛开
bn:00083647v	展开
bn:00083647v	绽放
bn:00083649v	抹去
bn:00083652v	擤
bn:00083653v	吹
bn:00083654v	擤
bn:00083656v	吹
bn:00083657v	浪费
bn:00083668v	吹嘘
bn:00083668v	夸耀
bn:00083668v	自夸
bn:00083678v	引爆
bn:00083678v	炸毁
bn:00083678v	爆炸
bn:00083679v	放大
bn:00083681v	充气
bn:00083694v	脱口而出
bn:00083699v	模糊
bn:00083701v	掩盖
bn:00083701v	模糊
bn:00083704v	脸红
bn:00083713v	有
bn:00083723v	象征
bn:00083725v	体现
bn:00083725v	包含
bn:00083736v	烧
bn:00083737v	沸腾
bn:00083737v	煮沸
bn:00083738v	煮
bn:00083738v	煮开
bn:00083741v	简化
bn:00083747v	支持
bn:00083750v	逃走
bn:00083756v	轰炸
bn:00083771v	嘘
bn:00083773v	预订
bn:00083774v	预订
bn:00083775v	预订
bn:00083781v	扩展
bn:00083781v	繁荣
bn:00083781v	茁壮
bn:00083784v	增加
bn:00083784v	提高
bn:00083785v	提高
bn:00083790v	驱逐
bn:00083791v	喷出
bn:00083796v	喝
bn:00083796v	喝酒
bn:00083797v	包围
bn:00083797v	环绕
bn:00083801v	厌烦
bn:00083801v	无聊
bn:00083802v	钻
bn:00083802v	钻孔
bn:00083803v	借
bn:00083803v	借入
bn:00083803v	借来
bn:00083803v	借款
bn:00083803v	借用
bn:00083805v	抱
bn:00083805v	抱住
bn:00083805v	拥抱
bn:00083808v	费心
bn:00083808v	麻烦
bn:00083809v	打扰
bn:00083809v	熄灭
bn:00083815v	抑制
bn:00083821v	了解
bn:00083824v	反弹
bn:00083824v	弹跳
bn:00083825v	反弹
bn:00083825v	弹跳
bn:00083828v	跳
bn:00083831v	克服
bn:00083831v	反弹
bn:00083833v	跳
bn:00083833v	跳跃
bn:00083834v	压制
bn:00083834v	扼杀
bn:00083834v	限制
bn:00083836v	发芽
bn:00083836v	长出
bn:00083838v	鞠躬
bn:00083839v	鞠躬
bn:00083848v	打翻
bn:00083848v	撞倒
bn:00083848v	翻转
bn:00083848v	翻过
bn:00083849v	打包
bn:00083853v	抵制
bn:00083856v	支撑
bn:00083857v	准备
bn:00083864v	编织
bn:00083882v	指责
bn:00083885v	挥舞
bn:00083886v	挥舞
bn:00083889v	勇敢
bn:00083889v	忍受
bn:00083897v	打破
bn:00083897v	违反
bn:00083900v	打破
bn:00083900v	破坏
bn:00083901v	分离
bn:00083901v	破碎
bn:00083902v	打破
bn:00083902v	打碎
bn:00083903v	坏
bn:00083903v	弄坏
bn:00083903v	打破
bn:00083903v	打碎
bn:00083904v	打开
bn:00083904v	打破
bn:00083904v	破坏
bn:00083905v	摆脱
bn:00083905v	脱离
bn:00083907v	爆发
bn:00083908v	停
bn:00083908v	打破
bn:00083908v	断绝
bn:00083908v	阻止
bn:00083909v	闯入
bn:00083910v	打破
bn:00083911v	打破
bn:00083911v	违反
bn:00083911v	违背
bn:00083912v	发现
bn:00083912v	展示
bn:00083912v	揭示
bn:00083912v	揭露
bn:00083912v	泄露
bn:00083912v	透露
bn:00083914v	中断
bn:00083914v	休息
bn:00083928v	分开
bn:00083928v	分裂
bn:00083932v	倒塌
bn:00083942v	传开
bn:00083943v	停顿
bn:00083950v	破裂
bn:00083956v	拆卸
bn:00083960v	分离
bn:00083960v	脱离
bn:00083960v	退出
bn:00083961v	奔跑
bn:00083961v	跑
bn:00083961v	跑掉
bn:00083961v	逃跑
bn:00083966v	崩溃
bn:00083968v	分解
bn:00083972v	训练
bn:00083977v	爆发
bn:00083978v	离开
bn:00083978v	脱身
bn:00083978v	逃离
bn:00083978v	逃脱
bn:00083978v	逃走
bn:00083978v	逃跑
bn:00083978v	逃逸
bn:00083978v	逃避
bn:00083983v	爆裂
bn:00083983v	破裂
bn:00083984v	喷发
bn:00083984v	爆发
bn:00083985v	摆脱
bn:00083985v	爆发
bn:00083990v	突破
bn:00083993v	消散
bn:00083993v	驱散
bn:00083994v	结束
bn:00083995v	中断
bn:00083995v	切断
bn:00083995v	打断
bn:00083995v	扰乱
bn:00083996v	溶解
bn:00083996v	融化
bn:00083998v	切断
bn:00083998v	割断
bn:00084004v	分散
bn:00084014v	面对
bn:00084018v	呼吸
bn:00084024v	休息
bn:00084026v	发出
bn:00084026v	散发
bn:00084028v	呼出
bn:00084031v	产生
bn:00084031v	培养
bn:00084034v	繁殖
bn:00084040v	贿赂
bn:00084053v	清澈
bn:00084056v	溢出
bn:00084058v	拿
bn:00084061v	取
bn:00084061v	吸引
bn:00084061v	得到
bn:00084061v	拿到
bn:00084061v	拿来
bn:00084062v	降落
bn:00084064v	建立
bn:00084069v	产生
bn:00084069v	创造
bn:00084071v	治好
bn:00084071v	治愈
bn:00084071v	治疗
bn:00084074v	低
bn:00084074v	低下
bn:00084074v	放下
bn:00084074v	降低
bn:00084075v	推翻
bn:00084075v	破坏
bn:00084076v	强加
bn:00084076v	推行
bn:00084076v	施加
bn:00084076v	降临
bn:00084077v	降落
bn:00084079v	减小
bn:00084079v	减少
bn:00084079v	削减
bn:00084079v	缩减
bn:00084079v	降低
bn:00084080v	产生
bn:00084080v	发生
bn:00084081v	产生
bn:00084082v	产出
bn:00084082v	产生
bn:00084082v	出
bn:00084082v	创作
bn:00084082v	创造
bn:00084082v	制造
bn:00084082v	发出
bn:00084086v	成功
bn:00084086v	接替
bn:00084088v	介绍
bn:00084088v	引入
bn:00084088v	引进
bn:00084088v	提出
bn:00084089v	获得
bn:00084089v	赚
bn:00084089v	赚得
bn:00084092v	处理
bn:00084092v	管理
bn:00084092v	驾驭
bn:00084093v	诱导
bn:00084094v	产生
bn:00084097v	发现
bn:00084097v	展示
bn:00084097v	揭示
bn:00084097v	揭露
bn:00084097v	显示
bn:00084097v	显露
bn:00084097v	暴露
bn:00084097v	流露
bn:00084097v	露出
bn:00084099v	出版
bn:00084099v	刊登
bn:00084099v	发出
bn:00084099v	发布
bn:00084099v	发行
bn:00084099v	发表
bn:00084102v	摆脱
bn:00084105v	拯救
bn:00084105v	挽救
bn:00084105v	救
bn:00084107v	加入
bn:00084107v	接合
bn:00084107v	结合
bn:00084107v	连接
bn:00084108v	养大
bn:00084108v	抚养
bn:00084110v	举
bn:00084110v	举起
bn:00084110v	升起
bn:00084110v	抬
bn:00084110v	掀起
bn:00084110v	提到
bn:00084110v	提升
bn:00084110v	提高
bn:00084110v	爬上
bn:00084119v	传播
bn:00084119v	分发
bn:00084119v	扩散
bn:00084119v	散布
bn:00084119v	流传
bn:00084121v	延伸
bn:00084121v	延长
bn:00084121v	扩大
bn:00084121v	扩展
bn:00084125v	绣
bn:00084137v	孵化
bn:00084138v	扫
bn:00084145v	吃草
bn:00084149v	伤害
bn:00084149v	伤心
bn:00084157v	席卷
bn:00084157v	扫
bn:00084157v	扫除
bn:00084160v	忽略
bn:00084160v	忽视
bn:00084160v	无视
bn:00084160v	驳回
bn:00084174v	冲锋
bn:00084176v	振作
bn:00084180v	弯曲
bn:00084181v	变形
bn:00084181v	弯曲
bn:00084182v	屈服
bn:00084184v	发芽
bn:00084185v	发芽
bn:00084194v	瞪大
bn:00084198v	修建
bn:00084198v	建
bn:00084198v	建成
bn:00084198v	建立
bn:00084198v	建设
bn:00084198v	建造
bn:00084198v	打造
bn:00084198v	搭建
bn:00084198v	构建
bn:00084199v	建立
bn:00084199v	建设
bn:00084199v	打造
bn:00084200v	建立
bn:00084211v	发展
bn:00084211v	开发
bn:00084212v	凸起
bn:00084223v	通报
bn:00084228v	蹒跚
bn:00084229v	结巴
bn:00084230v	碰
bn:00084231v	发现
bn:00084231v	得到
bn:00084231v	找
bn:00084231v	找到
bn:00084231v	认为
bn:00084231v	遇到
bn:00084232v	撞
bn:00084235v	撞上
bn:00084236v	谋杀
bn:00084240v	欺骗
bn:00084240v	骗
bn:00084241v	裹
bn:00084242v	装
bn:00084270v	烧
bn:00084270v	烧毁
bn:00084270v	焚烧
bn:00084270v	燃烧
bn:00084271v	烧
bn:00084271v	燃烧
bn:00084272v	烧
bn:00084272v	燃烧
bn:00084273v	烧毁
bn:00084273v	燃烧
bn:00084275v	烧毁
bn:00084275v	焚烧
bn:00084286v	挖洞
bn:00084287v	充满
bn:00084287v	爆发
bn:00084287v	爆炸
bn:00084287v	爆裂
bn:00084293v	开花
bn:00084297v	埋
bn:00084298v	埋
bn:00084298v	葬
bn:00084299v	埋
bn:00084299v	掩埋
bn:00084300v	吞噬
bn:00084300v	吞没
bn:00084300v	埋葬
bn:00084302v	忘
bn:00084302v	忘怀
bn:00084302v	忘掉
bn:00084302v	忘记
bn:00084302v	遗忘
bn:00084308v	修
bn:00084308v	修复
bn:00084308v	修理
bn:00084308v	修补
bn:00084308v	恢复
bn:00084308v	整理
bn:00084312v	亲
bn:00084312v	亲吻
bn:00084312v	吻
bn:00084312v	接吻
bn:00084313v	袭击
bn:00084314v	撕
bn:00084314v	撕掉
bn:00084314v	撕破
bn:00084314v	撕裂
bn:00084314v	破裂
bn:00084315v	破坏
bn:00084317v	占据
bn:00084318v	屠杀
bn:00084324v	调情
bn:00084327v	游说
bn:00084331v	买
bn:00084331v	获得
bn:00084331v	购买
bn:00084331v	购得
bn:00084335v	光顾
bn:00084335v	购物
bn:00084342v	买下
bn:00084342v	接管
bn:00084343v	丧生
bn:00084343v	凋谢
bn:00084343v	去世
bn:00084343v	奄奄一息
bn:00084343v	死
bn:00084343v	死亡
bn:00084343v	死去
bn:00084343v	消亡
bn:00084343v	消失
bn:00084343v	身亡
bn:00084349v	绕过
bn:00084352v	共谋
bn:00084352v	密谋
bn:00084367v	钙化
bn:00084373v	计算
bn:00084374v	估算
bn:00084374v	估计
bn:00084374v	考虑
bn:00084374v	计算
bn:00084374v	认为
bn:00084374v	预测
bn:00084375v	预测
bn:00084378v	校准
bn:00084385v	叫
bn:00084385v	叫作
bn:00084385v	名叫
bn:00084385v	命名
bn:00084385v	称呼
bn:00084386v	叫
bn:00084387v	叫
bn:00084387v	打电话
bn:00084387v	拨打
bn:00084387v	致电
bn:00084388v	叫
bn:00084388v	叫喊
bn:00084388v	叫道
bn:00084388v	召唤
bn:00084388v	呼唤
bn:00084388v	哭
bn:00084388v	喊
bn:00084388v	喊叫
bn:00084388v	喊道
bn:00084388v	大喊
bn:00084388v	尖叫
bn:00084388v	打电话
bn:00084388v	高喊
bn:00084389v	叫
bn:00084389v	召唤
bn:00084389v	召集
bn:00084389v	呼唤
bn:00084390v	打电话
bn:00084390v	拜访
bn:00084390v	探望
bn:00084390v	探访
bn:00084391v	召集
bn:00084393v	呼叫
bn:00084411v	指出
bn:00084412v	撤回
bn:00084413v	回忆
bn:00084413v	回想
bn:00084413v	想
bn:00084413v	想起
bn:00084413v	牢记
bn:00084413v	认为
bn:00084413v	记住
bn:00084413v	记得
bn:00084415v	召回
bn:00084416v	要求
bn:00084416v	邀请
bn:00084418v	唤起
bn:00084418v	引发
bn:00084418v	引起
bn:00084423v	质疑
bn:00084425v	取消
bn:00084433v	动员
bn:00084433v	集合
bn:00084438v	冷静
bn:00084438v	平静
bn:00084450v	可
bn:00084451v	解雇
bn:00084454v	弥补
bn:00084454v	抵消
bn:00084458v	抵消
bn:00084472v	封圣
bn:00084481v	吟唱
bn:00084481v	吟诵
bn:00084484v	调查
bn:00084494v	利用
bn:00084499v	投降
bn:00084508v	捕捉
bn:00084509v	抓
bn:00084509v	抓住
bn:00084511v	引起
bn:00084524v	介意
bn:00084524v	关心
bn:00084524v	在乎
bn:00084524v	在意
bn:00084525v	照料
bn:00084526v	可能
bn:00084526v	喜欢
bn:00084526v	希望
bn:00084526v	想
bn:00084526v	想要
bn:00084526v	愿意
bn:00084527v	关心
bn:00084527v	处理
bn:00084527v	应对
bn:00084527v	管理
bn:00084528v	在乎
bn:00084528v	担心
bn:00084530v	喜欢
bn:00084531v	珍惜
bn:00084531v	珍爱
bn:00084532v	对待
bn:00084532v	治疗
bn:00084533v	蹒跚
bn:00084536v	抚摸
bn:00084538v	困扰
bn:00084538v	烦恼
bn:00084554v	带
bn:00084554v	抬
bn:00084554v	抱
bn:00084554v	提
bn:00084554v	携带
bn:00084554v	载
bn:00084554v	运输
bn:00084554v	运送
bn:00084555v	带
bn:00084555v	携带
bn:00084556v	传导
bn:00084556v	传播
bn:00084556v	传递
bn:00084556v	带
bn:00084557v	传达
bn:00084557v	表示
bn:00084557v	表达
bn:00084564v	备有
bn:00084573v	劝说
bn:00084573v	动摇
bn:00084573v	摇摆
bn:00084573v	说服
bn:00084593v	举办
bn:00084593v	实施
bn:00084594v	开始
bn:00084594v	持续
bn:00084594v	继续
bn:00084594v	进行
bn:00084595v	实施
bn:00084595v	履行
bn:00084595v	执行
bn:00084595v	进行
bn:00084601v	拉
bn:00084601v	拖
bn:00084601v	拖动
bn:00084606v	刻
bn:00084606v	雕刻
bn:00084607v	雕刻
bn:00084608v	切碎
bn:00084611v	分开
bn:00084611v	分离
bn:00084611v	分裂
bn:00084611v	分配
bn:00084611v	分隔
bn:00084611v	划分
bn:00084611v	隔开
bn:00084618v	兑现
bn:00084624v	投射
bn:00084625v	投
bn:00084627v	投掷
bn:00084629v	徘徊
bn:00084629v	流浪
bn:00084629v	游荡
bn:00084629v	游走
bn:00084629v	漫步
bn:00084629v	漫游
bn:00084629v	闲逛
bn:00084631v	投射
bn:00084631v	摆脱
bn:00084631v	脱落
bn:00084632v	抽取
bn:00084633v	表达
bn:00084634v	丢弃
bn:00084634v	丢掉
bn:00084634v	处理
bn:00084634v	处置
bn:00084634v	扔掉
bn:00084635v	抑郁
bn:00084635v	沮丧
bn:00084638v	纠正
bn:00084646v	编目
bn:00084651v	抓
bn:00084651v	抓住
bn:00084651v	拿
bn:00084652v	捕捉
bn:00084653v	到达
bn:00084654v	抓
bn:00084654v	抓住
bn:00084654v	接住
bn:00084656v	赶上
bn:00084658v	赶上
bn:00084658v	追赶
bn:00084659v	抓住
bn:00084659v	捕捉
bn:00084662v	看
bn:00084662v	看到
bn:00084662v	见
bn:00084662v	观察
bn:00084662v	观看
bn:00084664v	抓住
bn:00084664v	绊倒
bn:00084665v	捕捉
bn:00084666v	感染
bn:00084676v	看看
bn:00084676v	瞥见
bn:00084679v	引发
bn:00084679v	爆发
bn:00084679v	着火
bn:00084681v	理解
bn:00084684v	睡
bn:00084684v	睡觉
bn:00084687v	弥补
bn:00084687v	赶上
bn:00084687v	跟上
bn:00084689v	盘问
bn:00084690v	归类
bn:00084692v	提供
bn:00084692v	迎合
bn:00084699v	产生
bn:00084699v	令
bn:00084699v	作出
bn:00084699v	使
bn:00084699v	使得
bn:00084699v	做
bn:00084699v	做出
bn:00084699v	制作
bn:00084699v	制造
bn:00084699v	引发
bn:00084699v	引起
bn:00084699v	形成
bn:00084699v	搞
bn:00084699v	进行
bn:00084699v	造成
bn:00084700v	令
bn:00084700v	使
bn:00084700v	具有
bn:00084700v	刺激
bn:00084700v	形成
bn:00084700v	有
bn:00084700v	激励
bn:00084700v	激发
bn:00084700v	诱使
bn:00084700v	诱导
bn:00084708v	嬉戏
bn:00084708v	跑来跑去
bn:00084710v	休息
bn:00084710v	停
bn:00084710v	停下
bn:00084710v	停工
bn:00084710v	停止
bn:00084710v	放弃
bn:00084710v	辞掉
bn:00084710v	辞职
bn:00084710v	退出
bn:00084710v	阻止
bn:00084711v	停止
bn:00084711v	告终
bn:00084711v	完成
bn:00084711v	终止
bn:00084711v	结束
bn:00084712v	承认
bn:00084712v	让
bn:00084712v	让步
bn:00084713v	放弃
bn:00084714v	举行
bn:00084714v	庆祝
bn:00084714v	遵守
bn:00084715v	庆祝
bn:00084716v	庆祝
bn:00084718v	巩固
bn:00084723v	谴责
bn:00084725v	围绕
bn:00084725v	集中
bn:00084726v	集中
bn:00084730v	集中
bn:00084733v	思考
bn:00084733v	想
bn:00084733v	考虑
bn:00084733v	认为
bn:00084737v	证明
bn:00084744v	挠
bn:00084746v	讨价还价
bn:00084747v	拜访
bn:00084747v	聊天
bn:00084755v	速写
bn:00084758v	争夺
bn:00084758v	争论
bn:00084758v	挑战
bn:00084759v	挑战
bn:00084761v	反对
bn:00084766v	维护
bn:00084767v	偶然
bn:00084769v	变
bn:00084769v	变化
bn:00084769v	改变
bn:00084769v	转换
bn:00084770v	切换
bn:00084770v	换
bn:00084771v	换
bn:00084772v	交换
bn:00084772v	换
bn:00084772v	改变
bn:00084772v	更换
bn:00084772v	转化
bn:00084772v	转换
bn:00084773v	交换
bn:00084773v	更换
bn:00084774v	换
bn:00084777v	反转
bn:00084777v	转向
bn:00084777v	逆转
bn:00084777v	颠倒
bn:00084784v	变化
bn:00084784v	改变
bn:00084784v	更换
bn:00084784v	转换
bn:00084784v	转移
bn:00084785v	改装
bn:00084785v	转变
bn:00084785v	转换
bn:00084787v	变成
bn:00084787v	翻转
bn:00084787v	转
bn:00084787v	转向
bn:00084787v	转身
bn:00084790v	传输
bn:00084792v	带领
bn:00084792v	引导
bn:00084792v	指
bn:00084792v	指向
bn:00084792v	指导
bn:00084792v	调动
bn:00084792v	驾驶
bn:00084795v	吟唱
bn:00084803v	指控
bn:00084803v	控
bn:00084804v	指控
bn:00084805v	充电
bn:00084813v	指
bn:00084813v	指向
bn:00084830v	租借
bn:00084831v	追
bn:00084831v	追求
bn:00084831v	追赶
bn:00084831v	追踪
bn:00084831v	追逐
bn:00084834v	打消
bn:00084834v	消除
bn:00084834v	赶走
bn:00084834v	驱散
bn:00084837v	驯服
bn:00084846v	作弊
bn:00084846v	骗
bn:00084848v	检查
bn:00084848v	调查
bn:00084849v	核对
bn:00084849v	检查
bn:00084850v	抑制
bn:00084850v	控制
bn:00084850v	检查
bn:00084850v	遏制
bn:00084850v	阻止
bn:00084850v	限制
bn:00084852v	勾选
bn:00084853v	遏制
bn:00084856v	训练
bn:00084868v	入住
bn:00084868v	报到
bn:00084878v	叽叽喳喳
bn:00084879v	鼓励
bn:00084880v	欢呼
bn:00084888v	咀嚼
bn:00084888v	咬
bn:00084888v	嚼
bn:00084889v	反映
bn:00084889v	思考
bn:00084889v	沉思
bn:00084889v	考虑
bn:00084892v	寒冷
bn:00084893v	冷却
bn:00084893v	凉爽
bn:00084893v	降温
bn:00084904v	有助于
bn:00084904v	给予
bn:00084904v	贡献
bn:00084918v	窒息
bn:00084919v	窒息
bn:00084931v	决定
bn:00084931v	取
bn:00084931v	取走
bn:00084931v	挑
bn:00084931v	挑选
bn:00084931v	推选
bn:00084931v	获得
bn:00084931v	选
bn:00084931v	选出
bn:00084931v	选定
bn:00084931v	选择
bn:00084931v	采取
bn:00084931v	需要
bn:00084932v	倾向于
bn:00084932v	决定
bn:00084932v	选择
bn:00084933v	愿意
bn:00084933v	选择
bn:00084935v	切碎
bn:00084939v	砍
bn:00084942v	剪掉
bn:00084942v	砍掉
bn:00084957v	拍
bn:00084957v	轻拍
bn:00084958v	放弃
bn:00084977v	盘旋
bn:00084978v	盘旋
bn:00084986v	传开
bn:00084986v	传播
bn:00084986v	流传
bn:00084986v	流通
bn:00084986v	蔓延
bn:00084987v	分发
bn:00084987v	循环
bn:00084998v	限制
bn:00084998v	限定
bn:00085002v	回避
bn:00085002v	对冲
bn:00085002v	绕过
bn:00085002v	规避
bn:00085002v	躲
bn:00085002v	避开
bn:00085005v	提
bn:00085005v	提到
bn:00085005v	提及
bn:00085005v	表彰
bn:00085006v	引用
bn:00085007v	引用
bn:00085007v	引述
bn:00085009v	传唤
bn:00085009v	召唤
bn:00085009v	召集
bn:00085012v	培训
bn:00085016v	主张
bn:00085016v	声称
bn:00085017v	声称
bn:00085017v	索赔
bn:00085018v	声称
bn:00085019v	采取
bn:00085021v	挣扎
bn:00085021v	攀爬
bn:00085021v	爬上
bn:00085021v	爬行
bn:00085025v	夹紧
bn:00085033v	鼓掌
bn:00085042v	澄清
bn:00085042v	阐明
bn:00085049v	扣紧
bn:00085049v	紧握
bn:00085059v	打扫
bn:00085059v	清洗
bn:00085059v	清理
bn:00085059v	清除
bn:00085060v	拔
bn:00085060v	清洗
bn:00085060v	清理
bn:00085060v	清除
bn:00085061v	打扫
bn:00085062v	清洁
bn:00085062v	清洗
bn:00085069v	清除
bn:00085072v	整理
bn:00085072v	清理
bn:00085077v	清
bn:00085077v	清晰
bn:00085077v	清除
bn:00085078v	清除
bn:00085079v	清除
bn:00085080v	通过
bn:00085084v	具体化
bn:00085084v	整理
bn:00085084v	照亮
bn:00085099v	离开
bn:00085103v	完成
bn:00085103v	通过
bn:00085106v	分裂
bn:00085106v	裂开
bn:00085109v	握紧
bn:00085120v	攀援
bn:00085120v	攀爬
bn:00085120v	攀登
bn:00085120v	爬
bn:00085120v	爬上
bn:00085120v	登上
bn:00085122v	上升
bn:00085122v	增加
bn:00085125v	上升
bn:00085125v	上涨
bn:00085125v	升高
bn:00085125v	增长
bn:00085127v	确定
bn:00085132v	坚持
bn:00085134v	固执
bn:00085134v	坚持
bn:00085139v	小跑
bn:00085162v	上门
bn:00085162v	关上
bn:00085162v	关门
bn:00085162v	关闭
bn:00085162v	结束
bn:00085162v	闭上
bn:00085163v	关上
bn:00085163v	关闭
bn:00085163v	封闭
bn:00085163v	结束
bn:00085163v	闭上
bn:00085164v	关
bn:00085164v	关闭
bn:00085165v	关闭
bn:00085165v	结束
bn:00085166v	关闭
bn:00085166v	结束
bn:00085180v	围住
bn:00085183v	排除
bn:00085188v	凝固
bn:00085207v	抓
bn:00085207v	抓住
bn:00085223v	培训
bn:00085243v	竖起
bn:00085244v	起伏
bn:00085252v	促成
bn:00085252v	强迫
bn:00085252v	施压
bn:00085252v	迫使
bn:00085252v	逼迫
bn:00085259v	摇晃
bn:00085261v	了解
bn:00085261v	已知
bn:00085261v	晓得
bn:00085261v	知
bn:00085261v	知晓
bn:00085261v	知道
bn:00085261v	表明
bn:00085261v	认识
bn:00085271v	一致
bn:00085278v	击倒
bn:00085279v	合作
bn:00085279v	联合
bn:00085279v	配合
bn:00085289v	会
bn:00085289v	收集
bn:00085289v	聚集
bn:00085293v	击中
bn:00085293v	命中
bn:00085293v	打
bn:00085293v	打中
bn:00085293v	撞击
bn:00085293v	碰到
bn:00085293v	遭遇
bn:00085299v	密谋
bn:00085312v	清除
bn:00085332v	发生
bn:00085333v	下来
bn:00085333v	源于
bn:00085334v	从事
bn:00085334v	做
bn:00085334v	生活
bn:00085334v	过
bn:00085337v	发生
bn:00085337v	存在
bn:00085337v	碰巧
bn:00085337v	继续
bn:00085337v	进行
bn:00085339v	会
bn:00085339v	偶遇
bn:00085339v	接触
bn:00085339v	相识
bn:00085339v	相遇
bn:00085339v	看
bn:00085339v	看到
bn:00085339v	见
bn:00085339v	见到
bn:00085339v	见面
bn:00085339v	认识
bn:00085339v	遇到
bn:00085339v	遇见
bn:00085342v	接下来
bn:00085343v	接替
bn:00085349v	召回
bn:00085349v	回忆
bn:00085349v	想起
bn:00085356v	下去
bn:00085356v	下来
bn:00085356v	下降
bn:00085356v	倒
bn:00085356v	倒下
bn:00085356v	落下
bn:00085356v	跌倒
bn:00085356v	降临
bn:00085360v	出现
bn:00085360v	发出
bn:00085363v	加入
bn:00085363v	走进
bn:00085363v	进入
bn:00085363v	进去
bn:00085372v	过去
bn:00085373v	出现
bn:00085373v	发现
bn:00085382v	存活
bn:00085382v	幸存
bn:00085382v	生存
bn:00085391v	升起
bn:00085391v	浮现
bn:00085393v	发现
bn:00085393v	找
bn:00085393v	找到
bn:00085393v	排队
bn:00085398v	安慰
bn:00085399v	减轻
bn:00085401v	要求
bn:00085401v	需
bn:00085401v	需要
bn:00085404v	掌控
bn:00085404v	控制
bn:00085404v	操控
bn:00085405v	劫持
bn:00085406v	标志
bn:00085409v	启动
bn:00085409v	开始
bn:00085413v	推荐
bn:00085415v	指出
bn:00085415v	注意
bn:00085427v	投入
bn:00085427v	献出
bn:00085427v	给予
bn:00085428v	委托
bn:00085428v	托付
bn:00085428v	相信
bn:00085429v	投入
bn:00085429v	投资
bn:00085435v	传递
bn:00085437v	传达
bn:00085437v	传递
bn:00085445v	调换
bn:00085448v	压缩
bn:00085449v	压迫
bn:00085449v	按
bn:00085449v	收缩
bn:00085452v	等同
bn:00085458v	同情
bn:00085459v	必须
bn:00085461v	抵消
bn:00085464v	纠正
bn:00085465v	付出
bn:00085465v	弥补
bn:00085465v	支付
bn:00085468v	争夺
bn:00085468v	竞争
bn:00085469v	创作
bn:00085469v	组成
bn:00085475v	完
bn:00085475v	完工
bn:00085475v	完成
bn:00085475v	完整
bn:00085475v	完毕
bn:00085475v	成
bn:00085475v	用完
bn:00085475v	结束
bn:00085476v	填写
bn:00085476v	完成
bn:00085476v	完整
bn:00085477v	填写
bn:00085477v	完成
bn:00085477v	履行
bn:00085478v	完成
bn:00085479v	填写
bn:00085483v	复杂
bn:00085483v	复杂化
bn:00085484v	复杂化
bn:00085485v	祝贺
bn:00085487v	组成
bn:00085488v	写
bn:00085488v	写作
bn:00085488v	创作
bn:00085489v	书写
bn:00085489v	写
bn:00085489v	写作
bn:00085489v	写信
bn:00085489v	写道
bn:00085489v	创作
bn:00085489v	撰写
bn:00085491v	制定
bn:00085493v	加剧
bn:00085496v	察觉
bn:00085496v	感知
bn:00085496v	视为
bn:00085496v	认为
bn:00085497v	包含
bn:00085497v	包括
bn:00085497v	涵盖
bn:00085497v	覆盖
bn:00085498v	包含
bn:00085498v	包括
bn:00085498v	组成
bn:00085499v	包含
bn:00085499v	包括
bn:00085499v	含
bn:00085499v	含有
bn:00085499v	容纳
bn:00085499v	纳入
bn:00085499v	组成
bn:00085500v	妥协
bn:00085501v	妥协
bn:00085506v	学习
bn:00085506v	学会
bn:00085506v	记住
bn:00085509v	埋藏
bn:00085509v	掩盖
bn:00085509v	掩饰
bn:00085509v	藏
bn:00085509v	藏身
bn:00085509v	躲
bn:00085509v	躲藏
bn:00085509v	躲避
bn:00085509v	隐瞒
bn:00085509v	隐藏
bn:00085511v	承认
bn:00085511v	自称
bn:00085512v	承认
bn:00085512v	授予
bn:00085514v	构思
bn:00085514v	构想
bn:00085514v	认为
bn:00085514v	设想
bn:00085515v	怀孕
bn:00085516v	想
bn:00085516v	想象
bn:00085516v	设想
bn:00085518v	浓缩
bn:00085518v	集中
bn:00085519v	凝聚
bn:00085519v	浓缩
bn:00085519v	集中
bn:00085520v	集中
bn:00085522v	关心
bn:00085522v	关注
bn:00085522v	占据
bn:00085522v	感兴趣
bn:00085522v	担心
bn:00085522v	有关
bn:00085527v	决定
bn:00085527v	和解
bn:00085527v	解决
bn:00085528v	总结
bn:00085528v	推理
bn:00085528v	断定
bn:00085529v	结束
bn:00085530v	解决
bn:00085535v	想
bn:00085535v	想出
bn:00085535v	想到
bn:00085535v	策划
bn:00085544v	谴责
bn:00085544v	责备
bn:00085545v	谴责
bn:00085547v	谴责
bn:00085548v	判
bn:00085548v	判处
bn:00085550v	凝结
bn:00085550v	浓缩
bn:00085556v	下降
bn:00085556v	屈尊
bn:00085560v	规定
bn:00085564v	宽恕
bn:00085565v	导致
bn:00085565v	有助于
bn:00085566v	举办
bn:00085566v	带
bn:00085566v	带领
bn:00085566v	引导
bn:00085566v	指导
bn:00085566v	指挥
bn:00085566v	管理
bn:00085567v	吸引
bn:00085567v	坐
bn:00085567v	导致
bn:00085567v	带
bn:00085567v	带领
bn:00085567v	引导
bn:00085567v	抓
bn:00085567v	指导
bn:00085567v	指示
bn:00085567v	领导
bn:00085570v	商谈
bn:00085574v	咨询
bn:00085574v	商量
bn:00085575v	承认
bn:00085579v	局限
bn:00085579v	限制
bn:00085582v	容纳
bn:00085583v	确认
bn:00085583v	证实
bn:00085584v	坚定
bn:00085585v	确认
bn:00085588v	冲突
bn:00085591v	满足
bn:00085591v	符合
bn:00085591v	适合
bn:00085591v	适应
bn:00085592v	符合
bn:00085593v	服从
bn:00085593v	遵循
bn:00085594v	混淆
bn:00085595v	面临
bn:00085595v	面对
bn:00085596v	直面
bn:00085596v	面临
bn:00085596v	面对
bn:00085597v	面临
bn:00085597v	面对
bn:00085601v	反驳
bn:00085604v	凝固
bn:00085604v	凝结
bn:00085608v	祝贺
bn:00085611v	聚集
bn:00085612v	假设
bn:00085612v	推测
bn:00085612v	猜测
bn:00085612v	让
bn:00085613v	结合
bn:00085614v	娶
bn:00085614v	结合
bn:00085614v	结婚
bn:00085615v	结合
bn:00085620v	晕倒
bn:00085623v	连接
bn:00085624v	连接
bn:00085625v	连接
bn:00085627v	连接
bn:00085634v	策划
bn:00085636v	意味着
bn:00085636v	暗示
bn:00085636v	隐含
bn:00085638v	克服
bn:00085638v	制服
bn:00085638v	压制
bn:00085638v	征服
bn:00085638v	战胜
bn:00085638v	抑制
bn:00085640v	征召
bn:00085641v	任命
bn:00085644v	保存
bn:00085644v	保护
bn:00085644v	保持
bn:00085644v	维护
bn:00085644v	维持
bn:00085645v	节省
bn:00085645v	节约
bn:00085647v	想
bn:00085647v	看
bn:00085647v	看到
bn:00085647v	看待
bn:00085647v	考虑
bn:00085647v	观看
bn:00085647v	视为
bn:00085647v	认为
bn:00085648v	思考
bn:00085648v	想
bn:00085648v	研究
bn:00085648v	考虑
bn:00085649v	取
bn:00085649v	处理
bn:00085649v	想
bn:00085649v	拿
bn:00085649v	看
bn:00085649v	考虑
bn:00085650v	权衡
bn:00085650v	考虑
bn:00085651v	考虑
bn:00085651v	辩论
bn:00085652v	看待
bn:00085652v	视为
bn:00085653v	查看
bn:00085653v	看
bn:00085653v	见
bn:00085653v	观看
bn:00085657v	组成
bn:00085660v	巩固
bn:00085667v	点缀
bn:00085670v	制造
bn:00085670v	形成
bn:00085670v	构成
bn:00085671v	创办
bn:00085671v	创建
bn:00085671v	制定
bn:00085671v	建立
bn:00085671v	开始
bn:00085671v	成立
bn:00085671v	确立
bn:00085675v	限制
bn:00085676v	收紧
bn:00085677v	变窄
bn:00085678v	制造
bn:00085678v	构建
bn:00085679v	构建
bn:00085682v	重建
bn:00085683v	解读
bn:00085683v	解释
bn:00085686v	参考
bn:00085686v	提到
bn:00085686v	查
bn:00085686v	查找
bn:00085686v	查阅
bn:00085688v	消耗
bn:00085688v	消费
bn:00085689v	吃
bn:00085689v	摄入
bn:00085689v	有
bn:00085689v	消耗
bn:00085689v	采取
bn:00085692v	耗尽
bn:00085694v	完成
bn:00085695v	完成
bn:00085696v	传到
bn:00085696v	到
bn:00085696v	到达
bn:00085696v	接触
bn:00085696v	联系
bn:00085696v	达到
bn:00085698v	容纳
bn:00085700v	玷污
bn:00085702v	蔑视
bn:00085702v	鄙视
bn:00085703v	细想
bn:00085705v	学习
bn:00085708v	假设
bn:00085710v	处理
bn:00085711v	争斗
bn:00085711v	作战
bn:00085711v	奋斗
bn:00085711v	对抗
bn:00085711v	战
bn:00085711v	战斗
bn:00085711v	打
bn:00085711v	打架
bn:00085712v	满足
bn:00085713v	满足
bn:00085714v	下去
bn:00085714v	保持
bn:00085714v	发生
bn:00085714v	延续
bn:00085714v	持续
bn:00085714v	继续
bn:00085714v	维持
bn:00085715v	前进
bn:00085715v	继续
bn:00085715v	进行
bn:00085716v	保留
bn:00085716v	留
bn:00085716v	继续
bn:00085717v	继续
bn:00085719v	停留
bn:00085719v	剩
bn:00085719v	剩下
bn:00085719v	坚持
bn:00085719v	待
bn:00085719v	留
bn:00085719v	留下
bn:00085719v	继续
bn:00085719v	逗留
bn:00085720v	延伸
bn:00085720v	延续
bn:00085720v	扩展
bn:00085720v	覆盖
bn:00085725v	承包
bn:00085725v	承担
bn:00085726v	承包
bn:00085727v	得
bn:00085728v	收缩
bn:00085742v	策划
bn:00085742v	规划
bn:00085742v	计划
bn:00085742v	设计
bn:00085743v	创造
bn:00085743v	发明
bn:00085743v	设计
bn:00085743v	锻造
bn:00085744v	控制
bn:00085744v	操作
bn:00085744v	运行
bn:00085744v	运转
bn:00085745v	控制
bn:00085746v	验证
bn:00085749v	反驳
bn:00085750v	康复
bn:00085750v	恢复
bn:00085752v	召开
bn:00085756v	会
bn:00085756v	见面
bn:00085760v	交谈
bn:00085761v	转化
bn:00085761v	转变
bn:00085762v	改变
bn:00085762v	皈依
bn:00085763v	皈依
bn:00085767v	确信
bn:00085767v	说服
bn:00085769v	传达
bn:00085769v	表达
bn:00085771v	定罪
bn:00085783v	做饭
bn:00085783v	烹饪
bn:00085784v	做饭
bn:00085784v	准备
bn:00085784v	制备
bn:00085784v	煮
bn:00085785v	做饭
bn:00085785v	烹饪
bn:00085788v	发明
bn:00085788v	编
bn:00085794v	协调
bn:00085794v	组织
bn:00085795v	协调
bn:00085796v	协调
bn:00085799v	合适
bn:00085799v	满足
bn:00085804v	抄写
bn:00085805v	复制
bn:00085805v	模仿
bn:00085805v	模拟
bn:00085823v	垄断
bn:00085827v	加冕
bn:00085831v	改正
bn:00085831v	矫正
bn:00085831v	纠正
bn:00085837v	对应
bn:00085837v	等于
bn:00085838v	对应
bn:00085838v	相应
bn:00085838v	通信
bn:00085839v	代表
bn:00085839v	体现
bn:00085839v	表现
bn:00085839v	表示
bn:00085840v	支持
bn:00085842v	生锈
bn:00085844v	堕落
bn:00085844v	腐蚀
bn:00085847v	闪烁
bn:00085848v	闪耀
bn:00085851v	损失
bn:00085851v	花费
bn:00085856v	咳嗽
bn:00085859v	数
bn:00085859v	数数
bn:00085859v	统计
bn:00085859v	计算
bn:00085860v	算数
bn:00085860v	视为
bn:00085860v	重要
bn:00085871v	对抗
bn:00085872v	对抗
bn:00085873v	削弱
bn:00085874v	反击
bn:00085875v	对抗
bn:00085880v	伪造
bn:00085889v	抵消
bn:00085890v	匹配
bn:00085890v	结合
bn:00085890v	配对
bn:00085891v	结合
bn:00085891v	耦合
bn:00085892v	结合
bn:00085892v	配对
bn:00085894v	流出
bn:00085894v	流动
bn:00085894v	流淌
bn:00085896v	追求
bn:00085903v	捂住
bn:00085903v	掩盖
bn:00085903v	盖上
bn:00085903v	覆盖
bn:00085903v	遮住
bn:00085904v	盖
bn:00085904v	覆盖
bn:00085904v	遮住
bn:00085905v	包括
bn:00085905v	掩盖
bn:00085905v	涵盖
bn:00085905v	覆盖
bn:00085906v	横切
bn:00085906v	横穿
bn:00085906v	涵盖
bn:00085906v	穿越
bn:00085906v	穿过
bn:00085906v	覆盖
bn:00085906v	越过
bn:00085906v	过
bn:00085907v	反映
bn:00085908v	掩护
bn:00085909v	掩护
bn:00085910v	掩饰
bn:00085911v	覆盖
bn:00085913v	确保
bn:00085913v	覆盖
bn:00085918v	笼罩
bn:00085919v	覆盖
bn:00085924v	贪图
bn:00085926v	蜷缩
bn:00085927v	卑躬屈膝
bn:00085931v	欺骗
bn:00085961v	妨碍
bn:00085961v	阻碍
bn:00085977v	撞
bn:00085989v	渴望
bn:00085991v	爬
bn:00085991v	爬行
bn:00085991v	蠕动
bn:00085998v	嘎吱
bn:00085998v	尖叫
bn:00086008v	产生
bn:00086008v	作出
bn:00086008v	使
bn:00086008v	使得
bn:00086008v	做
bn:00086008v	做出
bn:00086008v	创作
bn:00086008v	创建
bn:00086008v	创造
bn:00086008v	制作
bn:00086008v	制造
bn:00086008v	塑造
bn:00086008v	建立
bn:00086008v	引起
bn:00086008v	形成
bn:00086008v	打造
bn:00086008v	构成
bn:00086008v	进行
bn:00086008v	造
bn:00086009v	创作
bn:00086009v	创建
bn:00086009v	创立
bn:00086009v	创造
bn:00086009v	塑造
bn:00086009v	建造
bn:00086010v	创作
bn:00086010v	创造
bn:00086012v	制作
bn:00086012v	开始
bn:00086013v	产生
bn:00086013v	使
bn:00086013v	使得
bn:00086013v	做出
bn:00086013v	出
bn:00086013v	创作
bn:00086013v	创造
bn:00086013v	制作
bn:00086013v	制造
bn:00086013v	生产
bn:00086017v	归功于
bn:00086019v	相信
bn:00086020v	爬
bn:00086021v	蔓延
bn:00086024v	火化
bn:00086036v	取缔
bn:00086039v	畏惧
bn:00086042v	烤
bn:00086046v	批评
bn:00086050v	抱怨
bn:00086057v	哼唱
bn:00086065v	相交
bn:00086065v	穿过
bn:00086066v	交叉
bn:00086067v	掠过
bn:00086067v	生成
bn:00086067v	穿过
bn:00086067v	跨越
bn:00086075v	登记
bn:00086081v	划掉
bn:00086086v	蹲
bn:00086086v	蹲伏
bn:00086086v	蹲坐
bn:00086087v	沾沾自喜
bn:00086090v	拥挤
bn:00086090v	挤满
bn:00086090v	挤进
bn:00086091v	挤满
bn:00086092v	拥挤
bn:00086100v	巡游
bn:00086108v	腐烂
bn:00086114v	压制
bn:00086114v	压抑
bn:00086115v	压制
bn:00086115v	挤压
bn:00086115v	榨取
bn:00086116v	压碎
bn:00086122v	哭
bn:00086122v	哭泣
bn:00086122v	流泪
bn:00086127v	结晶
bn:00086129v	具体化
bn:00086134v	依偎
bn:00086134v	偎依
bn:00086137v	提醒
bn:00086141v	摘
bn:00086147v	培养
bn:00086147v	建立
bn:00086154v	缩减
bn:00086154v	限制
bn:00086157v	熏制
bn:00086160v	卷曲
bn:00086161v	蜷缩
bn:00086162v	卷曲
bn:00086168v	咒骂
bn:00086168v	诅咒
bn:00086173v	改变
bn:00086173v	转向
bn:00086173v	避开
bn:00086176v	定制
bn:00086178v	切
bn:00086178v	切下
bn:00086178v	切割
bn:00086178v	切断
bn:00086178v	剪断
bn:00086178v	剪辑
bn:00086178v	割
bn:00086178v	割伤
bn:00086178v	砍
bn:00086179v	切入
bn:00086179v	切割
bn:00086184v	发行
bn:00086184v	开出
bn:00086201v	关掉
bn:00086205v	冷落
bn:00086205v	忽略
bn:00086205v	忽视
bn:00086205v	无视
bn:00086210v	切断
bn:00086210v	剪掉
bn:00086210v	隔绝
bn:00086211v	削弱
bn:00086211v	稀释
bn:00086220v	砍伤
bn:00086221v	打倒
bn:00086221v	撞倒
bn:00086224v	击倒
bn:00086224v	打倒
bn:00086229v	挖
bn:00086229v	挖掘
bn:00086231v	停止
bn:00086235v	打断
bn:00086239v	肢解
bn:00086249v	拍
bn:00086249v	拍打
bn:00086261v	伤害
bn:00086261v	损坏
bn:00086261v	损害
bn:00086261v	破坏
bn:00086271v	跳舞
bn:00086271v	跳跃
bn:00086272v	跳舞
bn:00086277v	悬垂
bn:00086279v	敢
bn:00086279v	敢于
bn:00086279v	胆敢
bn:00086280v	敢
bn:00086280v	敢于
bn:00086281v	挑战
bn:00086282v	变暗
bn:00086286v	拍
bn:00086287v	射出
bn:00086287v	溜走
bn:00086287v	飞奔
bn:00086289v	砸
bn:00086291v	吓
bn:00086291v	吓跑
bn:00086295v	约会
bn:00086298v	见
bn:00086301v	始于
bn:00086301v	追溯
bn:00086306v	落后
bn:00086309v	做梦
bn:00086309v	梦想
bn:00086332v	处理
bn:00086333v	处理
bn:00086333v	销售
bn:00086334v	处理
bn:00086335v	发牌
bn:00086335v	处理
bn:00086339v	暂停
bn:00086342v	辩论
bn:00086357v	倒
bn:00086357v	倒出
bn:00086362v	腐烂
bn:00086362v	衰减
bn:00086364v	减慢
bn:00086364v	减缓
bn:00086364v	减速
bn:00086364v	放慢
bn:00086366v	分散
bn:00086370v	决定
bn:00086370v	判断
bn:00086370v	确定
bn:00086370v	认定
bn:00086371v	决定
bn:00086371v	确定
bn:00086378v	慷慨陈词
bn:00086378v	背诵
bn:00086380v	宣告
bn:00086380v	宣布
bn:00086381v	声明
bn:00086381v	宣布
bn:00086382v	宣布
bn:00086386v	提出
bn:00086389v	下降
bn:00086389v	恶化
bn:00086389v	衰落
bn:00086389v	衰退
bn:00086390v	否决
bn:00086390v	否定
bn:00086390v	拒
bn:00086390v	拒绝
bn:00086391v	拒绝
bn:00086391v	谢绝
bn:00086392v	下降
bn:00086392v	衰退
bn:00086400v	腐朽
bn:00086400v	腐烂
bn:00086403v	放松
bn:00086417v	下降
bn:00086417v	减
bn:00086417v	减小
bn:00086417v	减少
bn:00086417v	减弱
bn:00086417v	变少
bn:00086417v	降低
bn:00086418v	减少
bn:00086418v	缩短
bn:00086420v	裁定
bn:00086430v	导出
bn:00086430v	推导
bn:00086430v	推断
bn:00086431v	推断
bn:00086432v	减去
bn:00086432v	扣除
bn:00086433v	扣除
bn:00086435v	持
bn:00086435v	视为
bn:00086435v	认为
bn:00086442v	加深
bn:00086442v	增强
bn:00086444v	挪用
bn:00086448v	克服
bn:00086448v	击败
bn:00086448v	失败
bn:00086448v	战胜
bn:00086448v	打败
bn:00086448v	胜过
bn:00086449v	击败
bn:00086449v	否决
bn:00086452v	捍卫
bn:00086452v	支持
bn:00086452v	维护
bn:00086452v	辩护
bn:00086452v	辩解
bn:00086453v	保卫
bn:00086453v	捍卫
bn:00086454v	捍卫
bn:00086454v	防止
bn:00086455v	争斗
bn:00086455v	作战
bn:00086455v	反对
bn:00086455v	对抗
bn:00086455v	战斗
bn:00086455v	打斗
bn:00086455v	捍卫
bn:00086455v	搏斗
bn:00086455v	斗争
bn:00086459v	延迟
bn:00086459v	推迟
bn:00086459v	搁置
bn:00086464v	定义
bn:00086464v	指定
bn:00086464v	说明
bn:00086464v	限定
bn:00086465v	定义
bn:00086466v	定义
bn:00086467v	定义
bn:00086468v	决定
bn:00086468v	固定
bn:00086468v	指定
bn:00086468v	确定
bn:00086468v	规定
bn:00086468v	设定
bn:00086478v	分心
bn:00086478v	转移
bn:00086480v	损坏
bn:00086480v	损害
bn:00086487v	支付
bn:00086490v	承受
bn:00086490v	经受
bn:00086490v	藐视
bn:00086491v	抗拒
bn:00086491v	抵制
bn:00086491v	抵抗
bn:00086491v	抵挡
bn:00086491v	拒绝
bn:00086491v	蔑视
bn:00086494v	恶化
bn:00086498v	贬低
bn:00086509v	干涸
bn:00086514v	延误
bn:00086514v	延迟
bn:00086514v	耽搁
bn:00086515v	延误
bn:00086515v	延迟
bn:00086515v	拖延
bn:00086515v	推迟
bn:00086516v	拖延
bn:00086516v	推迟
bn:00086519v	取悦
bn:00086519v	欢喜
bn:00086519v	满意
bn:00086519v	高兴
bn:00086520v	乐于
bn:00086520v	享受
bn:00086520v	喜欢
bn:00086521v	迷住
bn:00086525v	作画
bn:00086525v	描绘
bn:00086525v	画
bn:00086525v	绘制
bn:00086525v	追踪
bn:00086530v	发表
bn:00086530v	呈现
bn:00086531v	交付
bn:00086531v	投递
bn:00086531v	送达
bn:00086532v	交付
bn:00086532v	交出
bn:00086532v	付给
bn:00086533v	挽救
bn:00086533v	救
bn:00086533v	救出
bn:00086533v	救援
bn:00086533v	营救
bn:00086534v	送达
bn:00086537v	拯救
bn:00086537v	救
bn:00086537v	赎回
bn:00086543v	淹没
bn:00086546v	要求
bn:00086546v	需要
bn:00086547v	强求
bn:00086547v	要求
bn:00086551v	分开
bn:00086557v	上演
bn:00086557v	介绍
bn:00086557v	出示
bn:00086557v	发挥
bn:00086557v	呈现
bn:00086557v	展现
bn:00086557v	显现
bn:00086557v	显示
bn:00086557v	示
bn:00086557v	表明
bn:00086557v	表现
bn:00086557v	表示
bn:00086557v	证明
bn:00086557v	赠送
bn:00086557v	露出
bn:00086563v	拆除
bn:00086563v	摧毁
bn:00086564v	消灭
bn:00086567v	建立
bn:00086567v	显示
bn:00086567v	确定
bn:00086567v	确立
bn:00086567v	表明
bn:00086567v	表现
bn:00086567v	证明
bn:00086585v	指定
bn:00086586v	表示
bn:00086587v	表示
bn:00086588v	谴责
bn:00086590v	凹陷
bn:00086591v	否定
bn:00086591v	否认
bn:00086591v	拒绝
bn:00086592v	否定
bn:00086592v	否认
bn:00086592v	拒绝
bn:00086593v	否认
bn:00086593v	拒绝
bn:00086594v	否认
bn:00086594v	拒绝
bn:00086595v	反驳
bn:00086598v	减少
bn:00086600v	出发
bn:00086600v	去
bn:00086600v	消失
bn:00086600v	离开
bn:00086600v	走
bn:00086600v	进行
bn:00086601v	不同
bn:00086601v	不等
bn:00086601v	偏离
bn:00086601v	变化
bn:00086601v	背离
bn:00086602v	出发
bn:00086602v	开出
bn:00086602v	开始
bn:00086602v	离开
bn:00086602v	起飞
bn:00086603v	离开
bn:00086603v	退出
bn:00086604v	离开
bn:00086606v	依赖
bn:00086607v	依赖
bn:00086607v	取决于
bn:00086607v	靠
bn:00086611v	描绘
bn:00086611v	描述
bn:00086611v	显示
bn:00086611v	示
bn:00086612v	形容
bn:00086612v	描绘
bn:00086612v	描述
bn:00086612v	绘制
bn:00086613v	描绘
bn:00086617v	部署
bn:00086622v	发誓
bn:00086626v	插进
bn:00086626v	沉积
bn:00086627v	放置
bn:00086632v	压低
bn:00086636v	剥去
bn:00086636v	剥夺
bn:00086637v	剥夺
bn:00086641v	连根拔起
bn:00086652v	得到
bn:00086652v	获得
bn:00086654v	衍生
bn:00086663v	命名
bn:00086663v	描述
bn:00086663v	识别
bn:00086664v	发现
bn:00086664v	认出
bn:00086665v	亵渎
bn:00086670v	值得
bn:00086670v	应
bn:00086670v	应得
bn:00086670v	配
bn:00086673v	设计
bn:00086674v	设计
bn:00086675v	规划
bn:00086675v	设计
bn:00086679v	指
bn:00086679v	指出
bn:00086679v	指向
bn:00086679v	指引
bn:00086679v	指明
bn:00086679v	指示
bn:00086679v	显示
bn:00086679v	标明
bn:00086679v	示
bn:00086679v	表明
bn:00086679v	表示
bn:00086680v	注定
bn:00086681v	打算
bn:00086681v	注定
bn:00086682v	希望
bn:00086682v	想要
bn:00086682v	愿意
bn:00086682v	没有
bn:00086682v	渴望
bn:00086682v	要
bn:00086682v	需要
bn:00086683v	希望
bn:00086683v	期待
bn:00086683v	期望
bn:00086683v	相信
bn:00086684v	想要
bn:00086685v	摧毁
bn:00086688v	绝望
bn:00086689v	派遣
bn:00086690v	洗劫
bn:00086698v	摧毁
bn:00086698v	毁
bn:00086698v	毁灭
bn:00086698v	消灭
bn:00086698v	破坏
bn:00086699v	摧毁
bn:00086699v	毁
bn:00086699v	毁掉
bn:00086699v	毁灭
bn:00086699v	破坏
bn:00086699v	销毁
bn:00086704v	摘下
bn:00086708v	侦测
bn:00086708v	发现
bn:00086708v	找
bn:00086708v	找到
bn:00086708v	探测
bn:00086708v	检测
bn:00086708v	注意
bn:00086708v	观察
bn:00086708v	观测
bn:00086708v	认为
bn:00086709v	劝阻
bn:00086709v	气馁
bn:00086709v	阻止
bn:00086710v	劝阻
bn:00086712v	恶化
bn:00086713v	决定
bn:00086713v	塑造
bn:00086713v	影响
bn:00086713v	确定
bn:00086713v	调整
bn:00086714v	决定
bn:00086714v	判断
bn:00086714v	树立
bn:00086714v	确定
bn:00086714v	设定
bn:00086715v	决定
bn:00086715v	确定
bn:00086716v	决定
bn:00086716v	解决
bn:00086717v	厌恶
bn:00086717v	恨
bn:00086717v	憎恨
bn:00086717v	讨厌
bn:00086718v	融化
bn:00086718v	解冻
bn:00086733v	发展
bn:00086733v	开发
bn:00086733v	开展
bn:00086733v	研发
bn:00086734v	发展
bn:00086734v	开发
bn:00086734v	演变
bn:00086735v	发展
bn:00086736v	准备
bn:00086736v	培训
bn:00086736v	教育
bn:00086736v	训练
bn:00086737v	发展
bn:00086738v	发展
bn:00086738v	发育
bn:00086739v	发展
bn:00086740v	发展
bn:00086741v	开发
bn:00086749v	偏离
bn:00086749v	转移
bn:00086753v	准备
bn:00086753v	组织
bn:00086753v	设计
bn:00086761v	给予
bn:00086766v	诊断
bn:00086767v	诊断
bn:00086769v	绘制
bn:00086770v	拨
bn:00086772v	透析
bn:00086778v	命令
bn:00086778v	支配
bn:00086778v	规定
bn:00086779v	口授
bn:00086781v	发抖
bn:00086781v	抖动
bn:00086781v	摇
bn:00086781v	颤抖
bn:00086783v	死
bn:00086784v	死
bn:00086793v	持续
bn:00086793v	盛行
bn:00086794v	消失
bn:00086797v	不同
bn:00086797v	相差
bn:00086799v	分开
bn:00086799v	分离
bn:00086799v	分隔
bn:00086799v	区分
bn:00086799v	辨别
bn:00086800v	区分
bn:00086800v	标志
bn:00086800v	表明
bn:00086806v	分散
bn:00086806v	扩散
bn:00086806v	蔓延
bn:00086807v	弥漫
bn:00086807v	渗透
bn:00086807v	透入
bn:00086808v	挖
bn:00086813v	戳
bn:00086816v	探索
bn:00086818v	挖出
bn:00086819v	消化
bn:00086820v	消化
bn:00086829v	离题
bn:00086833v	阐述
bn:00086834v	拖延
bn:00086852v	浸入
bn:00086865v	指导
bn:00086865v	指示
bn:00086866v	导演
bn:00086866v	执导
bn:00086867v	主导
bn:00086867v	指导
bn:00086867v	指挥
bn:00086868v	使
bn:00086868v	去
bn:00086868v	发射
bn:00086868v	发送
bn:00086868v	差
bn:00086868v	派
bn:00086868v	派出
bn:00086868v	派遣
bn:00086868v	送
bn:00086870v	策划
bn:00086870v	组织
bn:00086872v	残疾
bn:00086877v	否决
bn:00086877v	禁止
bn:00086877v	驳回
bn:00086879v	不见
bn:00086879v	消失
bn:00086880v	消失
bn:00086883v	失望
bn:00086884v	反对
bn:00086885v	拒绝
bn:00086894v	解散
bn:00086895v	溶解
bn:00086895v	解散
bn:00086901v	支付
bn:00086904v	分
bn:00086904v	承认
bn:00086904v	认
bn:00086904v	认出
bn:00086904v	认识
bn:00086904v	识别
bn:00086904v	辨别
bn:00086906v	切断
bn:00086909v	放电
bn:00086910v	发射
bn:00086910v	响起
bn:00086910v	射击
bn:00086911v	喷射
bn:00086911v	释放
bn:00086912v	卸下
bn:00086912v	卸货
bn:00086913v	发射
bn:00086913v	射击
bn:00086913v	开枪
bn:00086915v	清空
bn:00086918v	暴露
bn:00086923v	断线
bn:00086924v	断开
bn:00086926v	中止
bn:00086930v	气馁
bn:00086931v	讨论
bn:00086931v	讲述
bn:00086931v	谈到
bn:00086931v	谈论
bn:00086933v	了解
bn:00086933v	发现
bn:00086933v	听
bn:00086933v	听到
bn:00086933v	听取
bn:00086933v	听说
bn:00086933v	学习
bn:00086933v	学到
bn:00086933v	得知
bn:00086933v	找出
bn:00086933v	查看
bn:00086933v	看出
bn:00086933v	看到
bn:00086933v	见
bn:00086934v	发现
bn:00086934v	找到
bn:00086935v	发现
bn:00086935v	找
bn:00086935v	找到
bn:00086936v	发现
bn:00086939v	辨别
bn:00086940v	歧视
bn:00086942v	讨论
bn:00086943v	拒绝
bn:00086944v	摆脱
bn:00086944v	解放
bn:00086944v	释放
bn:00086949v	解开
bn:00086951v	收回
bn:00086951v	移开
bn:00086951v	脱离
bn:00086954v	理顺
bn:00086960v	化装
bn:00086961v	厌恶
bn:00086962v	上菜
bn:00086962v	供应
bn:00086962v	提供
bn:00086962v	端上
bn:00086974v	瓦解
bn:00086983v	厌恶
bn:00086983v	讨厌
bn:00086986v	释放
bn:00086987v	移位
bn:00086987v	移动
bn:00086987v	转换
bn:00086987v	转移
bn:00086988v	拆除
bn:00086990v	肢解
bn:00086991v	驳回
bn:00086992v	解雇
bn:00086995v	下马
bn:00086996v	违抗
bn:00087004v	放弃
bn:00087005v	免除
bn:00087005v	放弃
bn:00087007v	分散
bn:00087007v	撒
bn:00087008v	分散
bn:00087008v	消散
bn:00087012v	动
bn:00087012v	移
bn:00087012v	移动
bn:00087012v	运动
bn:00087013v	展出
bn:00087013v	展现
bn:00087013v	揭露
bn:00087013v	显示
bn:00087013v	表现
bn:00087016v	处理
bn:00087020v	处理
bn:00087025v	忽视
bn:00087025v	无视
bn:00087027v	扰乱
bn:00087028v	打断
bn:00087030v	解剖
bn:00087032v	反对
bn:00087032v	抗议
bn:00087032v	抵抗
bn:00087040v	溶解
bn:00087051v	提取
bn:00087052v	蒸馏
bn:00087054v	蒸馏
bn:00087056v	伪造
bn:00087056v	扭曲
bn:00087056v	歪曲
bn:00087056v	篡改
bn:00087057v	扭曲
bn:00087063v	分布
bn:00087063v	分配
bn:00087063v	扩展
bn:00087063v	扩散
bn:00087063v	摊开
bn:00087063v	散布
bn:00087063v	蔓延
bn:00087063v	铺
bn:00087064v	分发
bn:00087065v	分发
bn:00087071v	怀疑
bn:00087072v	困扰
bn:00087072v	打扰
bn:00087072v	扰乱
bn:00087073v	动
bn:00087073v	打扰
bn:00087073v	扰乱
bn:00087074v	打断
bn:00087076v	分开
bn:00087076v	分成
bn:00087076v	分离
bn:00087087v	俯冲
bn:00087087v	陷入
bn:00087099v	分开
bn:00087099v	分离
bn:00087099v	分隔
bn:00087099v	隔开
bn:00087100v	分开
bn:00087101v	分成
bn:00087104v	离婚
bn:00087106v	为
bn:00087106v	产生
bn:00087106v	从事
bn:00087106v	作出
bn:00087106v	使
bn:00087106v	做
bn:00087106v	做出
bn:00087106v	完成
bn:00087106v	尝试
bn:00087106v	开始
bn:00087106v	形成
bn:00087106v	成功
bn:00087106v	进行
bn:00087106v	造成
bn:00087107v	为
bn:00087107v	从事
bn:00087107v	作
bn:00087107v	做
bn:00087107v	完成
bn:00087107v	履行
bn:00087107v	执行
bn:00087107v	演出
bn:00087107v	进行
bn:00087108v	做
bn:00087108v	完成
bn:00087108v	工作
bn:00087108v	干
bn:00087108v	进行
bn:00087109v	做
bn:00087109v	发挥
bn:00087109v	行使
bn:00087110v	使
bn:00087110v	做
bn:00087110v	制作
bn:00087110v	完成
bn:00087110v	进行
bn:00087115v	剔除
bn:00087115v	去掉
bn:00087115v	排除
bn:00087115v	摆脱
bn:00087115v	消去
bn:00087115v	消除
bn:00087115v	淘汰
bn:00087115v	解决
bn:00087116v	处理
bn:00087116v	对付
bn:00087116v	对待
bn:00087116v	应对
bn:00087116v	视为
bn:00087118v	清算
bn:00087121v	全力以赴
bn:00087128v	做
bn:00087128v	工作
bn:00087128v	干活
bn:00087135v	修改
bn:00087139v	躲闪
bn:00087139v	闪避
bn:00087149v	住
bn:00087149v	居住
bn:00087150v	住
bn:00087151v	主宰
bn:00087151v	主导
bn:00087151v	占优势
bn:00087151v	统治
bn:00087152v	主导
bn:00087153v	主宰
bn:00087153v	支配
bn:00087156v	捐
bn:00087156v	捐赠
bn:00087162v	入睡
bn:00087169v	倍增
bn:00087169v	加倍
bn:00087169v	翻
bn:00087174v	复制
bn:00087174v	重复
bn:00087174v	重演
bn:00087189v	怀疑
bn:00087190v	怀疑
bn:00087198v	资助
bn:00087200v	击落
bn:00087201v	完善
bn:00087201v	打磨
bn:00087202v	降低
bn:00087202v	降级
bn:00087210v	起草
bn:00087211v	征召
bn:00087212v	拖
bn:00087213v	冲走
bn:00087213v	卷入
bn:00087213v	席卷
bn:00087215v	拖
bn:00087215v	落后
bn:00087222v	拖延
bn:00087226v	排水
bn:00087226v	耗尽
bn:00087228v	沥干
bn:00087229v	喝掉
bn:00087231v	覆盖
bn:00087234v	拉
bn:00087234v	拉动
bn:00087234v	拉扯
bn:00087234v	拖
bn:00087234v	迫使
bn:00087235v	吸引
bn:00087235v	收获
bn:00087235v	汲取
bn:00087235v	领取
bn:00087236v	作出
bn:00087236v	使
bn:00087236v	做出
bn:00087236v	抽取
bn:00087236v	进行
bn:00087237v	拔出
bn:00087237v	画
bn:00087238v	画
bn:00087238v	绘制
bn:00087239v	抽取
bn:00087240v	抽取
bn:00087243v	领取
bn:00087245v	吸引
bn:00087249v	拉
bn:00087267v	撤出
bn:00087267v	撤退
bn:00087267v	退
bn:00087267v	退出
bn:00087274v	延长
bn:00087276v	提取
bn:00087277v	取出
bn:00087277v	拔出
bn:00087277v	提取
bn:00087280v	挺直
bn:00087282v	停下
bn:00087284v	害怕
bn:00087284v	怕
bn:00087284v	担心
bn:00087285v	做梦
bn:00087285v	梦想
bn:00087288v	淹没
bn:00087291v	穿
bn:00087291v	穿着
bn:00087293v	打扮
bn:00087293v	穿着
bn:00087294v	穿
bn:00087294v	穿着
bn:00087304v	装饰
bn:00087305v	滴
bn:00087308v	飘荡
bn:00087318v	练习
bn:00087321v	喝
bn:00087321v	喝酒
bn:00087321v	饮用
bn:00087322v	喝酒
bn:00087322v	赞扬
bn:00087325v	滴下
bn:00087327v	开车
bn:00087327v	驾
bn:00087327v	驾驶
bn:00087328v	开车
bn:00087328v	驾车
bn:00087328v	驾驶
bn:00087329v	乘车
bn:00087329v	推动
bn:00087329v	赶
bn:00087329v	驾驶
bn:00087330v	驱动
bn:00087331v	驱使
bn:00087331v	驱赶
bn:00087332v	驱动
bn:00087333v	驱动
bn:00087335v	推动
bn:00087350v	打入
bn:00087361v	下垂
bn:00087364v	扔下
bn:00087364v	掉
bn:00087364v	放下
bn:00087364v	落下
bn:00087365v	放下
bn:00087366v	下降
bn:00087367v	沉没
bn:00087370v	放下
bn:00087372v	浪费
bn:00087372v	花
bn:00087372v	花费
bn:00087372v	花钱
bn:00087376v	忽略
bn:00087376v	忽视
bn:00087376v	漏掉
bn:00087376v	遗漏
bn:00087376v	错失
bn:00087382v	写
bn:00087382v	写信
bn:00087382v	写道
bn:00087383v	消失
bn:00087387v	失去
bn:00087387v	落后
bn:00087387v	输掉
bn:00087393v	淹没
bn:00087395v	淹死
bn:00087395v	溺水
bn:00087396v	淹死
bn:00087398v	淹没
bn:00087401v	干燥
bn:00087402v	干
bn:00087402v	干涸
bn:00087402v	干燥
bn:00087413v	躲避
bn:00087419v	乏味
bn:00087441v	住
bn:00087441v	居住
bn:00087441v	度过
bn:00087441v	活
bn:00087441v	生活
bn:00087441v	过
bn:00087445v	减少
bn:00087446v	染
bn:00087449v	炸毁
bn:00087452v	获得
bn:00087452v	赚
bn:00087459v	让步
bn:00087460v	吃
bn:00087460v	吃饭
bn:00087460v	食用
bn:00087461v	吃
bn:00087461v	吃饭
bn:00087468v	完
bn:00087474v	回响
bn:00087474v	重
bn:00087474v	重复
bn:00087475v	回响
bn:00087475v	回荡
bn:00087476v	想起
bn:00087478v	节省
bn:00087483v	启发
bn:00087492v	完成
bn:00087494v	起泡
bn:00087499v	消除
bn:00087513v	流逝
bn:00087513v	溜走
bn:00087513v	过
bn:00087513v	过去
bn:00087514v	振作
bn:00087517v	选举
bn:00087517v	选出
bn:00087518v	选择
bn:00087527v	提升
bn:00087527v	提高
bn:00087530v	消除
bn:00087531v	排除
bn:00087531v	淘汰
bn:00087538v	洗脱
bn:00087543v	解放
bn:00087544v	解放
bn:00087554v	嵌
bn:00087554v	嵌入
bn:00087554v	植入
bn:00087556v	体现
bn:00087561v	出现
bn:00087561v	显露
bn:00087561v	浮现
bn:00087562v	出现
bn:00087562v	浮现
bn:00087564v	移居
bn:00087564v	移民
bn:00087565v	发出
bn:00087571v	同情
bn:00087571v	理解
bn:00087572v	强调
bn:00087576v	录用
bn:00087576v	聘用
bn:00087576v	聘请
bn:00087576v	雇
bn:00087576v	雇佣
bn:00087576v	雇用
bn:00087577v	赋予
bn:00087578v	倒空
bn:00087578v	排空
bn:00087578v	空虚
bn:00087579v	清空
bn:00087587v	使
bn:00087588v	制定
bn:00087588v	通过
bn:00087588v	颁布
bn:00087593v	包住
bn:00087594v	引入
bn:00087594v	插上
bn:00087594v	插入
bn:00087594v	放入
bn:00087597v	遇上
bn:00087597v	遇到
bn:00087597v	遭遇
bn:00087598v	会
bn:00087598v	接收
bn:00087598v	遇到
bn:00087599v	遇到
bn:00087600v	助长
bn:00087600v	鼓励
bn:00087601v	激励
bn:00087605v	侵入
bn:00087608v	终止
bn:00087608v	终结
bn:00087608v	结束
bn:00087609v	结尾
bn:00087609v	结束
bn:00087611v	完
bn:00087611v	完成
bn:00087611v	结束
bn:00087612v	危及
bn:00087612v	威胁
bn:00087613v	危及
bn:00087613v	揭露
bn:00087615v	力求
bn:00087615v	试图
bn:00087617v	存
bn:00087617v	存活
bn:00087617v	幸存
bn:00087617v	度过
bn:00087617v	持久
bn:00087617v	持续
bn:00087617v	活
bn:00087617v	生存
bn:00087617v	生活
bn:00087618v	受苦
bn:00087618v	忍受
bn:00087618v	遭到
bn:00087618v	遭受
bn:00087619v	提供
bn:00087620v	持续
bn:00087626v	实施
bn:00087626v	强加
bn:00087626v	执行
bn:00087628v	从事
bn:00087628v	进行
bn:00087628v	追求
bn:00087628v	追踪
bn:00087629v	从事
bn:00087631v	进行
bn:00087632v	招募
bn:00087633v	锁住
bn:00087633v	锁定
bn:00087640v	吞噬
bn:00087641v	提高
bn:00087642v	提高
bn:00087643v	禁止
bn:00087644v	告诉
bn:00087644v	命令
bn:00087644v	说
bn:00087645v	享受
bn:00087645v	享有
bn:00087646v	享受
bn:00087646v	享用
bn:00087646v	喜欢
bn:00087646v	热爱
bn:00087646v	爱
bn:00087647v	享受
bn:00087647v	享有
bn:00087648v	交织
bn:00087648v	交缠
bn:00087648v	交错
bn:00087648v	缠绕
bn:00087649v	扩大
bn:00087649v	放大
bn:00087650v	扩展
bn:00087652v	入伍
bn:00087652v	参军
bn:00087655v	调查
bn:00087656v	怀疑
bn:00087656v	打听
bn:00087656v	疑惑
bn:00087656v	询问
bn:00087657v	激怒
bn:00087658v	丰富
bn:00087658v	充实
bn:00087662v	入
bn:00087662v	参加
bn:00087662v	招募
bn:00087662v	招收
bn:00087662v	注册
bn:00087662v	进入
bn:00087669v	安排
bn:00087669v	设定
bn:00087669v	陷害
bn:00087670v	捕获
bn:00087671v	产生
bn:00087671v	导致
bn:00087672v	意味着
bn:00087672v	需要
bn:00087677v	参与
bn:00087677v	参加
bn:00087677v	开始
bn:00087677v	进入
bn:00087678v	出现
bn:00087678v	进入
bn:00087679v	录入
bn:00087679v	记录
bn:00087679v	输入
bn:00087681v	引入
bn:00087681v	插入
bn:00087682v	招待
bn:00087682v	款待
bn:00087683v	想
bn:00087683v	想到
bn:00087683v	考虑
bn:00087683v	调情
bn:00087684v	心怀
bn:00087684v	持
bn:00087684v	持有
bn:00087689v	吸引
bn:00087689v	引诱
bn:00087689v	诱惑
bn:00087689v	诱骗
bn:00087701v	想象
bn:00087701v	看
bn:00087701v	看到
bn:00087701v	看见
bn:00087701v	认为
bn:00087702v	预见
bn:00087703v	妒
bn:00087703v	嫉妒
bn:00087703v	羡慕
bn:00087709v	平衡
bn:00087710v	配备
bn:00087712v	根除
bn:00087712v	消灭
bn:00087713v	抹去
bn:00087714v	举起
bn:00087714v	安装
bn:00087714v	建立
bn:00087714v	成立
bn:00087714v	竖立
bn:00087714v	设立
bn:00087714v	设置
bn:00087714v	起
bn:00087717v	滑倒
bn:00087721v	加剧
bn:00087723v	逃避
bn:00087724v	逃脱
bn:00087724v	逃避
bn:00087724v	避免
bn:00087727v	摆脱
bn:00087727v	逃脱
bn:00087728v	回避
bn:00087728v	避开
bn:00087729v	护送
bn:00087731v	审视
bn:00087731v	尝试
bn:00087731v	检验
bn:00087731v	测试
bn:00087731v	考验
bn:00087731v	试
bn:00087731v	试图
bn:00087732v	创办
bn:00087732v	创立
bn:00087732v	制定
bn:00087732v	发起
bn:00087732v	启动
bn:00087732v	展开
bn:00087732v	建立
bn:00087732v	成立
bn:00087732v	确立
bn:00087732v	设立
bn:00087732v	设置
bn:00087733v	创下
bn:00087733v	制定
bn:00087733v	建立
bn:00087733v	确立
bn:00087733v	进行
bn:00087734v	建立
bn:00087734v	确立
bn:00087734v	赋予
bn:00087735v	安排
bn:00087735v	建立
bn:00087736v	尊敬
bn:00087736v	尊重
bn:00087737v	看待
bn:00087737v	考虑
bn:00087737v	认为
bn:00087753v	颂扬
bn:00087757v	撤离
bn:00087763v	判断
bn:00087763v	评判
bn:00087766v	蒸发
bn:00087777v	告诉
bn:00087778v	展现
bn:00087778v	显示
bn:00087778v	表现
bn:00087778v	表示
bn:00087778v	表达
bn:00087782v	建议
bn:00087782v	暗示
bn:00087783v	演变
bn:00087784v	夸大
bn:00087784v	夸张
bn:00087785v	赞扬
bn:00087787v	查看
bn:00087787v	检查
bn:00087788v	审查
bn:00087788v	探究
bn:00087788v	探索
bn:00087788v	检查
bn:00087788v	调查
bn:00087789v	审查
bn:00087789v	审视
bn:00087790v	激怒
bn:00087793v	超越
bn:00087793v	超过
bn:00087794v	超越
bn:00087794v	超过
bn:00087795v	胜过
bn:00087795v	超越
bn:00087795v	超过
bn:00087796v	突出
bn:00087796v	超越
bn:00087798v	排除
bn:00087798v	省略
bn:00087800v	切换
bn:00087802v	代替
bn:00087802v	取代
bn:00087802v	替代
bn:00087802v	替换
bn:00087803v	切除
bn:00087803v	消除
bn:00087806v	兴奋
bn:00087806v	激动
bn:00087806v	激励
bn:00087806v	激发
bn:00087807v	兴奋
bn:00087807v	激励
bn:00087807v	激发
bn:00087808v	激发
bn:00087809v	激发
bn:00087811v	宣告
bn:00087811v	宣布
bn:00087812v	排除
bn:00087812v	遮住
bn:00087813v	排除
bn:00087815v	折磨
bn:00087816v	折磨
bn:00087817v	原谅
bn:00087818v	原谅
bn:00087819v	解释
bn:00087820v	处决
bn:00087820v	执行
bn:00087821v	处决
bn:00087823v	经营
bn:00087825v	代表
bn:00087825v	表示
bn:00087826v	说明
bn:00087827v	免除
bn:00087829v	产生
bn:00087829v	发挥
bn:00087829v	施加
bn:00087829v	行使
bn:00087830v	工作
bn:00087830v	锻炼
bn:00087831v	锻炼
bn:00087832v	产生
bn:00087832v	施加
bn:00087832v	维持
bn:00087833v	施加
bn:00087839v	用尽
bn:00087841v	展现
bn:00087841v	显示
bn:00087841v	表现
bn:00087843v	催促
bn:00087843v	敦促
bn:00087843v	逼迫
bn:00087844v	存在
bn:00087844v	幸存
bn:00087844v	活
bn:00087844v	生存
bn:00087844v	生活
bn:00087845v	出去
bn:00087845v	摆脱
bn:00087845v	离开
bn:00087845v	逃脱
bn:00087848v	扩大
bn:00087848v	扩张
bn:00087848v	膨胀
bn:00087849v	扩大
bn:00087849v	扩展
bn:00087850v	扩大
bn:00087850v	扩展
bn:00087855v	加快
bn:00087855v	加速
bn:00087857v	开除
bn:00087857v	驱逐
bn:00087859v	使
bn:00087859v	使用
bn:00087859v	利用
bn:00087859v	花费
bn:00087861v	体验
bn:00087861v	经历
bn:00087862v	体验
bn:00087862v	度过
bn:00087862v	知
bn:00087862v	知晓
bn:00087862v	知道
bn:00087862v	经历
bn:00087863v	体验
bn:00087863v	受到
bn:00087863v	得
bn:00087863v	得到
bn:00087863v	抱有
bn:00087863v	拥有
bn:00087863v	接收
bn:00087863v	收到
bn:00087863v	有
bn:00087863v	有着
bn:00087863v	经历
bn:00087863v	获得
bn:00087863v	进行
bn:00087864v	体验
bn:00087864v	感到
bn:00087864v	感受
bn:00087864v	感觉
bn:00087864v	经历
bn:00087864v	觉得
bn:00087865v	有
bn:00087865v	进行
bn:00087866v	尝试
bn:00087866v	试验
bn:00087868v	届满
bn:00087869v	解释
bn:00087870v	解释
bn:00087878v	利用
bn:00087878v	剥削
bn:00087878v	开发
bn:00087879v	利用
bn:00087881v	探索
bn:00087881v	追寻
bn:00087882v	探索
bn:00087883v	探索
bn:00087885v	出口
bn:00087888v	暴露
bn:00087889v	发现
bn:00087889v	揭露
bn:00087889v	暴露
bn:00087892v	提出
bn:00087894v	表示
bn:00087894v	表达
bn:00087894v	说
bn:00087895v	表示
bn:00087901v	发笑
bn:00087901v	嘲笑
bn:00087901v	大笑
bn:00087901v	笑
bn:00087903v	伸出
bn:00087905v	伸出
bn:00087905v	去
bn:00087905v	导致
bn:00087905v	延伸
bn:00087905v	走
bn:00087905v	运行
bn:00087905v	进行
bn:00087906v	扩展
bn:00087907v	伸出
bn:00087907v	伸展
bn:00087908v	延长
bn:00087908v	扩展
bn:00087909v	伸
bn:00087909v	伸展
bn:00087909v	伸长
bn:00087909v	延伸
bn:00087910v	展开
bn:00087910v	延伸
bn:00087917v	到
bn:00087917v	到达
bn:00087917v	延伸
bn:00087917v	达到
bn:00087918v	减轻
bn:00087920v	消灭
bn:00087920v	灭绝
bn:00087922v	熄灭
bn:00087927v	提炼
bn:00087930v	推广
bn:00087930v	推断
bn:00087931v	外推
bn:00087935v	挤出
bn:00087940v	注视
bn:00087940v	看
bn:00087942v	面向
bn:00087942v	面对
bn:00087943v	面向
bn:00087944v	面对
bn:00087950v	帮助
bn:00087958v	淡出
bn:00087962v	疲惫
bn:00087962v	累
bn:00087966v	忘记
bn:00087966v	忽略
bn:00087966v	忽视
bn:00087967v	失败
bn:00087976v	倒
bn:00087976v	坠落
bn:00087976v	掉
bn:00087976v	摔
bn:00087976v	跌倒
bn:00087977v	跌
bn:00087978v	跌倒
bn:00087979v	倒下
bn:00087982v	落下
bn:00087994v	垂
bn:00087994v	垂下
bn:00087994v	挂
bn:00088003v	消失
bn:00088004v	后退
bn:00088006v	诉诸
bn:00088013v	加入
bn:00088013v	参加
bn:00088013v	进入
bn:00088016v	属于
bn:00088016v	落入
bn:00088019v	脱落
bn:00088020v	接下来
bn:00088020v	遵循
bn:00088026v	动摇
bn:00088028v	挨饿
bn:00088028v	饿死
bn:00088029v	饿死
bn:00088030v	饿死
bn:00088032v	煽动
bn:00088035v	喜欢
bn:00088035v	走向
bn:00088040v	务农
bn:00088040v	耕作
bn:00088040v	耕种
bn:00088042v	产出
bn:00088042v	养
bn:00088042v	养大
bn:00088042v	养殖
bn:00088042v	出
bn:00088042v	生产
bn:00088042v	种植
bn:00088042v	长
bn:00088042v	饲养
bn:00088043v	分包
bn:00088046v	着迷
bn:00088047v	着迷
bn:00088052v	固定
bn:00088053v	固定
bn:00088055v	加紧
bn:00088055v	收紧
bn:00088059v	厌倦
bn:00088059v	疲惫
bn:00088060v	偏爱
bn:00088060v	支持
bn:00088061v	支持
bn:00088065v	害怕
bn:00088065v	担心
bn:00088066v	担心
bn:00088068v	崇敬
bn:00088078v	具
bn:00088078v	具备
bn:00088078v	具有
bn:00088078v	拥有
bn:00088078v	有
bn:00088078v	有着
bn:00088078v	设有
bn:00088078v	进行
bn:00088084v	喂
bn:00088084v	喂养
bn:00088084v	喂食
bn:00088084v	饲养
bn:00088085v	喂
bn:00088085v	喂养
bn:00088085v	给
bn:00088085v	给予
bn:00088086v	喂养
bn:00088090v	掠夺
bn:00088092v	反馈
bn:00088095v	发现
bn:00088095v	感到
bn:00088095v	感受
bn:00088095v	感觉
bn:00088095v	看
bn:00088095v	觉得
bn:00088095v	认为
bn:00088096v	察觉
bn:00088096v	意识
bn:00088096v	感到
bn:00088096v	感受
bn:00088096v	感知
bn:00088096v	感觉
bn:00088096v	觉得
bn:00088097v	感到
bn:00088097v	感觉
bn:00088097v	觉得
bn:00088098v	感到
bn:00088098v	感受
bn:00088098v	感觉
bn:00088098v	觉得
bn:00088099v	感到
bn:00088099v	感受
bn:00088099v	感觉
bn:00088100v	感到
bn:00088100v	感觉
bn:00088101v	摸
bn:00088101v	摸索
bn:00088102v	感受
bn:00088103v	感觉
bn:00088103v	摸
bn:00088104v	摸索
bn:00088109v	假装
bn:00088121v	阻挡
bn:00088146v	偷懒
bn:00088146v	逃避
bn:00088150v	篡改
bn:00088159v	挣扎
bn:00088161v	认为
bn:00088162v	明白
bn:00088162v	解决
bn:00088162v	解开
bn:00088164v	备案
bn:00088164v	存档
bn:00088164v	注册
bn:00088164v	申请
bn:00088164v	登记
bn:00088165v	锉
bn:00088175v	充满
bn:00088175v	填充
bn:00088175v	满
bn:00088175v	装满
bn:00088176v	充满
bn:00088176v	装满
bn:00088177v	充满
bn:00088177v	占据
bn:00088177v	填充
bn:00088177v	装满
bn:00088178v	取得
bn:00088178v	抓住
bn:00088178v	接受
bn:00088178v	采取
bn:00088179v	完成
bn:00088179v	满足
bn:00088179v	遇到
bn:00088182v	满足
bn:00088183v	补
bn:00088184v	补充
bn:00088185v	填
bn:00088186v	填满
bn:00088187v	代替
bn:00088187v	替代
bn:00088192v	拍
bn:00088192v	拍摄
bn:00088195v	分开
bn:00088195v	过滤
bn:00088196v	过滤
bn:00088201v	融资
bn:00088204v	发现
bn:00088204v	找
bn:00088204v	找到
bn:00088205v	发现
bn:00088205v	找到
bn:00088205v	目睹
bn:00088205v	看
bn:00088205v	看出
bn:00088205v	看到
bn:00088205v	看见
bn:00088205v	见
bn:00088205v	见到
bn:00088205v	见证
bn:00088206v	发现
bn:00088206v	建立
bn:00088206v	找到
bn:00088207v	发现
bn:00088207v	感到
bn:00088207v	裁定
bn:00088207v	认为
bn:00088208v	使
bn:00088208v	发现
bn:00088208v	受到
bn:00088208v	得
bn:00088208v	得到
bn:00088208v	找到
bn:00088208v	拿到
bn:00088208v	收到
bn:00088208v	获得
bn:00088209v	发现
bn:00088210v	取回
bn:00088210v	恢复
bn:00088210v	检索
bn:00088210v	追回
bn:00088210v	重拾
bn:00088222v	完成
bn:00088225v	发射
bn:00088225v	射击
bn:00088225v	开枪
bn:00088225v	开火
bn:00088226v	烧制
bn:00088226v	焚烧
bn:00088229v	引发
bn:00088229v	激起
bn:00088230v	点燃
bn:00088236v	钓鱼
bn:00088240v	合身
bn:00088240v	安装
bn:00088240v	贴合
bn:00088240v	适合
bn:00088240v	适应
bn:00088240v	配合
bn:00088241v	安装
bn:00088241v	适合
bn:00088241v	适应
bn:00088244v	匹配
bn:00088244v	配
bn:00088245v	使
bn:00088245v	得到
bn:00088245v	抓住
bn:00088245v	拿到
bn:00088247v	固定
bn:00088250v	准备
bn:00088250v	制备
bn:00088250v	设置
bn:00088271v	挥舞
bn:00088271v	飘动
bn:00088277v	闪现
bn:00088278v	炫耀
bn:00088278v	闪现
bn:00088280v	闪现
bn:00088285v	变平
bn:00088291v	逃命
bn:00088291v	逃离
bn:00088291v	逃走
bn:00088291v	逃跑
bn:00088291v	逃避
bn:00088292v	剥夺
bn:00088292v	抢劫
bn:00088299v	闪烁
bn:00088310v	欺骗
bn:00088311v	丢
bn:00088314v	扔
bn:00088314v	投掷
bn:00088314v	抛
bn:00088314v	掷
bn:00088314v	翻转
bn:00088317v	扔
bn:00088317v	抛出
bn:00088322v	漂浮
bn:00088323v	漂浮
bn:00088333v	抽打
bn:00088333v	挥砍
bn:00088333v	鞭打
bn:00088334v	淹没
bn:00088343v	挣扎
bn:00088347v	成功
bn:00088349v	流动
bn:00088349v	流畅
bn:00088369v	冲洗
bn:00088371v	冲洗
bn:00088378v	飞
bn:00088378v	飞翔
bn:00088378v	飞行
bn:00088380v	飞行
bn:00088381v	飘扬
bn:00088381v	飞行
bn:00088403v	锐化
bn:00088404v	聚焦
bn:00088407v	衬托
bn:00088411v	卷起
bn:00088411v	折叠
bn:00088421v	跟随
bn:00088421v	追随
bn:00088421v	遵循
bn:00088422v	接下来
bn:00088423v	跟随
bn:00088423v	追踪
bn:00088423v	遵循
bn:00088426v	追随
bn:00088427v	追溯
bn:00088428v	注意
bn:00088428v	注视
bn:00088428v	照顾
bn:00088428v	监视
bn:00088428v	看
bn:00088428v	观察
bn:00088428v	观看
bn:00088428v	跟随
bn:00088433v	追赶
bn:00088440v	玩乐
bn:00088445v	潜伏
bn:00088445v	缠
bn:00088445v	闲逛
bn:00088454v	以防
bn:00088454v	避免
bn:00088454v	防止
bn:00088454v	阻止
bn:00088454v	阻碍
bn:00088454v	预防
bn:00088455v	强迫
bn:00088455v	迫使
bn:00088456v	强迫
bn:00088456v	推
bn:00088456v	推动
bn:00088456v	推进
bn:00088456v	迫使
bn:00088457v	强加
bn:00088457v	迫使
bn:00088458v	挤
bn:00088458v	迫使
bn:00088459v	强迫
bn:00088463v	挖
bn:00088469v	丧失
bn:00088469v	放弃
bn:00088480v	塑造
bn:00088480v	形成
bn:00088481v	忘
bn:00088481v	忘记
bn:00088482v	离开
bn:00088483v	原谅
bn:00088483v	宽恕
bn:00088483v	饶恕
bn:00088488v	形成
bn:00088488v	成立
bn:00088488v	组成
bn:00088488v	组织
bn:00088489v	形成
bn:00088489v	成形
bn:00088490v	形成
bn:00088491v	形成
bn:00088494v	验证
bn:00088501v	加油
bn:00088506v	转发
bn:00088509v	促进
bn:00088509v	助长
bn:00088509v	培养
bn:00088511v	培养
bn:00088544v	解放
bn:00088544v	释放
bn:00088545v	发行
bn:00088545v	解放
bn:00088546v	放弃
bn:00088553v	冻结
bn:00088554v	僵硬
bn:00088554v	冻结
bn:00088557v	冻结
bn:00088557v	吊销
bn:00088559v	冻结
bn:00088568v	光顾
bn:00088573v	翻新
bn:00088575v	烦恼
bn:00088599v	皱眉
bn:00088611v	加油
bn:00088614v	完成
bn:00088614v	满足
bn:00088614v	饱
bn:00088622v	摸索
bn:00088629v	使用
bn:00088629v	工作
bn:00088629v	运作
bn:00088629v	运行
bn:00088629v	运转
bn:00088630v	提供
bn:00088630v	有用
bn:00088630v	服务
bn:00088631v	主持
bn:00088640v	卷起
bn:00088641v	休假
bn:00088641v	解雇
bn:00088643v	使
bn:00088643v	供应
bn:00088643v	供给
bn:00088643v	提供
bn:00088643v	给
bn:00088644v	布置
bn:00088646v	熔融
bn:00088666v	吃惊
bn:00088673v	囚禁
bn:00088673v	监禁
bn:00088677v	园艺
bn:00088684v	驻扎
bn:00088689v	喘
bn:00088689v	喘息
bn:00088689v	气喘吁吁
bn:00088698v	拿起
bn:00088698v	捡
bn:00088698v	捡起
bn:00088698v	获得
bn:00088705v	凝视
bn:00088705v	注视
bn:00088705v	盯
bn:00088724v	产生
bn:00088724v	提供
bn:00088724v	放弃
bn:00088733v	使
bn:00088733v	拥有
bn:00088733v	拿
bn:00088733v	拿到
bn:00088733v	有
bn:00088733v	获得
bn:00088733v	让
bn:00088733v	进行
bn:00088734v	得
bn:00088734v	得到
bn:00088734v	有
bn:00088734v	获
bn:00088734v	获得
bn:00088735v	接通
bn:00088736v	产生
bn:00088736v	使
bn:00088736v	使得
bn:00088736v	做
bn:00088736v	做出
bn:00088736v	创造
bn:00088736v	发展
bn:00088736v	开始
bn:00088736v	形成
bn:00088736v	搞
bn:00088736v	整理
bn:00088736v	进行
bn:00088736v	造成
bn:00088737v	得到
bn:00088745v	受
bn:00088745v	受苦
bn:00088745v	遭受
bn:00088750v	相处
bn:00088754v	回来
bn:00088754v	夺回
bn:00088754v	恢复
bn:00088757v	通过
bn:00088759v	下来
bn:00088759v	吞
bn:00088759v	吞下
bn:00088759v	吞噬
bn:00088760v	记录
bn:00088761v	开始
bn:00088762v	取
bn:00088762v	坐
bn:00088762v	抓住
bn:00088762v	拿
bn:00088762v	接受
bn:00088762v	接过
bn:00088762v	摘取
bn:00088763v	进入
bn:00088764v	进入
bn:00088769v	发送
bn:00088773v	寄出
bn:00088773v	邮寄
bn:00088779v	出去
bn:00088782v	克服
bn:00088782v	掌握
bn:00088783v	去除
bn:00088783v	摆脱
bn:00088783v	消除
bn:00088786v	掌握
bn:00088788v	度过
bn:00088789v	创造
bn:00088789v	到
bn:00088789v	到达
bn:00088789v	成功
bn:00088789v	达到
bn:00088789v	达成
bn:00088789v	进行
bn:00088790v	到达
bn:00088791v	会晤
bn:00088791v	会面
bn:00088791v	相遇
bn:00088791v	见
bn:00088791v	见面
bn:00088791v	认识
bn:00088791v	遇到
bn:00088791v	遇见
bn:00088792v	起身
bn:00088798v	痴迷
bn:00088803v	给
bn:00088803v	给予
bn:00088805v	窃笑
bn:00088808v	跛行
bn:00088814v	产生
bn:00088814v	给
bn:00088814v	给予
bn:00088814v	给定
bn:00088814v	赋予
bn:00088815v	交给
bn:00088815v	付出
bn:00088815v	授予
bn:00088815v	给
bn:00088815v	给予
bn:00088815v	赋予
bn:00088815v	送
bn:00088816v	交给
bn:00088816v	给
bn:00088817v	付出
bn:00088817v	给予
bn:00088818v	举行
bn:00088818v	作出
bn:00088818v	发表
bn:00088818v	有
bn:00088818v	进行
bn:00088819v	抛
bn:00088819v	给
bn:00088820v	给
bn:00088820v	让位
bn:00088820v	赋予
bn:00088821v	交给
bn:00088821v	传授
bn:00088821v	传递
bn:00088821v	给
bn:00088821v	给予
bn:00088822v	给
bn:00088822v	给予
bn:00088824v	牺牲
bn:00088824v	献出
bn:00088825v	交给
bn:00088825v	传递
bn:00088825v	到
bn:00088825v	给
bn:00088825v	赋予
bn:00088826v	给予
bn:00088827v	发表
bn:00088827v	给
bn:00088828v	授予
bn:00088828v	给
bn:00088828v	给予
bn:00088828v	赋予
bn:00088849v	偿还
bn:00088849v	找
bn:00088849v	退还
bn:00088854v	感谢
bn:00088858v	放弃
bn:00088858v	空出
bn:00088858v	辞去
bn:00088858v	辞职
bn:00088859v	屈服
bn:00088859v	投降
bn:00088859v	放弃
bn:00088860v	放弃
bn:00088861v	发泄
bn:00088861v	抒发
bn:00088862v	屈服
bn:00088869v	瞥
bn:00088871v	浏览
bn:00088872v	怒目而视
bn:00088872v	怒视
bn:00088881v	闪光
bn:00088881v	闪烁
bn:00088884v	收获
bn:00088885v	滑行
bn:00088889v	瞥见
bn:00088895v	颂扬
bn:00088905v	粘合
bn:00088905v	粘贴
bn:00088910v	咬
bn:00088911v	咬
bn:00088912v	go
bn:00088912v	前进
bn:00088912v	动
bn:00088912v	去
bn:00088912v	忍受
bn:00088912v	成功
bn:00088912v	搬家
bn:00088912v	搬迁
bn:00088912v	旅行
bn:00088912v	活动
bn:00088912v	游历
bn:00088912v	离开
bn:00088912v	移动
bn:00088912v	行进
bn:00088912v	走
bn:00088912v	赴
bn:00088912v	迁移
bn:00088912v	运转
bn:00088912v	进行
bn:00088913v	前进
bn:00088913v	去
bn:00088913v	尝试
bn:00088913v	走
bn:00088913v	达到
bn:00088913v	进行
bn:00088915v	进行
bn:00088916v	走
bn:00088916v	进行
bn:00088917v	放弃
bn:00088917v	消失
bn:00088919v	响起
bn:00088920v	剩下
bn:00088920v	消失
bn:00088921v	走
bn:00088921v	进行
bn:00088927v	导致
bn:00088927v	引导
bn:00088932v	经过
bn:00088932v	通过
bn:00088933v	追捕
bn:00088933v	追求
bn:00088938v	旋转
bn:00088939v	出发
bn:00088939v	动身
bn:00088939v	离开
bn:00088939v	走
bn:00088939v	走出
bn:00088939v	走开
bn:00088941v	恢复
bn:00088944v	经过
bn:00088944v	超过
bn:00088944v	过
bn:00088944v	通过
bn:00088948v	下去
bn:00088948v	下沉
bn:00088948v	沉没
bn:00088948v	沉淀
bn:00088951v	下降
bn:00088954v	希望
bn:00088954v	期待
bn:00088954v	期望
bn:00088957v	回家
bn:00088959v	爆炸
bn:00088963v	出去
bn:00088963v	外出
bn:00088964v	出去
bn:00088965v	熄灭
bn:00088966v	过时
bn:00088968v	贯穿
bn:00088973v	激励
bn:00088988v	挖出
bn:00088990v	支配
bn:00088990v	管理
bn:00088990v	规范
bn:00088990v	调节
bn:00088991v	支配
bn:00088991v	统治
bn:00088992v	主宰
bn:00088992v	治理
bn:00088992v	统治
bn:00089002v	分级
bn:00089006v	毕业
bn:00089007v	毕业
bn:00089016v	夹
bn:00089016v	搏斗
bn:00089017v	抓住
bn:00089017v	掌握
bn:00089017v	紧握
bn:00089025v	碾磨
bn:00089025v	磨碎
bn:00089026v	刮擦
bn:00089027v	满意
bn:00089027v	满足
bn:00089028v	放纵
bn:00089039v	认出
bn:00089039v	迎接
bn:00089039v	问候
bn:00089040v	迎接
bn:00089042v	迎接
bn:00089044v	悲伤
bn:00089045v	烧烤
bn:00089048v	咧嘴
bn:00089053v	握住
bn:00089053v	紧握
bn:00089058v	呻吟
bn:00089058v	抱怨
bn:00089060v	准备
bn:00089060v	培养
bn:00089067v	抱怨
bn:00089082v	发展
bn:00089082v	增长
bn:00089082v	生长
bn:00089082v	转向
bn:00089082v	长
bn:00089082v	长大
bn:00089083v	发展
bn:00089083v	增加
bn:00089083v	增长
bn:00089083v	成长
bn:00089083v	扩展
bn:00089084v	成长
bn:00089084v	生长
bn:00089084v	种植
bn:00089084v	长
bn:00089085v	增长
bn:00089085v	生长
bn:00089085v	种
bn:00089085v	种植
bn:00089086v	成熟
bn:00089086v	成长
bn:00089089v	成熟
bn:00089089v	长大
bn:00089096v	轰鸣
bn:00089097v	咕哝
bn:00089099v	保证
bn:00089099v	保障
bn:00089100v	保证
bn:00089100v	承担
bn:00089101v	保证
bn:00089102v	守
bn:00089102v	守护
bn:00089102v	看守
bn:00089102v	防止
bn:00089103v	保卫
bn:00089103v	看守
bn:00089105v	以为
bn:00089105v	假设
bn:00089105v	想
bn:00089105v	想象
bn:00089105v	猜
bn:00089105v	猜测
bn:00089105v	认为
bn:00089106v	猜
bn:00089106v	猜测
bn:00089107v	猜测
bn:00089112v	引导
bn:00089112v	指导
bn:00089137v	旋转
bn:00089140v	使用
bn:00089149v	招呼
bn:00089154v	停
bn:00089154v	停下
bn:00089154v	停住
bn:00089154v	停止
bn:00089154v	阻止
bn:00089161v	妨碍
bn:00089161v	阻碍
bn:00089168v	传给
bn:00089172v	处理
bn:00089173v	处理
bn:00089178v	悬
bn:00089178v	悬挂
bn:00089178v	挂
bn:00089179v	悬挂
bn:00089179v	挂
bn:00089179v	绞死
bn:00089180v	悬挂
bn:00089180v	绞死
bn:00089182v	挂
bn:00089192v	坚持
bn:00089196v	挂
bn:00089196v	挂断
bn:00089197v	挂断
bn:00089198v	渴望
bn:00089199v	发生
bn:00089200v	发生
bn:00089203v	窝藏
bn:00089205v	藏
bn:00089207v	硬化
bn:00089211v	习惯
bn:00089215v	伤害
bn:00089215v	损害
bn:00089221v	利用
bn:00089232v	刺激
bn:00089232v	加速
bn:00089232v	诱导
bn:00089235v	孵化
bn:00089240v	具
bn:00089240v	具备
bn:00089240v	具有
bn:00089240v	占有
bn:00089240v	怀有
bn:00089240v	抱
bn:00089240v	抱有
bn:00089240v	拥有
bn:00089240v	拿
bn:00089240v	持有
bn:00089240v	掌握
bn:00089240v	控制
bn:00089240v	有
bn:00089240v	有着
bn:00089240v	设有
bn:00089240v	进行
bn:00089241v	具
bn:00089241v	具备
bn:00089241v	具有
bn:00089241v	拥有
bn:00089241v	有
bn:00089241v	有着
bn:00089241v	进行
bn:00089241v	附身
bn:00089242v	拥有
bn:00089242v	有
bn:00089242v	进行
bn:00089243v	有
bn:00089243v	进行
bn:00089244v	有
bn:00089245v	有
bn:00089246v	受到
bn:00089246v	得到
bn:00089246v	接到
bn:00089246v	接收
bn:00089246v	收到
bn:00089246v	收取
bn:00089246v	有
bn:00089246v	领取
bn:00089247v	有
bn:00089250v	想
bn:00089250v	想到
bn:00089250v	想起
bn:00089250v	意味着
bn:00089250v	考虑
bn:00089252v	佩戴
bn:00089252v	带
bn:00089252v	戴
bn:00089252v	留
bn:00089252v	穿
bn:00089252v	穿着
bn:00089252v	身着
bn:00089254v	叫卖
bn:00089259v	前进
bn:00089260v	为首
bn:00089260v	主导
bn:00089260v	带领
bn:00089260v	引领
bn:00089260v	领导
bn:00089261v	带
bn:00089261v	带领
bn:00089261v	引领
bn:00089261v	率领
bn:00089261v	领
bn:00089261v	领先
bn:00089271v	恢复
bn:00089271v	愈合
bn:00089274v	堆
bn:00089274v	堆积
bn:00089276v	堆
bn:00089277v	听
bn:00089277v	听到
bn:00089277v	听取
bn:00089277v	听见
bn:00089277v	听说
bn:00089278v	听
bn:00089278v	听取
bn:00089278v	审理
bn:00089279v	听
bn:00089279v	听到
bn:00089279v	听见
bn:00089280v	倾听
bn:00089280v	听
bn:00089280v	聆听
bn:00089282v	加热
bn:00089287v	扔
bn:00089295v	听
bn:00089295v	听从
bn:00089295v	注意
bn:00089302v	上升
bn:00089302v	起
bn:00089302v	高涨
bn:00089309v	供应
bn:00089309v	帮助
bn:00089309v	提供
bn:00089309v	服务
bn:00089309v	端上
bn:00089316v	包围
bn:00089318v	唠叨
bn:00089322v	尊敬
bn:00089322v	崇拜
bn:00089323v	犹豫
bn:00089324v	停顿
bn:00089324v	犹豫
bn:00089329v	冬眠
bn:00089332v	藏
bn:00089332v	藏身
bn:00089332v	躲藏
bn:00089340v	阻碍
bn:00089342v	建议
bn:00089342v	提出
bn:00089342v	提示
bn:00089342v	暗示
bn:00089346v	击
bn:00089346v	击中
bn:00089346v	打
bn:00089346v	打击
bn:00089347v	击中
bn:00089347v	打
bn:00089347v	打中
bn:00089347v	打击
bn:00089347v	袭击
bn:00089348v	击中
bn:00089348v	打击
bn:00089348v	袭击
bn:00089349v	击中
bn:00089349v	射击
bn:00089349v	打
bn:00089349v	打中
bn:00089350v	找到
bn:00089351v	得分
bn:00089351v	打
bn:00089352v	打击
bn:00089352v	袭击
bn:00089360v	学习
bn:00089368v	储存
bn:00089368v	存储
bn:00089376v	典当
bn:00089381v	举
bn:00089384v	keep
bn:00089384v	一致
bn:00089384v	保存
bn:00089384v	保守
bn:00089384v	保护
bn:00089384v	保持
bn:00089384v	保留
bn:00089384v	拥有
bn:00089384v	拿
bn:00089384v	持有
bn:00089384v	持续
bn:00089384v	控制
bn:00089384v	维护
bn:00089384v	维持
bn:00089385v	抱
bn:00089385v	拿
bn:00089385v	握
bn:00089385v	握住
bn:00089386v	保存
bn:00089386v	保留
bn:00089386v	持有
bn:00089387v	举起
bn:00089387v	容纳
bn:00089387v	支持
bn:00089387v	支撑
bn:00089388v	保持
bn:00089388v	持续
bn:00089389v	有效
bn:00089389v	流行
bn:00089400v	保持
bn:00089400v	克制
bn:00089400v	抑制
bn:00089400v	限制
bn:00089401v	等
bn:00089401v	等待
bn:00089407v	保存
bn:00089407v	保持
bn:00089407v	保留
bn:00089407v	守住
bn:00089407v	留下
bn:00089411v	坚持
bn:00089411v	抗拒
bn:00089411v	抵制
bn:00089411v	抵抗
bn:00089411v	抵挡
bn:00089412v	坚持
bn:00089426v	度假
bn:00089443v	完善
bn:00089448v	度蜜月
bn:00089448v	蜜月
bn:00089449v	尊敬
bn:00089449v	表彰
bn:00089454v	扣住
bn:00089462v	鸣笛
bn:00089465v	跳
bn:00089465v	跳跃
bn:00089466v	跳
bn:00089472v	希望
bn:00089474v	戳
bn:00089488v	追溯
bn:00089489v	收藏
bn:00089492v	徘徊
bn:00089494v	漂浮
bn:00089494v	盘旋
bn:00089496v	咆哮
bn:00089496v	哀号
bn:00089498v	咆哮
bn:00089498v	轰鸣
bn:00089500v	蜷缩
bn:00089503v	哼
bn:00089504v	抱
bn:00089508v	哼唱
bn:00089512v	谦卑
bn:00089521v	打猎
bn:00089521v	搜寻
bn:00089521v	追捕
bn:00089527v	越过
bn:00089528v	疾驰
bn:00089531v	赶
bn:00089531v	赶到
bn:00089531v	飞驰
bn:00089533v	伤害
bn:00089534v	损害
bn:00089535v	受苦
bn:00089535v	遭受
bn:00089538v	安静
bn:00089565v	催眠
bn:00089574v	确定
bn:00089574v	确认
bn:00089574v	认出
bn:00089574v	认同
bn:00089574v	识别
bn:00089575v	名叫
bn:00089575v	确定
bn:00089576v	相认
bn:00089576v	认同
bn:00089577v	一致
bn:00089581v	引燃
bn:00089581v	点燃
bn:00089582v	忽视
bn:00089582v	无视
bn:00089584v	启发
bn:00089584v	点亮
bn:00089584v	点燃
bn:00089584v	照亮
bn:00089584v	照明
bn:00089593v	模仿
bn:00089596v	浸入
bn:00089596v	钻进
bn:00089610v	受损
bn:00089614v	推动
bn:00089616v	扮演
bn:00089618v	假装
bn:00089621v	实施
bn:00089623v	意味着
bn:00089623v	暗示
bn:00089623v	表明
bn:00089625v	包括
bn:00089625v	涉及
bn:00089626v	进口
bn:00089629v	坚持
bn:00089630v	征收
bn:00089630v	征税
bn:00089636v	印象深刻
bn:00089637v	印象深刻
bn:00089646v	开创
bn:00089652v	体现
bn:00089655v	怂恿
bn:00089655v	激励
bn:00089655v	煽动
bn:00089660v	包含
bn:00089660v	包括
bn:00089660v	涵盖
bn:00089661v	包含
bn:00089661v	包括
bn:00089662v	包含
bn:00089662v	包括
bn:00089663v	包含
bn:00089663v	合并
bn:00089663v	整合
bn:00089663v	纳入
bn:00089663v	集成
bn:00089666v	增加
bn:00089666v	增大
bn:00089666v	增强
bn:00089666v	提高
bn:00089666v	递增
bn:00089667v	加大
bn:00089667v	增加
bn:00089667v	增强
bn:00089667v	提高
bn:00089668v	孵育
bn:00089670v	招致
bn:00089681v	指出
bn:00089681v	指示
bn:00089681v	显示
bn:00089681v	表明
bn:00089681v	表示
bn:00089681v	象征
bn:00089682v	建议
bn:00089682v	指出
bn:00089682v	指明
bn:00089682v	提出
bn:00089682v	显示
bn:00089682v	暗示
bn:00089683v	起诉
bn:00089689v	灌输
bn:00089693v	启蒙
bn:00089704v	感染
bn:00089705v	感染
bn:00089708v	了解
bn:00089708v	明白
bn:00089708v	理解
bn:00089712v	浸润
bn:00089713v	渗透
bn:00089715v	穿过
bn:00089724v	告知
bn:00089724v	通知
bn:00089731v	复述
bn:00089731v	重
bn:00089731v	重复
bn:00089731v	重申
bn:00089731v	重述
bn:00089736v	继承
bn:00089743v	产生
bn:00089743v	创办
bn:00089743v	发起
bn:00089743v	开始
bn:00089743v	引发
bn:00089743v	起始
bn:00089744v	引发
bn:00089746v	注入
bn:00089746v	注射
bn:00089747v	注入
bn:00089751v	受伤
bn:00089755v	镶嵌
bn:00089759v	介绍
bn:00089759v	创新
bn:00089759v	引入
bn:00089759v	引进
bn:00089769v	塞
bn:00089769v	插
bn:00089769v	插入
bn:00089773v	坚持
bn:00089773v	坚称
bn:00089773v	强调
bn:00089776v	检查
bn:00089777v	参观
bn:00089777v	检查
bn:00089777v	访问
bn:00089778v	产生
bn:00089778v	激发
bn:00089779v	促使
bn:00089779v	启示
bn:00089783v	增厚
bn:00089784v	变厚
bn:00089785v	安置
bn:00089785v	安装
bn:00089785v	设立
bn:00089791v	得知
bn:00089791v	指导
bn:00089791v	授课
bn:00089791v	教
bn:00089791v	教会
bn:00089791v	教学
bn:00089791v	教导
bn:00089792v	指导
bn:00089792v	指示
bn:00089800v	孤立
bn:00089800v	隔离
bn:00089804v	想
bn:00089804v	意味着
bn:00089804v	打算
bn:00089804v	故意
bn:00089804v	计划
bn:00089805v	意味着
bn:00089805v	打算
bn:00089806v	代表
bn:00089806v	意味
bn:00089806v	意味着
bn:00089806v	象征
bn:00089808v	互动
bn:00089810v	停下
bn:00089810v	截获
bn:00089810v	拦截
bn:00089810v	阻挡
bn:00089814v	感兴趣
bn:00089816v	妨碍
bn:00089816v	干扰
bn:00089817v	干扰
bn:00089817v	干涉
bn:00089817v	干预
bn:00089818v	内化
bn:00089819v	锁住
bn:00089834v	渗透
bn:00089837v	解读
bn:00089837v	解释
bn:00089838v	诠释
bn:00089839v	描绘
bn:00089839v	解读
bn:00089839v	解释
bn:00089840v	翻译
bn:00089840v	解释
bn:00089841v	听懂
bn:00089841v	明白
bn:00089841v	理解
bn:00089841v	翻译
bn:00089841v	解读
bn:00089842v	有关
bn:00089842v	相关
bn:00089845v	询问
bn:00089852v	质疑
bn:00089852v	质问
bn:00089852v	采访
bn:00089853v	采访
bn:00089853v	面试
bn:00089855v	使
bn:00089855v	编织
bn:00089856v	建议
bn:00089856v	提出
bn:00089856v	暗示
bn:00089857v	恐吓
bn:00089861v	引入
bn:00089862v	提出
bn:00089869v	侵入
bn:00089872v	膨胀
bn:00089874v	侵入
bn:00089874v	侵略
bn:00089874v	入侵
bn:00089874v	占据
bn:00089882v	倒置
bn:00089884v	反转
bn:00089884v	扭转
bn:00089885v	研究
bn:00089885v	调查
bn:00089889v	邀请
bn:00089890v	邀请
bn:00089891v	受到
bn:00089891v	接待
bn:00089891v	接收
bn:00089891v	迎接
bn:00089893v	涉及
bn:00089894v	包括
bn:00089894v	涉及
bn:00089898v	碘化
bn:00089905v	熨
bn:00089905v	熨烫
bn:00089906v	消除
bn:00089909v	灌溉
bn:00089911v	刺激
bn:00089917v	隔离
bn:00089921v	发出
bn:00089921v	发布
bn:00089921v	发行
bn:00089921v	提供
bn:00089921v	签发
bn:00089921v	配发
bn:00089922v	发出
bn:00089922v	发布
bn:00089922v	发表
bn:00089922v	签发
bn:00089922v	颁布
bn:00089924v	发痒
bn:00089924v	挠
bn:00089951v	旅行
bn:00089958v	猛拉
bn:00089960v	抽动
bn:00089960v	抽搐
bn:00089961v	开玩笑
bn:00089962v	开玩笑
bn:00089967v	扭动
bn:00089968v	抛弃
bn:00089968v	遗弃
bn:00089969v	撬开
bn:00089983v	加入
bn:00089991v	推
bn:00089993v	旅行
bn:00089996v	庆祝
bn:00089996v	高兴
bn:00089999v	挥舞
bn:00089999v	震动
bn:00089999v	颤抖
bn:00090000v	判断
bn:00090000v	评判
bn:00090001v	宣告
bn:00090001v	宣布
bn:00090010v	跳
bn:00090010v	跳跃
bn:00090012v	跃升
bn:00090013v	突出
bn:00090013v	跳动
bn:00090018v	跳
bn:00090018v	跳跃
bn:00090018v	跳过
bn:00090019v	跃
bn:00090022v	废弃
bn:00090024v	令
bn:00090024v	保证
bn:00090024v	证明
bn:00090025v	证明
bn:00090025v	辩解
bn:00090027v	伸出
bn:00090027v	凸出
bn:00090027v	突出
bn:00090028v	并列
bn:00090033v	保持
bn:00090033v	留
bn:00090033v	避免
bn:00090033v	防止
bn:00090033v	阻止
bn:00090033v	阻碍
bn:00090034v	保守
bn:00090034v	保留
bn:00090034v	信守
bn:00090034v	履行
bn:00090035v	保存
bn:00090035v	保持
bn:00090035v	保留
bn:00090036v	保持
bn:00090036v	保留
bn:00090036v	养
bn:00090037v	保存
bn:00090037v	保留
bn:00090038v	养
bn:00090039v	保持
bn:00090039v	保留
bn:00090039v	维护
bn:00090039v	维持
bn:00090040v	保存
bn:00090047v	保存
bn:00090049v	保留
bn:00090049v	扣留
bn:00090049v	抑制
bn:00090051v	制服
bn:00090051v	压制
bn:00090051v	征服
bn:00090051v	镇压
bn:00090055v	站岗
bn:00090059v	退后
bn:00090069v	保持
bn:00090069v	继续
bn:00090070v	保持
bn:00090070v	维持
bn:00090084v	踢
bn:00090084v	踢球
bn:00090085v	踢
bn:00090085v	踢腿
bn:00090086v	踢
bn:00090095v	开始
bn:00090097v	开玩笑
bn:00090098v	杀
bn:00090098v	杀人
bn:00090098v	杀害
bn:00090098v	杀戮
bn:00090098v	杀掉
bn:00090098v	杀死
bn:00090098v	消灭
bn:00090098v	谋杀
bn:00090099v	踩灭
bn:00090107v	消灭
bn:00090120v	揉捏
bn:00090121v	按摩
bn:00090123v	跪
bn:00090123v	跪下
bn:00090129v	敲
bn:00090141v	了解
bn:00090141v	已知
bn:00090141v	知
bn:00090141v	知道
bn:00090141v	认识
bn:00090142v	了解
bn:00090142v	知道
bn:00090143v	了解
bn:00090143v	知道
bn:00090143v	认识
bn:00090144v	知道
bn:00090150v	标注
bn:00090150v	标记
bn:00090151v	标记
bn:00090159v	伤害
bn:00090161v	不见
bn:00090161v	不足
bn:00090161v	没有
bn:00090161v	缺乏
bn:00090161v	缺少
bn:00090161v	错过
bn:00090165v	装
bn:00090165v	装入
bn:00090165v	装载
bn:00090175v	讽刺
bn:00090179v	登陆
bn:00090179v	着陆
bn:00090179v	落地
bn:00090179v	降落
bn:00090180v	登陆
bn:00090180v	降落
bn:00090186v	搭接
bn:00090186v	重叠
bn:00090187v	舔
bn:00090187v	舔舐
bn:00090194v	陷入
bn:00090200v	抽打
bn:00090205v	闩上
bn:00090214v	发射
bn:00090215v	下水
bn:00090216v	开始
bn:00090216v	投入
bn:00090216v	陷入
bn:00090217v	启动
bn:00090219v	洗
bn:00090219v	洗涤
bn:00090219v	洗澡
bn:00090219v	清洗
bn:00090221v	冲洗
bn:00090221v	洗
bn:00090221v	洗澡
bn:00090224v	出发
bn:00090224v	安放
bn:00090224v	安置
bn:00090224v	定位
bn:00090224v	放
bn:00090224v	放置
bn:00090224v	设置
bn:00090224v	铺
bn:00090224v	镶嵌
bn:00090225v	安放
bn:00090225v	放下
bn:00090225v	放置
bn:00090229v	保存
bn:00090229v	节省
bn:00090231v	冒险
bn:00090232v	搞
bn:00090234v	介绍
bn:00090234v	呈现
bn:00090234v	提出
bn:00090237v	叠加
bn:00090237v	附加
bn:00090239v	分层
bn:00090243v	产生
bn:00090243v	剩下
bn:00090243v	导致
bn:00090244v	导致
bn:00090244v	引导
bn:00090245v	导致
bn:00090245v	带领
bn:00090245v	引导
bn:00090246v	领先
bn:00090246v	领导
bn:00090246v	领衔
bn:00090247v	导致
bn:00090250v	误导
bn:00090260v	依赖
bn:00090266v	修
bn:00090266v	学
bn:00090266v	学习
bn:00090266v	研究
bn:00090266v	读
bn:00090266v	阅读
bn:00090267v	出租
bn:00090267v	租
bn:00090267v	租赁
bn:00090268v	租
bn:00090271v	剩下
bn:00090271v	留
bn:00090271v	离开
bn:00090272v	剩下
bn:00090272v	留
bn:00090273v	剩下
bn:00090273v	留
bn:00090274v	剩下
bn:00090274v	留
bn:00090275v	留
bn:00090276v	留下
bn:00090276v	超过
bn:00090280v	退出
bn:00090283v	讲授
bn:00090283v	讲课
bn:00090286v	通过
bn:00090289v	借
bn:00090289v	借给
bn:00090289v	提供
bn:00090293v	减轻
bn:00090293v	平息
bn:00090294v	让
bn:00090297v	放开
bn:00090297v	释放
bn:00090298v	放开
bn:00090313v	招募
bn:00090319v	称量
bn:00090321v	位于
bn:00090321v	停泊
bn:00090321v	存在
bn:00090324v	说谎
bn:00090326v	躺
bn:00090326v	躺下
bn:00090329v	沉睡
bn:00090334v	提起
bn:00090337v	提升
bn:00090339v	升起
bn:00090350v	起飞
bn:00090351v	拿起
bn:00090362v	喜欢
bn:00090362v	希望
bn:00090362v	想
bn:00090362v	愿意
bn:00090363v	喜欢
bn:00090364v	喜欢
bn:00090372v	排
bn:00090373v	衬里
bn:00090378v	排队
bn:00090379v	排队
bn:00090382v	徘徊
bn:00090397v	列举
bn:00090397v	列出
bn:00090398v	列出
bn:00090400v	倾听
bn:00090400v	听
bn:00090400v	聆听
bn:00090408v	住
bn:00090408v	活
bn:00090408v	生存
bn:00090408v	生活
bn:00090408v	经历
bn:00090408v	过
bn:00090422v	设置
bn:00090423v	出现
bn:00090423v	发现
bn:00090423v	定位
bn:00090424v	位于
bn:00090424v	定位
bn:00090425v	位于
bn:00090426v	定居
bn:00090426v	解决
bn:00090427v	锁
bn:00090427v	锁上
bn:00090427v	锁定
bn:00090428v	锁定
bn:00090430v	锁
bn:00090435v	锁上
bn:00090437v	占据
bn:00090442v	记录
bn:00090443v	伐木
bn:00090448v	打量
bn:00090448v	期待
bn:00090448v	看
bn:00090448v	长
bn:00090448v	面向
bn:00090449v	显得
bn:00090450v	寻找
bn:00090450v	搜查
bn:00090450v	搜索
bn:00090450v	看
bn:00090451v	看
bn:00090453v	俯瞰
bn:00090454v	照看
bn:00090454v	照顾
bn:00090454v	看管
bn:00090455v	张望
bn:00090455v	环顾
bn:00090458v	回顾
bn:00090460v	寻找
bn:00090460v	寻求
bn:00090460v	找
bn:00090460v	搜寻
bn:00090460v	搜索
bn:00090460v	期待
bn:00090460v	试图
bn:00090460v	追求
bn:00090461v	期待
bn:00090463v	看
bn:00090463v	观察
bn:00090463v	观看
bn:00090472v	松开
bn:00090473v	放松
bn:00090482v	掠夺
bn:00090485v	丢
bn:00090485v	丢失
bn:00090485v	丢掉
bn:00090485v	丧失
bn:00090485v	失去
bn:00090485v	损失
bn:00090485v	迷失
bn:00090486v	失利
bn:00090486v	失败
bn:00090486v	输
bn:00090486v	输掉
bn:00090487v	失去
bn:00090488v	丢
bn:00090488v	失去
bn:00090489v	丢
bn:00090489v	失去
bn:00090491v	失去
bn:00090491v	损失
bn:00090492v	失去
bn:00090493v	想
bn:00090493v	错过
bn:00090497v	减重
bn:00090501v	躺
bn:00090502v	降低
bn:00090503v	低
bn:00090504v	喜欢
bn:00090504v	热爱
bn:00090504v	爱
bn:00090504v	爱慕
bn:00090505v	爱
bn:00090507v	低估
bn:00090516v	麻痹
bn:00090521v	颠簸
bn:00090523v	徘徊
bn:00090525v	潜伏
bn:00090547v	磁化
bn:00090548v	发送
bn:00090548v	寄
bn:00090548v	寄送
bn:00090552v	支持
bn:00090552v	维持
bn:00090553v	主修
bn:00090554v	使
bn:00090555v	成功
bn:00090555v	构成
bn:00090556v	做
bn:00090557v	做出
bn:00090560v	任命
bn:00090560v	使得
bn:00090561v	制作
bn:00090563v	整理
bn:00090597v	改造
bn:00090598v	改造
bn:00090601v	拯救
bn:00090601v	节省
bn:00090616v	监督
bn:00090616v	管理
bn:00090617v	托管
bn:00090621v	运作
bn:00090631v	增加
bn:00090632v	操控
bn:00090632v	操纵
bn:00090633v	操控
bn:00090653v	前进
bn:00090653v	进军
bn:00090658v	腌制
bn:00090659v	标志
bn:00090659v	标记
bn:00090659v	表明
bn:00090660v	标记
bn:00090661v	注意
bn:00090661v	记录
bn:00090663v	划线
bn:00090663v	刻划
bn:00090664v	创造
bn:00090664v	树立
bn:00090664v	设定
bn:00090673v	困
bn:00090675v	结婚
bn:00090678v	动员
bn:00090678v	调动
bn:00090688v	假装
bn:00090688v	掩饰
bn:00090690v	聚集
bn:00090690v	集结
bn:00090692v	屠杀
bn:00090696v	匹
bn:00090696v	匹配
bn:00090696v	配合
bn:00090707v	咕哝
bn:00090707v	喃喃
bn:00090707v	喃喃自语
bn:00090713v	漫步
bn:00090714v	测量
bn:00090715v	测量
bn:00090716v	测量
bn:00090721v	干预
bn:00090725v	会
bn:00090725v	合适
bn:00090725v	见
bn:00090725v	遇到
bn:00090726v	会面
bn:00090726v	见
bn:00090726v	遇到
bn:00090733v	消融
bn:00090733v	融化
bn:00090736v	融化
bn:00090740v	提到
bn:00090740v	提及
bn:00090740v	提示
bn:00090740v	显著
bn:00090740v	注意
bn:00090740v	看到
bn:00090740v	观察
bn:00090740v	记录
bn:00090740v	评论
bn:00090745v	合一
bn:00090745v	合并
bn:00090745v	团结
bn:00090745v	统一
bn:00090745v	联合
bn:00090745v	融合
bn:00090759v	转变
bn:00090767v	哭诉
bn:00090774v	移动
bn:00090774v	迁徙
bn:00090774v	迁移
bn:00090776v	发霉
bn:00090793v	介意
bn:00090793v	在意
bn:00090794v	介意
bn:00090796v	开采
bn:00090804v	最小化
bn:00090809v	反映
bn:00090815v	滥用
bn:00090818v	算错
bn:00090835v	误解
bn:00090836v	误导
bn:00090839v	误判
bn:00090850v	读错
bn:00090852v	想
bn:00090852v	想念
bn:00090852v	错过
bn:00090853v	错过
bn:00090854v	失误
bn:00090854v	想念
bn:00090854v	错过
bn:00090856v	失踪
bn:00090869v	混合
bn:00090870v	混合
bn:00090872v	难倒
bn:00090876v	仿造
bn:00090877v	塑造
bn:00090883v	现代化
bn:00090884v	修改
bn:00090884v	改变
bn:00090885v	修饰
bn:00090887v	调整
bn:00090887v	调节
bn:00090892v	猥亵
bn:00090892v	骚扰
bn:00090900v	垄断
bn:00090909v	擦
bn:00090926v	改变
bn:00090934v	安装
bn:00090934v	装裱
bn:00090935v	安装
bn:00090940v	哀悼
bn:00090941v	哀悼
bn:00090943v	交谈
bn:00090943v	发言
bn:00090943v	对话
bn:00090943v	讲
bn:00090943v	讲话
bn:00090943v	说
bn:00090943v	说出
bn:00090943v	说话
bn:00090943v	谈论
bn:00090946v	动
bn:00090946v	搬迁
bn:00090946v	活动
bn:00090946v	移动
bn:00090946v	走
bn:00090946v	运动
bn:00090947v	搬家
bn:00090947v	离开
bn:00090947v	迁移
bn:00090952v	旋转
bn:00090952v	转向
bn:00090960v	删除
bn:00090960v	取
bn:00090960v	离开
bn:00090960v	移除
bn:00090962v	穿过
bn:00090972v	压制
bn:00090972v	抑制
bn:00090977v	乘
bn:00090977v	相乘
bn:00090978v	繁殖
bn:00090998v	抓住
bn:00091002v	钉
bn:00091005v	缩小
bn:00091006v	命名
bn:00091008v	麻醉
bn:00091011v	叙述
bn:00091011v	告诉
bn:00091011v	讲述
bn:00091011v	说
bn:00091012v	专攻
bn:00091012v	狭窄
bn:00091017v	国有化
bn:00091020v	归化
bn:00091023v	导航
bn:00091027v	迫使
bn:00091028v	希望
bn:00091028v	想要
bn:00091028v	需要
bn:00091029v	需要
bn:00091032v	忽视
bn:00091037v	谈判
bn:00091038v	嘶鸣
bn:00091042v	筑巢
bn:00091072v	点
bn:00091072v	点头
bn:00091073v	点
bn:00091073v	点头
bn:00091078v	提名
bn:00091079v	提出
bn:00091094v	开槽
bn:00091096v	注意
bn:00091096v	观察
bn:00091096v	记录
bn:00091098v	滋养
bn:00091098v	维持
bn:00091101v	推动
bn:00091112v	从
bn:00091112v	服从
bn:00091112v	遵守
bn:00091112v	遵循
bn:00091114v	反对
bn:00091119v	看到
bn:00091119v	观察
bn:00091124v	得到
bn:00091124v	获得
bn:00091124v	达到
bn:00091127v	引起
bn:00091131v	取得
bn:00091131v	接受
bn:00091131v	花费
bn:00091131v	需要
bn:00091134v	冒犯
bn:00091135v	提供
bn:00091135v	提议
bn:00091135v	试图
bn:00091136v	提供
bn:00091136v	献
bn:00091136v	献上
bn:00091137v	提供
bn:00091137v	自愿
bn:00091137v	试图
bn:00091138v	提供
bn:00091139v	提供
bn:00091146v	主持
bn:00091155v	尖叫
bn:00091157v	渗透
bn:00091165v	打开
bn:00091165v	睁开
bn:00091166v	开业
bn:00091166v	开办
bn:00091166v	开启
bn:00091166v	开场
bn:00091166v	开始
bn:00091166v	开展
bn:00091166v	开幕
bn:00091166v	开放
bn:00091166v	开设
bn:00091166v	打开
bn:00091166v	揭幕
bn:00091167v	开
bn:00091167v	开放
bn:00091167v	打开
bn:00091168v	展开
bn:00091168v	开启
bn:00091168v	开场
bn:00091168v	开始
bn:00091168v	开幕
bn:00091168v	揭开
bn:00091169v	展开
bn:00091169v	张开
bn:00091169v	打开
bn:00091169v	扩散
bn:00091169v	撑开
bn:00091170v	开启
bn:00091170v	开辟
bn:00091170v	打开
bn:00091171v	打开
bn:00091172v	开
bn:00091175v	开创
bn:00091175v	开拓
bn:00091175v	打开
bn:00091177v	作业
bn:00091177v	操作
bn:00091177v	管理
bn:00091177v	经营
bn:00091177v	运作
bn:00091177v	运行
bn:00091177v	进行
bn:00091178v	运作
bn:00091180v	反对
bn:00091192v	命令
bn:00091192v	点
bn:00091194v	整理
bn:00091195v	组织
bn:00091196v	组织
bn:00091197v	定向
bn:00091197v	指
bn:00091197v	指向
bn:00091198v	定向
bn:00091207v	震动
bn:00091210v	骨化
bn:00091237v	过时
bn:00091243v	输出
bn:00091249v	超过
bn:00091282v	克服
bn:00091292v	高估
bn:00091307v	经过
bn:00091307v	赶上
bn:00091307v	通过
bn:00091311v	重叠
bn:00091312v	重叠
bn:00091317v	过载
bn:00091318v	忽视
bn:00091320v	压倒
bn:00091331v	推翻
bn:00091331v	逆转
bn:00091347v	传播
bn:00091350v	拉伤
bn:00091356v	过冬
bn:00091360v	归功于
bn:00091360v	欠
bn:00091361v	欠
bn:00091364v	氧化
bn:00091369v	踱
bn:00091369v	踱步
bn:00091374v	收拾
bn:00091374v	装
bn:00091389v	画
bn:00091389v	绘画
bn:00091390v	涂漆
bn:00091390v	粉刷
bn:00091391v	描绘
bn:00091391v	画
bn:00091400v	颤动
bn:00091400v	颤抖
bn:00091403v	淘金
bn:00091410v	镶板
bn:00091414v	喘
bn:00091419v	游行
bn:00091423v	相似
bn:00091426v	瘫痪
bn:00091433v	赦免
bn:00091436v	剥皮
bn:00091437v	修剪
bn:00091437v	剪掉
bn:00091439v	停
bn:00091439v	停车
bn:00091440v	停
bn:00091440v	停车
bn:00091444v	鹦鹉学舌
bn:00091446v	分开
bn:00091446v	分裂
bn:00091447v	带有
bn:00091448v	共享
bn:00091448v	分享
bn:00091448v	分摊
bn:00091451v	参与
bn:00091451v	参加
bn:00091458v	度过
bn:00091458v	花
bn:00091458v	花费
bn:00091458v	超过
bn:00091459v	通过
bn:00091463v	消逝
bn:00091467v	传递
bn:00091468v	提交
bn:00091469v	擦
bn:00091469v	擦去
bn:00091469v	擦拭
bn:00091470v	穿过
bn:00091470v	通过
bn:00091475v	拼凑
bn:00091477v	修补
bn:00091483v	巡逻
bn:00091483v	监督
bn:00091485v	资助
bn:00091485v	赞助
bn:00091493v	付
bn:00091493v	付出
bn:00091493v	付款
bn:00091493v	付给
bn:00091493v	付费
bn:00091493v	付钱
bn:00091493v	支付
bn:00091493v	缴纳
bn:00091496v	付出
bn:00091505v	响
bn:00091505v	按铃
bn:00091507v	啄食
bn:00091519v	凝视
bn:00091519v	窥视
bn:00091527v	惩罚
bn:00091529v	渗透
bn:00091529v	透
bn:00091539v	走动
bn:00091541v	位于
bn:00091550v	完成
bn:00091550v	履行
bn:00091550v	执行
bn:00091550v	表演
bn:00091550v	进行
bn:00091551v	完成
bn:00091551v	演出
bn:00091551v	表演
bn:00091554v	充满
bn:00091554v	弥漫
bn:00091562v	坚持
bn:00091562v	留
bn:00091562v	留下
bn:00091562v	留存
bn:00091564v	出汗
bn:00091564v	流汗
bn:00091565v	说
bn:00091565v	说服
bn:00091574v	申请
bn:00091590v	挑选
bn:00091590v	选
bn:00091590v	选择
bn:00091597v	摘下
bn:00091597v	脱
bn:00091597v	采摘
bn:00091599v	拿起
bn:00091599v	捡
bn:00091601v	获得
bn:00091603v	得到
bn:00091603v	接到
bn:00091603v	接收
bn:00091603v	收到
bn:00091605v	振作
bn:00091611v	野餐
bn:00091652v	射中
bn:00091652v	射击
bn:00091653v	尖叫
bn:00091671v	旋转
bn:00091677v	派
bn:00091677v	驻扎
bn:00091682v	放下
bn:00091683v	起来
bn:00091685v	打算
bn:00091685v	策划
bn:00091685v	规划
bn:00091685v	计划
bn:00091687v	掠过
bn:00091692v	种
bn:00091692v	种植
bn:00091704v	策划
bn:00091708v	出
bn:00091708v	去
bn:00091708v	扮演
bn:00091708v	比赛
bn:00091708v	演奏
bn:00091708v	玩
bn:00091708v	踢
bn:00091709v	扮演
bn:00091710v	演奏
bn:00091711v	玩
bn:00091711v	玩耍
bn:00091712v	播放
bn:00091712v	演奏
bn:00091713v	弹
bn:00091713v	演奏
bn:00091715v	去
bn:00091715v	玩
bn:00091715v	玩耍
bn:00091716v	玩
bn:00091717v	扮演
bn:00091717v	玩
bn:00091723v	播放
bn:00091723v	运行
bn:00091739v	装死
bn:00091741v	恳求
bn:00091742v	恳求
bn:00091742v	辩称
bn:00091745v	愿意
bn:00091755v	密谋
bn:00091755v	策划
bn:00091758v	犁地
bn:00091800v	指出
bn:00091802v	强调
bn:00091805v	毒害
bn:00091806v	毒害
bn:00091815v	极化
bn:00091821v	打磨
bn:00091821v	抛光
bn:00091821v	擦亮
bn:00091838v	合并
bn:00091866v	描绘
bn:00091868v	提出
bn:00091870v	提交
bn:00091870v	提出
bn:00091870v	称
bn:00091870v	认为
bn:00091870v	说明
bn:00091871v	假设
bn:00091872v	定位
bn:00091873v	具
bn:00091873v	具备
bn:00091873v	具有
bn:00091873v	拥有
bn:00091873v	有
bn:00091875v	张贴
bn:00091876v	记录
bn:00091876v	贴出
bn:00091882v	建造
bn:00091892v	俯冲
bn:00091893v	撞
bn:00091897v	倒
bn:00091897v	浇筑
bn:00091898v	涌出
bn:00091899v	流出
bn:00091902v	流下
bn:00091903v	倾诉
bn:00091912v	实践
bn:00091912v	排练
bn:00091912v	练习
bn:00091913v	称
bn:00091913v	称赞
bn:00091913v	赞扬
bn:00091913v	赞美
bn:00091921v	祈求
bn:00091921v	祈祷
bn:00091921v	祷告
bn:00091922v	传讲
bn:00091922v	宣讲
bn:00091922v	布道
bn:00091922v	讲道
bn:00091929v	沉淀
bn:00091941v	宣告
bn:00091949v	倾向于
bn:00091970v	准备
bn:00091970v	制备
bn:00091972v	培训
bn:00091972v	训练
bn:00091979v	上演
bn:00091979v	呈现
bn:00091980v	提交
bn:00091980v	提出
bn:00091980v	赠送
bn:00091980v	递交
bn:00091983v	保存
bn:00091983v	保持
bn:00091983v	保留
bn:00091983v	拯救
bn:00091983v	节省
bn:00091985v	主持
bn:00091985v	负责
bn:00091986v	压
bn:00091986v	按
bn:00091986v	按压
bn:00091987v	紧迫
bn:00091989v	拥挤
bn:00092001v	假设
bn:00092002v	预设
bn:00092006v	胜利
bn:00092006v	获胜
bn:00092011v	扎
bn:00092023v	公布
bn:00092023v	出版
bn:00092023v	刊登
bn:00092023v	印刷
bn:00092023v	发表
bn:00092023v	打印
bn:00092024v	打印
bn:00092032v	处理
bn:00092035v	工作
bn:00092037v	宣告
bn:00092037v	宣布
bn:00092039v	保证
bn:00092039v	获得
bn:00092040v	声称
bn:00092040v	宣称
bn:00092040v	自称
bn:00092041v	声称
bn:00092041v	宣称
bn:00092041v	自称
bn:00092049v	获益
bn:00092052v	编程
bn:00092054v	投射
bn:00092055v	投射
bn:00092057v	投射
bn:00092058v	建议
bn:00092058v	提出
bn:00092058v	提议
bn:00092065v	承诺
bn:00092065v	答应
bn:00092066v	有望
bn:00092069v	颁布
bn:00092077v	支持
bn:00092077v	支撑
bn:00092083v	传播
bn:00092083v	蔓延
bn:00092087v	预言
bn:00092095v	起诉
bn:00092096v	起诉
bn:00092103v	保护
bn:00092104v	保护
bn:00092105v	抗议
bn:00092109v	证明
bn:00092110v	证明
bn:00092111v	上升
bn:00092115v	提供
bn:00092115v	规定
bn:00092118v	引发
bn:00092118v	挑起
bn:00092119v	徘徊
bn:00092119v	潜行
bn:00092120v	打听
bn:00092122v	吐
bn:00092122v	吐痰
bn:00092123v	写
bn:00092123v	写作
bn:00092123v	写道
bn:00092123v	发表
bn:00092123v	撰写
bn:00092123v	撰稿
bn:00092142v	撕破
bn:00092142v	破裂
bn:00092154v	云集
bn:00092154v	充满
bn:00092154v	蜂拥
bn:00092159v	跳动
bn:00092159v	震动
bn:00092165v	抽水
bn:00092174v	穿刺
bn:00092180v	化蛹
bn:00092182v	清除
bn:00092194v	声称
bn:00092195v	下决心
bn:00092197v	皱
bn:00092201v	拨开
bn:00092204v	放
bn:00092211v	放回
bn:00092211v	更换
bn:00092211v	替换
bn:00092212v	提交
bn:00092212v	提出
bn:00092219v	熄灭
bn:00092226v	工作
bn:00092229v	推杆
bn:00092238v	嘎嘎
bn:00092244v	限制
bn:00092244v	限定
bn:00092257v	减轻
bn:00092257v	平息
bn:00092261v	询问
bn:00092261v	质疑
bn:00092261v	质问
bn:00092265v	怀疑
bn:00092265v	惊讶
bn:00092265v	质疑
bn:00092274v	测试
bn:00092285v	绞尽脑汁
bn:00092300v	辐射
bn:00092301v	散发
bn:00092330v	下雨
bn:00092332v	上调
bn:00092332v	增加
bn:00092332v	抬高
bn:00092332v	提高
bn:00092332v	筹集
bn:00092333v	提出
bn:00092333v	起
bn:00092334v	增加
bn:00092334v	筹集
bn:00092343v	复活
bn:00092352v	振作
bn:00092364v	排名
bn:00092379v	批准
bn:00092379v	签署
bn:00092403v	重现
bn:00092413v	恢复
bn:00092415v	伸出
bn:00092415v	到
bn:00092415v	延伸
bn:00092416v	努力
bn:00092416v	奋斗
bn:00092421v	反应
bn:00092421v	响应
bn:00092421v	回应
bn:00092422v	反应
bn:00092424v	看
bn:00092424v	读
bn:00092424v	阅读
bn:00092426v	阅读
bn:00092427v	读取
bn:00092428v	读
bn:00092429v	坐
bn:00092429v	读
bn:00092429v	需要
bn:00092430v	显示
bn:00092430v	记录
bn:00092430v	读
bn:00092430v	读取
bn:00092439v	重申
bn:00092443v	了解
bn:00092443v	懂
bn:00092443v	明白
bn:00092443v	查看
bn:00092443v	理解
bn:00092443v	看
bn:00092443v	看出
bn:00092443v	看到
bn:00092443v	看见
bn:00092443v	知道
bn:00092443v	见
bn:00092450v	抬起
bn:00092460v	移交
bn:00092460v	调动
bn:00092460v	转移
bn:00092467v	反抗
bn:00092470v	冷落
bn:00092471v	重建
bn:00092471v	重构
bn:00092473v	反驳
bn:00092481v	重温
bn:00092490v	接待
bn:00092491v	欢迎
bn:00092491v	迎接
bn:00092492v	接收
bn:00092492v	收到
bn:00092496v	凹进
bn:00092502v	背诵
bn:00092513v	认出
bn:00092524v	和解
bn:00092533v	重建
bn:00092534v	恢复
bn:00092540v	录制
bn:00092541v	记录
bn:00092548v	招募
bn:00092553v	重复
bn:00092553v	重演
bn:00092588v	减少
bn:00092588v	简化
bn:00092589v	缩减
bn:00092590v	简化
bn:00092592v	减少
bn:00092592v	分解
bn:00092592v	缩小
bn:00092593v	减少
bn:00092594v	减少
bn:00092595v	减少
bn:00092606v	散发
bn:00092613v	加固
bn:00092613v	加强
bn:00092618v	回顾
bn:00092621v	参考
bn:00092622v	参考
bn:00092622v	提交
bn:00092635v	体现
bn:00092635v	反映
bn:00092636v	倒映
bn:00092636v	反射
bn:00092636v	反映
bn:00092637v	反射
bn:00092637v	发光
bn:00092637v	照耀
bn:00092657v	加油
bn:00092658v	加油
bn:00092663v	更新
bn:00092663v	重申
bn:00092665v	恢复
bn:00092670v	重振
bn:00092674v	登记
bn:00092675v	注册
bn:00092675v	登记
bn:00092681v	产生
bn:00092681v	回来
bn:00092681v	转回
bn:00092683v	后悔
bn:00092683v	遗憾
bn:00092685v	遗憾
bn:00092686v	遗憾
bn:00092703v	统治
bn:00092710v	更新
bn:00092710v	续订
bn:00092721v	转载
bn:00092723v	拒绝
bn:00092723v	驳回
bn:00092725v	团聚
bn:00092733v	相关
bn:00092733v	讲
bn:00092733v	讲述
bn:00092736v	放松
bn:00092741v	释放
bn:00092742v	分泌
bn:00092742v	释放
bn:00092744v	接替
bn:00092744v	接管
bn:00092745v	保住
bn:00092745v	免除
bn:00092745v	拯救
bn:00092745v	挽救
bn:00092745v	救
bn:00092745v	获救
bn:00092746v	减轻
bn:00092747v	缓解
bn:00092756v	保持
bn:00092756v	停留
bn:00092756v	坚持
bn:00092756v	安息
bn:00092756v	待
bn:00092756v	留
bn:00092756v	继续
bn:00092757v	剩下
bn:00092757v	剩余
bn:00092757v	留下
bn:00092759v	坚持
bn:00092759v	站立
bn:00092762v	再婚
bn:00092763v	回忆
bn:00092763v	想
bn:00092763v	想到
bn:00092763v	想起
bn:00092763v	牢记
bn:00092763v	考虑
bn:00092763v	记住
bn:00092763v	记得
bn:00092763v	铭记
bn:00092764v	回忆
bn:00092764v	回想
bn:00092764v	记得
bn:00092765v	铭记
bn:00092770v	提醒
bn:00092779v	抗议
bn:00092783v	去
bn:00092783v	去掉
bn:00092783v	去除
bn:00092783v	拆除
bn:00092783v	拿
bn:00092783v	消除
bn:00092783v	移除
bn:00092783v	脱掉
bn:00092783v	解除
bn:00092784v	去除
bn:00092784v	移除
bn:00092785v	远离
bn:00092787v	更名
bn:00092789v	使
bn:00092791v	回
bn:00092791v	回报
bn:00092791v	归还
bn:00092802v	重组
bn:00092811v	偿还
bn:00092812v	重复
bn:00092816v	代替
bn:00092816v	取代
bn:00092816v	更换
bn:00092816v	替代
bn:00092816v	替换
bn:00092817v	代替
bn:00092817v	取代
bn:00092817v	取而代之
bn:00092817v	替代
bn:00092817v	替换
bn:00092823v	报告
bn:00092823v	报道
bn:00092823v	汇报
bn:00092824v	报到
bn:00092824v	报告
bn:00092824v	报道
bn:00092825v	报告
bn:00092825v	报道
bn:00092826v	报告
bn:00092837v	代表
bn:00092837v	支持
bn:00092837v	表示
bn:00092837v	象征
bn:00092838v	代表
bn:00092839v	代表
bn:00092840v	代表
bn:00092840v	表现
bn:00092840v	表示
bn:00092850v	复制
bn:00092850v	重现
bn:00092857v	要求
bn:00092857v	请求
bn:00092859v	申请
bn:00092859v	要求
bn:00092861v	重读
bn:00092876v	像
bn:00092876v	相似
bn:00092876v	类似
bn:00092876v	类似于
bn:00092877v	怨恨
bn:00092878v	保留
bn:00092879v	预定
bn:00092880v	重设
bn:00092884v	重塑
bn:00092897v	求解
bn:00092897v	解决
bn:00092903v	休息
bn:00092903v	安息
bn:00092903v	静止
bn:00092904v	休息
bn:00092904v	安息
bn:00092905v	休息
bn:00092905v	安息
bn:00092908v	恢复
bn:00092911v	限制
bn:00092914v	恢复
bn:00092915v	恢复
bn:00092916v	总结
bn:00092916v	汇总
bn:00092923v	复兴
bn:00092923v	恢复
bn:00092928v	保留
bn:00092931v	反击
bn:00092940v	退休
bn:00092940v	退役
bn:00092941v	撤回
bn:00092941v	撤退
bn:00092941v	退休
bn:00092941v	退出
bn:00092941v	隐退
bn:00092943v	退休
bn:00092944v	退役
bn:00092947v	修订
bn:00092951v	回顾
bn:00092951v	追溯
bn:00092969v	回
bn:00092969v	回去
bn:00092969v	回来
bn:00092969v	归来
bn:00092969v	返回
bn:00092971v	返回
bn:00092975v	团聚
bn:00092975v	重聚
bn:00092977v	提升
bn:00092979v	重整
bn:00092988v	修订
bn:00092997v	改写
bn:00092997v	重写
bn:00093002v	押韵
bn:00093007v	扭伤
bn:00093013v	骑
bn:00093013v	骑行
bn:00093013v	骑马
bn:00093014v	乘
bn:00093014v	乘坐
bn:00093014v	乘车
bn:00093014v	骑
bn:00093014v	骑行
bn:00093014v	骑马
bn:00093015v	骑
bn:00093035v	操纵
bn:00093048v	冲洗
bn:00093049v	冲洗
bn:00093049v	洗涤
bn:00093049v	清洗
bn:00093056v	成熟
bn:00093069v	烤
bn:00093070v	抢劫
bn:00093072v	摇
bn:00093072v	摇摆
bn:00093072v	摇晃
bn:00093072v	震动
bn:00093076v	滚
bn:00093076v	滚动
bn:00093076v	翻
bn:00093076v	翻滚
bn:00093077v	滚
bn:00093077v	滚动
bn:00093078v	滚
bn:00093078v	翻滚
bn:00093078v	起伏
bn:00093079v	擀
bn:00093081v	包
bn:00093081v	滚动
bn:00093081v	绕
bn:00093081v	裹
bn:00093109v	生根
bn:00093113v	扎根
bn:00093113v	生根
bn:00093120v	轮换
bn:00093134v	绕过
bn:00093143v	划船
bn:00093144v	揉
bn:00093144v	搓
bn:00093144v	摩擦
bn:00093144v	擦
bn:00093166v	排除
bn:00093168v	翻找
bn:00093170v	奔跑
bn:00093170v	行驶
bn:00093170v	跑
bn:00093170v	跑步
bn:00093171v	奔走
bn:00093171v	跑
bn:00093172v	运行
bn:00093172v	运转
bn:00093174v	运行
bn:00093174v	进行
bn:00093177v	进行
bn:00093187v	失控
bn:00093200v	缝
bn:00093200v	缝制
bn:00093200v	缝合
bn:00093200v	缝纫
bn:00093226v	保障
bn:00093226v	维护
bn:00093229v	航行
bn:00093229v	起航
bn:00093230v	席卷
bn:00093230v	航行
bn:00093244v	致意
bn:00093245v	致敬
bn:00093251v	尝到
bn:00093251v	尝试
bn:00093251v	采样
bn:00093268v	行走
bn:00093276v	散步
bn:00093277v	炒
bn:00093279v	节省
bn:00093280v	保存
bn:00093280v	挽救
bn:00093280v	饶
bn:00093281v	书写
bn:00093281v	写
bn:00093282v	品尝
bn:00093282v	尝
bn:00093286v	打鼾
bn:00093287v	告诉
bn:00093287v	声明
bn:00093287v	声称
bn:00093287v	称
bn:00093287v	言
bn:00093287v	讲
bn:00093287v	讲述
bn:00093287v	说
bn:00093287v	说明
bn:00093287v	说话
bn:00093287v	说道
bn:00093287v	述
bn:00093287v	道
bn:00093287v	陈述
bn:00093288v	假设
bn:00093288v	说
bn:00093288v	说明
bn:00093317v	扫描
bn:00093318v	扫描
bn:00093331v	撒
bn:00093332v	展开
bn:00093336v	安排
bn:00093336v	预定
bn:00093341v	训练
bn:00093360v	擦洗
bn:00093368v	划伤
bn:00093368v	刮
bn:00093368v	抓
bn:00093368v	抓挠
bn:00093372v	喊
bn:00093372v	喊道
bn:00093372v	尖叫
bn:00093374v	检测
bn:00093374v	测试
bn:00093374v	筛
bn:00093375v	筛选
bn:00093378v	屏蔽
bn:00093390v	擦洗
bn:00093394v	审查
bn:00093402v	雕刻
bn:00093405v	密封
bn:00093406v	密封
bn:00093406v	封闭
bn:00093412v	搜查
bn:00093414v	就座
bn:00093430v	参观
bn:00093430v	理解
bn:00093430v	看
bn:00093430v	看出
bn:00093430v	看到
bn:00093430v	看见
bn:00093430v	见
bn:00093430v	见到
bn:00093431v	看
bn:00093431v	见
bn:00093431v	见到
bn:00093432v	看到
bn:00093432v	见
bn:00093432v	见到
bn:00093433v	参观
bn:00093433v	拜访
bn:00093433v	探望
bn:00093433v	查看
bn:00093433v	看
bn:00093433v	看到
bn:00093433v	见
bn:00093433v	访问
bn:00093433v	造访
bn:00093447v	播种
bn:00093452v	寻找
bn:00093452v	寻求
bn:00093452v	追求
bn:00093461v	摇摆不定
bn:00093464v	分离
bn:00093464v	隔离
bn:00093469v	利用
bn:00093469v	夺取
bn:00093469v	抓住
bn:00093472v	出卖
bn:00093472v	出售
bn:00093472v	卖
bn:00093472v	卖出
bn:00093472v	推销
bn:00093472v	贩卖
bn:00093472v	销售
bn:00093473v	出售
bn:00093473v	销售
bn:00093474v	推销
bn:00093475v	出卖
bn:00093479v	出卖
bn:00093485v	发
bn:00093485v	发送
bn:00093485v	寄
bn:00093485v	派出
bn:00093486v	发送
bn:00093486v	寄
bn:00093486v	派遣
bn:00093486v	运送
bn:00093486v	送
bn:00093501v	分开
bn:00093501v	分隔
bn:00093509v	任
bn:00093509v	提供
bn:00093509v	服务
bn:00093509v	服役
bn:00093510v	效力
bn:00093510v	服务
bn:00093511v	提供
bn:00093511v	服务
bn:00093512v	服务
bn:00093512v	服役
bn:00093513v	服务
bn:00093518v	设定
bn:00093519v	镶嵌
bn:00093520v	设置
bn:00093520v	调整
bn:00093526v	放火
bn:00093527v	暂停
bn:00093534v	设置
bn:00093535v	停留
bn:00093535v	安定
bn:00093536v	安定
bn:00093537v	定居
bn:00093539v	整理
bn:00093556v	跟踪
bn:00093560v	动摇
bn:00093563v	握手
bn:00093573v	共享
bn:00093573v	分享
bn:00093573v	分担
bn:00093574v	共享
bn:00093574v	共用
bn:00093574v	分享
bn:00093575v	分享
bn:00093584v	破碎
bn:00093584v	砸碎
bn:00093587v	刮
bn:00093591v	修剪
bn:00093607v	保护
bn:00093612v	传递
bn:00093612v	转移
bn:00093613v	改变
bn:00093614v	转变
bn:00093639v	发抖
bn:00093639v	颤抖
bn:00093640v	发抖
bn:00093640v	战栗
bn:00093640v	颤抖
bn:00093662v	购物
bn:00093668v	缩短
bn:00093676v	呼喊
bn:00093676v	喊
bn:00093676v	喊叫
bn:00093676v	大喊
bn:00093676v	高喊
bn:00093679v	推
bn:00093679v	推搡
bn:00093681v	铲出
bn:00093682v	出示
bn:00093682v	显示
bn:00093682v	表现
bn:00093682v	露出
bn:00093683v	出现
bn:00093683v	显现
bn:00093683v	露
bn:00093684v	显示
bn:00093684v	表明
bn:00093684v	表现
bn:00093685v	引导
bn:00093693v	收缩
bn:00093693v	缩小
bn:00093693v	萎缩
bn:00093698v	耸
bn:00093698v	耸肩
bn:00093707v	穿梭
bn:00093721v	过滤
bn:00093724v	叹
bn:00093724v	叹气
bn:00093725v	感叹
bn:00093731v	签字
bn:00093731v	签署
bn:00093731v	署名
bn:00093731v	订阅
bn:00093731v	记
bn:00093732v	签署
bn:00093733v	发信号
bn:00093733v	示意
bn:00093740v	象征
bn:00093755v	简化
bn:00093756v	犯
bn:00093757v	唱
bn:00093757v	演唱
bn:00093758v	合唱
bn:00093758v	唱
bn:00093758v	唱歌
bn:00093758v	歌唱
bn:00093758v	演唱
bn:00093769v	下沉
bn:00093770v	下沉
bn:00093773v	啜饮
bn:00093776v	坐
bn:00093776v	骑
bn:00093777v	坐
bn:00093778v	坐
bn:00093778v	坐下
bn:00093779v	坐
bn:00093779v	开庭
bn:00093805v	打滑
bn:00093808v	滑
bn:00093808v	滑落
bn:00093808v	滑行
bn:00093809v	掠过
bn:00093836v	减弱
bn:00093836v	减缓
bn:00093836v	放缓
bn:00093846v	拍
bn:00093846v	拍打
bn:00093867v	窥探
bn:00093875v	滑
bn:00093875v	滑行
bn:00093876v	滑
bn:00093882v	溜
bn:00093882v	滑
bn:00093882v	滑落
bn:00093882v	盗窃
bn:00093884v	打滑
bn:00093884v	溜
bn:00093910v	放慢
bn:00093929v	闻
bn:00093929v	闻到
bn:00093930v	闻
bn:00093930v	闻到
bn:00093934v	微笑
bn:00093939v	吸烟
bn:00093939v	抽
bn:00093939v	抽烟
bn:00093947v	围绕
bn:00093949v	走私
bn:00093963v	咆哮
bn:00093966v	抓住
bn:00093966v	抢
bn:00093966v	抢走
bn:00093971v	抢夺
bn:00093973v	嘲笑
bn:00093977v	窃笑
bn:00093978v	嗅
bn:00093978v	嗅探
bn:00093978v	闻
bn:00093989v	下雪
bn:00093998v	泡
bn:00094004v	飙升
bn:00094005v	哭泣
bn:00094026v	焊接
bn:00094048v	吸入
bn:00094051v	吸收
bn:00094051v	吸附
bn:00094053v	夸张
bn:00094054v	响起
bn:00094056v	发声
bn:00094056v	响起
bn:00094077v	宽恕
bn:00094089v	交谈
bn:00094089v	聊天
bn:00094089v	讨论
bn:00094089v	讲话
bn:00094089v	说
bn:00094089v	说话
bn:00094089v	谈
bn:00094089v	谈论
bn:00094089v	谈话
bn:00094090v	交谈
bn:00094090v	发言
bn:00094090v	讲
bn:00094090v	说
bn:00094090v	说出
bn:00094090v	说话
bn:00094104v	猜测
bn:00094108v	拼写
bn:00094115v	花费
bn:00094123v	谈论
bn:00094125v	旋转
bn:00094139v	吐
bn:00094141v	洒
bn:00094157v	擦拭
bn:00094165v	赞助
bn:00094183v	蔓延
bn:00094184v	喷洒
bn:00094194v	摊
bn:00094204v	刺激
bn:00094205v	疾驰
bn:00094209v	溅射
bn:00094213v	方正
bn:00094215v	一致
bn:00094220v	蹲
bn:00094224v	挤
bn:00094224v	挤压
bn:00094230v	眯
bn:00094234v	扭动
bn:00094234v	扭曲
bn:00094234v	缠绕
bn:00094238v	稳定
bn:00094240v	堆
bn:00094250v	染色
bn:00094259v	拖住
bn:00094264v	跺脚
bn:00094265v	铭刻
bn:00094275v	位于
bn:00094275v	立足
bn:00094275v	站
bn:00094275v	站立
bn:00094275v	起来
bn:00094276v	受
bn:00094276v	站
bn:00094276v	站立
bn:00094277v	位于
bn:00094277v	立足
bn:00094277v	站
bn:00094278v	坚持
bn:00094283v	退后
bn:00094284v	袖手旁观
bn:00094292v	标准化
bn:00094298v	盯
bn:00094300v	发动
bn:00094300v	启动
bn:00094301v	占据
bn:00094301v	开始
bn:00094307v	停留
bn:00094307v	待
bn:00094307v	留
bn:00094308v	待
bn:00094314v	偷
bn:00094314v	偷窃
bn:00094314v	盗
bn:00094314v	盗取
bn:00094314v	窃
bn:00094314v	窃取
bn:00094315v	偷
bn:00094331v	引导
bn:00094337v	踏上
bn:00094347v	消毒
bn:00094361v	变硬
bn:00094373v	掀动
bn:00094373v	搅动
bn:00094373v	搅拌
bn:00094374v	感触
bn:00094374v	打动
bn:00094374v	触动
bn:00094397v	停
bn:00094397v	停下
bn:00094398v	停下
bn:00094398v	阻止
bn:00094400v	储存
bn:00094400v	存储
bn:00094400v	存放
bn:00094406v	跨坐
bn:00094409v	伸直
bn:00094409v	整理
bn:00094410v	整理
bn:00094410v	矫正
bn:00094413v	紧绷
bn:00094418v	勒死
bn:00094434v	飘扬
bn:00094439v	加强
bn:00094441v	伸展
bn:00094441v	延伸
bn:00094442v	拉伸
bn:00094444v	拉伸
bn:00094453v	击中
bn:00094453v	惊人
bn:00094453v	打
bn:00094453v	打击
bn:00094453v	撞击
bn:00094453v	敲响
bn:00094453v	袭击
bn:00094454v	敲响
bn:00094455v	罢工
bn:00094456v	击中
bn:00094465v	三振
bn:00094476v	剥去
bn:00094492v	挣扎
bn:00094493v	弹
bn:00094501v	学
bn:00094501v	学习
bn:00094501v	求学
bn:00094501v	读书
bn:00094507v	绊
bn:00094507v	绊倒
bn:00094523v	提交
bn:00094537v	屈从
bn:00094537v	屈服
bn:00094538v	接受
bn:00094538v	采取
bn:00094543v	传唤
bn:00094545v	认购
bn:00094546v	支持
bn:00094547v	采取
bn:00094551v	补贴
bn:00094551v	资助
bn:00094565v	吮
bn:00094565v	吸
bn:00094573v	受
bn:00094573v	受苦
bn:00094573v	经历
bn:00094573v	遭受
bn:00094574v	遭受
bn:00094575v	遭受
bn:00094589v	召唤
bn:00094591v	分开
bn:00094607v	补充
bn:00094609v	恳求
bn:00094612v	养活
bn:00094612v	支持
bn:00094624v	推测
bn:00094625v	怀疑
bn:00094625v	推测
bn:00094627v	惊讶
bn:00094630v	俯瞰
bn:00094630v	审视
bn:00094630v	调查
bn:00094633v	怀疑
bn:00094634v	悬挂
bn:00094634v	悬浮
bn:00094635v	悬浮
bn:00094641v	裹
bn:00094646v	撤回
bn:00094650v	交换
bn:00094650v	调换
bn:00094650v	转变
bn:00094655v	挥舞
bn:00094655v	摆动
bn:00094655v	荡秋千
bn:00094655v	转向
bn:00094656v	发誓
bn:00094656v	宣誓
bn:00094663v	挥杆
bn:00094663v	摆动
bn:00094669v	涌起
bn:00094675v	游泳
bn:00094678v	摆动
bn:00094678v	转向
bn:00094682v	转向
bn:00094683v	摇摆
bn:00094687v	转身
bn:00094689v	旋转
bn:00094692v	打开
bn:00094700v	同情
bn:00094702v	同步
bn:00094713v	合成
bn:00094713v	综合
bn:00094716v	系统化
bn:00094722v	承担
bn:00094730v	乘坐
bn:00094730v	取得
bn:00094730v	采取
bn:00094731v	取
bn:00094731v	拿
bn:00094731v	接受
bn:00094731v	采取
bn:00094732v	乘
bn:00094732v	乘坐
bn:00094732v	吃
bn:00094733v	取得
bn:00094733v	接受
bn:00094733v	采取
bn:00094734v	拿
bn:00094748v	拿出
bn:00094755v	负责
bn:00094758v	接受
bn:00094759v	包括
bn:00094767v	注意
bn:00094768v	脱下
bn:00094771v	脱掉
bn:00094776v	打开
bn:00094776v	拿出
bn:00094778v	拿出
bn:00094791v	喜欢
bn:00094793v	占据
bn:00094794v	占据
bn:00094797v	说到
bn:00094797v	谈论
bn:00094832v	品尝
bn:00094836v	征税
bn:00094838v	滑行
bn:00094840v	合作
bn:00094841v	撕裂
bn:00094862v	告发
bn:00094862v	告诉
bn:00094862v	知道
bn:00094862v	讲述
bn:00094862v	说
bn:00094863v	知道
bn:00094863v	说
bn:00094870v	照料
bn:00094878v	称
bn:00094881v	惊吓
bn:00094885v	恐吓
bn:00094902v	变薄
bn:00094906v	思考
bn:00094906v	想
bn:00094907v	考虑
bn:00094914v	考虑
bn:00094924v	穿线
bn:00094927v	威胁
bn:00094928v	威胁
bn:00094929v	激动
bn:00094931v	抽痛
bn:00094934v	扔
bn:00094934v	投
bn:00094934v	投掷
bn:00094934v	抛掷
bn:00094934v	甩
bn:00094986v	翻倒
bn:00094990v	编织
bn:00095032v	翻倒
bn:00095032v	翻滚
bn:00095032v	跌
bn:00095040v	接触
bn:00095040v	碰
bn:00095040v	触
bn:00095040v	触及
bn:00095040v	触碰
bn:00095041v	碰
bn:00095041v	触碰
bn:00095042v	涉及
bn:00095042v	触及
bn:00095043v	接触
bn:00095047v	触及
bn:00095049v	游历
bn:00095058v	跟踪
bn:00095061v	交易
bn:00095070v	步行
bn:00095073v	践踏
bn:00095075v	处理
bn:00095078v	转录
bn:00095085v	转移
bn:00095086v	传递
bn:00095086v	移植
bn:00095086v	转移
bn:00095087v	转移
bn:00095089v	变换
bn:00095089v	转化
bn:00095089v	转换
bn:00095090v	改变
bn:00095090v	转化
bn:00095090v	转变
bn:00095091v	翻译
bn:00095091v	转化
bn:00095105v	转化
bn:00095121v	运送
bn:00095130v	参观
bn:00095130v	拜访
bn:00095130v	访问
bn:00095130v	造访
bn:00095149v	颤动
bn:00095149v	颤抖
bn:00095186v	小跑
bn:00095204v	信任
bn:00095204v	相信
bn:00095219v	摔倒
bn:00095228v	调整
bn:00095230v	收听
bn:00095233v	翻动
bn:00095233v	翻转
bn:00095233v	转
bn:00095233v	转动
bn:00095233v	转向
bn:00095233v	转弯
bn:00095233v	转身
bn:00095234v	转
bn:00095234v	转动
bn:00095236v	翻动
bn:00095239v	变成
bn:00095259v	制造
bn:00095260v	生产
bn:00095261v	出动
bn:00095267v	转向
bn:00095288v	扭曲
bn:00095295v	打字
bn:00095313v	解开
bn:00095323v	松开
bn:00095350v	低估
bn:00095351v	低估
bn:00095365v	支撑
bn:00095375v	了解
bn:00095375v	懂
bn:00095375v	懂得
bn:00095375v	明白
bn:00095375v	理解
bn:00095378v	解开
bn:00095379v	解开
bn:00095386v	发现
bn:00095387v	解开
bn:00095389v	展现
bn:00095400v	团结
bn:00095400v	联合
bn:00095412v	解锁
bn:00095413v	解锁
bn:00095414v	开启
bn:00095424v	拧开
bn:00095425v	拧开
bn:00095431v	拔出
bn:00095442v	揭开
bn:00095449v	更新
bn:00095450v	更新
bn:00095454v	升级
bn:00095455v	升级
bn:00095459v	坚持
bn:00095459v	支持
bn:00095459v	维护
bn:00095460v	装饰
bn:00095465v	颠覆
bn:00095480v	验证
bn:00095489v	变
bn:00095489v	变化
bn:00095516v	核实
bn:00095516v	验证
bn:00095531v	担心
bn:00095531v	担忧
bn:00095542v	侵犯
bn:00095561v	表达
bn:00095570v	志愿
bn:00095570v	自愿
bn:00095572v	投票
bn:00095573v	投票
bn:00095574v	投票
bn:00095581v	赐予
bn:00095582v	发誓
bn:00095582v	誓言
bn:00095588v	涉水
bn:00095593v	待
bn:00095593v	等
bn:00095593v	等候
bn:00095593v	等待
bn:00095594v	等待
bn:00095595v	叫醒
bn:00095595v	醒来
bn:00095597v	散步
bn:00095597v	步行
bn:00095597v	行走
bn:00095597v	走
bn:00095597v	走路
bn:00095597v	走过
bn:00095598v	散步
bn:00095598v	走
bn:00095599v	走
bn:00095600v	走
bn:00095619v	沉溺
bn:00095627v	想要
bn:00095627v	要
bn:00095628v	想要
bn:00095636v	取暖
bn:00095636v	温暖
bn:00095636v	预热
bn:00095637v	取暖
bn:00095640v	热
bn:00095641v	热身
bn:00095642v	提醒
bn:00095642v	警告
bn:00095663v	浪费
bn:00095665v	注意
bn:00095665v	注视
bn:00095665v	看
bn:00095665v	观察
bn:00095665v	观看
bn:00095668v	流泪
bn:00095681v	打蜡
bn:00095682v	削弱
bn:00095683v	虚弱
bn:00095686v	带
bn:00095687v	磨损
bn:00095688v	留
bn:00095702v	起锚
bn:00095705v	欢迎
bn:00095706v	欢迎
bn:00095707v	焊
bn:00095725v	转弯
bn:00095727v	喘息
bn:00095747v	低语
bn:00095747v	耳语
bn:00095749v	呼啸
bn:00095754v	变白
bn:00095769v	加宽
bn:00095769v	变宽
bn:00095769v	扩大
bn:00095769v	拓宽
bn:00095770v	拓宽
bn:00095777v	打赢
bn:00095777v	获得
bn:00095777v	获胜
bn:00095777v	赢
bn:00095777v	赢得
bn:00095789v	眨
bn:00095789v	眨眼
bn:00095802v	希望
bn:00095802v	想要
bn:00095802v	愿意
bn:00095802v	渴望
bn:00095803v	希望
bn:00095804v	希望
bn:00095804v	祝
bn:00095804v	祝愿
bn:00095805v	祝愿
bn:00095806v	目睹
bn:00095806v	见证
bn:00095812v	使用
bn:00095812v	工作
bn:00095812v	运转
bn:00095813v	工作
bn:00095826v	想出
bn:00095829v	担心
bn:00095829v	担忧
bn:00095832v	敬拜
bn:00095833v	崇拜
bn:00095847v	书写
bn:00095847v	写
bn:00095847v	写作
bn:00095847v	写信
bn:00095847v	写字
bn:00095847v	写道
bn:00095847v	撰写
bn:00095848v	写
bn:00095848v	写信
bn:00095849v	写
bn:00095849v	写字
bn:00095851v	写
bn:00095868v	打哈欠
bn:00095870v	泛黄
bn:00095887a	一个
bn:00095949a	首次
bn:00095976a	三维
bn:00096106a	一流
bn:00096106a	精锐
bn:00096106a	超级
bn:00096109a	少数
bn:00096136a	持久
bn:00096158a	异常
bn:00096165a	可怕
bn:00096169a	原始
bn:00096175a	上述
bn:00096176a	上述
bn:00096195a	绝对
bn:00096196a	纯粹
bn:00096196a	绝对
bn:00096197a	绝对
bn:00096212a	抽象
bn:00096213a	抽象
bn:00096218a	荒唐
bn:00096248a	充分
bn:00096290a	累计
bn:00096292a	准确
bn:00096292a	精确
bn:00096293a	确切
bn:00096293a	精确
bn:00096299a	惯常
bn:00096306a	尖刻
bn:00096306a	尖锐
bn:00096366a	广泛
bn:00096369a	代理
bn:00096382a	活跃
bn:00096383a	现役
bn:00096384a	积极
bn:00096385a	积极
bn:00096388a	积极
bn:00096397a	实际
bn:00096397a	真实
bn:00096398a	实际
bn:00096399a	实际
bn:00096399a	真正
bn:00096400a	实际
bn:00096404a	锋利
bn:00096404a	锐利
bn:00096409a	敏锐
bn:00096446a	充分
bn:00096446a	充足
bn:00096446a	足够
bn:00096446a	适当
bn:00096447a	充分
bn:00096447a	足够
bn:00096461a	助理
bn:00096527a	高级
bn:00096528a	高级
bn:00096529a	现代
bn:00096530a	高级
bn:00096531a	先进
bn:00096531a	复杂
bn:00096533a	先进
bn:00096545a	不利
bn:00096562a	永恒
bn:00096591a	亲切
bn:00096599a	连贯
bn:00096599a	附属
bn:00096608a	附着
bn:00096612a	富有
bn:00096622a	上述
bn:00096642a	古老
bn:00096644a	年长
bn:00096644a	老年
bn:00096755a	机警
bn:00096773a	外来
bn:00096774a	异国
bn:00096782a	同样
bn:00096782a	相似
bn:00096782a	类似
bn:00096793a	碱性
bn:00096803a	重要
bn:00096804a	全知
bn:00096814a	全天候
bn:00096822a	所谓
bn:00096869a	孤独
bn:00096870a	孤独
bn:00096872a	独特
bn:00096919a	业余
bn:00096922a	浪漫
bn:00096925a	惊人
bn:00097000a	充分
bn:00097000a	充足
bn:00097001a	充分
bn:00097006a	有趣
bn:00097034a	类似
bn:00097063a	祖传
bn:00097092a	甜
bn:00097092a	甜蜜
bn:00097107a	愤怒
bn:00097153a	异常
bn:00097154a	匿名
bn:00097155a	无名
bn:00097191a	前
bn:00097192a	事先
bn:00097223a	预期
bn:00097258a	古老
bn:00097258a	老派
bn:00097291a	漠然
bn:00097382a	相关
bn:00097398a	合适
bn:00097398a	相应
bn:00097398a	适当
bn:00097401a	粗略
bn:00097401a	近似
bn:00097433a	任意
bn:00097505a	装甲
bn:00097521a	纯粹
bn:00097548a	人为
bn:00097548a	人工
bn:00097549a	人为
bn:00097585a	愚蠢
bn:00097591a	已故
bn:00097622a	各种
bn:00097622a	混合
bn:00097623a	不同
bn:00097623a	各种
bn:00097668a	困惑
bn:00097686a	无神论
bn:00097710a	可怕
bn:00097741a	非典型
bn:00097745a	裸体
bn:00097762a	宏伟
bn:00097769a	金色
bn:00097794a	真正
bn:00097799a	权威
bn:00097800a	经典
bn:00097823a	自动
bn:00097824a	自动
bn:00097828a	自主
bn:00097829a	独立
bn:00097854a	平均
bn:00097854a	普通
bn:00097855a	平均
bn:00097855a	普通
bn:00097856a	平均
bn:00097856a	普通
bn:00097857a	中等
bn:00097890a	可怕
bn:00097943a	连续
bn:00097966a	不良
bn:00097966a	坏
bn:00097992a	均衡
bn:00097992a	平衡
bn:00098000a	阴险
bn:00098013a	陈旧
bn:00098029a	小
bn:00098029a	微小
bn:00098042a	野蛮
bn:00098053a	简单
bn:00098055a	荒凉
bn:00098057a	普通
bn:00098074a	巴洛克
bn:00098098a	害羞
bn:00098100a	基本
bn:00098101a	基本
bn:00098117a	假
bn:00098117a	虚假
bn:00098171a	美丽
bn:00098171a	美好
bn:00098224a	亲爱
bn:00098224a	心爱
bn:00098226a	地下
bn:00098243a	有益
bn:00098257a	皱巴巴
bn:00098274a	最佳
bn:00098274a	最好
bn:00098286a	英俊
bn:00098342a	大
bn:00098342a	大型
bn:00098342a	大大
bn:00098342a	最大
bn:00098343a	大
bn:00098343a	重要
bn:00098345a	大
bn:00098345a	显著
bn:00098361a	大
bn:00098377a	双语
bn:00098432a	双向
bn:00098458a	逐步
bn:00098461a	惨痛
bn:00098461a	痛苦
bn:00098461a	辛酸
bn:00098477a	古怪
bn:00098477a	奇异
bn:00098480a	黑
bn:00098480a	黑色
bn:00098484a	阴暗
bn:00098518a	该死
bn:00098523a	平滑
bn:00098524a	空白
bn:00098530a	无聊
bn:00098545a	炽热
bn:00098550a	模糊
bn:00098564a	盲目
bn:00098581a	深红色
bn:00098581a	红
bn:00098581a	红色
bn:00098604a	多风
bn:00098606a	蓝
bn:00098606a	蓝色
bn:00098654a	泥泞
bn:00098660a	恶劣
bn:00098683a	瘦削
bn:00098708a	无聊
bn:00098708a	枯燥
bn:00098744a	蓬松
bn:00098761a	有界
bn:00098794a	新鲜
bn:00098794a	清新
bn:00098805a	疯狂
bn:00098805a	病态
bn:00098828a	快乐
bn:00098854a	短暂
bn:00098854a	简短
bn:00098855a	简短
bn:00098855a	简要
bn:00098887a	宽
bn:00098887a	宽敞
bn:00098887a	宽阔
bn:00098887a	广泛
bn:00098905a	巨大
bn:00098905a	庞大
bn:00098905a	浩大
bn:00098942a	深棕色
bn:00098957a	模糊
bn:00098994a	固有
bn:00099057a	忙碌
bn:00099057a	繁忙
bn:00099104a	巧妙
bn:00099104a	狡猾
bn:00099104a	聪明
bn:00099142a	冷酷
bn:00099145a	宁静
bn:00099147a	热
bn:00099258a	关键
bn:00099258a	基本
bn:00099258a	根本
bn:00099268a	细心
bn:00099268a	细致
bn:00099273a	粗心
bn:00099313a	个别
bn:00099331a	粗略
bn:00099359a	灾难性
bn:00099402a	谨慎
bn:00099403a	保守
bn:00099411a	著名
bn:00099479a	可靠
bn:00099521a	恒定
bn:00099526a	混乱
bn:00099532a	特征
bn:00099532a	特有
bn:00099536a	带电
bn:00099541a	宽容
bn:00099542a	迷人
bn:00099543a	魔法
bn:00099583a	珍贵
bn:00099598a	主
bn:00099598a	主要
bn:00099598a	首要
bn:00099602a	天真
bn:00099602a	孩子气
bn:00099602a	幼稚
bn:00099624a	明确
bn:00099702a	圆形
bn:00099712a	有限
bn:00099727a	民用
bn:00099733a	民用
bn:00099734a	文明
bn:00099735a	文雅
bn:00099742a	潮湿
bn:00099743a	秘密
bn:00099753a	古典
bn:00099753a	经典
bn:00099760a	分类
bn:00099776a	干净
bn:00099776a	洁净
bn:00099777a	干净
bn:00099779a	干净
bn:00099796a	无辜
bn:00099802a	明确
bn:00099808a	明确
bn:00099815a	明确
bn:00099838a	临床
bn:00099853a	修道院
bn:00099858a	亲密
bn:00099858a	密切
bn:00099858a	紧密
bn:00099859a	近
bn:00099876a	封闭
bn:00099877a	封闭
bn:00099916a	同时
bn:00099929a	低俗
bn:00099949a	古怪
bn:00099949a	愚蠢
bn:00099989a	非人
bn:00100092a	相互
bn:00100118a	相应
bn:00100122a	相对
bn:00100144a	完全
bn:00100144a	完整
bn:00100144a	齐全
bn:00100148a	复杂
bn:00100150a	复杂
bn:00100152a	免费
bn:00100162a	全面
bn:00100162a	综合
bn:00100171a	强迫性
bn:00100181a	隐秘
bn:00100181a	隐蔽
bn:00100181a	隐藏
bn:00100187a	浓缩
bn:00100197a	有关
bn:00100203a	最后
bn:00100203a	最终
bn:00100206a	具体
bn:00100225a	肯定
bn:00100238a	坚定
bn:00100240a	积极
bn:00100251a	混乱
bn:00100306a	连续
bn:00100312a	保守
bn:00100315a	相当
bn:00100315a	重要
bn:00100334a	既定
bn:00100341a	建设性
bn:00100363a	轻蔑
bn:00100384a	持续
bn:00100385a	连续
bn:00100386a	连续
bn:00100398a	相反
bn:00100400a	任性
bn:00100415a	方便
bn:00100416a	传统
bn:00100416a	常规
bn:00100417a	传统
bn:00100417a	常规
bn:00100420a	常规
bn:00100421a	传统
bn:00100441a	凉爽
bn:00100490a	正确
bn:00100491a	正确
bn:00100492a	正确
bn:00100502a	相应
bn:00100536a	普遍
bn:00100536a	通用
bn:00100544a	昂贵
bn:00100545a	昂贵
bn:00100582a	怯懦
bn:00100591a	愚蠢
bn:00100610a	疯狂
bn:00100663a	清脆
bn:00100663a	锋利
bn:00100673a	临界
bn:00100675a	重要
bn:00100687a	交叉
bn:00100697a	横截
bn:00100716a	关键
bn:00100717a	关键
bn:00100721a	粗略
bn:00100721a	粗糙
bn:00100722a	粗鲁
bn:00100724a	原始
bn:00100740a	神秘
bn:00100772a	可爱
bn:00100783a	奇异
bn:00100783a	奇特
bn:00100783a	特殊
bn:00100787a	卷曲
bn:00100828a	可爱
bn:00100877a	娇小
bn:00100889a	该死
bn:00100892a	潮湿
bn:00100895a	危险
bn:00100896a	严重
bn:00100902a	深色
bn:00100902a	阴暗
bn:00100902a	黑
bn:00100902a	黑暗
bn:00100903a	深色
bn:00100904a	深色
bn:00100904a	黑
bn:00100909a	深蓝色
bn:00100914a	绿色
bn:00100948a	死
bn:00100969a	致命
bn:00100970a	致命
bn:00100981a	亲爱
bn:00100981a	好
bn:00101014a	决定性
bn:00101044a	深刻
bn:00101044a	深层
bn:00101045a	深处
bn:00101047a	深深
bn:00101048a	浓郁
bn:00101090a	明确
bn:00101090a	确切
bn:00101092a	决定性
bn:00101103a	超然
bn:00101121a	精致
bn:00101122a	微妙
bn:00101124a	细
bn:00101126a	微妙
bn:00101137a	疯狂
bn:00101144a	奢华
bn:00101172a	宗派
bn:00101177a	茂密
bn:00101186a	可靠
bn:00101187a	可靠
bn:00101187a	诚实
bn:00101189a	良好
bn:00101236a	可取
bn:00101241a	绝望
bn:00101259a	破坏性
bn:00101263a	孤立
bn:00101268a	详细
bn:00101286a	成熟
bn:00101347a	不同
bn:00101348a	不同
bn:00101358a	艰苦
bn:00101382a	勤奋
bn:00101384a	稀
bn:00101387a	模糊
bn:00101387a	淡淡
bn:00101411a	直接
bn:00101412a	直接
bn:00101413a	直接
bn:00101429a	脏
bn:00101429a	脏兮兮
bn:00101430a	肮脏
bn:00101440a	残疾
bn:00101440a	残障
bn:00101535a	孤立
bn:00101589a	溶解
bn:00101593a	远端
bn:00101598a	偏远
bn:00101601a	不同
bn:00101602a	清晰
bn:00101603a	典型
bn:00101603a	独特
bn:00101605a	杰出
bn:00101605a	著名
bn:00101628a	不同
bn:00101629a	各种
bn:00101637a	神圣
bn:00101639a	神圣
bn:00101687a	主导
bn:00101724a	双重
bn:00101779a	灰暗
bn:00101787a	戏剧性
bn:00101788a	壮观
bn:00101788a	惊人
bn:00101788a	戏剧性
bn:00101795a	长
bn:00101795a	长篇
bn:00101871a	甜美
bn:00101917a	动态
bn:00101973a	轻松
bn:00101974a	轻松
bn:00101997a	真正
bn:00102038a	有效
bn:00102039a	有效
bn:00102040a	有效
bn:00102041a	实际
bn:00102042a	有效
bn:00102044a	合法
bn:00102074a	年长
bn:00102076a	怪异
bn:00102083a	电动
bn:00102103a	优雅
bn:00102111a	基本
bn:00102111a	简单
bn:00102113a	巨大
bn:00102123a	合格
bn:00102136a	细微
bn:00102147a	象征性
bn:00102158a	最高
bn:00102171a	实证
bn:00102176a	空
bn:00102176a	空腹
bn:00102176a	空荡荡
bn:00102212a	无尽
bn:00102261a	开明
bn:00102268a	巨大
bn:00102268a	庞大
bn:00102276a	热烈
bn:00102277a	充分
bn:00102277a	全面
bn:00102277a	完整
bn:00102277a	总
bn:00102278a	完整
bn:00102300a	短暂
bn:00102302a	史诗般
bn:00102307a	奢侈
bn:00102307a	奢华
bn:00102336a	相等
bn:00102387a	前
bn:00102387a	曾经
bn:00102388a	博学
bn:00102398a	特别
bn:00102398a	特定
bn:00102398a	特殊
bn:00102401a	重要
bn:00102408a	体面
bn:00102408a	好
bn:00102408a	好的
bn:00102458a	固定
bn:00102469a	常规
bn:00102469a	日常
bn:00102474a	邪恶
bn:00102475a	凶狠
bn:00102487a	准确
bn:00102487a	确切
bn:00102487a	精确
bn:00102495a	特别
bn:00102496a	优秀
bn:00102499a	冗余
bn:00102499a	剩余
bn:00102499a	备用
bn:00102499a	多余
bn:00102499a	额外
bn:00102500a	过度
bn:00102511a	唯一
bn:00102535a	彻底
bn:00102542a	现有
bn:00102543a	现实
bn:00102543a	真实
bn:00102543a	真正
bn:00102543a	真的
bn:00102548a	现有
bn:00102549a	现有
bn:00102565a	宏伟
bn:00102569a	预期
bn:00102576a	昂贵
bn:00102579a	实验
bn:00102596a	爆炸性
bn:00102603a	明确
bn:00102617a	广泛
bn:00102624a	外部
bn:00102625a	外部
bn:00102645a	无关
bn:00102646a	外来
bn:00102649a	非凡
bn:00102655a	奢侈
bn:00102658a	极端
bn:00102659a	极度
bn:00102659a	极端
bn:00102660a	极端
bn:00102662a	激进
bn:00102713a	懒散
bn:00102715a	微弱
bn:00102719a	公允
bn:00102719a	公平
bn:00102719a	公正
bn:00102720a	合理
bn:00102728a	忠实
bn:00102731a	模拟
bn:00102746a	虚假
bn:00102758a	熟悉
bn:00102760a	亲密
bn:00102766a	假想
bn:00102766a	虚构
bn:00102774a	奇妙
bn:00102774a	巨大
bn:00102774a	棒
bn:00102774a	精彩
bn:00102782a	广大
bn:00102782a	广泛
bn:00102786a	反动
bn:00102798a	时尚
bn:00102802a	快速
bn:00102818a	挑剔
bn:00102820a	肥胖
bn:00102820a	胖
bn:00102827a	致命
bn:00102828a	致命
bn:00102845a	良好
bn:00102848a	友好
bn:00102875a	虚弱
bn:00102884a	雌性
bn:00102914a	封建
bn:00102920a	小
bn:00102921a	较少
bn:00102935a	虚构
bn:00102938a	小
bn:00102938a	琐碎
bn:00102965a	肮脏
bn:00102969a	最后
bn:00102969a	最终
bn:00102975a	细
bn:00102991a	有限
bn:00102997a	坚定
bn:00102998a	坚硬
bn:00102999a	坚定
bn:00102999a	牢固
bn:00103006a	首次
bn:00103007a	最初
bn:00103014a	直接
bn:00103017a	可疑
bn:00103040a	固定
bn:00103068a	平底
bn:00103082a	沙色
bn:00103171a	如下
bn:00103179a	愚蠢
bn:00103192a	强制
bn:00103193a	强制
bn:00103202a	前述
bn:00103223a	正式
bn:00103223a	正规
bn:00103224a	正式
bn:00103225a	正式
bn:00103232a	前
bn:00103232a	原
bn:00103233a	前
bn:00103233a	前任
bn:00103282a	脆弱
bn:00103283a	零星
bn:00103284a	芳香
bn:00103299a	免费
bn:00103299a	自由
bn:00103300a	自由
bn:00103321a	法式
bn:00103324a	频繁
bn:00103326a	新鲜
bn:00103327a	新鲜
bn:00103328a	新
bn:00103329a	新鲜
bn:00103344a	友好
bn:00103358a	琐碎
bn:00103373a	懒散
bn:00103373a	邋遢
bn:00103391a	完整
bn:00103391a	满
bn:00103392a	充分
bn:00103395a	好的
bn:00103412a	全职
bn:00103424a	基本
bn:00103424a	根本
bn:00103481a	瘦长
bn:00103500a	快乐
bn:00103500a	欢乐
bn:00103507a	一般
bn:00103507a	全面
bn:00103507a	总
bn:00103507a	普通
bn:00103507a	普遍
bn:00103508a	一般
bn:00103508a	普遍
bn:00103509a	普遍
bn:00103521a	慷慨
bn:00103534a	温和
bn:00103535a	温和
bn:00103537a	绅士
bn:00103538a	真正
bn:00103538a	真诚
bn:00103581a	巨大
bn:00103601a	高兴
bn:00103623a	闪亮
bn:00103628a	杰出
bn:00103672a	好
bn:00103672a	好的
bn:00103672a	良好
bn:00103673a	好
bn:00103673a	好的
bn:00103673a	虔诚
bn:00103674a	好
bn:00103675a	虔诚
bn:00103680a	严肃
bn:00103680a	正经
bn:00103680a	认真
bn:00103689a	健康
bn:00103691a	体面
bn:00103742a	生动
bn:00103758a	严重
bn:00103764a	灰
bn:00103764a	灰色
bn:00103764a	灰马
bn:00103765a	灰白
bn:00103765a	灰色
bn:00103777a	油腻
bn:00103779a	伟大
bn:00103779a	大
bn:00103780a	伟大
bn:00103780a	大
bn:00103781a	伟大
bn:00103782a	大
bn:00103796a	群居
bn:00103822a	嘶哑
bn:00103870a	无毛
bn:00103923a	手写
bn:00103931a	可怜
bn:00103933a	快乐
bn:00103936a	坚硬
bn:00103937a	硬
bn:00103945a	严格
bn:00103956a	实际
bn:00103971a	坚定
bn:00103971a	结实
bn:00103975a	无害
bn:00103980a	和谐
bn:00103987a	严厉
bn:00104025a	健康
bn:00104026a	健康
bn:00104027a	可靠
bn:00104027a	合理
bn:00104041a	热
bn:00104050a	厚重
bn:00104050a	沉重
bn:00104050a	重
bn:00104050a	重型
bn:00104052a	重型
bn:00104071a	重型
bn:00104162a	高
bn:00104162a	高尚
bn:00104162a	高度
bn:00104163a	高
bn:00104163a	高度
bn:00104165a	高昂
bn:00104189a	高速
bn:00104196a	高等
bn:00104197a	高等
bn:00104223a	历史性
bn:00104224a	历史性
bn:00104262a	平凡
bn:00104286a	同质
bn:00104302a	诚实
bn:00104303a	诚实
bn:00104343a	敌对
bn:00104348a	热
bn:00104389a	人道
bn:00104395a	卑微
bn:00104404a	幽默
bn:00104404a	诙谐
bn:00104411a	受伤
bn:00104419a	透明
bn:00104500a	理想
bn:00104501a	理想
bn:00104505a	相同
bn:00104506a	相同
bn:00104520a	懒惰
bn:00104562a	非法
bn:00104589a	小
bn:00104589a	年轻
bn:00104594a	即时
bn:00104594a	直接
bn:00104633a	急切
bn:00104655a	临时
bn:00104661a	中性
bn:00104680a	重要
bn:00104681a	重要
bn:00104705a	奇妙
bn:00104708a	错误
bn:00104762a	被动
bn:00104766a	静止
bn:00104790a	不幸
bn:00104872a	积极
bn:00104877a	综合
bn:00104880a	错误
bn:00104915a	不懈
bn:00104928a	独立
bn:00104946a	中性
bn:00104946a	惰性
bn:00104953a	间接
bn:00104954a	间接
bn:00104964a	必要
bn:00104971a	个体
bn:00104971a	个别
bn:00104971a	单一
bn:00104971a	单个
bn:00104974a	个性化
bn:00105046a	传染性
bn:00105064a	无限
bn:00105067a	微小
bn:00105067a	微量
bn:00105067a	细微
bn:00105081a	僵硬
bn:00105084a	非正式
bn:00105085a	非正式
bn:00105095a	红外
bn:00105119a	初始
bn:00105119a	初步
bn:00105119a	最初
bn:00105130a	内在
bn:00105132a	内在
bn:00105150a	无机
bn:00105190a	无关紧要
bn:00105243a	聪慧
bn:00105243a	聪明
bn:00105251a	强烈
bn:00105251a	激烈
bn:00105276a	有趣
bn:00105280a	临时
bn:00105294a	国际性
bn:00105305a	混合
bn:00105315a	间质
bn:00105322a	亲密
bn:00105333a	棘手
bn:00105350a	内在
bn:00105371a	无价
bn:00105403a	碘化
bn:00105404a	碘化
bn:00105416a	乳白色
bn:00105434a	不规则
bn:00105470a	孤立
bn:00105489a	同位
bn:00105507a	锯齿状
bn:00105540a	共同
bn:00105540a	联合
bn:00105564a	有趣
bn:00105570a	初级
bn:00105580a	正义
bn:00105580a	正当
bn:00105728a	大规模
bn:00105739a	最后
bn:00105740a	最后
bn:00105741a	最后
bn:00105742a	最后
bn:00105746a	最后
bn:00105748a	常驻
bn:00105748a	持久
bn:00105748a	永久
bn:00105748a	永久性
bn:00105753a	已故
bn:00105758a	潜在
bn:00105759a	潜在
bn:00105763a	最新
bn:00105808a	主要
bn:00105809a	主要
bn:00105809a	卓越
bn:00105834a	左侧
bn:00105835a	剩余
bn:00105848a	法定
bn:00105850a	合法
bn:00105853a	传奇
bn:00105856a	长腿
bn:00105858a	众多
bn:00105861a	合法
bn:00105862a	正当
bn:00105863a	合法
bn:00105886a	小
bn:00105937a	轻型
bn:00105938a	浅
bn:00105941a	轻
bn:00105978a	同样
bn:00105978a	相同
bn:00105982a	可能
bn:00105983a	潜在
bn:00105999a	有限
bn:00106000a	有限
bn:00106003a	专项
bn:00106003a	特别
bn:00106006a	无限
bn:00106033a	液态
bn:00106038a	轻盈
bn:00106058a	小
bn:00106058a	小型
bn:00106058a	微小
bn:00106059a	小
bn:00106060a	小
bn:00106088a	活
bn:00106108a	地方性
bn:00106108a	局部
bn:00106124a	冗长
bn:00106124a	长
bn:00106125a	长
bn:00106142a	知名
bn:00106149a	远程
bn:00106149a	长期
bn:00106150a	远程
bn:00106151a	长期
bn:00106151a	长远
bn:00106201a	可爱
bn:00106205a	低
bn:00106205a	最低
bn:00106206a	低
bn:00106207a	低
bn:00106209a	最低
bn:00106215a	低级
bn:00106219a	低
bn:00106223a	下级
bn:00106243a	爱国
bn:00106246a	淫荡
bn:00106257a	发光
bn:00106332a	主要
bn:00106332a	重大
bn:00106332a	重要
bn:00106333a	主要
bn:00106333a	重大
bn:00106334a	主要
bn:00106334a	重大
bn:00106334a	重要
bn:00106354a	雄性
bn:00106371a	合成
bn:00106371a	综合
bn:00106391a	多种
bn:00106395a	载人
bn:00106411a	多边
bn:00106429a	明显
bn:00106429a	显著
bn:00106443a	已婚
bn:00106452a	阳性
bn:00106501a	实用
bn:00106501a	实际
bn:00106503a	成熟
bn:00106504a	成熟
bn:00106506a	成熟
bn:00106517a	最大
bn:00106517a	最高
bn:00106520a	微薄
bn:00106525a	蜿蜒
bn:00106526a	重要
bn:00106719a	温和
bn:00106755a	最低
bn:00106764a	次要
bn:00106765a	次要
bn:00106773a	小
bn:00106790a	痛苦
bn:00106792a	错误
bn:00106801a	失踪
bn:00106820a	假
bn:00106822a	现代
bn:00106826a	中等
bn:00106826a	适度
bn:00106827a	温和
bn:00106831a	现代
bn:00106832a	现代
bn:00106897a	单核
bn:00106905a	单调
bn:00106954a	最多
bn:00107043a	市立
bn:00107072a	互惠
bn:00107072a	相互
bn:00107098a	天真
bn:00107108a	无名
bn:00107108a	未知
bn:00107118a	狭窄
bn:00107136a	全国
bn:00107136a	全国性
bn:00107138a	全国
bn:00107138a	全国性
bn:00107151a	天然
bn:00107152a	天然
bn:00107156a	原
bn:00107182a	必要
bn:00107194a	所需
bn:00107198a	消极
bn:00107198a	负面
bn:00107237a	净
bn:00107267a	新
bn:00107267a	新任
bn:00107267a	最新
bn:00107268a	新
bn:00107269a	新
bn:00107305a	幂零
bn:00107322a	高尚
bn:00107465a	非语言
bn:00107476a	常驻
bn:00107504a	非生产性
bn:00107546a	非特异性
bn:00107555a	客观
bn:00107587a	普通
bn:00107587a	正常
bn:00107627a	显著
bn:00107678a	斜
bn:00107686a	模糊
bn:00107706a	明显
bn:00107730a	视觉
bn:00107733a	奇怪
bn:00107741a	甜美
bn:00107770a	官方
bn:00107786a	大
bn:00107786a	年长
bn:00107786a	旧
bn:00107786a	老
bn:00107786a	苍老
bn:00107787a	久远
bn:00107787a	古老
bn:00107787a	旧
bn:00107787a	老
bn:00107787a	老牌
bn:00107799a	亲油
bn:00107881a	公开
bn:00107927a	相反
bn:00107928a	相反
bn:00107929a	相反
bn:00107931a	相反
bn:00107937a	最佳
bn:00107938a	乐观
bn:00107941a	口头
bn:00107945a	橙色
bn:00107963a	普通
bn:00107964a	有机
bn:00107979a	原始
bn:00107979a	原有
bn:00107979a	最初
bn:00107980a	原始
bn:00107980a	最初
bn:00107981a	原创
bn:00107981a	原始
bn:00107989a	正统
bn:00108027a	户外
bn:00108042a	偏远
bn:00108047a	户外
bn:00108063a	微小
bn:00108068a	杰出
bn:00108069a	显著
bn:00108083a	总体
bn:00108119a	压倒性
bn:00108125a	最高
bn:00108168a	痛苦
bn:00108188a	灰白
bn:00108189a	苍白
bn:00108190a	浅色
bn:00108231a	乳头状
bn:00108244a	矛盾
bn:00108246a	平行
bn:00108250a	顺磁
bn:00108279a	危险
bn:00108295a	专项
bn:00108295a	特别
bn:00108295a	特定
bn:00108295a	特殊
bn:00108296a	特定
bn:00108297a	特别
bn:00108322a	柔和
bn:00108425a	人均
bn:00108439a	长期
bn:00108441a	反复
bn:00108442a	完美
bn:00108458a	周期性
bn:00108458a	定期
bn:00108482a	垂直
bn:00108482a	直
bn:00108485a	持久
bn:00108485a	持续
bn:00108488a	私人
bn:00108496a	相关
bn:00108553a	逼真
bn:00108566a	自然
bn:00108574a	生理性
bn:00108605a	粉红色
bn:00108605a	粉色
bn:00108716a	积极
bn:00108737a	尖锐
bn:00108798a	可怜
bn:00108799a	穷
bn:00108799a	贫困
bn:00108806a	流行
bn:00108813a	多孔
bn:00108815a	便携式
bn:00108822a	正
bn:00108822a	正向
bn:00108822a	正面
bn:00108829a	可能
bn:00108829a	潜在
bn:00108830a	可能
bn:00108830a	潜在
bn:00108862a	强
bn:00108862a	强烈
bn:00108878a	强大
bn:00108880a	实用
bn:00108880a	实际
bn:00108881a	虚拟
bn:00108910a	宝贵
bn:00108913a	确切
bn:00108913a	精确
bn:00108943a	史前
bn:00108949a	初步
bn:00108959a	主要
bn:00108988a	紧急
bn:00108988a	紧迫
bn:00108988a	迫切
bn:00108998a	漂亮
bn:00109011a	主要
bn:00109012a	主要
bn:00109012a	初级
bn:00109012a	原始
bn:00109012a	基本
bn:00109016a	原始
bn:00109026a	私人
bn:00109026a	私立
bn:00109045a	可能
bn:00109046a	初步
bn:00109046a	暂时
bn:00109067a	专业
bn:00109067a	职业
bn:00109068a	专业
bn:00109070a	职业
bn:00109073a	技术性
bn:00109078a	深刻
bn:00109114a	正确
bn:00109114a	适当
bn:00109115a	正确
bn:00109117a	适当
bn:00109131a	预期
bn:00109142a	保护性
bn:00109211a	公共
bn:00109211a	公开
bn:00109212a	公共
bn:00109244a	纯净
bn:00109244a	纯正
bn:00109244a	纯粹
bn:00109245a	纯净
bn:00109246a	纯
bn:00109247a	纯粹
bn:00109317a	合格
bn:00109318a	合格
bn:00109332a	准
bn:00109343a	可疑
bn:00109358a	安静
bn:00109391a	激进
bn:00109391a	革命性
bn:00109404a	破烂
bn:00109413a	隆起
bn:00109425a	随意
bn:00109425a	随机
bn:00109437a	快
bn:00109437a	快速
bn:00109441a	罕见
bn:00109452a	理性
bn:00109463a	喧闹
bn:00109490a	现成
bn:00109494a	真实
bn:00109494a	真正
bn:00109495a	真正
bn:00109496a	真正
bn:00109501a	现实
bn:00109501a	现实主义
bn:00109506a	相反
bn:00109507a	合理
bn:00109521a	最新
bn:00109553a	矩形
bn:00109616a	冷藏
bn:00109619a	再生
bn:00109623a	地区性
bn:00109632a	固定
bn:00109632a	定期
bn:00109632a	正规
bn:00109635a	定期
bn:00109636a	正规
bn:00109650a	有关
bn:00109650a	相关
bn:00109651a	相关
bn:00109659a	相关
bn:00109661a	属灵
bn:00109669a	显著
bn:00109717a	剩余
bn:00109727a	坚定
bn:00109736a	体面
bn:00109740a	不同
bn:00109740a	各种
bn:00109765a	退休
bn:00109765a	退役
bn:00109778a	倒退
bn:00109833a	富有
bn:00109833a	富裕
bn:00109849a	正确
bn:00109868a	合法
bn:00109871a	刚性
bn:00109874a	严格
bn:00109919a	浪漫
bn:00109941a	旋转
bn:00109947a	粗
bn:00109947a	粗糙
bn:00109964a	圆润
bn:00109978a	基本
bn:00110031a	神圣
bn:00110075a	同
bn:00110075a	同样
bn:00110075a	相同
bn:00110076a	同样
bn:00110076a	相同
bn:00110077a	同样
bn:00110077a	相同
bn:00110156a	分散
bn:00110156a	零星
bn:00110168a	精神分裂症
bn:00110234a	及时
bn:00110235a	季节性
bn:00110237a	老练
bn:00110237a	资深
bn:00110247a	次级
bn:00110247a	次要
bn:00110251a	二手
bn:00110252a	二手
bn:00110253a	秘密
bn:00110253a	隐秘
bn:00110254a	秘密
bn:00110267a	世俗
bn:00110270a	可靠
bn:00110277a	明显
bn:00110319a	自发
bn:00110340a	自持
bn:00110401a	资深
bn:00110401a	高级
bn:00110409a	敏感
bn:00110410a	敏感
bn:00110423a	单独
bn:00110444a	严肃
bn:00110444a	严重
bn:00110445a	严重
bn:00110471a	严重
bn:00110471a	剧烈
bn:00110488a	性感
bn:00110501a	浅
bn:00110516a	尖锐
bn:00110561a	短
bn:00110561a	短期
bn:00110561a	简短
bn:00110562a	短
bn:00110576a	短期
bn:00110620a	实质性
bn:00110620a	重大
bn:00110620a	重要
bn:00110624a	沉默
bn:00110634a	银色
bn:00110647a	同样
bn:00110647a	相似
bn:00110647a	类似
bn:00110649a	单纯
bn:00110649a	简单
bn:00110652a	简单
bn:00110658a	真诚
bn:00110668a	单身
bn:00110711a	熟练
bn:00110743a	细长
bn:00110743a	薄
bn:00110745a	微薄
bn:00110767a	缓慢
bn:00110789a	聪明
bn:00110803a	光滑
bn:00110803a	平滑
bn:00110834a	舒适
bn:00110858a	柔软
bn:00110859a	温和
bn:00110887a	坚实
bn:00110889a	实心
bn:00110891a	坚实
bn:00110901a	固态
bn:00110922a	复杂
bn:00110925a	高音
bn:00110939a	合理
bn:00110970a	终极
bn:00110995a	特别
bn:00110995a	特殊
bn:00110996a	特殊
bn:00110997a	专业化
bn:00111001a	具体
bn:00111001a	特定
bn:00111001a	特异性
bn:00111001a	特殊
bn:00111002a	特定
bn:00111016a	球形
bn:00111084a	方形
bn:00111108a	稳定
bn:00111122a	陈旧
bn:00111130a	标准
bn:00111161a	州立
bn:00111170a	法定
bn:00111172a	坚定
bn:00111175a	稳定
bn:00111195a	立体
bn:00111281a	奇怪
bn:00111281a	怪异
bn:00111282a	奇怪
bn:00111282a	陌生
bn:00111285a	战略性
bn:00111312a	强
bn:00111312a	强有力
bn:00111312a	强烈
bn:00111312a	有力
bn:00111312a	结实
bn:00111313a	强烈
bn:00111324a	结构性
bn:00111342a	愚蠢
bn:00111370a	主观
bn:00111396a	实质性
bn:00111409a	成功
bn:00111415a	突然
bn:00111418a	足够
bn:00111451a	超级
bn:00111458a	肤浅
bn:00111465a	优越
bn:00111476a	超自然
bn:00111482a	超音速
bn:00111502a	最高
bn:00111528a	悬浮
bn:00111540a	甜美
bn:00111540a	甜蜜
bn:00111563a	象征性
bn:00111564a	象征性
bn:00111605a	系统性
bn:00111630a	高
bn:00111630a	高大
bn:00111677a	免税
bn:00111685a	技术性
bn:00111712a	暂时
bn:00111721a	温柔
bn:00111796a	戏剧化
bn:00111824a	厚
bn:00111824a	粗
bn:00111826a	浓稠
bn:00111843a	细
bn:00111859a	彻底
bn:00111904a	雷鸣般
bn:00111940a	正当
bn:00111968a	宽容
bn:00111992a	最高
bn:00112018a	极权
bn:00112025a	强硬
bn:00112043a	传统
bn:00112044a	传统
bn:00112046a	悲惨
bn:00112047a	悲剧性
bn:00112061a	跨文化
bn:00112066a	过渡
bn:00112066a	过渡性
bn:00112146a	真实
bn:00112146a	真正
bn:00112216a	典型
bn:00112229a	最终
bn:00112229a	终极
bn:00112230a	最终
bn:00112235a	超现代
bn:00112305a	明确
bn:00112306a	明确
bn:00112345a	独立
bn:00112485a	无条件
bn:00112497a	无意识
bn:00112498a	无意识
bn:00112731a	陌生
bn:00112740a	不利
bn:00112770a	不幸
bn:00112813a	不幸
bn:00112843a	统一
bn:00112889a	不间断
bn:00112899a	独特
bn:00112923a	陌生
bn:00112987a	非自然
bn:00113012a	非官方
bn:00113012a	非正式
bn:00113022a	非正统
bn:00113316a	野性
bn:00113316a	野生
bn:00113366a	异常
bn:00113366a	特殊
bn:00113366a	罕见
bn:00113385a	未婚
bn:00113412a	最新
bn:00113455a	有效
bn:00113455a	有用
bn:00113457a	无用
bn:00113459a	通常
bn:00113486a	有效
bn:00113489a	贵重
bn:00113490a	宝贵
bn:00113514a	各种
bn:00113525a	隐晦
bn:00113548a	口头
bn:00113610a	旺盛
bn:00113616a	剧烈
bn:00113655a	职业
bn:00113671a	庞大
bn:00113677a	脆弱
bn:00113698a	温暖
bn:00113737a	弱
bn:00113790a	知名
bn:00113790a	著名
bn:00113818a	湿
bn:00113818a	潮湿
bn:00113830a	白
bn:00113830a	白色
bn:00113831a	白色
bn:00113852a	整条
bn:00113864a	广泛
bn:00113864a	普遍
bn:00113870a	狂热
bn:00113870a	疯狂
bn:00113897a	寒冷
bn:00113957a	书面
bn:00113959a	错
bn:00113959a	错误
bn:00114044r	一下
bn:00114044r	一点
bn:00114044r	有点
bn:00114044r	有点儿
bn:00114044r	稍
bn:00114044r	稍微
bn:00114044r	稍稍
bn:00114046r	更加
bn:00114047r	很
bn:00114047r	非常
bn:00114048r	多
bn:00114055r	最初
bn:00114073r	关于
bn:00114073r	大约
bn:00114073r	大致
bn:00114073r	或多或少
bn:00114073r	约
bn:00114074r	四处
bn:00114075r	到处
bn:00114075r	四处
bn:00114076r	四处
bn:00114079r	几乎
bn:00114079r	将近
bn:00114079r	快
bn:00114082r	首先
bn:00114089r	突然
bn:00114089r	突然间
bn:00114091r	完全
bn:00114091r	绝对
bn:00114106r	因此
bn:00114107r	相应
bn:00114116r	积极
bn:00114117r	其实
bn:00114117r	实际上
bn:00114117r	真正
bn:00114117r	真的
bn:00114118r	事实上
bn:00114118r	其实
bn:00114118r	实际上
bn:00114134r	此外
bn:00114141r	确实
bn:00114152r	故意
bn:00114164r	重新
bn:00114165r	下
bn:00114165r	之后
bn:00114165r	以后
bn:00114165r	后
bn:00114165r	后来
bn:00114165r	然后
bn:00114165r	稍后
bn:00114165r	随后
bn:00114168r	毕竟
bn:00114169r	毕竟
bn:00114171r	再
bn:00114171r	再次
bn:00114171r	又
bn:00114171r	重
bn:00114171r	重新
bn:00114172r	一再
bn:00114172r	反复
bn:00114176r	严厉
bn:00114178r	之前
bn:00114178r	以前
bn:00114178r	前
bn:00114182r	向前
bn:00114184r	向前
bn:00114185r	事先
bn:00114185r	提前
bn:00114190r	早
bn:00114198r	警觉
bn:00114203r	了
bn:00114203r	全
bn:00114203r	完全
bn:00114203r	都
bn:00114205r	一直
bn:00114207r	突然
bn:00114209r	总而言之
bn:00114210r	突然
bn:00114210r	突然间
bn:00114211r	到处
bn:00114212r	到处
bn:00114212r	处处
bn:00114212r	随处
bn:00114215r	着
bn:00114216r	不过
bn:00114216r	仍
bn:00114216r	仍然
bn:00114216r	但
bn:00114216r	依然
bn:00114216r	却
bn:00114216r	多么
bn:00114216r	尽管
bn:00114216r	更
bn:00114216r	然而
bn:00114216r	还是
bn:00114217r	始终
bn:00114218r	一路
bn:00114219r	一路
bn:00114223r	太
bn:00114234r	专门
bn:00114234r	仅
bn:00114234r	仅仅
bn:00114234r	单独
bn:00114234r	只
bn:00114234r	只是
bn:00114234r	只有
bn:00114234r	只能
bn:00114234r	完全
bn:00114234r	就
bn:00114234r	才
bn:00114235r	单独
bn:00114235r	独自
bn:00114236r	沿着
bn:00114238r	沿着
bn:00114242r	大声
bn:00114243r	大声
bn:00114245r	已
bn:00114245r	已经
bn:00114245r	早已
bn:00114246r	也
bn:00114246r	又
bn:00114246r	同样
bn:00114246r	并且
bn:00114246r	还
bn:00114246r	除了
bn:00114248r	反而
bn:00114248r	否则
bn:00114250r	一直
bn:00114250r	始终
bn:00114250r	总
bn:00114250r	总是
bn:00114251r	不断
bn:00114272r	完全
bn:00114281r	再
bn:00114281r	就
bn:00114281r	已
bn:00114281r	接着
bn:00114281r	然后
bn:00114281r	那么
bn:00114282r	等
bn:00114282r	等等
bn:00114290r	每年
bn:00114291r	每年
bn:00114297r	之前
bn:00114297r	先前
bn:00114297r	曾
bn:00114297r	曾经
bn:00114297r	此前
bn:00114303r	不再
bn:00114303r	再
bn:00114304r	不过
bn:00114304r	反正
bn:00114304r	无论如何
bn:00114304r	至少
bn:00114307r	很快
bn:00114307r	迅速
bn:00114318r	似乎
bn:00114318r	显然
bn:00114319r	明显
bn:00114319r	显然
bn:00114326r	及时
bn:00114327r	顺便
bn:00114328r	随机
bn:00114335r	正确
bn:00114350r	人工
bn:00114354r	同样
bn:00114357r	事实上
bn:00114357r	实际上
bn:00114358r	尽可能
bn:00114358r	尽量
bn:00114359r	如下
bn:00114369r	迄今
bn:00114369r	还
bn:00114402r	同时
bn:00114403r	一点
bn:00114403r	完全
bn:00114403r	并
bn:00114403r	根本
bn:00114403r	都
bn:00114406r	至少
bn:00114408r	充其量
bn:00114417r	最后
bn:00114417r	最终
bn:00114417r	终于
bn:00114418r	至少
bn:00114421r	最多
bn:00114421r	至多
bn:00114422r	即
bn:00114422r	直接
bn:00114422r	立刻
bn:00114422r	立即
bn:00114422r	马上
bn:00114423r	以前
bn:00114423r	曾
bn:00114423r	曾经
bn:00114424r	现
bn:00114428r	与此同时
bn:00114428r	同时
bn:00114429r	与此同时
bn:00114429r	同时
bn:00114431r	不时
bn:00114431r	偶尔
bn:00114431r	时不时
bn:00114431r	有时
bn:00114431r	有时候
bn:00114450r	自动
bn:00114450r	自然而然
bn:00114463r	非常
bn:00114466r	笨拙
bn:00114472r	后
bn:00114473r	后
bn:00114473r	向后
bn:00114485r	严重
bn:00114504r	仅仅
bn:00114504r	刚
bn:00114504r	刚刚
bn:00114504r	就
bn:00114508r	基本
bn:00114508r	基本上
bn:00114508r	实质上
bn:00114512r	之前
bn:00114512r	以前
bn:00114512r	前
bn:00114512r	早
bn:00114513r	不久
bn:00114513r	即将
bn:00114513r	快
bn:00114515r	后
bn:00114519r	晚
bn:00114523r	可能
bn:00114523r	大概
bn:00114525r	下
bn:00114526r	下
bn:00114534r	此外
bn:00114535r	最好
bn:00114536r	最好
bn:00114568r	渐渐
bn:00114568r	逐渐
bn:00114580r	阴郁
bn:00114582r	盲目
bn:00114594r	严格
bn:00114610r	简短
bn:00114611r	总之
bn:00114626r	仅
bn:00114626r	仅仅
bn:00114626r	但
bn:00114626r	刚好
bn:00114626r	只
bn:00114626r	只不过
bn:00114626r	只是
bn:00114626r	只有
bn:00114626r	只能
bn:00114626r	就
bn:00114626r	就是
bn:00114626r	干脆
bn:00114626r	才
bn:00114626r	根本
bn:00114626r	正好
bn:00114627r	另一方面
bn:00114632r	坚决
bn:00114632r	明显
bn:00114632r	肯定
bn:00114633r	下
bn:00114633r	后
bn:00114633r	后来
bn:00114633r	待会儿
bn:00114633r	随后
bn:00114634r	一般
bn:00114634r	主要
bn:00114634r	大多
bn:00114634r	往往
bn:00114634r	普遍
bn:00114634r	通常
bn:00114639r	远远
bn:00114645r	天生
bn:00114646r	并不
bn:00114646r	绝
bn:00114650r	逐一
bn:00114663r	坦白
bn:00114663r	真诚
bn:00114671r	小心
bn:00114672r	谨慎
bn:00114677r	随便
bn:00114687r	不断
bn:00114687r	连续
bn:00114694r	一定
bn:00114694r	当然
bn:00114694r	确实
bn:00114709r	欣然
bn:00114714r	主要
bn:00114740r	显然
bn:00114742r	明显
bn:00114742r	显然
bn:00114750r	密切
bn:00114766r	共同
bn:00114778r	往往
bn:00114778r	正常
bn:00114778r	通常
bn:00114784r	比较
bn:00114784r	相对
bn:00114784r	较
bn:00114790r	了
bn:00114790r	完全
bn:00114803r	彻底
bn:00114804r	具体
bn:00114822r	因此
bn:00114823r	大幅
bn:00114823r	很
bn:00114823r	相当
bn:00114823r	良好
bn:00114823r	非常
bn:00114827r	显著
bn:00114837r	不断
bn:00114838r	不断
bn:00114838r	连续
bn:00114842r	反而
bn:00114842r	相反
bn:00114848r	方便
bn:00114850r	反过来
bn:00114850r	相反
bn:00114869r	当然
bn:00114869r	自然
bn:00114871r	偷偷
bn:00114917r	日常
bn:00114917r	每日
bn:00114918r	日益
bn:00114935r	合法
bn:00114946r	好好
bn:00114967r	故意
bn:00114996r	拼命
bn:00115016r	不同
bn:00115016r	否则
bn:00115029r	一直
bn:00115029r	正
bn:00115029r	直接
bn:00115030r	直接
bn:00115031r	直接
bn:00115067r	不管
bn:00115067r	无论
bn:00115106r	无疑
bn:00115109r	下
bn:00115109r	向下
bn:00115109r	往下
bn:00115109r	沿着
bn:00115110r	沿着
bn:00115118r	完全
bn:00115142r	适当
bn:00115147r	例如
bn:00115147r	比如
bn:00115149r	热切
bn:00115150r	早
bn:00115151r	首先
bn:00115153r	初
bn:00115154r	严重
bn:00115154r	认真
bn:00115155r	容易
bn:00115155r	轻易
bn:00115157r	很
bn:00115161r	慢慢
bn:00115161r	缓缓
bn:00115177r	有效
bn:00115178r	实际上
bn:00115184r	也
bn:00115215r	极其
bn:00115215r	非常
bn:00115216r	足够
bn:00115220r	热心
bn:00115226r	同样
bn:00115235r	尤为
bn:00115235r	尤其
bn:00115235r	尤其是
bn:00115235r	特别
bn:00115236r	专门
bn:00115239r	永远
bn:00115244r	也
bn:00115244r	哪怕
bn:00115244r	完全
bn:00115244r	就是
bn:00115244r	甚至
bn:00115244r	还
bn:00115244r	连
bn:00115244r	都
bn:00115245r	也
bn:00115245r	都
bn:00115246r	也
bn:00115246r	仍然
bn:00115246r	但
bn:00115246r	更
bn:00115246r	然而
bn:00115246r	甚至
bn:00115246r	还是
bn:00115250r	公平
bn:00115252r	最后
bn:00115252r	终于
bn:00115253r	从
bn:00115253r	曾
bn:00115253r	曾经
bn:00115253r	有史以来
bn:00115253r	永远
bn:00115258r	不时
bn:00115266r	仅仅
bn:00115266r	但
bn:00115266r	只
bn:00115266r	只是
bn:00115266r	完全
bn:00115266r	对
bn:00115266r	就
bn:00115266r	就是
bn:00115266r	恰好
bn:00115266r	正
bn:00115266r	正好
bn:00115266r	精确
bn:00115267r	完全
bn:00115271r	极其
bn:00115271r	极端
bn:00115271r	超级
bn:00115271r	非常
bn:00115273r	异常
bn:00115274r	也
bn:00115274r	太
bn:00115274r	太过
bn:00115274r	过于
bn:00115274r	非常
bn:00115278r	彻底
bn:00115293r	广泛
bn:00115300r	极
bn:00115300r	极为
bn:00115300r	极其
bn:00115300r	非常
bn:00115313r	相当
bn:00115313r	稍
bn:00115322r	很
bn:00115322r	更
bn:00115322r	远
bn:00115323r	再
bn:00115323r	很
bn:00115323r	更
bn:00115323r	进一步
bn:00115323r	远
bn:00115324r	再
bn:00115324r	更
bn:00115324r	进一步
bn:00115329r	再
bn:00115329r	更
bn:00115329r	此外
bn:00115329r	进一步
bn:00115330r	再
bn:00115335r	快速
bn:00115335r	迅速
bn:00115360r	强烈
bn:00115368r	最后
bn:00115368r	终于
bn:00115374r	牢牢
bn:00115375r	努力
bn:00115376r	先
bn:00115376r	首先
bn:00115377r	上
bn:00115377r	最初
bn:00115377r	首先
bn:00115377r	首次
bn:00115378r	先
bn:00115378r	最初
bn:00115378r	首先
bn:00115379r	上
bn:00115379r	首先
bn:00115392r	很快
bn:00115397r	一直
bn:00115397r	当
bn:00115397r	直接
bn:00115410r	永久
bn:00115415r	就此而言
bn:00115417r	暂时
bn:00115418r	主要
bn:00115418r	大多
bn:00115423r	永远
bn:00115427r	正式
bn:00115431r	向前
bn:00115431r	往前
bn:00115434r	前
bn:00115434r	向前
bn:00115450r	自由
bn:00115452r	常
bn:00115452r	常常
bn:00115452r	时常
bn:00115452r	经常
bn:00115452r	频繁
bn:00115453r	新
bn:00115474r	充分
bn:00115474r	完全
bn:00115476r	全额
bn:00115483r	此外
bn:00115483r	进一步
bn:00115484r	此外
bn:00115484r	而且
bn:00115485r	偷偷
bn:00115495r	普遍
bn:00115495r	通常
bn:00115501r	轻轻
bn:00115503r	轻轻
bn:00115504r	其实
bn:00115504r	实际上
bn:00115504r	真
bn:00115504r	真正
bn:00115504r	真的
bn:00115504r	确实
bn:00115504r	非常
bn:00115530r	完全
bn:00115530r	很
bn:00115531r	完全
bn:00115531r	彻底
bn:00115536r	优雅
bn:00115553r	大大
bn:00115553r	很
bn:00115553r	非常
bn:00115567r	惯常
bn:00115568r	憔悴
bn:00115569r	半
bn:00115590r	努力
bn:00115605r	匆忙
bn:00115635r	于是
bn:00115635r	从而
bn:00115635r	因此
bn:00115635r	因而
bn:00115638r	从此
bn:00115645r	此后
bn:00115648r	因此
bn:00115648r	特此
bn:00115696r	不过
bn:00115696r	然而
bn:00115697r	但
bn:00115697r	多么
bn:00115698r	却
bn:00115698r	然而
bn:00115742r	立即
bn:00115781r	中
bn:00115782r	立即
bn:00115789r	私下
bn:00115794r	在一起
bn:00115795r	详细
bn:00115811r	一度
bn:00115811r	一旦
bn:00115811r	曾
bn:00115811r	曾经
bn:00115811r	有一次
bn:00115813r	换句话说
bn:00115814r	尤其是
bn:00115814r	特别
bn:00115817r	亲自
bn:00115822r	秘密
bn:00115828r	因为
bn:00115832r	本
bn:00115833r	最后
bn:00115834r	首先
bn:00115836r	与此同时
bn:00115841r	及时
bn:00115844r	事实上
bn:00115845r	依次
bn:00115880r	愈发
bn:00115880r	日益
bn:00115880r	越来越
bn:00115880r	逐渐
bn:00115888r	甚至
bn:00115888r	的确
bn:00115888r	确实
bn:00115891r	无限期
bn:00115893r	独立
bn:00115900r	间接
bn:00115904r	分别
bn:00115904r	单独
bn:00115906r	内
bn:00115914r	不可避免
bn:00115917r	一定
bn:00115917r	不可避免
bn:00115917r	必然
bn:00115927r	非正式
bn:00115958r	内
bn:00115972r	而是
bn:00115975r	不够
bn:00116044r	共同
bn:00116052r	刚
bn:00116052r	刚刚
bn:00116052r	刚才
bn:00116052r	只是
bn:00116052r	就
bn:00116052r	就是
bn:00116052r	正
bn:00116052r	正好
bn:00116052r	正当
bn:00116053r	仅仅
bn:00116053r	刚
bn:00116053r	只是
bn:00116053r	唯独
bn:00116053r	就
bn:00116053r	就是
bn:00116053r	根本
bn:00116064r	相当
bn:00116064r	颇
bn:00116064r	颇为
bn:00116072r	早
bn:00116072r	早已
bn:00116104r	少
bn:00116115r	轻轻
bn:00116119r	轻轻
bn:00116120r	轻轻
bn:00116128r	也
bn:00116128r	同样
bn:00116153r	久
bn:00116197r	明显
bn:00116197r	显著
bn:00116211r	也许
bn:00116211r	可能
bn:00116211r	大概
bn:00116211r	或许
bn:00116218r	与此同时
bn:00116218r	同时
bn:00116271r	暂时
bn:00116284r	多
bn:00116284r	更
bn:00116284r	更加
bn:00116285r	多
bn:00116285r	更
bn:00116285r	更加
bn:00116286r	有些
bn:00116286r	略
bn:00116286r	略微
bn:00116290r	大多
bn:00116290r	最
bn:00116290r	最多
bn:00116290r	极其
bn:00116291r	最
bn:00116291r	极其
bn:00116295r	几乎
bn:00116295r	多
bn:00116295r	远
bn:00116296r	几乎
bn:00116296r	多
bn:00116297r	几乎
bn:00116311r	默默
bn:00116317r	也就是说
bn:00116317r	即
bn:00116317r	就是
bn:00116323r	自然
bn:00116326r	从不
bn:00116326r	从未
bn:00116326r	从来
bn:00116326r	从没
bn:00116326r	永不
bn:00116330r	一定
bn:00116330r	必然
bn:00116331r	一定
bn:00116345r	下次
bn:00116345r	接下来
bn:00116348r	不
bn:00116348r	不是
bn:00116348r	没有
bn:00116349r	不
bn:00116351r	无疑
bn:00116353r	不再
bn:00116360r	不
bn:00116360r	不是
bn:00116360r	未
bn:00116360r	没
bn:00116360r	非
bn:00116381r	现
bn:00116381r	由于
bn:00116382r	现
bn:00116382r	现今
bn:00116422r	上
bn:00116433r	一方面
bn:00116437r	当场
bn:00116437r	立即
bn:00116440r	突然
bn:00116442r	一旦
bn:00116445r	一个个
bn:00116447r	仅仅
bn:00116447r	但
bn:00116447r	只
bn:00116447r	只是
bn:00116447r	只有
bn:00116447r	才
bn:00116448r	只
bn:00116448r	就
bn:00116448r	才
bn:00116449r	只是
bn:00116450r	只有
bn:00116450r	才
bn:00116455r	公开
bn:00116455r	公然
bn:00116472r	最初
bn:00116477r	否则
bn:00116483r	意外
bn:00116495r	之外
bn:00116498r	非常
bn:00116517r	公开
bn:00116535r	部分
bn:00116538r	热情
bn:00116540r	被动
bn:00116565r	定期
bn:00116575r	亲自
bn:00116607r	尖声
bn:00116623r	根本
bn:00116655r	确实
bn:00116663r	可能
bn:00116668r	几乎
bn:00116680r	主要
bn:00116682r	优先
bn:00116692r	大概
bn:00116692r	想必
bn:00116697r	几乎
bn:00116719r	及时
bn:00116719r	很快
bn:00116719r	快
bn:00116719r	迅速
bn:00116720r	迅速
bn:00116752r	严格
bn:00116752r	纯粹
bn:00116753r	据称
bn:00116761r	定量
bn:00116768r	低声
bn:00116768r	悄然
bn:00116768r	轻声
bn:00116771r	完全
bn:00116771r	很
bn:00116771r	相当
bn:00116772r	十分
bn:00116772r	完全
bn:00116772r	很
bn:00116772r	挺
bn:00116772r	相当
bn:00116773r	完全
bn:00116773r	相当
bn:00116780r	根本
bn:00116785r	疯狂
bn:00116787r	少
bn:00116787r	很少
bn:00116789r	十分
bn:00116789r	太
bn:00116789r	很
bn:00116789r	特别
bn:00116789r	非常
bn:00116794r	轻易
bn:00116794r	迅速
bn:00116820r	勉强
bn:00116826r	一再
bn:00116826r	反复
bn:00116826r	多次
bn:00116829r	据说
bn:00116843r	分别
bn:00116860r	一直
bn:00116860r	直接
bn:00116894r	安全
bn:00116918r	其次
bn:00116971r	不久
bn:00116989r	只是
bn:00116990r	真诚
bn:00117031r	顺利
bn:00117036r	偷偷
bn:00117043r	因此
bn:00117043r	如此
bn:00117043r	所以
bn:00117043r	这样
bn:00117044r	因此
bn:00117044r	好
bn:00117044r	所以
bn:00117044r	这样
bn:00117045r	因此
bn:00117045r	所以
bn:00117045r	这样
bn:00117046r	因此
bn:00117048r	于是
bn:00117048r	从而
bn:00117048r	因此
bn:00117048r	这样
bn:00117063r	坚固
bn:00117066r	有一天
bn:00117070r	有时
bn:00117070r	有时候
bn:00117094r	专门
bn:00117106r	自发
bn:00117128r	稳步
bn:00117130r	偷偷
bn:00117138r	仍
bn:00117138r	仍然
bn:00117138r	但
bn:00117138r	依旧
bn:00117138r	依然
bn:00117138r	尚
bn:00117138r	还
bn:00117138r	还是
bn:00117154r	严格
bn:00117172r	成功
bn:00117173r	如此
bn:00117174r	充分
bn:00117174r	足够
bn:00117186r	果然
bn:00117196r	象征性
bn:00117233r	暂时
bn:00117238r	暂时
bn:00117250r	则
bn:00117250r	就
bn:00117250r	已
bn:00117250r	然后
bn:00117250r	那
bn:00117250r	那么
bn:00117251r	再
bn:00117251r	就
bn:00117251r	然后
bn:00117251r	那么
bn:00117252r	从中
bn:00117263r	从而
bn:00117263r	因此
bn:00117287r	然而
bn:00117304r	紧紧
bn:00117317r	同
bn:00117317r	在一起
bn:00117318r	一起
bn:00117318r	在一起
bn:00117319r	一起
bn:00117319r	共同
bn:00117319r	在一起
bn:00117320r	一起
bn:00117321r	一起
bn:00117321r	共同
bn:00117321r	在一起
bn:00117452r	从容不迫
bn:00117454r	均匀
bn:00117457r	毫无疑问
bn:00117463r	连续
bn:00117465r	普遍
bn:00117522r	上
bn:00117522r	向上
bn:00117529r	上下
bn:00117559r	很
bn:00117559r	非常
bn:00117570r	明显
bn:00117583r	自愿
bn:00117603r	很
bn:00117604r	很
bn:00117625r	广泛
bn:00117654r	仍
bn:00117654r	仍然
bn:00117654r	但
bn:00117654r	然而
bn:00117654r	还
bn:14866890n	裁判
