bn:00000004n	0
bn:00000004n	zéro
bn:00000005n	1
bn:00000005n	as
bn:00000005n	celui-ci
bn:00000005n	personne
bn:00000005n	un
bn:00000005n	unité
bn:00000008n	10
bn:00000008n	dix
bn:00000009n	100
bn:00000009n	centaine
bn:00000010n	mille
bn:00000010n	millier
bn:00000012n	100000
bn:00000013n	million
bn:00000016n	milliard
bn:00000017n	11
bn:00000020n	12
bn:00000020n	douzaine
bn:00000020n	douze
bn:00000023n	Treize
bn:00000024n	14
bn:00000024n	Quatorze
bn:00000027n	15
bn:00000027n	quinze
bn:00000032n	16
bn:00000034n	17
bn:00000052n	19
bn:00000052n	dix-neuf
bn:00000057n	cinquante
bn:00000075n	2
bn:00000075n	deux
bn:00000075n	Deux
bn:00000079n	20
bn:00000079n	vingt
bn:00000081n	21
bn:00000082n	22
bn:00000082n	vingt-deux
bn:00000084n	23
bn:00000084n	vingt-trois
bn:00000085n	24
bn:00000086n	fois
bn:00000086n	jour
bn:00000086n	journée
bn:00000089n	25
bn:00000090n	26
bn:00000091n	27
bn:00000092n	vingt-huit
bn:00000093n	29
bn:00000100n	3
bn:00000100n	trio
bn:00000100n	trois
bn:00000100n	Trois
bn:00000104n	30
bn:00000104n	trente
bn:00000105n	demi-heure
bn:00000111n	4
bn:00000111n	quatre
bn:00000111n	Quatre
bn:00000113n	40
bn:00000119n	5
bn:00000119n	cinq
bn:00000123n	50
bn:00000125n	6
bn:00000125n	six
bn:00000127n	heure
bn:00000129n	7
bn:00000129n	sept
bn:00000130n	70
bn:00000133n	8
bn:00000138n	9
bn:00000138n	neuf
bn:00000145n	amp
bn:00000145n	Amp
bn:00000145n	ampère
bn:00000149n	bombe
bn:00000207n	abandon
bn:00000212n	abandon
bn:00000213n	abandon
bn:00000213n	défection
bn:00000216n	abaissement
bn:00000216n	abjection
bn:00000234n	abbaye
bn:00000237n	abbé
bn:00000249n	abdomen
bn:00000249n	estomac
bn:00000249n	ventre
bn:00000266n	ravisseur
bn:00000266n	Ravisseur
bn:00000288n	aberration
bn:00000291n	distorsion
bn:00000300n	conformité
bn:00000301n	domicile
bn:00000301n	maison
bn:00000317n	capacité
bn:00000317n	compétence
bn:00000318n	capacité
bn:00000318n	compétence
bn:00000318n	faculté
bn:00000318n	force
bn:00000318n	pouvoir
bn:00000318n	talent
bn:00000329n	sevrage
bn:00000330n	ablation
bn:00000347n	anomalie
bn:00000350n	irrégularité
bn:00000355n	résidence
bn:00000356n	demeure
bn:00000356n	domicile
bn:00000356n	endroit
bn:00000356n	foyer
bn:00000356n	habitation
bn:00000356n	maison
bn:00000356n	résidence
bn:00000358n	abolition
bn:00000360n	abolitionniste
bn:00000367n	aborigène
bn:00000367n	indigène
bn:00000367n	natif
bn:00000372n	avortement
bn:00000388n	Lincoln
bn:00000392n	éraflure
bn:00000395n	dureté
bn:00000397n	abréaction
bn:00000397n	catharsis
bn:00000401n	abrogation
bn:00000404n	boule
bn:00000415n	soudaineté
bn:00000418n	abcès
bn:00000420n	abscisse
bn:00000427n	absence
bn:00000428n	absence
bn:00000435n	absentéisme
bn:00000443n	fréquence
bn:00000445n	majorité
bn:00000449n	température
bn:00000458n	despotisme
bn:00000459n	dictature
bn:00000459n	tyrannie
bn:00000471n	absorption
bn:00000472n	absorption
bn:00000475n	concentration
bn:00000476n	préoccupation
bn:00000480n	spectre
bn:00000486n	abstinence
bn:00000488n	abstraction
bn:00000488n	abstrait
bn:00000489n	aperçu
bn:00000490n	abstractionnisme
bn:00000494n	raisonnement
bn:00000497n	abstraction
bn:00000498n	abstraction
bn:00000498n	généralisation
bn:00000499n	abstraction
bn:00000500n	irréalisme
bn:00000502n	obscurité
bn:00000503n	profondeur
bn:00000505n	absurdité
bn:00000506n	absurdité
bn:00000517n	abondance
bn:00000520n	abus
bn:00000521n	insulte
bn:00000534n	abîme
bn:00000551n	académique
bn:00000551n	universitaire
bn:00000554n	degré
bn:00000554n	diplôme
bn:00000554n	licence
bn:00000561n	session
bn:00000562n	année
bn:00000567n	académie
bn:00000568n	académie
bn:00000609n	Acapulco
bn:00000628n	accélération
bn:00000629n	accélération
bn:00000630n	accélération
bn:00000632n	accélérateur
bn:00000633n	accélérateur
bn:00000633n	gaz
bn:00000633n	manette
bn:00000638n	accent
bn:00000639n	accent
bn:00000639n	importance
bn:00000639n	insistance
bn:00000640n	dialecte
bn:00000640n	idiome
bn:00000641n	accent
bn:00000641n	accentuation
bn:00000641n	importance
bn:00000641n	pression
bn:00000641n	stress
bn:00000643n	accentuation
bn:00000648n	acceptation
bn:00000649n	acceptation
bn:00000649n	adoption
bn:00000650n	acceptation
bn:00000651n	acceptation
bn:00000661n	accès
bn:00000662n	accès
bn:00000663n	abord
bn:00000663n	accès
bn:00000663n	approche
bn:00000670n	disponibilité
bn:00000677n	accessoire
bn:00000678n	accessoire
bn:00000678n	complément
bn:00000678n	supplément
bn:00000690n	accident
bn:00000691n	accident
bn:00000691n	hasard
bn:00000694n	blessure
bn:00000703n	élévation
bn:00000704n	hommage
bn:00000704n	honneur
bn:00000704n	prix
bn:00000704n	récompense
bn:00000706n	ajustement
bn:00000716n	accompagnement
bn:00000717n	accompagnement
bn:00000717n	soutien
bn:00000718n	complément
bn:00000719n	escorte
bn:00000722n	complice
bn:00000724n	accomplissement
bn:00000724n	exploit
bn:00000724n	performance
bn:00000724n	réalisation
bn:00000724n	résultat
bn:00000724n	réussite
bn:00000725n	compétence
bn:00000725n	habileté
bn:00000725n	maîtrise
bn:00000726n	accord
bn:00000728n	pacte
bn:00000728n	traité
bn:00000738n	compte
bn:00000738n	histoire
bn:00000738n	récit
bn:00000739n	article
bn:00000739n	compte
bn:00000739n	histoire
bn:00000739n	rapport
bn:00000739n	récit
bn:00000740n	compte
bn:00000741n	compte
bn:00000741n	explication
bn:00000741n	récit
bn:00000742n	point
bn:00000745n	rapport
bn:00000745n	rumeur
bn:00000746n	facture
bn:00000748n	livre
bn:00000748n	registre
bn:00000752n	comptabilité
bn:00000753n	contrôleur
bn:00000755n	comptabilité
bn:00000759n	entrée
bn:00000765n	accréditation
bn:00000766n	accrétion
bn:00000766n	accumulation
bn:00000772n	accumulation
bn:00000774n	acculturation
bn:00000775n	culture
bn:00000777n	accumulation
bn:00000777n	collection
bn:00000779n	collectionneur
bn:00000782n	exactitude
bn:00000782n	précision
bn:00000782n	vérité
bn:00000783n	précision
bn:00000784n	accusation
bn:00000789n	as
bn:00000790n	as
bn:00000790n	étoile
bn:00000790n	génie
bn:00000790n	magicien
bn:00000790n	sensation
bn:00000790n	sorcier
bn:00000790n	spécialiste
bn:00000790n	star
bn:00000790n	Star
bn:00000790n	virtuose
bn:00000825n	amertume
bn:00000843n	acétone
bn:00000845n	acétonémie
bn:00000845n	cétose
bn:00000849n	vinaigre
bn:00000855n	aspirine
bn:00000859n	douleur
bn:00000870n	succès
bn:00000902n	acide
bn:00000918n	acidité
bn:00000937n	reconnaissance
bn:00000939n	cotation
bn:00000939n	référence
bn:00000942n	apogée
bn:00000942n	hauteur
bn:00000942n	pic
bn:00000942n	sommet
bn:00000942n	taille
bn:00000942n	tête
bn:00000943n	apogée
bn:00000943n	sommet
bn:00000951n	acolyte
bn:00000990n	connaissance
bn:00000990n	familiarité
bn:00000991n	connaissance
bn:00000992n	connaissance
bn:00000993n	acquiescement
bn:00000993n	consentement
bn:00000994n	acquiescement
bn:00000994n	assentiment
bn:00000994n	consentement
bn:00001005n	acquisition
bn:00001007n	apprentissage
bn:00001014n	acre
bn:00001019n	domaine
bn:00001019n	terre
bn:00001035n	acrobatie
bn:00001035n	tumbling
bn:00001076n	acte
bn:00001076n	législation
bn:00001076n	loi
bn:00001077n	acte
bn:00001077n	action
bn:00001078n	acte
bn:00001079n	acte
bn:00001079n	numéro
bn:00001079n	routine
bn:00001086n	corticotropine
bn:00001092n	comédie
bn:00001092n	interprétation
bn:00001092n	jeu
bn:00001112n	actinomètre
bn:00001127n	acte
bn:00001127n	action
bn:00001127n	geste
bn:00001127n	mesure
bn:00001128n	action
bn:00001128n	activité
bn:00001129n	action
bn:00001129n	combat
bn:00001129n	conduite
bn:00001129n	mesure
bn:00001130n	action
bn:00001131n	action
bn:00001132n	action
bn:00001133n	action
bn:00001134n	action
bn:00001155n	actif
bn:00001170n	activisme
bn:00001172n	activité
bn:00001173n	activité
bn:00001176n	acteur
bn:00001181n	acteur
bn:00001187n	conscience
bn:00001187n	réalisation
bn:00001188n	réalité
bn:00001195n	finesse
bn:00001227n	annonce
bn:00001227n	publicité
bn:00001229n	agence
bn:00001236n	proverbe
bn:00001242n	Adam
bn:00001252n	diamant
bn:00001266n	adaptation
bn:00001266n	version
bn:00001276n	ajout
bn:00001279n	complément
bn:00001279n	supplément
bn:00001293n	ajout
bn:00001294n	augmentation
bn:00001294n	gain
bn:00001294n	hausse
bn:00001299n	additif
bn:00001302n	adresse
bn:00001303n	adresse
bn:00001304n	discours
bn:00001305n	adresse
bn:00001339n	adénome
bn:00001353n	agilité
bn:00001353n	habileté
bn:00001355n	adéquation
bn:00001360n	adhésion
bn:00001362n	adepte
bn:00001362n	adhérent
bn:00001362n	disciple
bn:00001366n	adhésif
bn:00001382n	adieu
bn:00001382n	Adios
bn:00001386n	graisse
bn:00001389n	embonpoint
bn:00001395n	adjectif
bn:00001396n	adjectif
bn:00001398n	ajournement
bn:00001402n	accessoire
bn:00001402n	adjoint
bn:00001402n	complément
bn:00001410n	ajustement
bn:00001410n	altération
bn:00001410n	modification
bn:00001411n	ajustement
bn:00001412n	allocation
bn:00001413n	aide
bn:00001422n	administration
bn:00001422n	cession
bn:00001423n	administration
bn:00001423n	établissement
bn:00001423n	organisation
bn:00001424n	administration
bn:00001425n	administration
bn:00001425n	présidence
bn:00001426n	gouvernement
bn:00001433n	fonctionnaire
bn:00001434n	administrateur
bn:00001435n	administrateur
bn:00001453n	admiration
bn:00001454n	émerveillement
bn:00001454n	étonnement
bn:00001455n	appréciation
bn:00001456n	admirateur
bn:00001456n	partisan
bn:00001456n	protagoniste
bn:00001460n	admission
bn:00001460n	droit
bn:00001461n	admission
bn:00001466n	mélange
bn:00001469n	avertissement
bn:00001478n	adolescence
bn:00001480n	adolescent
bn:00001482n	hitler
bn:00001482n	Hitler
bn:00001488n	adonis
bn:00001495n	emprunt
bn:00001507n	corticostéroïde
bn:00001525n	adulte
bn:00001526n	adulte
bn:00001530n	femme
bn:00001533n	homme
bn:00001533n	mec
bn:00001541n	adultère
bn:00001544n	maturité
bn:00001548n	évolution
bn:00001548n	mouvement
bn:00001548n	progrès
bn:00001548n	progression
bn:00001549n	amélioration
bn:00001549n	avancée
bn:00001549n	progrès
bn:00001551n	cours
bn:00001551n	progrès
bn:00001551n	progression
bn:00001557n	développement
bn:00001557n	progrès
bn:00001559n	avantage
bn:00001564n	arrivée
bn:00001564n	avènement
bn:00001572n	aventure
bn:00001572n	escapade
bn:00001574n	aventurier
bn:00001575n	explorateur
bn:00001579n	adverbe
bn:00001582n	adversaire
bn:00001582n	antagoniste
bn:00001582n	opposant
bn:00001586n	adversité
bn:00001586n	difficulté
bn:00001589n	publicité
bn:00001592n	conseil
bn:00001598n	conseiller
bn:00001598n	consultant
bn:00001603n	défenseur
bn:00001604n	avocat
bn:00001604n	conseiller
bn:00001617n	Égée
bn:00001617n	égéen
bn:00001627n	égide
bn:00001647n	éon
bn:00001657n	aération
bn:00001659n	aérateur
bn:00001661n	antenne
bn:00001676n	aéroport
bn:00001697n	avion
bn:00001698n	aérosol
bn:00001704n	Eschyle
bn:00001709n	marronnier
bn:00001713n	sensibilité
bn:00001714n	sensation
bn:00001716n	esthétique
bn:00001734n	affaire
bn:00001734n	chose
bn:00001734n	matière
bn:00001734n	problème
bn:00001734n	question
bn:00001734n	sujet
bn:00001735n	liaison
bn:00001736n	affaire
bn:00001736n	occasion
bn:00001736n	reprise
bn:00001736n	sujet
bn:00001737n	duel
bn:00001738n	affaire
bn:00001740n	affect
bn:00001744n	affection
bn:00001744n	cœur
bn:00001752n	affidavit
bn:00001755n	affiliation
bn:00001755n	lien
bn:00001756n	affiliation
bn:00001760n	affinité
bn:00001763n	affinité
bn:00001763n	parenté
bn:00001767n	affirmation
bn:00001785n	aisance
bn:00001785n	richesse
bn:00001789n	altercation
bn:00001789n	fracas
bn:00001790n	perturbation
bn:00001793n	panique
bn:00001793n	terreur
bn:00001816n	Afrique
bn:00001861n	poupe
bn:00001867n	effet
bn:00001873n	sillage
bn:00001874n	conséquence
bn:00001875n	après-midi
bn:00001876n	Bonjour
bn:00001877n	thé
bn:00001880n	dessert
bn:00001887n	argent
bn:00001918n	agate
bn:00001936n	âge
bn:00001936n	an
bn:00001936n	durée
bn:00001937n	âge
bn:00001937n	époque
bn:00001937n	ère
bn:00001938n	âge
bn:00001940n	âge
bn:00001942n	tranche
bn:00001961n	agence
bn:00001961n	autorité
bn:00001961n	bureau
bn:00001961n	organisme
bn:00001961n	succursale
bn:00001962n	agence
bn:00001962n	organisme
bn:00001965n	chemin
bn:00001965n	espace
bn:00001965n	façon
bn:00001965n	manière
bn:00001965n	méthode
bn:00001965n	moyen
bn:00001965n	pouvoir
bn:00001965n	voie
bn:00001967n	calendrier
bn:00001967n	horaire
bn:00001967n	ordre
bn:00001967n	programme
bn:00001972n	agent
bn:00001973n	agent
bn:00001974n	agent
bn:00001975n	agent
bn:00001975n	courtier
bn:00001975n	facteur
bn:00001992n	amas
bn:00001992n	monticule
bn:00001992n	pile
bn:00001992n	tas
bn:00001993n	agglomération
bn:00001997n	agglutination
bn:00001998n	agglutination
bn:00002000n	agglutinine
bn:00002004n	exaspération
bn:00002005n	provocation
bn:00002006n	exacerbation
bn:00002008n	ensemble
bn:00002008n	somme
bn:00002008n	total
bn:00002012n	collecte
bn:00002013n	collectionneur
bn:00002014n	agression
bn:00002015n	agressivité
bn:00002016n	agression
bn:00002019n	agressivité
bn:00002021n	agresseur
bn:00002021n	assaillant
bn:00002021n	attaquant
bn:00002022n	agresseur
bn:00002030n	agitation
bn:00002030n	fermentation
bn:00002032n	excitation
bn:00002036n	Ancistrodon
bn:00002059n	scepticisme
bn:00002071n	tourment
bn:00002072n	souffrance
bn:00002086n	accord
bn:00002086n	compréhension
bn:00002086n	contrat
bn:00002087n	accord
bn:00002087n	consensus
bn:00002087n	correspondance
bn:00002088n	accord
bn:00002088n	arrangement
bn:00002088n	disposition
bn:00002091n	agriculture
bn:00002095n	cultivateur
bn:00002096n	agriculture
bn:00002097n	agriculture
bn:00002110n	Agrobacterium
bn:00002132n	avocat
bn:00002154n	aide
bn:00002154n	assistance
bn:00002155n	aide
bn:00002155n	assistance
bn:00002155n	soutien
bn:00002156n	aide
bn:00002157n	attention
bn:00002157n	soin
bn:00002159n	assistant
bn:00002159n	auxiliaire
bn:00002171n	affection
bn:00002171n	maladie
bn:00002171n	plainte
bn:00002178n	but
bn:00002178n	dessein
bn:00002178n	effet
bn:00002178n	fin
bn:00002178n	intention
bn:00002178n	objectif
bn:00002179n	but
bn:00002179n	cible
bn:00002179n	objectif
bn:00002181n	manière
bn:00002185n	air
bn:00002186n	air
bn:00002186n	ciel
bn:00002187n	air
bn:00002188n	air
bn:00002188n	brise
bn:00002189n	air
bn:00002189n	atmosphère
bn:00002191n	air
bn:00002191n	mélodie
bn:00002191n	morceau
bn:00002191n	tension
bn:00002208n	rêverie
bn:00002209n	alvéole
bn:00002216n	brise
bn:00002216n	vent
bn:00002222n	voie
bn:00002224n	aviation
bn:00002244n	matelas
bn:00002246n	mile
bn:00002250n	aviation
bn:00002275n	avion
bn:00002276n	porte-avions
bn:00002293n	diffusion
bn:00002295n	ventilation
bn:00002306n	pilote
bn:00002312n	vitesse
bn:00002315n	bande
bn:00002315n	piste
bn:00002320n	allée
bn:00002335n	Alaska
bn:00002355n	aluminium
bn:00002356n	Alabama
bn:00002362n	Irak
bn:00002366n	Maroc
bn:00002393n	albâtre
bn:00002410n	alarme
bn:00002410n	inquiétude
bn:00002411n	alarme
bn:00002444n	Albany
bn:00002488n	album
bn:00002489n	album
bn:00002490n	albumine
bn:00002519n	alcool
bn:00002544n	échevin
bn:00002589n	alerte
bn:00002590n	vigilance
bn:00002612n	Alexandre
bn:00002671n	algue
bn:00002714n	alibi
bn:00002715n	excuse
bn:00002715n	prétexte
bn:00002725n	étranger
bn:00002726n	étranger
bn:00002726n	Étranger
bn:00002726n	inconnu
bn:00002730n	aliénation
bn:00002731n	aliénation
bn:00002740n	alignement
bn:00002740n	alliance
bn:00002740n	coalition
bn:00002741n	alignement
bn:00002744n	ressemblance
bn:00002744n	similitude
bn:00002745n	subsistance
bn:00002749n	alimentation
bn:00002753n	aliquote
bn:00002761n	vie
bn:00002771n	alcali
bn:00002812n	allégation
bn:00002813n	allégation
bn:00002814n	prunellier
bn:00002819n	allégeance
bn:00002819n	engagement
bn:00002819n	loyauté
bn:00002822n	allégorie
bn:00002822n	parabole
bn:00002848n	soulagement
bn:00002849n	soulagement
bn:00002851n	allée
bn:00002855n	Halloween
bn:00002860n	lien
bn:00002910n	allocation
bn:00002910n	attribution
bn:00002910n	dotation
bn:00002911n	allocation
bn:00002911n	attribution
bn:00002931n	allocation
bn:00002931n	argent
bn:00002932n	indemnité
bn:00002933n	tolérance
bn:00002946n	allusion
bn:00002952n	dépôt
bn:00002952n	sédimentation
bn:00002954n	inondation
bn:00002955n	allié
bn:00002956n	allié
bn:00002956n	ami
bn:00002966n	créateur
bn:00002966n	Divin
bn:00002966n	seigneur
bn:00003000n	aloès
bn:00003002n	Hawaï
bn:00003004n	solitude
bn:00003005n	distance
bn:00003026n	alpha
bn:00003057n	caractère
bn:00003057n	lettre
bn:00003101n	perdant
bn:00003111n	élévation
bn:00003125n	altération
bn:00003125n	changement
bn:00003125n	évolution
bn:00003125n	modification
bn:00003126n	révision
bn:00003129n	remplacement
bn:00003132n	alternative
bn:00003132n	choix
bn:00003132n	option
bn:00003138n	rose
bn:00003142n	altitude
bn:00003158n	altruisme
bn:00003159n	philanthrope
bn:00003164n	diplômé
bn:00003200n	domestique
bn:00003200n	femme
bn:00003200n	servante
bn:00003203n	fusion
bn:00003232n	amateur
bn:00003234n	amateurisme
bn:00003242n	étonnement
bn:00003242n	stupéfaction
bn:00003242n	surprise
bn:00003251n	ambassadeur
bn:00003255n	ambre
bn:00003255n	or
bn:00003263n	ambiance
bn:00003263n	atmosphère
bn:00003266n	ambiguïté
bn:00003267n	ambiguïté
bn:00003268n	ampleur
bn:00003268n	boussole
bn:00003268n	cadre
bn:00003268n	champ
bn:00003268n	étendue
bn:00003268n	éventail
bn:00003268n	gamme
bn:00003268n	intervalle
bn:00003268n	orbite
bn:00003268n	plage
bn:00003268n	portée
bn:00003269n	ambition
bn:00003269n	rêve
bn:00003270n	ambition
bn:00003281n	chaire
bn:00003281n	estrade
bn:00003281n	tribune
bn:00003295n	ambulance
bn:00003300n	embuscade
bn:00003322n	amélioration
bn:00003331n	amendement
bn:00003332n	amendement
bn:00003333n	réparation
bn:00003337n	chaton
bn:00003341n	Amérique
bn:00003341n	États-Unis
bn:00003342n	Amérique
bn:00003343n	américain
bn:00003357n	buffle
bn:00003365n	Washington
bn:00003418n	indien
bn:00003420n	vigne
bn:00003494n	Americana
bn:00003524n	acide
bn:00003537n	amitié
bn:00003543n	munition
bn:00003554n	ammonium
bn:00003601n	montant
bn:00003601n	somme
bn:00003602n	montant
bn:00003602n	niveau
bn:00003602n	quantité
bn:00003603n	degré
bn:00003603n	mesure
bn:00003603n	quantité
bn:00003604n	montant
bn:00003604n	quantité
bn:00003604n	somme
bn:00003604n	total
bn:00003605n	vanité
bn:00003607n	min
bn:00003607n	minute
bn:00003631n	amphibologie
bn:00003663n	amplification
bn:00003663n	précision
bn:00003664n	gain
bn:00003666n	amplificateur
bn:00003667n	amplitude
bn:00003686n	Amsterdam
bn:00003687n	amulette
bn:00003692n	amusement
bn:00003693n	divertissement
bn:00003724n	anabaptiste
bn:00003736n	anachronisme
bn:00003742n	anaconda
bn:00003750n	anémie
bn:00003753n	anesthésie
bn:00003780n	analogue
bn:00003780n	parallèle
bn:00003786n	analogie
bn:00003787n	analogie
bn:00003792n	analyseur
bn:00003793n	analyse
bn:00003794n	analyse
bn:00003795n	analyse
bn:00003801n	analyste
bn:00003808n	analyticité
bn:00003810n	souvenir
bn:00003832n	anaplasmose
bn:00003840n	anarchie
bn:00003864n	anastomose
bn:00003879n	structure
bn:00003881n	anatomie
bn:00003882n	anatomie
bn:00003882n	cadre
bn:00003882n	chair
bn:00003882n	corps
bn:00003882n	figure
bn:00003882n	forme
bn:00003882n	silhouette
bn:00003883n	anatomie
bn:00003890n	ancêtre
bn:00003890n	antécédent
bn:00003893n	ascendance
bn:00003893n	lignée
bn:00003893n	origine
bn:00003893n	pedigree
bn:00003893n	sang
bn:00003895n	ancre
bn:00003896n	ancre
bn:00003896n	épine
bn:00003900n	anneau
bn:00003900n	cercle
bn:00003978n	Andrena
bn:00004021n	anecdote
bn:00004059n	thiamine
bn:00004063n	ange
bn:00004064n	saint
bn:00004065n	bailleur
bn:00004065n	soutien
bn:00004085n	colère
bn:00004086n	colère
bn:00004117n	angle
bn:00004118n	angle
bn:00004126n	inclinaison
bn:00004139n	anglican
bn:00004141n	église
bn:00004151n	anglo-saxon
bn:00004157n	anglophilie
bn:00004175n	angoisse
bn:00004175n	Angoisse
bn:00004188n	angoisse
bn:00004188n	torture
bn:00004188n	tourment
bn:00004189n	angoisse
bn:00004221n	critique
bn:00004222n	animal
bn:00004222n	bête
bn:00004222n	créature
bn:00004230n	patte
bn:00004230n	sabot
bn:00004264n	vivacité
bn:00004273n	animosité
bn:00004274n	anion
bn:00004275n	anionique
bn:00004293n	cheville
bn:00004336n	annihilation
bn:00004336n	effacement
bn:00004339n	anniversaire
bn:00004350n	note
bn:00004352n	annonce
bn:00004352n	proclamation
bn:00004353n	annonce
bn:00004356n	agacement
bn:00004356n	irritation
bn:00004357n	agacement
bn:00004388n	anode
bn:00004411n	anomie
bn:00004415n	anonymat
bn:00004425n	anorexie
bn:00004451n	réponse
bn:00004452n	réponse
bn:00004452n	résultat
bn:00004452n	solution
bn:00004453n	réponse
bn:00004458n	fourmi
bn:00004484n	fourmilier
bn:00004490n	antécédent
bn:00004493n	couloir
bn:00004493n	foyer
bn:00004493n	hall
bn:00004493n	salle
bn:00004493n	vestibule
bn:00004498n	antilope
bn:00004500n	antenne
bn:00004501n	antenne
bn:00004527n	cantique
bn:00004527n	hymne
bn:00004545n	fleur
bn:00004545n	floraison
bn:00004547n	fourmilière
bn:00004583n	anthropologue
bn:00004584n	anthropologie
bn:00004611n	antisémite
bn:00004612n	antisémitisme
bn:00004622n	tranquillisant
bn:00004629n	anticorps
bn:00004630n	plaisanterie
bn:00004630n	tour
bn:00004636n	anticipation
bn:00004637n	anticipation
bn:00004637n	attente
bn:00004638n	anticipation
bn:00004638n	prédiction
bn:00004638n	prévision
bn:00004639n	attente
bn:00004665n	antigène
bn:00004710n	antipathie
bn:00004710n	aversion
bn:00004710n	dégoût
bn:00004732n	Antiquité
bn:00004742n	antiserum
bn:00004742n	antisérum
bn:00004748n	antithèse
bn:00004785n	opposé
bn:00004795n	crapaud
bn:00004795n	grenouille
bn:00004798n	enclume
bn:00004801n	anxiété
bn:00004802n	anxiété
bn:00004814n	aorte
bn:00004824n	apache
bn:00004824n	Apaches
bn:00004836n	appartement
bn:00004837n	appartement
bn:00004837n	immeuble
bn:00004840n	indifférence
bn:00004857n	ouverture
bn:00004906n	abeille
bn:00004945n	aboutissement
bn:00004945n	apogée
bn:00004958n	Apologia
bn:00004959n	apologiste
bn:00004960n	excuse
bn:00004971n	attaque
bn:00004989n	once
bn:00004992n	apothicaire
bn:00004992n	pharmacie
bn:00004992n	pharmacien
bn:00004993n	pharmacie
bn:00004995n	saint
bn:00005004n	appareil
bn:00005004n	arrangement
bn:00005004n	système
bn:00005007n	vêtement
bn:00005011n	horizon
bn:00005012n	mouvement
bn:00005013n	apparition
bn:00005015n	ombre
bn:00005017n	appel
bn:00005017n	prière
bn:00005017n	recours
bn:00005018n	appel
bn:00005018n	attrait
bn:00005018n	charme
bn:00005019n	appel
bn:00005020n	collecte
bn:00005023n	apparence
bn:00005024n	apparition
bn:00005025n	apparition
bn:00005026n	apparence
bn:00005027n	apparence
bn:00005032n	désignation
bn:00005033n	extrémité
bn:00005033n	membre
bn:00005043n	annexe
bn:00005047n	appétit
bn:00005053n	applaudissement
bn:00005053n	claquement
bn:00005054n	pomme
bn:00005076n	pommier
bn:00005088n	engin
bn:00005088n	gadget
bn:00005088n	outil
bn:00005090n	applicabilité
bn:00005090n	pertinence
bn:00005091n	candidat
bn:00005091n	demandeur
bn:00005092n	application
bn:00005093n	candidature
bn:00005093n	demande
bn:00005094n	application
bn:00005100n	formulaire
bn:00005101n	applicateur
bn:00005105n	ingénierie
bn:00005105n	technologie
bn:00005106n	ingénieur
bn:00005110n	nomination
bn:00005111n	date
bn:00005111n	engagement
bn:00005111n	rendez-vous
bn:00005119n	juxtaposition
bn:00005120n	cotisation
bn:00005120n	évaluation
bn:00005121n	estimation
bn:00005125n	appréciation
bn:00005125n	reconnaissance
bn:00005126n	appréciation
bn:00005126n	goût
bn:00005128n	appréciation
bn:00005129n	gratitude
bn:00005133n	appréhension
bn:00005133n	crainte
bn:00005134n	appréhension
bn:00005134n	compréhension
bn:00005136n	arrestation
bn:00005137n	apprenti
bn:00005137n	apprentissage
bn:00005141n	approche
bn:00005141n	attaque
bn:00005142n	approche
bn:00005142n	arrivée
bn:00005154n	crédit
bn:00005154n	dotation
bn:00005158n	approbation
bn:00005158n	bénédiction
bn:00005159n	approbation
bn:00005160n	approbation
bn:00005164n	approximation
bn:00005164n	estimation
bn:00005165n	approximation
bn:00005169n	avril
bn:00005180n	tablier
bn:00005193n	aptitude
bn:00005200n	cobalt
bn:00005236n	ancolie
bn:00005242n	argon
bn:00005244n	Arkansas
bn:00005255n	Égypte
bn:00005348n	tonnelle
bn:00005361n	arc
bn:00005361n	décharge
bn:00005361n	étincelle
bn:00005362n	arc
bn:00005380n	degré
bn:00005384n	arc
bn:00005385n	voûte
bn:00005390n	archéologue
bn:00005399n	archevêque
bn:00005433n	paléocortex
bn:00005435n	architecte
bn:00005435n	designer
bn:00005439n	plan
bn:00005441n	architecture
bn:00005442n	architecture
bn:00005443n	architecture
bn:00005449n	archive
bn:00005457n	primat
bn:00005459n	minute
bn:00005465n	cercle
bn:00005509n	zèle
bn:00005511n	ferveur
bn:00005513n	aire
bn:00005513n	coin
bn:00005513n	domaine
bn:00005513n	environ
bn:00005513n	pays
bn:00005513n	quartier
bn:00005513n	région
bn:00005513n	superficie
bn:00005513n	surface
bn:00005513n	zone
bn:00005514n	champ
bn:00005514n	domaine
bn:00005514n	région
bn:00005514n	zone
bn:00005515n	région
bn:00005515n	zone
bn:00005516n	arène
bn:00005516n	champ
bn:00005516n	domaine
bn:00005516n	orbite
bn:00005516n	région
bn:00005516n	secteur
bn:00005516n	sphère
bn:00005516n	zone
bn:00005517n	aire
bn:00005517n	espace
bn:00005517n	surface
bn:00005517n	zone
bn:00005518n	aire
bn:00005518n	étendue
bn:00005518n	superficie
bn:00005518n	surface
bn:00005532n	stade
bn:00005597n	argot
bn:00005597n	jargon
bn:00005599n	argument
bn:00005599n	argumentation
bn:00005599n	controverse
bn:00005599n	débat
bn:00005599n	discussion
bn:00005599n	dispute
bn:00005599n	querelle
bn:00005600n	argument
bn:00005600n	déclaration
bn:00005600n	description
bn:00005600n	énoncé
bn:00005601n	argument
bn:00005601n	argumentation
bn:00005601n	débat
bn:00005602n	débat
bn:00005605n	ligne
bn:00005605n	réplique
bn:00005605n	voie
bn:00005628n	arianisme
bn:00005633n	aridité
bn:00005659n	aristocratie
bn:00005659n	noblesse
bn:00005660n	aristocratie
bn:00005660n	noblesse
bn:00005674n	Aristote
bn:00005676n	arithmétique
bn:00005676n	Arithmétique
bn:00005684n	Arizona
bn:00005702n	bras
bn:00005702n	main
bn:00005703n	bras
bn:00005704n	arme
bn:00005705n	accoudoir
bn:00005706n	branche
bn:00005706n	subdivision
bn:00005706n	succursale
bn:00005707n	manche
bn:00005717n	tatou
bn:00005721n	armement
bn:00005722n	équipement
bn:00005729n	fauteuil
bn:00005731n	combat
bn:00005732n	armée
bn:00005736n	braquage
bn:00005737n	service
bn:00005768n	armoire
bn:00005769n	armure
bn:00005778n	char
bn:00005787n	inventaire
bn:00005791n	aisselle
bn:00005793n	arme
bn:00005803n	armée
bn:00005804n	armée
bn:00005810n	corps
bn:00005813n	cabane
bn:00005813n	hutte
bn:00005845n	arôme
bn:00005845n	goût
bn:00005845n	odeur
bn:00005846n	odeur
bn:00005846n	parfum
bn:00005851n	Voltaire
bn:00005852n	éveil
bn:00005862n	accord
bn:00005862n	agencement
bn:00005862n	dispositif
bn:00005863n	agencement
bn:00005863n	arrangement
bn:00005863n	disposition
bn:00005863n	organisation
bn:00005863n	système
bn:00005864n	aménagement
bn:00005864n	emplacement
bn:00005864n	placement
bn:00005864n	position
bn:00005865n	arrangement
bn:00005867n	organisateur
bn:00005869n	ensemble
bn:00005869n	gamme
bn:00005875n	échec
bn:00005884n	réserve
bn:00005885n	arrivée
bn:00005886n	arrivée
bn:00005887n	arrivée
bn:00005893n	arrogance
bn:00005896n	flèche
bn:00005910n	arroyo
bn:00005913n	arrière-train
bn:00005913n	fesse
bn:00005913n	queue
bn:00005913n	siège
bn:00005916n	arsenic
bn:00005926n	art
bn:00005927n	art
bn:00005928n	art
bn:00005928n	prouesse
bn:00005929n	art
bn:00005929n	œuvre
bn:00005948n	école
bn:00005949n	étudiant
bn:00005956n	artefact
bn:00005978n	artère
bn:00006002n	artère
bn:00006063n	artériole
bn:00006073n	arthrite
bn:00006121n	article
bn:00006122n	article
bn:00006123n	article
bn:00006123n	clause
bn:00006125n	habillement
bn:00006125n	vêtement
bn:00006128n	conviction
bn:00006129n	meuble
bn:00006129n	mobilier
bn:00006137n	articulation
bn:00006138n	hanche
bn:00006139n	coude
bn:00006140n	genou
bn:00006143n	poignet
bn:00006148n	articulation
bn:00006150n	voix
bn:00006155n	astuce
bn:00006156n	inventeur
bn:00006157n	artisan
bn:00006165n	réservoir
bn:00006169n	satellite
bn:00006172n	artillerie
bn:00006173n	artillerie
bn:00006174n	arme
bn:00006174n	artillerie
bn:00006182n	artiste
bn:00006187n	idiome
bn:00006188n	innocence
bn:00006195n	art
bn:00006248n	ascendance
bn:00006248n	contrôle
bn:00006248n	domination
bn:00006253n	élévation
bn:00006253n	montée
bn:00006253n	se
bn:00006258n	ascension
bn:00006263n	austérité
bn:00006301n	sonar
bn:00006305n	cendre
bn:00006306n	frêne
bn:00006308n	poubelle
bn:00006329n	Asie
bn:00006344n	buffle
bn:00006361n	questionneur
bn:00006362n	demande
bn:00006382n	aspect
bn:00006382n	facette
bn:00006383n	aspect
bn:00006384n	aspect
bn:00006384n	panorama
bn:00006384n	scène
bn:00006384n	vue
bn:00006386n	air
bn:00006386n	expression
bn:00006386n	grimace
bn:00006386n	regard
bn:00006399n	difficulté
bn:00006399n	rigueur
bn:00006408n	asphalte
bn:00006417n	suffocation
bn:00006428n	ambition
bn:00006428n	aspiration
bn:00006430n	inhalation
bn:00006451n	imbécile
bn:00006461n	assassin
bn:00006466n	assaut
bn:00006466n	attaque
bn:00006467n	agression
bn:00006473n	analyse
bn:00006473n	contrôle
bn:00006473n	vérification
bn:00006479n	assemblée
bn:00006479n	rassemblement
bn:00006479n	réunion
bn:00006480n	assemblage
bn:00006481n	assemblage
bn:00006481n	rassemblement
bn:00006481n	réunion
bn:00006484n	assemblage
bn:00006485n	assemblage
bn:00006486n	réunion
bn:00006491n	chaîne
bn:00006496n	affirmation
bn:00006497n	assertivité
bn:00006502n	jugement
bn:00006503n	évaluateur
bn:00006504n	atout
bn:00006506n	bâtard
bn:00006506n	connard
bn:00006506n	salaud
bn:00006509n	assiduité
bn:00006511n	cessionnaire
bn:00006512n	affectation
bn:00006512n	attribution
bn:00006513n	affectation
bn:00006513n	mission
bn:00006513n	tâche
bn:00006514n	cession
bn:00006515n	concession
bn:00006515n	octroi
bn:00006521n	élève
bn:00006522n	aide
bn:00006523n	aide
bn:00006523n	assistant
bn:00006531n	associé
bn:00006532n	camarade
bn:00006532n	compagne
bn:00006532n	compagnon
bn:00006537n	Protectorat
bn:00006539n	association
bn:00006540n	association
bn:00006541n	association
bn:00006542n	association
bn:00006542n	connexion
bn:00006554n	assortiment
bn:00006554n	mélange
bn:00006554n	variété
bn:00006555n	classification
bn:00006558n	hypothèse
bn:00006558n	supposition
bn:00006559n	hypothèse
bn:00006559n	supposition
bn:00006565n	assurance
bn:00006565n	autorité
bn:00006565n	confiance
bn:00006567n	assurance
bn:00006570n	assyrien
bn:00006573n	assyriologie
bn:00006605n	astérisque
bn:00006663n	astronomie
bn:00006667n	astrophysique
bn:00006679n	asile
bn:00006680n	asymétrie
bn:00006690n	bâton
bn:00006701n	paix
bn:00006701n	sérénité
bn:00006717n	athabascan
bn:00006717n	Athabascan
bn:00006726n	athée
bn:00006734n	Athènes
bn:00006747n	athlète
bn:00006752n	champ
bn:00006752n	terrain
bn:00006758n	athlétisme
bn:00006759n	sport
bn:00006771n	Atlanta
bn:00006772n	Atlanta
bn:00006773n	Atlantique
bn:00006803n	atm
bn:00006803n	atmosphère
bn:00006806n	atmosphère
bn:00006807n	atmosphère
bn:00006808n	intempérie
bn:00006808n	météo
bn:00006808n	période
bn:00006808n	temps
bn:00006814n	atome
bn:00006815n	particule
bn:00006823n	hydrogène
bn:00006835n	sodium
bn:00006845n	phosphore
bn:00006846n	soufre
bn:00006847n	chlore
bn:00006848n	potassium
bn:00006849n	hélium
bn:00006850n	calcium
bn:00006854n	chrome
bn:00006854n	cr
bn:00006854n	Cr
bn:00006856n	fer
bn:00006858n	nickel
bn:00006859n	cuivre
bn:00006861n	zinc
bn:00006863n	germanium
bn:00006870n	béryllium
bn:00006881n	étain
bn:00006883n	iode
bn:00006886n	baryum
bn:00006890n	carbone
bn:00006901n	azote
bn:00006906n	tungstène
bn:00006910n	platine
bn:00006911n	or
bn:00006912n	o
bn:00006912n	oxygène
bn:00006913n	mercure
bn:00006915n	plomb
bn:00006921n	fluor
bn:00006931n	physique
bn:00006939n	fragmentation
bn:00006941n	pulvérisateur
bn:00006944n	satisfaction
bn:00006979n	atrophie
bn:00006989n	attache
bn:00006990n	accessoire
bn:00006992n	lien
bn:00006994n	assaut
bn:00006994n	attaque
bn:00006995n	attaque
bn:00006996n	attaque
bn:00006997n	attaque
bn:00006997n	tentative
bn:00006998n	attaque
bn:00007002n	chasseur
bn:00007006n	accomplissement
bn:00007007n	atteinte
bn:00007011n	effort
bn:00007011n	essai
bn:00007011n	tentative
bn:00007013n	fréquentation
bn:00007013n	présence
bn:00007019n	auditeur
bn:00007020n	attention
bn:00007021n	attention
bn:00007022n	attention
bn:00007023n	attention
bn:00007024n	garde-à-vous
bn:00007026n	attention
bn:00007032n	témoin
bn:00007037n	grenier
bn:00007042n	Attique
bn:00007046n	apparence
bn:00007046n	costume
bn:00007046n	habillement
bn:00007046n	robe
bn:00007046n	tenue
bn:00007047n	attitude
bn:00007048n	attitude
bn:00007048n	position
bn:00007048n	posture
bn:00007049n	attitude
bn:00007051n	avocat
bn:00007054n	procureur
bn:00007055n	procureur
bn:00007056n	procureur
bn:00007061n	attraction
bn:00007062n	attraction
bn:00007063n	attraction
bn:00007064n	attraction
bn:00007064n	attrait
bn:00007067n	attribut
bn:00007067n	dimension
bn:00007070n	contrition
bn:00007078n	auberge
bn:00007080n	aubergine
bn:00007091n	audace
bn:00007096n	audience
bn:00007096n	auditoire
bn:00007096n	public
bn:00007096n	spectateur
bn:00007097n	audience
bn:00007097n	public
bn:00007098n	audience
bn:00007098n	écoute
bn:00007099n	consultation
bn:00007099n	entretien
bn:00007099n	interview
bn:00007101n	son
bn:00007117n	audit
bn:00007124n	auditorium
bn:00007134n	bruit
bn:00007134n	son
bn:00007140n	août
bn:00007146n	néant
bn:00007146n	rien
bn:00007146n	zéro
bn:00007182n	tante
bn:00007184n	auréole
bn:00007188n	couronne
bn:00007190n	oreille
bn:00007205n	aube
bn:00007205n	Aube
bn:00007222n	Austin
bn:00007228n	Australie
bn:00007269n	Vienne
bn:00007286n	authenticité
bn:00007287n	auteur
bn:00007287n	auteure
bn:00007287n	écrivain
bn:00007287n	rédacteur
bn:00007288n	auteur
bn:00007288n	source
bn:00007292n	autorisation
bn:00007292n	mandat
bn:00007293n	autorisation
bn:00007293n	autorité
bn:00007293n	force
bn:00007293n	puissance
bn:00007294n	autorité
bn:00007299n	autorité
bn:00007299n	gouvernement
bn:00007299n	régime
bn:00007300n	autorité
bn:00007301n	autorité
bn:00007301n	professeur
bn:00007304n	capital
bn:00007306n	composition
bn:00007306n	écriture
bn:00007309n	automobile
bn:00007309n	voiture
bn:00007329n	bus
bn:00007335n	tyran
bn:00007366n	automatisation
bn:00007389n	autonomie
bn:00007389n	liberté
bn:00007390n	autonomie
bn:00007393n	autopsie
bn:00007405n	fac-similé
bn:00007406n	automne
bn:00007427n	aide
bn:00007434n	avidité
bn:00007436n	incarnation
bn:00007447n	avenue
bn:00007448n	boulevard
bn:00007449n	moyenne
bn:00007449n	norme
bn:00007454n	médiocrité
bn:00007468n	volière
bn:00007474n	ardeur
bn:00007481n	passe-temps
bn:00007485n	évitement
bn:00007495n	réveil
bn:00007496n	attribution
bn:00007496n	décision
bn:00007496n	récompense
bn:00007497n	prix
bn:00007497n	récompense
bn:00007498n	connaissance
bn:00007498n	conscience
bn:00007499n	conscience
bn:00007502n	révérence
bn:00007505n	lenteur
bn:00007513n	tente
bn:00007517n	hache
bn:00007528n	axiome
bn:00007528n	maxime
bn:00007530n	axe
bn:00007533n	bloc
bn:00007536n	essieu
bn:00007600n	b-52
bn:00007630n	bébé
bn:00007630n	nourrisson
bn:00007652n	nursery
bn:00007675n	enfance
bn:00007699n	tabac
bn:00007727n	dos
bn:00007728n	arrière
bn:00007729n	arrière
bn:00007729n	envers
bn:00007732n	couverture
bn:00007743n	arrière-pays
bn:00007743n	région
bn:00007744n	porte
bn:00007747n	arrière
bn:00007767n	courage
bn:00007767n	cran
bn:00007767n	tripe
bn:00007770n	badinage
bn:00007770n	plaisanterie
bn:00007771n	fond
bn:00007772n	retrait
bn:00007781n	contexte
bn:00007781n	milieu
bn:00007781n	passé
bn:00007782n	arrière-plan
bn:00007782n	fond
bn:00007782n	sol
bn:00007783n	arrière-plan
bn:00007783n	contexte
bn:00007784n	fond
bn:00007785n	arrière-plan
bn:00007785n	contexte
bn:00007786n	contexte
bn:00007797n	patronage
bn:00007797n	soutien
bn:00007798n	support
bn:00007803n	arriéré
bn:00007805n	réserve
bn:00007817n	pourboire
bn:00007824n	coulisse
bn:00007828n	receveur
bn:00007846n	arrière-cour
bn:00007846n	jardin
bn:00007847n	bacon
bn:00007854n	bactérie
bn:00007875n	mal
bn:00007875n	méchanceté
bn:00007881n	méchant
bn:00007884n	malchance
bn:00007884n	malheur
bn:00007885n	malchance
bn:00007886n	infortune
bn:00007886n	malheur
bn:00007894n	méchant
bn:00007896n	badge
bn:00007896n	insigne
bn:00007912n	gravité
bn:00007921n	perplexité
bn:00007922n	sac
bn:00007923n	sac
bn:00007924n	base
bn:00007924n	sac
bn:00007925n	portefeuille
bn:00007925n	sac
bn:00007926n	sac
bn:00007927n	sac
bn:00007927n	valise
bn:00007927n	Valise
bn:00007940n	bagage
bn:00007951n	maison
bn:00007953n	cornemuse
bn:00007954n	joueur
bn:00007974n	caution
bn:00007985n	discipline
bn:00007985n	domaine
bn:00007985n	étude
bn:00007985n	matière
bn:00007985n	sujet
bn:00007998n	hameçon
bn:00008043n	bilan
bn:00008043n	équilibre
bn:00008044n	équilibre
bn:00008044n	solde
bn:00008045n	équilibre
bn:00008047n	résidu
bn:00008047n	reste
bn:00008047n	suite
bn:00008051n	symétrie
bn:00008052n	contrepoids
bn:00008058n	équilibre
bn:00008060n	bilan
bn:00008092n	balle
bn:00008097n	bûcher
bn:00008097n	feu
bn:00008100n	Bali
bn:00008102n	balinais
bn:00008109n	poutre
bn:00008120n	balle
bn:00008120n	ballon
bn:00008120n	boule
bn:00008121n	balle
bn:00008122n	boule
bn:00008122n	globe
bn:00008123n	bal
bn:00008124n	couille
bn:00008124n	testicule
bn:00008125n	balle
bn:00008127n	bosse
bn:00008127n	morceau
bn:00008127n	motte
bn:00008127n	tas
bn:00008127n	touffe
bn:00008141n	club
bn:00008153n	ballade
bn:00008154n	ballade
bn:00008155n	compositeur
bn:00008158n	lest
bn:00008164n	ballerine
bn:00008165n	ballet
bn:00008166n	ballet
bn:00008168n	danseur
bn:00008173n	balletomane
bn:00008187n	ballon
bn:00008188n	ballon
bn:00008197n	bulletin
bn:00008197n	scrutin
bn:00008197n	vote
bn:00008198n	bulletin
bn:00008198n	élection
bn:00008198n	vote
bn:00008203n	parc
bn:00008203n	stade
bn:00008206n	salle
bn:00008210n	battage
bn:00008213n	pommade
bn:00008243n	Baltimore
bn:00008247n	balustrade
bn:00008247n	rampe
bn:00008248n	Balzac
bn:00008250n	coup
bn:00008250n	fracas
bn:00008263n	interdiction
bn:00008267n	banalité
bn:00008267n	cliché
bn:00008267n	stéréotype
bn:00008268n	banane
bn:00008279n	bande
bn:00008279n	cercle
bn:00008279n	groupe
bn:00008279n	milieu
bn:00008280n	bande
bn:00008280n	fanfare
bn:00008280n	groupe
bn:00008280n	orchestre
bn:00008281n	bande
bn:00008282n	bande
bn:00008283n	fanfare
bn:00008284n	bande
bn:00008285n	bandeau
bn:00008314n	bandit
bn:00008318n	cartouchière
bn:00008321n	kiosque
bn:00008326n	bande
bn:00008333n	coup
bn:00008333n	smash
bn:00008334n	frange
bn:00008336n	succès
bn:00008341n	pétard
bn:00008351n	babiole
bn:00008361n	banjo
bn:00008363n	berge
bn:00008363n	côté
bn:00008363n	rive
bn:00008364n	banque
bn:00008365n	berge
bn:00008374n	compte
bn:00008375n	billet
bn:00008375n	coupure
bn:00008378n	chèque
bn:00008406n	banquier
bn:00008418n	faillite
bn:00008419n	faillite
bn:00008424n	bannière
bn:00008424n	étendard
bn:00008433n	banquet
bn:00008433n	festin
bn:00008438n	banshee
bn:00008458n	baptiste
bn:00008462n	bar
bn:00008462n	saloon
bn:00008463n	bar
bn:00008464n	barre
bn:00008465n	mesure
bn:00008467n	obstacle
bn:00008467n	prévention
bn:00008488n	illégitimité
bn:00008494n	moquerie
bn:00008513n	brutalité
bn:00008530n	barbelé
bn:00008532n	haltère
bn:00008547n	barbiturique
bn:00008556n	Shakespeare
bn:00008568n	accord
bn:00008568n	affaire
bn:00008572n	commerçant
bn:00008572n	concessionnaire
bn:00008572n	marchand
bn:00008572n	négociant
bn:00008574n	négociation
bn:00008576n	barge
bn:00008576n	péniche
bn:00008594n	écorce
bn:00008594n	peau
bn:00008600n	barman
bn:00008605n	orge
bn:00008614n	écurie
bn:00008614n	grange
bn:00008633n	basse-cour
bn:00008639n	roi
bn:00008667n	baronnie
bn:00008674n	baraque
bn:00008678n	bombardement
bn:00008690n	canon
bn:00008691n	baril
bn:00008691n	tonneau
bn:00008692n	tonneau
bn:00008700n	tonneau
bn:00008705n	terrain
bn:00008710n	barricade
bn:00008713n	barrière
bn:00008714n	barrière
bn:00008714n	obstacle
bn:00008715n	barrière
bn:00008771n	bas-relief
bn:00008781n	base
bn:00008782n	base
bn:00008782n	fondation
bn:00008783n	bas
bn:00008783n	base
bn:00008784n	base
bn:00008785n	base
bn:00008785n	plancher
bn:00008786n	base
bn:00008786n	fondement
bn:00008787n	base
bn:00008787n	piédestal
bn:00008787n	stand
bn:00008787n	support
bn:00008792n	maison
bn:00008793n	base
bn:00008793n	racine
bn:00008793n	radical
bn:00008793n	tige
bn:00008798n	sécurité
bn:00008800n	marche
bn:00008800n	passe
bn:00008803n	coureur
bn:00008804n	baseball
bn:00008805n	baseball
bn:00008811n	infield
bn:00008813n	gant
bn:00008821n	référence
bn:00008824n	cave
bn:00008824n	sous-sol
bn:00008864n	bol
bn:00008864n	cuvette
bn:00008868n	lavabo
bn:00008870n	base
bn:00008870n	terrain
bn:00008872n	panier
bn:00008873n	corbeille
bn:00008889n	basket
bn:00008889n	basketball
bn:00008922n	contrebasse
bn:00008944n	tilleul
bn:00008947n	phloème
bn:00008970n	bastion
bn:00008977n	chauve
bn:00008984n	fournée
bn:00008985n	beaucoup
bn:00008985n	fortune
bn:00008985n	masse
bn:00008990n	bain
bn:00008991n	bain
bn:00008992n	baignoire
bn:00008992n	bain
bn:00008995n	bain
bn:00008995n	salle
bn:00009007n	baigneur
bn:00009010n	baignade
bn:00009013n	maillot
bn:00009014n	maillot
bn:00009017n	bathos
bn:00009019n	peignoir
bn:00009020n	toilette
bn:00009041n	baguette
bn:00009041n	bâton
bn:00009048n	majorette
bn:00009052n	frappeur
bn:00009054n	bataillon
bn:00009055n	nombre
bn:00009062n	bélier
bn:00009064n	batterie
bn:00009064n	pile
bn:00009065n	batterie
bn:00009078n	bataille
bn:00009078n	combat
bn:00009078n	engagement
bn:00009078n	lutte
bn:00009079n	bataille
bn:00009079n	combat
bn:00009079n	lutte
bn:00009080n	conflit
bn:00009080n	lutte
bn:00009183n	champ
bn:00009184n	front
bn:00009184n	Front
bn:00009186n	bagarreur
bn:00009186n	combattant
bn:00009200n	Bavière
bn:00009205n	prostitué
bn:00009206n	obscénité
bn:00009210n	lamentation
bn:00009212n	baie
bn:00009213n	baie
bn:00009233n	Massachusetts
bn:00009248n	baïonnette
bn:00009254n	bazar
bn:00009263n	plage
bn:00009280n	break
bn:00009291n	goutte
bn:00009298n	bedeau
bn:00009313n	faisceau
bn:00009314n	poutre
bn:00009315n	faisceau
bn:00009316n	faisceau
bn:00009316n	rayon
bn:00009322n	grain
bn:00009322n	haricot
bn:00009334n	Boston
bn:00009342n	ours
bn:00009361n	barbe
bn:00009373n	porteur
bn:00009373n	transporteur
bn:00009374n	porteur
bn:00009379n	allure
bn:00009379n	comportement
bn:00009379n	présence
bn:00009380n	posture
bn:00009390n	brute
bn:00009392n	méchanceté
bn:00009394n	ronde
bn:00009394n	tour
bn:00009395n	battement
bn:00009395n	impulsion
bn:00009395n	rythme
bn:00009396n	rythme
bn:00009398n	beatnik
bn:00009400n	cadence
bn:00009400n	mesure
bn:00009410n	coup
bn:00009419n	homme
bn:00009420n	galant
bn:00009423n	parangon
bn:00009424n	société
bn:00009436n	beauté
bn:00009439n	beauté
bn:00009440n	beauté
bn:00009449n	art
bn:00009459n	oregon
bn:00009472n	lit
bn:00009473n	lit
bn:00009473n	parterre
bn:00009474n	lit
bn:00009477n	couche
bn:00009485n	literie
bn:00009493n	drap
bn:00009495n	chambre
bn:00009503n	chaos
bn:00009517n	chevet
bn:00009524n	abeille
bn:00009536n	hêtre
bn:00009543n	bovin
bn:00009543n	veau
bn:00009543n	viande
bn:00009544n	bœuf
bn:00009544n	viande
bn:00009545n	plainte
bn:00009580n	ruche
bn:00009583n	ruche
bn:00009584n	Utah
bn:00009586n	diable
bn:00009586n	Lucifer
bn:00009589n	bière
bn:00009598n	chope
bn:00009616n	ancêtre
bn:00009616n	père
bn:00009617n	mendiant
bn:00009627n	mendicité
bn:00009631n	fondateur
bn:00009632n	commencement
bn:00009632n	début
bn:00009633n	commencement
bn:00009633n	début
bn:00009633n	départ
bn:00009634n	début
bn:00009635n	début
bn:00009635n	origine
bn:00009635n	racine
bn:00009635n	source
bn:00009636n	début
bn:00009652n	nom
bn:00009653n	faveur
bn:00009653n	nom
bn:00009654n	comportement
bn:00009654n	conduite
bn:00009655n	comportement
bn:00009656n	comportement
bn:00009656n	conduite
bn:00009656n	gestion
bn:00009663n	monstre
bn:00009664n	géant
bn:00009668n	observateur
bn:00009676n	être
bn:00009676n	existence
bn:00009677n	être
bn:00009677n	organisme
bn:00009692n	éructation
bn:00009692n	rot
bn:00009696n	siège
bn:00009702n	beffroi
bn:00009707n	Congo
bn:00009716n	conviction
bn:00009716n	croyance
bn:00009717n	croyance
bn:00009717n	idée
bn:00009717n	impression
bn:00009717n	notion
bn:00009717n	opinion
bn:00009717n	sensation
bn:00009717n	sentiment
bn:00009719n	adepte
bn:00009720n	croyant
bn:00009720n	fidèle
bn:00009727n	cloche
bn:00009727n	sonnerie
bn:00009728n	cloche
bn:00009728n	sonnette
bn:00009729n	cloche
bn:00009787n	hurlement
bn:00009787n	rugissement
bn:00009796n	ventre
bn:00009800n	nombril
bn:00009815n	bien
bn:00009815n	propriété
bn:00009819n	amour
bn:00009819n	chéri
bn:00009819n	miel
bn:00009821n	Belshazzar
bn:00009822n	ceinture
bn:00009822n	courroie
bn:00009823n	ceinture
bn:00009824n	ceinture
bn:00009834n	déviation
bn:00009838n	chœur
bn:00009850n	banc
bn:00009852n	banc
bn:00009853n	banc
bn:00009853n	établi
bn:00009867n	creux
bn:00009867n	tour
bn:00009867n	tournant
bn:00009867n	virage
bn:00009868n	courbure
bn:00009869n	virage
bn:00009870n	pli
bn:00009877n	courbe
bn:00009892n	bénédiction
bn:00009902n	bénéficiaire
bn:00009904n	avantage
bn:00009904n	prestation
bn:00009905n	avantage
bn:00009905n	bénéfice
bn:00009905n	bien-être
bn:00009963n	inclination
bn:00009963n	penchant
bn:00009966n	don
bn:00009966n	talent
bn:00009992n	héritage
bn:00009992n	legs
bn:00009999n	berceuse
bn:00010002n	deuil
bn:00010004n	iceberg
bn:00010025n	Berlin
bn:00010046n	Berne
bn:00010066n	baie
bn:00010073n	endroit
bn:00010073n	place
bn:00010073n	position
bn:00010073n	poste
bn:00010075n	couchette
bn:00010086n	assiégeant
bn:00010097n	mieux
bn:00010104n	best-seller
bn:00010104n	succès
bn:00010108n	don
bn:00010110n	donneur
bn:00010113n	bêta
bn:00010147n	folie
bn:00010147n	stupidité
bn:00010148n	trahison
bn:00010151n	traître
bn:00010161n	compagnon
bn:00010161n	conjoint
bn:00010161n	époux
bn:00010161n	partenaire
bn:00010183n	boisson
bn:00010183n	verre
bn:00010187n	bande
bn:00010187n	volée
bn:00010203n	Inde
bn:00010210n	biais
bn:00010210n	préjudice
bn:00010210n	préjugé
bn:00010217n	bible
bn:00010217n	Bible
bn:00010217n	écriture
bn:00010217n	Écriture
bn:00010224n	bibliographie
bn:00010228n	bibliothécaire
bn:00010238n	biceps
bn:00010239n	biceps
bn:00010243n	dispute
bn:00010243n	querelle
bn:00010248n	bicyclette
bn:00010248n	vélo
bn:00010258n	cycliste
bn:00010260n	commande
bn:00010260n	commandement
bn:00010260n	ordre
bn:00010270n	poule
bn:00010271n	poussin
bn:00010281n	coup
bn:00010307n	tas
bn:00010373n	bile
bn:00010384n	bilharziose
bn:00010390n	tempérament
bn:00010392n	facture
bn:00010392n	loi
bn:00010392n	mesure
bn:00010392n	projet
bn:00010393n	affiche
bn:00010394n	prospectus
bn:00010395n	affiche
bn:00010395n	avis
bn:00010407n	menu
bn:00010411n	accusation
bn:00010411n	inculpation
bn:00010422n	mot
bn:00010422n	note
bn:00010429n	portefeuille
bn:00010469n	bac
bn:00010469n	poubelle
bn:00010489n	liaison
bn:00010498n	orgie
bn:00010504n	simple
bn:00010508n	jumelle
bn:00010514n	bw
bn:00010514n	BW
bn:00010534n	biographie
bn:00010534n	vie
bn:00010543n	biologie
bn:00010548n	biologiste
bn:00010558n	biomédecine
bn:00010566n	biophysicien
bn:00010569n	biopsie
bn:00010605n	oiseau
bn:00010606n	oiseau
bn:00010607n	dame
bn:00010633n	chouette
bn:00010633n	hibou
bn:00010649n	cri
bn:00010656n	biréfringence
bn:00010659n	Birmingham
bn:00010660n	Birmingham
bn:00010663n	naissance
bn:00010664n	naissance
bn:00010665n	naissance
bn:00010671n	contraception
bn:00010672n	contraceptif
bn:00010678n	anniversaire
bn:00010679n	anniversaire
bn:00010686n	lieu
bn:00010686n	naissance
bn:00010687n	berceau
bn:00010687n	origine
bn:00010687n	provenance
bn:00010696n	biscuit
bn:00010697n	biscuit
bn:00010697n	cookie
bn:00010706n	évêque
bn:00010712n	pape
bn:00010712n	Saint-Père
bn:00010726n	fragment
bn:00010726n	morceau
bn:00010726n	partie
bn:00010727n	bout
bn:00010727n	copeau
bn:00010727n	fragment
bn:00010727n	morceau
bn:00010727n	partie
bn:00010727n	tache
bn:00010728n	instant
bn:00010728n	minute
bn:00010728n	moment
bn:00010728n	seconde
bn:00010728n	temps
bn:00010730n	mors
bn:00010732n	bouchée
bn:00010744n	morceau
bn:00010746n	collation
bn:00010788n	amertume
bn:00010788n	rancœur
bn:00010788n	ressentiment
bn:00010790n	amer
bn:00010805n	bivouac
bn:00010805n	camp
bn:00010805n	camping
bn:00010806n	campement
bn:00010806n	camping
bn:00010807n	camping
bn:00010816n	noir
bn:00010816n	noirceur
bn:00010816n	obscurité
bn:00010817n	noirceur
bn:00010817n	obscurité
bn:00010820n	noir
bn:00010869n	pain
bn:00010892n	œil
bn:00010894n	contretemps
bn:00010894n	coup
bn:00010894n	revers
bn:00010896n	drapeau
bn:00010920n	trou
bn:00010929n	graphite
bn:00011008n	mûre
bn:00011012n	tableau
bn:00011035n	chanteur
bn:00011037n	coupure
bn:00011038n	coupure
bn:00011078n	brin
bn:00011080n	brin
bn:00011081n	épée
bn:00011095n	blâme
bn:00011095n	reproche
bn:00011096n	blâme
bn:00011110n	espace
bn:00011117n	endroit
bn:00011117n	espace
bn:00011119n	couverture
bn:00011119n	couvre-lit
bn:00011120n	couche
bn:00011120n	couverture
bn:00011133n	blasphème
bn:00011134n	profanation
bn:00011134n	sacrilège
bn:00011135n	coup
bn:00011136n	bouffée
bn:00011136n	rafale
bn:00011174n	éblouissement
bn:00011174n	éclat
bn:00011183n	gradin
bn:00011186n	bêlement
bn:00011187n	cloque
bn:00011193n	hémorragie
bn:00011197n	imperfection
bn:00011198n	mélange
bn:00011200n	mélange
bn:00011224n	Marie
bn:00011224n	vierge
bn:00011225n	bénédiction
bn:00011227n	bavardage
bn:00011240n	taon
bn:00011241n	camarade
bn:00011241n	collègue
bn:00011241n	gars
bn:00011241n	homme
bn:00011241n	type
bn:00011246n	aveugle
bn:00011248n	écran
bn:00011248n	rideau
bn:00011249n	subterfuge
bn:00011271n	aveuglement
bn:00011271n	cécité
bn:00011276n	instant
bn:00011277n	clignotant
bn:00011301n	tempête
bn:00011303n	météorisation
bn:00011303n	météorisme
bn:00011308n	bloc
bn:00011308n	pâté
bn:00011309n	bloc
bn:00011309n	pâté
bn:00011310n	bloc
bn:00011310n	cube
bn:00011315n	poulie
bn:00011327n	blocus
bn:00011342n	blonde
bn:00011346n	sang
bn:00011347n	sang
bn:00011357n	frère
bn:00011383n	plasma
bn:00011386n	pression
bn:00011389n	sérum
bn:00011394n	transfusion
bn:00011396n	vaisseau
bn:00011408n	sang
bn:00011412n	sangsue
bn:00011421n	floraison
bn:00011422n	fleur
bn:00011425n	apogée
bn:00011425n	sommet
bn:00011428n	bévue
bn:00011428n	faute
bn:00011436n	tache
bn:00011442n	coup
bn:00011443n	coup
bn:00011444n	choc
bn:00011453n	pissenlit
bn:00011454n	souffleur
bn:00011454n	ventilateur
bn:00011461n	évent
bn:00011462n	soufflage
bn:00011468n	explosion
bn:00011469n	explosion
bn:00011477n	bleu
bn:00011479n	bleu
bn:00011480n	bleu
bn:00011581n	tassergal
bn:00011586n	Kentucky
bn:00011591n	marin
bn:00011593n	conception
bn:00011593n	design
bn:00011596n	blues
bn:00011602n	falaise
bn:00011603n	bluff
bn:00011614n	tache
bn:00011621n	bravade
bn:00011623n	fanfaronnade
bn:00011628n	maître
bn:00011633n	boa
bn:00011638n	comité
bn:00011638n	commission
bn:00011638n	conseil
bn:00011639n	planche
bn:00011639n	plateau
bn:00011640n	planche
bn:00011644n	tableau
bn:00011651n	directeur
bn:00011660n	embarquement
bn:00011663n	pension
bn:00011672n	vantardise
bn:00011674n	barque
bn:00011674n	bateau
bn:00011687n	canotier
bn:00011732n	corsage
bn:00011737n	prémonition
bn:00011744n	corps
bn:00011744n	système
bn:00011745n	corps
bn:00011745n	groupe
bn:00011745n	organisme
bn:00011746n	cadavre
bn:00011746n	corps
bn:00011747n	corps
bn:00011748n	corps
bn:00011748n	torse
bn:00011749n	corps
bn:00011749n	ensemble
bn:00011750n	consistance
bn:00011750n	ensemble
bn:00011751n	ensemble
bn:00011755n	carrure
bn:00011755n	constitution
bn:00011755n	physique
bn:00011766n	eau
bn:00011773n	goule
bn:00011780n	culturiste
bn:00011781n	escorte
bn:00011807n	épouvantail
bn:00011809n	bogie
bn:00011828n	chaudière
bn:00011829n	bouilloire
bn:00011833n	ébullition
bn:00011844n	bolo
bn:00011849n	audace
bn:00011853n	tronc
bn:00011893n	bolchevik
bn:00011893n	rouge
bn:00011896n	traversin
bn:00011897n	éclair
bn:00011898n	verrou
bn:00011917n	bombe
bn:00011918n	bombe
bn:00011929n	bombardement
bn:00011933n	Bombay
bn:00011936n	bombardier
bn:00011943n	bourdonnement
bn:00011953n	Bombus
bn:00011963n	épicurien
bn:00011963n	gourmet
bn:00011968n	Napoléon
bn:00011973n	liaison
bn:00011973n	lien
bn:00011974n	obligation
bn:00011975n	chaîne
bn:00011975n	panier
bn:00011984n	esclavage
bn:00011994n	esclave
bn:00011999n	os
bn:00012000n	os
bn:00012001n	ivoire
bn:00012001n	perle
bn:00012010n	moelle
bn:00012034n	Bonn
bn:00012035n	bonnet
bn:00012035n	chapeau
bn:00012036n	capot
bn:00012041n	bonus
bn:00012042n	incitation
bn:00012047n	mamelle
bn:00012047n	sein
bn:00012047n	tétine
bn:00012048n	téléviseur
bn:00012048n	télévision
bn:00012052n	piège
bn:00012053n	écueil
bn:00012054n	argent
bn:00012054n	butin
bn:00012059n	livre
bn:00012060n	livre
bn:00012060n	volume
bn:00012061n	disque
bn:00012061n	dossier
bn:00012061n	livre
bn:00012062n	livre
bn:00012062n	scénario
bn:00012062n	script
bn:00012083n	référence
bn:00012121n	bibliothèque
bn:00012127n	engagement
bn:00012127n	réservation
bn:00012128n	réservation
bn:00012133n	brochure
bn:00012135n	chercheur
bn:00012135n	érudit
bn:00012135n	étudiant
bn:00012135n	savant
bn:00012140n	bibliothèque
bn:00012140n	étagère
bn:00012146n	rugissement
bn:00012146n	vrombissement
bn:00012157n	pouce
bn:00012160n	organisateur
bn:00012160n	promoteur
bn:00012166n	botte
bn:00012167n	botte
bn:00012171n	coup
bn:00012179n	cabine
bn:00012180n	box
bn:00012180n	étalage
bn:00012180n	stand
bn:00012188n	contrebandier
bn:00012189n	contrebande
bn:00012193n	butin
bn:00012195n	alcool
bn:00012195n	liqueur
bn:00012195n	spiritueux
bn:00012196n	alcool
bn:00012206n	borate
bn:00012212n	frontière
bn:00012213n	frontière
bn:00012213n	marge
bn:00012214n	bord
bn:00012214n	côté
bn:00012214n	frontière
bn:00012214n	orée
bn:00012214n	périphérie
bn:00012226n	calibre
bn:00012232n	ennui
bn:00012256n	arrondissement
bn:00012256n	quartier
bn:00012262n	emprunteur
bn:00012273n	bétail
bn:00012273n	bœuf
bn:00012273n	bovin
bn:00012273n	vache
bn:00012286n	poitrine
bn:00012287n	poitrine
bn:00012289n	cœur
bn:00012293n	chef
bn:00012293n	contremaître
bn:00012293n	patron
bn:00012294n	patron
bn:00012295n	patronne
bn:00012297n	bouton
bn:00012321n	végétation
bn:00012327n	ennui
bn:00012327n	mal
bn:00012327n	peine
bn:00012327n	problème
bn:00012327n	souci
bn:00012327n	tracas
bn:00012339n	bouteille
bn:00012339n	flacon
bn:00012340n	bouteille
bn:00012355n	tire-bouchon
bn:00012361n	constriction
bn:00012361n	goulot
bn:00012365n	bas
bn:00012365n	fond
bn:00012366n	bas
bn:00012366n	fond
bn:00012367n	base
bn:00012369n	cargo
bn:00012399n	branche
bn:00012403n	rocher
bn:00012411n	saut
bn:00012417n	bord
bn:00012417n	frontière
bn:00012417n	limite
bn:00012417n	périphérie
bn:00012418n	frontière
bn:00012418n	limite
bn:00012419n	limite
bn:00012432n	bouquet
bn:00012434n	bourbon
bn:00012435n	Bourbon
bn:00012441n	bourgeoisie
bn:00012441n	classe
bn:00012452n	boutique
bn:00012465n	nœud
bn:00012466n	archet
bn:00012468n	étrave
bn:00012483n	corde
bn:00012484n	ventre
bn:00012493n	bol
bn:00012494n	bol
bn:00012495n	bol
bn:00012519n	corde
bn:00012524n	boîte
bn:00012524n	caisse
bn:00012524n	cercueil
bn:00012525n	boîte
bn:00012525n	loge
bn:00012526n	boîte
bn:00012569n	enfant
bn:00012569n	garçon
bn:00012570n	garçon
bn:00012570n	gars
bn:00012570n	homme
bn:00012570n	monsieur
bn:00012571n	fils
bn:00012571n	garçon
bn:00012572n	gars
bn:00012574n	scout
bn:00012580n	enfance
bn:00012591n	abruti
bn:00012592n	garçon
bn:00012592n	gars
bn:00012592n	type
bn:00012596n	couple
bn:00012596n	deux
bn:00012596n	paire
bn:00012597n	deux
bn:00012597n	paire
bn:00012642n	clou
bn:00012673n	tresse
bn:00012679n	cerveau
bn:00012680n	cerveau
bn:00012680n	esprit
bn:00012680n	intelligence
bn:00012680n	mentalité
bn:00012680n	sagacité
bn:00012680n	tête
bn:00012681n	cerveau
bn:00012681n	esprit
bn:00012681n	pensée
bn:00012681n	psyché
bn:00012681n	psychisme
bn:00012681n	tête
bn:00012682n	cerveau
bn:00012682n	génie
bn:00012686n	devinette
bn:00012705n	inspiration
bn:00012706n	perspective
bn:00012706n	perspicacité
bn:00012710n	frein
bn:00012724n	frein
bn:00012738n	branche
bn:00012739n	branche
bn:00012739n	jambe
bn:00012742n	embranchement
bn:00012749n	ramification
bn:00012758n	marque
bn:00012758n	type
bn:00012759n	fabrication
bn:00012759n	marque
bn:00012759n	type
bn:00012760n	marque
bn:00012770n	brandy
bn:00012770n	cognac
bn:00012786n	Brésil
bn:00012789n	laiton
bn:00012793n	plaque
bn:00012839n	bravoure
bn:00012839n	courage
bn:00012862n	infraction
bn:00012864n	rupture
bn:00012873n	pain
bn:00012877n	soutien
bn:00012877n	vie
bn:00012886n	estomac
bn:00012886n	ventre
bn:00012892n	ampleur
bn:00012893n	ampleur
bn:00012893n	largeur
bn:00012896n	interruption
bn:00012896n	rupture
bn:00012897n	chance
bn:00012898n	cassure
bn:00012899n	pause
bn:00012900n	rupture
bn:00012901n	pause
bn:00012907n	interruption
bn:00012907n	perturbation
bn:00012912n	cambriolage
bn:00012922n	décomposition
bn:00012922n	effondrement
bn:00012922n	rupture
bn:00012927n	vague
bn:00012930n	déjeuner
bn:00012930n	petit-déjeuner
bn:00012940n	découverte
bn:00012940n	percée
bn:00012941n	percée
bn:00012943n	rupture
bn:00012944n	séparation
bn:00012950n	poitrine
bn:00012960n	sternum
bn:00012965n	inspiration
bn:00012965n	respiration
bn:00012965n	souffle
bn:00012966n	inspiration
bn:00012966n	respiration
bn:00012966n	souffle
bn:00012968n	indice
bn:00012968n	respiration
bn:00012973n	respiration
bn:00012973n	souffle
bn:00012983n	culotte
bn:00012986n	bétail
bn:00012986n	race
bn:00012986n	souche
bn:00012992n	éducation
bn:00012993n	éducation
bn:00012995n	procréation
bn:00012997n	jeu
bn:00013022n	brièveté
bn:00013023n	brièveté
bn:00013043n	pot-de-vin
bn:00013047n	brique
bn:00013048n	brique
bn:00013057n	maçon
bn:00013066n	épouse
bn:00013066n	marié
bn:00013074n	époux
bn:00013075n	valet
bn:00013077n	pont
bn:00013078n	pont
bn:00013079n	pont
bn:00013080n	arête
bn:00013081n	bridge
bn:00013104n	mallette
bn:00013104n	serviette
bn:00013107n	briefing
bn:00013115n	brigadier
bn:00013121n	brillance
bn:00013121n	clarté
bn:00013121n	luminosité
bn:00013123n	lueur
bn:00013123n	lumière
bn:00013123n	luminosité
bn:00013130n	brillance
bn:00013130n	grandeur
bn:00013130n	magnificence
bn:00013130n	splendeur
bn:00013131n	génie
bn:00013132n	éclat
bn:00013135n	bord
bn:00013142n	livraison
bn:00013144n	point
bn:00013159n	poil
bn:00013160n	poil
bn:00013173n	Grande-Bretagne
bn:00013179n	Londres
bn:00013194n	livre
bn:00013201n	caramel
bn:00013234n	diffusion
bn:00013234n	émission
bn:00013235n	programme
bn:00013238n	diffusion
bn:00013247n	élargissement
bn:00013248n	élargissement
bn:00013259n	Broadway
bn:00013275n	gril
bn:00013281n	chagrin
bn:00013281n	douleur
bn:00013281n	peine
bn:00013283n	courtage
bn:00013309n	bronche
bn:00013311n	bronchiole
bn:00013312n	bronchiolite
bn:00013326n	bronze
bn:00013333n	couvée
bn:00013333n	portée
bn:00013337n	couvaison
bn:00013340n	crique
bn:00013340n	ruisseau
bn:00013347n	Brooklyn
bn:00013367n	giroflée
bn:00013371n	frère
bn:00013372n	ami
bn:00013372n	copain
bn:00013372n	pote
bn:00013375n	beau-frère
bn:00013376n	fraternité
bn:00013378n	fraternité
bn:00013379n	corporation
bn:00013379n	syndicat
bn:00013380n	charité
bn:00013389n	front
bn:00013390n	sourcil
bn:00013394n	brun
bn:00013406n	lignite
bn:00013430n	lutin
bn:00013452n	brucellose
bn:00013464n	contusion
bn:00013464n	ecchymose
bn:00013465n	taureau
bn:00013488n	brosse
bn:00013488n	broussaille
bn:00013488n	fourré
bn:00013489n	brosse
bn:00013489n	pinceau
bn:00013493n	combat
bn:00013493n	escarmouche
bn:00013493n	rencontre
bn:00013494n	brossage
bn:00013505n	coyote
bn:00013515n	brutalité
bn:00013536n	bulle
bn:00013548n	fontaine
bn:00013551n	champagne
bn:00013560n	pirate
bn:00013577n	cheval
bn:00013578n	dollar
bn:00013580n	chevalet
bn:00013585n	soldat
bn:00013590n	seau
bn:00013597n	Ohio
bn:00013600n	boucle
bn:00013602n	bouclier
bn:00013609n	buckskin
bn:00013609n	daim
bn:00013623n	paysan
bn:00013625n	bourgeon
bn:00013625n	bouton
bn:00013626n	bourgeon
bn:00013628n	Bouddha
bn:00013639n	budget
bn:00013640n	budget
bn:00013648n	amant
bn:00013648n	amateur
bn:00013648n	amoureux
bn:00013648n	dévot
bn:00013648n	fan
bn:00013648n	passionné
bn:00013670n	tampon
bn:00013679n	buffet
bn:00013679n	comptoir
bn:00013685n	bouffon
bn:00013685n	clown
bn:00013686n	clown
bn:00013687n	farce
bn:00013697n	insecte
bn:00013710n	buggy
bn:00013710n	calèche
bn:00013716n	clairon
bn:00013719n	constructeur
bn:00013722n	bâtiment
bn:00013722n	immeuble
bn:00013723n	construction
bn:00013724n	bâtiment
bn:00013726n	unité
bn:00013736n	accumulation
bn:00013744n	bulbe
bn:00013745n	ampoule
bn:00013746n	ampoule
bn:00013756n	Bulgarie
bn:00013761n	bosse
bn:00013761n	protubérance
bn:00013761n	renflement
bn:00013767n	majorité
bn:00013767n	masse
bn:00013767n	vrac
bn:00013768n	masse
bn:00013768n	volume
bn:00013774n	taureau
bn:00013777n	flic
bn:00013777n	police
bn:00013777n	policier
bn:00013807n	balle
bn:00013809n	balle
bn:00013812n	bulletin
bn:00013823n	entêtement
bn:00013838n	brute
bn:00013838n	turbulent
bn:00013838n	voyou
bn:00013843n	intimidation
bn:00013848n	rempart
bn:00013851n	clochard
bn:00013851n	mouffette
bn:00013851n	vagabond
bn:00013852n	clochard
bn:00013852n	vagabond
bn:00013854n	bourdon
bn:00013868n	plouc
bn:00013873n	amas
bn:00013873n	bande
bn:00013873n	groupe
bn:00013873n	touffe
bn:00013874n	foule
bn:00013874n	gang
bn:00013874n	groupe
bn:00013875n	tas
bn:00013882n	forfait
bn:00013882n	package
bn:00013882n	paquet
bn:00013882n	trousseau
bn:00013883n	liasse
bn:00013888n	cottage
bn:00013894n	couchette
bn:00013896n	absurdité
bn:00013896n	non-sens
bn:00013898n	bunker
bn:00013909n	bunt
bn:00013941n	charge
bn:00013941n	entrave
bn:00013941n	fardeau
bn:00013942n	cargaison
bn:00013942n	charge
bn:00013942n	fardeau
bn:00013942n	poids
bn:00013943n	effet
bn:00013948n	commode
bn:00013955n	bureaucratie
bn:00013964n	cambrioleur
bn:00013967n	cambriolage
bn:00013969n	gruau
bn:00013980n	enterrement
bn:00013980n	funéraille
bn:00013984n	cimetière
bn:00013985n	crypte
bn:00013998n	parodie
bn:00014000n	Birmanie
bn:00014010n	brûlure
bn:00014018n	brûleur
bn:00014024n	combustion
bn:00014031n	cirage
bn:00014031n	polissage
bn:00014037n	sépia
bn:00014056n	terrier
bn:00014065n	bursite
bn:00014066n	explosion
bn:00014066n	rafale
bn:00014066n	salve
bn:00014067n	explosion
bn:00014067n	salve
bn:00014067n	volée
bn:00014068n	éclat
bn:00014069n	flambée
bn:00014091n	arrêt
bn:00014095n	arbuste
bn:00014095n	buisson
bn:00014096n	brousse
bn:00014097n	buisson
bn:00014124n	boisseau
bn:00014136n	activité
bn:00014136n	affaire
bn:00014136n	entreprise
bn:00014137n	activité
bn:00014137n	affaire
bn:00014137n	commerce
bn:00014137n	entreprise
bn:00014138n	activité
bn:00014138n	affaire
bn:00014138n	emploi
bn:00014138n	entreprise
bn:00014138n	ligne
bn:00014138n	métier
bn:00014138n	occupation
bn:00014138n	poste
bn:00014138n	profession
bn:00014138n	travail
bn:00014139n	affaire
bn:00014140n	activité
bn:00014140n	affaire
bn:00014141n	activité
bn:00014141n	affaire
bn:00014141n	clientèle
bn:00014142n	affaire
bn:00014142n	entreprise
bn:00014143n	clientèle
bn:00014152n	accord
bn:00014152n	commerce
bn:00014152n	échange
bn:00014152n	marché
bn:00014155n	centre
bn:00014160n	entreprise
bn:00014160n	firme
bn:00014160n	société
bn:00014169n	bureau
bn:00014169n	cabinet
bn:00014182n	baiser
bn:00014231n	majordome
bn:00014234n	crosse
bn:00014237n	cible
bn:00014238n	cigarette
bn:00014249n	beurre
bn:00014301n	garde-manger
bn:00014305n	bouton
bn:00014306n	bouton
bn:00014332n	acheteur
bn:00014334n	achat
bn:00014349n	sous-produit
bn:00014350n	sous-produit
bn:00014355n	surnom
bn:00014357n	shunt
bn:00014373n	c
bn:00014403n	california
bn:00014403n	Californie
bn:00014405n	cabine
bn:00014407n	taxi
bn:00014409n	faction
bn:00014410n	conspiration
bn:00014418n	cabana
bn:00014419n	boîte
bn:00014419n	club
bn:00014419n	discothèque
bn:00014423n	chou
bn:00014437n	cabine
bn:00014438n	cabane
bn:00014438n	cabine
bn:00014445n	cabinet
bn:00014447n	casier
bn:00014447n	vestiaire
bn:00014456n	câble
bn:00014457n	ligne
bn:00014458n	câble
bn:00014485n	sceau
bn:00014495n	bavardage
bn:00014500n	manie
bn:00014500n	passion
bn:00014512n	cadavre
bn:00014522n	cadence
bn:00014537n	cadre
bn:00014550n	César
bn:00014557n	café
bn:00014561n	cafétéria
bn:00014574n	cage
bn:00014575n	cage
bn:00014640n	calamité
bn:00014640n	catastrophe
bn:00014640n	désastre
bn:00014640n	tragédie
bn:00014664n	calcification
bn:00014688n	calcul
bn:00014689n	calcul
bn:00014692n	calcul
bn:00014706n	calendrier
bn:00014709n	rythme
bn:00014710n	mois
bn:00014711n	semaine
bn:00014717n	veau
bn:00014718n	mollet
bn:00014731n	calibre
bn:00014731n	qualité
bn:00014732n	calibration
bn:00014732n	étalonnage
bn:00014743n	calife
bn:00014780n	californien
bn:00014791n	appel
bn:00014792n	appel
bn:00014793n	appel
bn:00014793n	cri
bn:00014794n	appel
bn:00014795n	visite
bn:00014824n	appelant
bn:00014824n	compagnie
bn:00014824n	maison
bn:00014824n	visiteur
bn:00014839n	carrière
bn:00014839n	vocation
bn:00014873n	insensibilité
bn:00014878n	calme
bn:00014878n	équanimité
bn:00014878n	tranquillité
bn:00014907n	calorimètre
bn:00014925n	calomnie
bn:00014940n	vêlage
bn:00014963n	coup
bn:00014963n	trait
bn:00014965n	camaraderie
bn:00014978n	Cambodge
bn:00014988n	Cambridge
bn:00015008n	appareil
bn:00015008n	caméra
bn:00015009n	caméra
bn:00015033n	déguisement
bn:00015036n	camp
bn:00015037n	camp
bn:00015037n	camping
bn:00015038n	camp
bn:00015038n	clique
bn:00015039n	camp
bn:00015040n	camp
bn:00015050n	campagne
bn:00015051n	avancée
bn:00015051n	campagne
bn:00015051n	cause
bn:00015051n	croisade
bn:00015051n	mouvement
bn:00015051n	poussée
bn:00015051n	transmission
bn:00015052n	campagne
bn:00015056n	candidat
bn:00015057n	candidature
bn:00015076n	campeur
bn:00015094n	bignone
bn:00015097n	campus
bn:00015103n	boîte
bn:00015103n	canette
bn:00015106n	pot
bn:00015106n	toilette
bn:00015115n	Canada
bn:00015144n	conduit
bn:00015170n	tulipier
bn:00015178n	annulation
bn:00015180n	cancer
bn:00015180n	Cancer
bn:00015205n	candidat
bn:00015205n	perspective
bn:00015207n	franchise
bn:00015211n	bougie
bn:00015212n	bougie
bn:00015223n	mèche
bn:00015227n	bonbon
bn:00015233n	confiserie
bn:00015240n	canne
bn:00015263n	cannage
bn:00015267n	chien
bn:00015267n	chienne
bn:00015303n	canon
bn:00015320n	canon
bn:00015320n	chanoine
bn:00015322n	canyon
bn:00015343n	oratorio
bn:00015349n	galop
bn:00015363n	porte-à-faux
bn:00015381n	toile
bn:00015382n	toile
bn:00015383n	toile
bn:00015384n	toile
bn:00015385n	voile
bn:00015387n	sondage
bn:00015396n	caoutchouc
bn:00015398n	casquette
bn:00015399n	bouchon
bn:00015399n	couvercle
bn:00015400n	amorce
bn:00015401n	capuchon
bn:00015404n	plafond
bn:00015409n	capacité
bn:00015410n	capacité
bn:00015411n	potentialité
bn:00015414n	capacité
bn:00015415n	condensateur
bn:00015418n	capacité
bn:00015419n	capacité
bn:00015419n	teneur
bn:00015420n	capacité
bn:00015421n	fonction
bn:00015427n	cap
bn:00015428n	cape
bn:00015490n	capillarité
bn:00015491n	capillaire
bn:00015496n	capital
bn:00015497n	capital
bn:00015498n	capitale
bn:00015501n	Washington
bn:00015515n	Phoenix
bn:00015524n	Sacramento
bn:00015529n	Denver
bn:00015540n	Paris
bn:00015546n	Honolulu
bn:00015548n	Springfield
bn:00015554n	Dublin
bn:00015555n	Jérusalem
bn:00015556n	Rome
bn:00015558n	Tokyo
bn:00015563n	Vientiane
bn:00015576n	Paul
bn:00015582n	Rabat
bn:00015587n	Concorde
bn:00015596n	Columbus
bn:00015605n	Varsovie
bn:00015606n	Lisbonne
bn:00015607n	Providence
bn:00015622n	Khartoum
bn:00015626n	Damas
bn:00015630n	Nashville
bn:00015631n	Nassau
bn:00015634n	Moscou
bn:00015648n	Richmond
bn:00015650n	Charleston
bn:00015652n	cheyenne
bn:00015656n	exécution
bn:00015663n	capitalisme
bn:00015664n	capitaliste
bn:00015675n	chute
bn:00015704n	impulsion
bn:00015705n	imprévisibilité
bn:00015720n	chèvre
bn:00015740n	cabestan
bn:00015743n	capsule
bn:00015744n	capsule
bn:00015749n	capitaine
bn:00015750n	capitaine
bn:00015751n	capitaine
bn:00015752n	capitaine
bn:00015753n	capitaine
bn:00015753n	chef
bn:00015765n	fascination
bn:00015766n	enchantement
bn:00015767n	prisonnier
bn:00015771n	captivité
bn:00015772n	captivité
bn:00015774n	capture
bn:00015774n	saisie
bn:00015775n	capture
bn:00015784n	tête
bn:00015785n	voiture
bn:00015785n	wagon
bn:00015795n	parking
bn:00015795n	stationnement
bn:00015805n	carabao
bn:00015831n	carapace
bn:00015831n	coquille
bn:00015839n	caravane
bn:00015851n	carabine
bn:00015867n	dioxyde
bn:00015879n	carbonate
bn:00015897n	carcasse
bn:00015914n	carte
bn:00015915n	carte
bn:00015916n	carte
bn:00015926n	table
bn:00015937n	carton
bn:00015961n	cardinal
bn:00015977n	électrocardiographe
bn:00015983n	cardiomégalie
bn:00016012n	attention
bn:00016012n	prudence
bn:00016012n	soin
bn:00016013n	crainte
bn:00016013n	inquiétude
bn:00016013n	peur
bn:00016013n	préoccupation
bn:00016013n	souci
bn:00016015n	garde
bn:00016015n	responsabilité
bn:00016016n	charge
bn:00016016n	entretien
bn:00016016n	maintenance
bn:00016016n	maintien
bn:00016019n	carrière
bn:00016023n	carriérisme
bn:00016025n	insouciance
bn:00016027n	prudence
bn:00016031n	insouciance
bn:00016032n	négligence
bn:00016036n	baiser
bn:00016036n	caresse
bn:00016038n	gardien
bn:00016047n	cargaison
bn:00016047n	charge
bn:00016047n	envoi
bn:00016047n	expédition
bn:00016047n	fret
bn:00016047n	marchandise
bn:00016065n	Caraïbes
bn:00016124n	acte
bn:00016124n	relation
bn:00016191n	charpentier
bn:00016203n	menuiserie
bn:00016205n	tapis
bn:00016214n	chausson
bn:00016214n	pantoufle
bn:00016237n	carrefour
bn:00016237n	intersection
bn:00016240n	calèche
bn:00016241n	calèche
bn:00016252n	transporteur
bn:00016253n	transporteur
bn:00016254n	transporteur
bn:00016256n	facteur
bn:00016261n	sac
bn:00016286n	exécution
bn:00016286n	performance
bn:00016286n	réalisation
bn:00016287n	mise
bn:00016291n	chariot
bn:00016291n	charrette
bn:00016292n	charrette
bn:00016317n	cartilage
bn:00016326n	carton
bn:00016328n	caricature
bn:00016328n	dessin
bn:00016329n	bande
bn:00016330n	dessinateur
bn:00016332n	cartouche
bn:00016338n	chargeur
bn:00016345n	roue
bn:00016346n	roue
bn:00016356n	sculpteur
bn:00016358n	sculpture
bn:00016360n	sculpture
bn:00016401n	affaire
bn:00016401n	cas
bn:00016401n	exemple
bn:00016401n	fois
bn:00016401n	instance
bn:00016402n	cas
bn:00016402n	événement
bn:00016402n	éventualité
bn:00016403n	affaire
bn:00016403n	cas
bn:00016403n	cause
bn:00016403n	procès
bn:00016404n	cas
bn:00016405n	bac
bn:00016405n	caisse
bn:00016405n	douille
bn:00016405n	étui
bn:00016406n	cas
bn:00016407n	cas
bn:00016407n	sujet
bn:00016408n	affaire
bn:00016408n	cas
bn:00016409n	cas
bn:00016409n	dossier
bn:00016410n	caisse
bn:00016411n	cas
bn:00016413n	genre
bn:00016413n	personnage
bn:00016413n	type
bn:00016415n	gaine
bn:00016448n	argent
bn:00016448n	caisse
bn:00016448n	espèce
bn:00016448n	liquide
bn:00016459n	fonds
bn:00016461n	caisse
bn:00016467n	cachemire
bn:00016473n	casino
bn:00016478n	cercueil
bn:00016526n	distribution
bn:00016527n	moule
bn:00016528n	moule
bn:00016529n	forme
bn:00016530n	moulage
bn:00016530n	plâtre
bn:00016535n	fonte
bn:00016544n	paria
bn:00016555n	châtiment
bn:00016569n	château
bn:00016569n	palais
bn:00016584n	expurgation
bn:00016606n	chat
bn:00016612n	instrument
bn:00016618n	cambrioleur
bn:00016651n	catalogue
bn:00016652n	catalogue
bn:00016673n	électrophorèse
bn:00016678n	fronde
bn:00016689n	catastrophe
bn:00016689n	désastre
bn:00016715n	détection
bn:00016719n	devise
bn:00016719n	slogan
bn:00016727n	catécholamine
bn:00016731n	classification
bn:00016733n	catégorie
bn:00016733n	classe
bn:00016733n	famille
bn:00016734n	catégorie
bn:00016737n	traiteur
bn:00016739n	chenille
bn:00016756n	Chine
bn:00016758n	cathédrale
bn:00016768n	cathéter
bn:00016771n	cathode
bn:00016776n	catholique
bn:00016780n	catholicisme
bn:00016781n	universalité
bn:00016782n	remède
bn:00016808n	propriété
bn:00016808n	ranch
bn:00016810n	enclos
bn:00016812n	voleur
bn:00016814n	cowboy
bn:00016822n	blanc
bn:00016845n	cause
bn:00016846n	déterminant
bn:00016850n	cause
bn:00016850n	raison
bn:00016851n	cause
bn:00016851n	raison
bn:00016855n	commérage
bn:00016859n	ironie
bn:00016859n	satire
bn:00016863n	avertissement
bn:00016863n	garde
bn:00016872n	cavalerie
bn:00016876n	cavalier
bn:00016878n	grotte
bn:00016879n	homme
bn:00016896n	cavité
bn:00016896n	fosse
bn:00016896n	gouffre
bn:00016913n	cc
bn:00016913n	millilitre
bn:00016974n	plafond
bn:00016975n	plafond
bn:00016986n	célébration
bn:00016987n	célébration
bn:00016987n	festivité
bn:00016990n	célébrité
bn:00016991n	célébrité
bn:00016991n	gloire
bn:00016991n	renommée
bn:00016993n	rapidité
bn:00017014n	orbite
bn:00017017n	ciel
bn:00017021n	chasteté
bn:00017026n	cellule
bn:00017027n	cellule
bn:00017028n	cellule
bn:00017037n	noyau
bn:00017040n	cave
bn:00017049n	inclusion
bn:00017050n	respiration
bn:00017056n	cinéma
bn:00017056n	film
bn:00017057n	cellulose
bn:00017058n	acétate
bn:00017080n	ciment
bn:00017081n	ciment
bn:00017082n	ciment
bn:00017094n	censure
bn:00017097n	recensement
bn:00017099n	cent
bn:00017099n	centime
bn:00017100n	centime
bn:00017100n	sou
bn:00017118n	centenaire
bn:00017120n	centre
bn:00017120n	cœur
bn:00017120n	milieu
bn:00017121n	centre
bn:00017122n	centre
bn:00017123n	centre
bn:00017124n	centre
bn:00017124n	cœur
bn:00017124n	essence
bn:00017124n	noyau
bn:00017124n	substance
bn:00017125n	centre
bn:00017126n	centre
bn:00017128n	pivot
bn:00017129n	centre
bn:00017130n	centre
bn:00017134n	centre
bn:00017153n	centre
bn:00017153n	concentration
bn:00017153n	focalisation
bn:00017153n	focus
bn:00017163n	cm
bn:00017168n	central
bn:00017181n	chauffage
bn:00017185n	quartier
bn:00017185n	siège
bn:00017196n	centralisation
bn:00017209n	centrifugation
bn:00017210n	centrifugeuse
bn:00017216n	modéré
bn:00017234n	siècle
bn:00017236n	casse-tête
bn:00017236n	mal
bn:00017269n	potier
bn:00017324n	grain
bn:00017330n	cervelet
bn:00017332n	cortex
bn:00017339n	pensée
bn:00017339n	réflexion
bn:00017345n	cérémonie
bn:00017348n	cérémonie
bn:00017349n	cérémonie
bn:00017362n	certitude
bn:00017363n	certitude
bn:00017367n	certificat
bn:00017371n	certification
bn:00017372n	certification
bn:00017376n	certiorari
bn:00017377n	certitude
bn:00017393n	cerf
bn:00017395n	cou
bn:00017395n	nuque
bn:00017428n	Ceylan
bn:00017474n	paille
bn:00017483n	chagrin
bn:00017483n	dépit
bn:00017483n	humiliation
bn:00017487n	chaîne
bn:00017488n	chaîne
bn:00017489n	chaîne
bn:00017490n	chaîne
bn:00017505n	réaction
bn:00017510n	chaîne
bn:00017515n	chaise
bn:00017515n	fauteuil
bn:00017516n	chaire
bn:00017517n	président
bn:00017518n	chaise
bn:00017557n	défi
bn:00017558n	défi
bn:00017562n	concurrent
bn:00017562n	rival
bn:00017581n	chambre
bn:00017582n	cavité
bn:00017583n	chambre
bn:00017585n	musique
bn:00017591n	femme
bn:00017605n	champion
bn:00017609n	champ
bn:00017609n	plaine
bn:00017609n	terrain
bn:00017612n	champion
bn:00017612n	combattant
bn:00017612n	héros
bn:00017614n	championnat
bn:00017614n	titre
bn:00017621n	chance
bn:00017621n	occasion
bn:00017621n	opportunité
bn:00017621n	possibilité
bn:00017622n	chance
bn:00017622n	danger
bn:00017622n	fortune
bn:00017622n	hasard
bn:00017622n	occasion
bn:00017623n	chance
bn:00017623n	risque
bn:00017624n	probabilité
bn:00017625n	perspective
bn:00017640n	lustre
bn:00017651n	changement
bn:00017651n	modification
bn:00017652n	changement
bn:00017653n	changement
bn:00017653n	modification
bn:00017653n	variation
bn:00017654n	monnaie
bn:00017655n	changement
bn:00017656n	changement
bn:00017666n	route
bn:00017676n	imbécile
bn:00017678n	conversion
bn:00017678n	transition
bn:00017681n	canal
bn:00017682n	canal
bn:00017683n	rainure
bn:00017685n	ligne
bn:00017710n	crevasse
bn:00017718n	chapeau
bn:00017719n	chapelle
bn:00017722n	non-conformiste
bn:00017726n	couronne
bn:00017730n	chapitre
bn:00017731n	chapitre
bn:00017732n	chapitre
bn:00017746n	caractère
bn:00017746n	personnage
bn:00017747n	caractère
bn:00017747n	personnage
bn:00017747n	qualité
bn:00017748n	caractère
bn:00017749n	partie
bn:00017749n	personnage
bn:00017749n	rôle
bn:00017750n	caractère
bn:00017751n	caractère
bn:00017751n	référence
bn:00017758n	caractérisation
bn:00017758n	description
bn:00017758n	image
bn:00017761n	caractéristique
bn:00017762n	caractéristique
bn:00017766n	représentation
bn:00017777n	charbon
bn:00017778n	charbon
bn:00017778n	fusain
bn:00017789n	charge
bn:00017790n	accusation
bn:00017790n	frais
bn:00017790n	reproche
bn:00017791n	coût
bn:00017791n	frais
bn:00017792n	charge
bn:00017793n	mission
bn:00017803n	tarif
bn:00017803n	taux
bn:00017815n	charisme
bn:00017818n	charité
bn:00017819n	charité
bn:00017824n	charlatan
bn:00017841n	Darwin
bn:00017891n	charme
bn:00017892n	charme
bn:00017904n	graphique
bn:00017904n	organigramme
bn:00017904n	tableau
bn:00017905n	carte
bn:00017905n	graphique
bn:00017906n	charte
bn:00017920n	activité
bn:00017920n	poursuite
bn:00017970n	colporteur
bn:00017983n	addition
bn:00017984n	confirmation
bn:00017984n	vérification
bn:00017986n	marque
bn:00017998n	chéquier
bn:00018021n	examen
bn:00018024n	joue
bn:00018027n	pommette
bn:00018028n	insolence
bn:00018031n	acclamation
bn:00018032n	gaieté
bn:00018038n	fromage
bn:00018071n	chela
bn:00018072n	griffe
bn:00018101n	composé
bn:00018105n	élément
bn:00018109n	équilibre
bn:00018110n	formule
bn:00018111n	groupe
bn:00018111n	radical
bn:00018115n	mécanisme
bn:00018121n	réaction
bn:00018123n	chimie
bn:00018131n	chimiste
bn:00018206n	échec
bn:00018207n	poitrine
bn:00018207n	torse
bn:00018208n	coffre
bn:00018239n	gum
bn:00018240n	Cheyennes
bn:00018253n	Chicago
bn:00018265n	poule
bn:00018265n	poulet
bn:00018265n	Poulet
bn:00018266n	poule
bn:00018266n	poulet
bn:00018274n	poulailler
bn:00018319n	chef
bn:00018319n	directeur
bn:00018319n	tête
bn:00018323n	président
bn:00018338n	chignon
bn:00018345n	enfant
bn:00018345n	fille
bn:00018345n	gamin
bn:00018345n	garçon
bn:00018345n	gosse
bn:00018345n	jeune
bn:00018345n	kid
bn:00018345n	mineur
bn:00018346n	enfant
bn:00018346n	fille
bn:00018350n	jeu
bn:00018361n	accouchement
bn:00018365n	enfance
bn:00018366n	enfance
bn:00018385n	millénarisme
bn:00018387n	froid
bn:00018388n	frisson
bn:00018389n	frisson
bn:00018392n	fraîcheur
bn:00018393n	froideur
bn:00018394n	refroidissement
bn:00018414n	cheminée
bn:00018415n	cheminée
bn:00018418n	cheminée
bn:00018418n	manteau
bn:00018426n	menton
bn:00018431n	Chine
bn:00018431n	porcelaine
bn:00018432n	Taïwan
bn:00018452n	chinois
bn:00018493n	cliquetis
bn:00018493n	déclic
bn:00018540n	chiropracteur
bn:00018545n	ciseau
bn:00018557n	chevalerie
bn:00018590n	chlorure
bn:00018625n	chlorothiazide
bn:00018629n	chlorpromazine
bn:00018637n	cale
bn:00018638n	chocolat
bn:00018660n	choix
bn:00018660n	sélection
bn:00018661n	choix
bn:00018661n	sélection
bn:00018663n	formulation
bn:00018663n	phraséologie
bn:00018664n	finesse
bn:00018665n	chorale
bn:00018690n	cholélithiase
bn:00018692n	irritabilité
bn:00018696n	cholestérol
bn:00018728n	steakhouse
bn:00018729n	Chopin
bn:00018744n	corde
bn:00018745n	accord
bn:00018756n	corvée
bn:00018756n	emploi
bn:00018756n	mission
bn:00018756n	tâche
bn:00018756n	travail
bn:00018760n	chorégraphie
bn:00018780n	rire
bn:00018782n	chœur
bn:00018783n	chœur
bn:00018783n	refrain
bn:00018785n	chœur
bn:00018805n	Christ
bn:00018805n	jésus
bn:00018805n	Jésus
bn:00018814n	chrétienté
bn:00018815n	baptême
bn:00018818n	chrétien
bn:00018819n	église
bn:00018828n	christianisme
bn:00018835n	Noël
bn:00018836n	Noël
bn:00018869n	nuance
bn:00018869n	teinte
bn:00018875n	chromatographie
bn:00018876n	colonne
bn:00018877n	chrome
bn:00018887n	acier
bn:00018913n	séquence
bn:00018913n	succession
bn:00018922n	chrysanthème
bn:00018977n	nid-de-poule
bn:00018991n	imbécile
bn:00018995n	église
bn:00018996n	église
bn:00018996n	service
bn:00019000n	banc
bn:00019002n	credo
bn:00019003n	père
bn:00019021n	clocher
bn:00019026n	ecclésiastique
bn:00019026n	prêtre
bn:00019028n	cimetière
bn:00019032n	parachute
bn:00019032n	parachuter
bn:00019033n	toboggan
bn:00019052n	cigale
bn:00019056n	cicatrice
bn:00019079n	cigare
bn:00019098n	cilié
bn:00019100n	cil
bn:00019114n	Cincinnati
bn:00019120n	ceinture
bn:00019126n	caméra
bn:00019129n	cinéma
bn:00019131n	tournage
bn:00019153n	code
bn:00019154n	personne
bn:00019169n	cercle
bn:00019171n	cercle
bn:00019180n	circuit
bn:00019181n	circuit
bn:00019181n	tournée
bn:00019181n	visite
bn:00019187n	circuit
bn:00019188n	corbeille
bn:00019196n	circulation
bn:00019196n	diffusion
bn:00019197n	circulation
bn:00019207n	circonférence
bn:00019218n	circonstance
bn:00019219n	circonstance
bn:00019219n	contexte
bn:00019220n	circonstance
bn:00019220n	condition
bn:00019220n	considération
bn:00019222n	chance
bn:00019222n	sort
bn:00019227n	cirque
bn:00019228n	cirque
bn:00019266n	citation
bn:00019281n	citoyen
bn:00019281n	concitoyen
bn:00019283n	gens
bn:00019283n	personne
bn:00019283n	peuple
bn:00019284n	comité
bn:00019295n	citron
bn:00019301n	agrume
bn:00019306n	tilleul
bn:00019309n	citronnier
bn:00019319n	citadin
bn:00019319n	cité
bn:00019319n	métropole
bn:00019319n	ville
bn:00019320n	ville
bn:00019321n	ville
bn:00019333n	maire
bn:00019334n	philadelphie
bn:00019334n	Philadelphie
bn:00019362n	loi
bn:00019374n	fonction
bn:00019374n	service
bn:00019378n	guerre
bn:00019380n	civil
bn:00019383n	culture
bn:00019383n	Culture
bn:00019384n	civilisation
bn:00019403n	demande
bn:00019403n	réclamation
bn:00019403n	revendication
bn:00019404n	affirmation
bn:00019404n	demande
bn:00019404n	prétention
bn:00019404n	réclamation
bn:00019404n	revendication
bn:00019405n	demande
bn:00019405n	réclamation
bn:00019406n	prétention
bn:00019406n	titre
bn:00019407n	revendication
bn:00019407n	titre
bn:00019410n	demandeur
bn:00019412n	clairvoyance
bn:00019414n	palourde
bn:00019429n	clan
bn:00019432n	fracas
bn:00019436n	exclusivité
bn:00019439n	langue
bn:00019459n	clarté
bn:00019459n	lucidité
bn:00019460n	clarté
bn:00019472n	conflit
bn:00019472n	friction
bn:00019475n	emprise
bn:00019475n	poigne
bn:00019475n	prise
bn:00019477n	année
bn:00019477n	classe
bn:00019477n	cours
bn:00019477n	grade
bn:00019477n	niveau
bn:00019478n	classe
bn:00019479n	cours
bn:00019479n	cursus
bn:00019480n	classe
bn:00019481n	année
bn:00019501n	camarade
bn:00019501n	classe
bn:00019501n	école
bn:00019563n	classique
bn:00019578n	classique
bn:00019583n	classificateur
bn:00019586n	classe
bn:00019603n	proposition
bn:00019606n	claustrophobie
bn:00019618n	serre
bn:00019624n	argile
bn:00019625n	boue
bn:00019637n	poterie
bn:00019643n	nettoyant
bn:00019647n	nettoyage
bn:00019658n	découvert
bn:00019663n	dégagement
bn:00019668n	clairière
bn:00019674n	crampon
bn:00019684n	fente
bn:00019685n	fissure
bn:00019708n	clémence
bn:00019708n	merci
bn:00019708n	miséricorde
bn:00019718n	poing
bn:00019726n	clergé
bn:00019727n	clergyman
bn:00019727n	ecclésiastique
bn:00019727n	pasteur
bn:00019727n	révérend
bn:00019735n	commis
bn:00019735n	employé
bn:00019736n	commis
bn:00019736n	vendeur
bn:00019742n	Cleveland
bn:00019745n	intelligence
bn:00019749n	indice
bn:00019762n	client
bn:00019763n	client
bn:00019767n	falaise
bn:00019780n	climat
bn:00019781n	ambiance
bn:00019781n	climat
bn:00019781n	état
bn:00019781n	humeur
bn:00019787n	climax
bn:00019788n	orgasme
bn:00019832n	prison
bn:00019848n	époque
bn:00019848n	fois
bn:00019848n	heure
bn:00019848n	jour
bn:00019848n	moment
bn:00019848n	occasion
bn:00019848n	période
bn:00019848n	reprise
bn:00019848n	temps
bn:00019849n	pince
bn:00019864n	coupure
bn:00019878n	égout
bn:00019887n	horloge
bn:00019893n	heure
bn:00019893n	moment
bn:00019901n	masse
bn:00019918n	conclusion
bn:00019918n	fin
bn:00019934n	énigme
bn:00019934n	mystère
bn:00019944n	arrêt
bn:00019944n	fermeture
bn:00019948n	proximité
bn:00019951n	familiarité
bn:00019951n	intimité
bn:00019955n	placard
bn:00019956n	placard
bn:00019957n	armoire
bn:00019957n	placard
bn:00019964n	fermeture
bn:00019965n	fermeture
bn:00019966n	achèvement
bn:00019967n	isolement
bn:00019976n	règlement
bn:00019976n	résolution
bn:00019978n	caillot
bn:00019980n	chiffon
bn:00019980n	linge
bn:00019980n	matériau
bn:00019980n	textile
bn:00019980n	tissu
bn:00019995n	mercerie
bn:00020001n	nuage
bn:00020002n	nuage
bn:00020006n	essaim
bn:00020010n	nuage
bn:00020012n	averse
bn:00020012n	torrent
bn:00020018n	influence
bn:00020036n	comédie
bn:00020039n	club
bn:00020039n	commande
bn:00020039n	société
bn:00020040n	massue
bn:00020041n	club
bn:00020042n	club
bn:00020057n	gloussement
bn:00020058n	indice
bn:00020105n	objecteur
bn:00020110n	conjonction
bn:00020111n	coopérative
bn:00020112n	cooptation
bn:00020114n	coordonnée
bn:00020118n	collègue
bn:00020119n	coach
bn:00020119n	Coach
bn:00020119n	directeur
bn:00020119n	entraîneur
bn:00020119n	gestionnaire
bn:00020119n	manager
bn:00020120n	tuteur
bn:00020128n	collaboration
bn:00020133n	braise
bn:00020133n	charbon
bn:00020144n	kérosène
bn:00020151n	coalescence
bn:00020164n	côte
bn:00020167n	glissade
bn:00020184n	manteau
bn:00020185n	couche
bn:00020194n	finition
bn:00020211n	cordonnier
bn:00020229n	coca
bn:00020230n	cocaïne
bn:00020239n	coccidiose
bn:00020265n	chien
bn:00020266n	coq
bn:00020277n	cacatoès
bn:00020295n	cockpit
bn:00020298n	cafard
bn:00020301n	crête
bn:00020308n	fourreau
bn:00020310n	cocktail
bn:00020314n	cocotier
bn:00020320n	noix
bn:00020322n	conspirateur
bn:00020323n	noix
bn:00020329n	cocon
bn:00020348n	finale
bn:00020352n	code
bn:00020352n	codification
bn:00020353n	code
bn:00020367n	codification
bn:00020376n	coefficient
bn:00020378n	corrélation
bn:00020384n	réflectance
bn:00020400n	obligation
bn:00020406n	contemporain
bn:00020407n	génération
bn:00020408n	coexistence
bn:00020414n	café
bn:00020423n	tasse
bn:00020437n	cafetière
bn:00020445n	validité
bn:00020446n	preuve
bn:00020448n	étude
bn:00020452n	connaissance
bn:00020452n	savoir
bn:00020453n	contenu
bn:00020457n	processus
bn:00020463n	connaissance
bn:00020466n	connaisseur
bn:00020468n	engrenage
bn:00020471n	cohésion
bn:00020483n	coiffure
bn:00020490n	spirale
bn:00020491n	spirale
bn:00020497n	monnaie
bn:00020497n	pièce
bn:00020509n	coïncidence
bn:00020509n	hasard
bn:00020534n	froid
bn:00020534n	rhume
bn:00020535n	froid
bn:00020567n	froid
bn:00020574n	Coleridge
bn:00020591n	collaborateur
bn:00020592n	complice
bn:00020592n	partenaire
bn:00020593n	collage
bn:00020598n	effondrement
bn:00020599n	effondrement
bn:00020600n	effondrement
bn:00020601n	krach
bn:00020602n	tente
bn:00020603n	col
bn:00020621n	collègue
bn:00020621n	confrère
bn:00020625n	collection
bn:00020627n	collectif
bn:00020636n	collecteur
bn:00020641n	College
bn:00020641n	collège
bn:00020641n	lycée
bn:00020641n	université
bn:00020644n	étudiant
bn:00020647n	étudiant
bn:00020670n	collision
bn:00020688n	collusion
bn:00020701n	côlon
bn:00020706n	colonel
bn:00020712n	colonisation
bn:00020714n	colon
bn:00020718n	colonie
bn:00020718n	établissement
bn:00020718n	peuplement
bn:00020719n	colonie
bn:00020726n	couleur
bn:00020727n	couleur
bn:00020727n	vivacité
bn:00020728n	couleur
bn:00020729n	couleur
bn:00020765n	colorature
bn:00020790n	poulain
bn:00020791n	colt
bn:00020822n	colonne
bn:00020823n	colonne
bn:00020824n	colonne
bn:00020825n	chronique
bn:00020825n	colonne
bn:00020825n	éditorial
bn:00020825n	rubrique
bn:00020826n	colonne
bn:00020827n	colonne
bn:00020831n	pouce
bn:00020835n	chroniqueur
bn:00020839n	coma
bn:00020849n	peigne
bn:00020858n	bagarre
bn:00020858n	bataille
bn:00020858n	combat
bn:00020858n	conflit
bn:00020861n	blessure
bn:00020872n	combinaison
bn:00020896n	attrait
bn:00020897n	retour
bn:00020899n	comédien
bn:00020899n	humoriste
bn:00020904n	comédie
bn:00020909n	comète
bn:00020912n	confort
bn:00020913n	confort
bn:00020913n	réconfort
bn:00020914n	confort
bn:00020914n	réconfort
bn:00020930n	retour
bn:00020931n	réunion
bn:00020932n	fusion
bn:00020932n	rencontre
bn:00020933n	rencontre
bn:00020940n	commandement
bn:00020941n	commandement
bn:00020943n	direction
bn:00020944n	contrôle
bn:00020944n	maîtrise
bn:00020955n	commandant
bn:00020956n	commandant
bn:00020960n	commandement
bn:00020961n	enseignement
bn:00020962n	commando
bn:00020977n	commentaire
bn:00020977n	remarque
bn:00020978n	commentaire
bn:00020979n	commérage
bn:00020979n	rumeur
bn:00020980n	commentateur
bn:00020980n	observateur
bn:00020982n	commerce
bn:00020983n	commerce
bn:00020987n	publicité
bn:00020996n	entreprise
bn:00021001n	commercialisation
bn:00021002n	communiste
bn:00021008n	pitié
bn:00021015n	comité
bn:00021015n	commission
bn:00021016n	commission
bn:00021017n	commande
bn:00021019n	délégation
bn:00021021n	perpétration
bn:00021030n	commissaire
bn:00021033n	engagement
bn:00021034n	engagement
bn:00021038n	mémorisation
bn:00021039n	écriture
bn:00021045n	marchandise
bn:00021045n	produit
bn:00021051n	commun
bn:00021051n	green
bn:00021051n	parc
bn:00021109n	lierre
bn:00021126n	roturier
bn:00021149n	folklore
bn:00021149n	gens
bn:00021149n	peuple
bn:00021160n	sel
bn:00021164n	sens
bn:00021205n	Commonwealth
bn:00021207n	démocratie
bn:00021207n	république
bn:00021212n	agitation
bn:00021212n	tumulte
bn:00021212n	vacarme
bn:00021213n	bagarre
bn:00021213n	vacarme
bn:00021217n	commune
bn:00021218n	commune
bn:00021221n	communication
bn:00021222n	communication
bn:00021223n	communication
bn:00021233n	communion
bn:00021234n	communion
bn:00021236n	communiqué
bn:00021236n	dépêche
bn:00021240n	communisme
bn:00021241n	communisme
bn:00021243n	communiste
bn:00021248n	communauté
bn:00021249n	communauté
bn:00021250n	communauté
bn:00021251n	communauté
bn:00021266n	commutateur
bn:00021268n	navetteur
bn:00021269n	navetteur
bn:00021274n	poudrier
bn:00021279n	concentration
bn:00021279n	densité
bn:00021281n	compagnon
bn:00021284n	compagnie
bn:00021286n	compagnie
bn:00021286n	entreprise
bn:00021286n	société
bn:00021287n	compagnie
bn:00021287n	entreprise
bn:00021287n	société
bn:00021288n	compagnie
bn:00021288n	troupe
bn:00021289n	compagnie
bn:00021289n	entreprise
bn:00021290n	fête
bn:00021290n	groupe
bn:00021290n	parti
bn:00021290n	party
bn:00021290n	troupe
bn:00021303n	comparaison
bn:00021304n	comparaison
bn:00021305n	compartiment
bn:00021306n	compartiment
bn:00021309n	boussole
bn:00021309n	compas
bn:00021310n	portée
bn:00021318n	compassion
bn:00021319n	compassion
bn:00021325n	compatriote
bn:00021326n	pair
bn:00021329n	compensation
bn:00021329n	rémunération
bn:00021335n	compétence
bn:00021337n	concurrence
bn:00021338n	compétition
bn:00021338n	concours
bn:00021338n	match
bn:00021339n	compétition
bn:00021339n	concurrence
bn:00021340n	lutte
bn:00021345n	autosatisfaction
bn:00021348n	plainte
bn:00021350n	complaisance
bn:00021351n	complément
bn:00021352n	effectif
bn:00021353n	effectif
bn:00021366n	exhaustivité
bn:00021369n	complexe
bn:00021369n	composite
bn:00021369n	ensemble
bn:00021370n	complexe
bn:00021378n	complexion
bn:00021383n	complexité
bn:00021384n	soumission
bn:00021386n	complication
bn:00021390n	complicité
bn:00021391n	compliment
bn:00021394n	composant
bn:00021394n	composante
bn:00021394n	élément
bn:00021394n	facteur
bn:00021395n	composant
bn:00021395n	composante
bn:00021395n	part
bn:00021395n	partie
bn:00021395n	portion
bn:00021395n	région
bn:00021395n	travail
bn:00021396n	composant
bn:00021396n	composante
bn:00021396n	constituant
bn:00021396n	élément
bn:00021397n	compositeur
bn:00021398n	composition
bn:00021399n	composition
bn:00021406n	composition
bn:00021407n	composition
bn:00021408n	composition
bn:00021408n	morceau
bn:00021408n	œuvre
bn:00021408n	opus
bn:00021408n	pièce
bn:00021409n	typographie
bn:00021410n	article
bn:00021410n	communication
bn:00021410n	document
bn:00021413n	compost
bn:00021416n	complexe
bn:00021417n	complexe
bn:00021432n	compréhension
bn:00021434n	plénitude
bn:00021435n	compresse
bn:00021445n	compromis
bn:00021446n	compromis
bn:00021456n	compulsion
bn:00021456n	contrainte
bn:00021457n	compulsion
bn:00021458n	compulsif
bn:00021464n	informatique
bn:00021464n	ordinateur
bn:00021483n	magasin
bn:00021483n	mémoire
bn:00021513n	détenu
bn:00021524n	cachette
bn:00021525n	intimité
bn:00021525n	secret
bn:00021526n	couverture
bn:00021526n	écran
bn:00021527n	concession
bn:00021536n	concentré
bn:00021538n	concentration
bn:00021539n	concentration
bn:00021540n	concentration
bn:00021541n	concentration
bn:00021547n	concept
bn:00021547n	conception
bn:00021547n	idée
bn:00021547n	notion
bn:00021549n	conception
bn:00021550n	conception
bn:00021550n	création
bn:00021551n	conception
bn:00021551n	innovation
bn:00021551n	invention
bn:00021553n	conceptualisation
bn:00021553n	formulation
bn:00021556n	importance
bn:00021556n	préoccupation
bn:00021556n	souci
bn:00021557n	inquiétude
bn:00021557n	préoccupation
bn:00021558n	casse-tête
bn:00021558n	inquiétude
bn:00021558n	mal
bn:00021558n	préoccupation
bn:00021558n	souci
bn:00021559n	concert
bn:00021566n	concertina
bn:00021568n	concerto
bn:00021570n	concession
bn:00021572n	concessionnaire
bn:00021577n	concierge
bn:00021582n	concision
bn:00021583n	conclave
bn:00021584n	conclusion
bn:00021584n	décision
bn:00021584n	fin
bn:00021585n	conclusion
bn:00021586n	conclusion
bn:00021587n	conclusion
bn:00021588n	conclusion
bn:00021590n	décision
bn:00021593n	mélange
bn:00021598n	harmonie
bn:00021607n	béton
bn:00021615n	accord
bn:00021616n	concurrence
bn:00021622n	commotion
bn:00021624n	condamnation
bn:00021624n	désapprobation
bn:00021625n	condamnation
bn:00021626n	malédiction
bn:00021628n	condamnation
bn:00021628n	peine
bn:00021628n	phrase
bn:00021628n	sentence
bn:00021631n	condensation
bn:00021641n	condescendance
bn:00021644n	condition
bn:00021644n	état
bn:00021644n	statut
bn:00021645n	condition
bn:00021646n	condition
bn:00021649n	condition
bn:00021649n	terme
bn:00021662n	conditionnement
bn:00021675n	câble
bn:00021675n	fil
bn:00021676n	conduction
bn:00021676n	conductivité
bn:00021678n	chef
bn:00021679n	conducteur
bn:00021680n	chef
bn:00021690n	cône
bn:00021704n	lapin
bn:00021710n	confédération
bn:00021710n	sud
bn:00021710n	Sud
bn:00021711n	confédération
bn:00021712n	conspiration
bn:00021713n	complot
bn:00021713n	conspiration
bn:00021714n	confédéré
bn:00021721n	conférence
bn:00021722n	conférence
bn:00021722n	ligue
bn:00021723n	conférence
bn:00021731n	confession
bn:00021732n	confession
bn:00021740n	confident
bn:00021741n	confident
bn:00021742n	confiance
bn:00021743n	confiance
bn:00021747n	tuyau
bn:00021748n	confidentialité
bn:00021750n	configuration
bn:00021750n	constellation
bn:00021751n	configuration
bn:00021751n	contour
bn:00021751n	figure
bn:00021751n	forme
bn:00021751n	silhouette
bn:00021753n	emprisonnement
bn:00021756n	limite
bn:00021757n	confirmation
bn:00021765n	conflit
bn:00021766n	conflit
bn:00021767n	conflit
bn:00021769n	conflit
bn:00021769n	différence
bn:00021769n	dispute
bn:00021774n	conformité
bn:00021777n	conformité
bn:00021780n	confrontation
bn:00021782n	confrontation
bn:00021783n	opposition
bn:00021788n	confusion
bn:00021788n	désarroi
bn:00021789n	confusion
bn:00021804n	parent
bn:00021815n	congestion
bn:00021816n	embouteillage
bn:00021832n	félicitation
bn:00021834n	éloge
bn:00021837n	congrégation
bn:00021837n	troupeau
bn:00021844n	congrès
bn:00021845n	congrès
bn:00021852n	congrès
bn:00021852n	député
bn:00021852n	représentant
bn:00021869n	conjecture
bn:00021870n	supposition
bn:00021876n	conjugué
bn:00021880n	union
bn:00021882n	conjonction
bn:00021891n	incantation
bn:00021893n	tour
bn:00021895n	magicien
bn:00021901n	connexion
bn:00021901n	lien
bn:00021901n	relation
bn:00021902n	connexion
bn:00021902n	lien
bn:00021902n	rapport
bn:00021902n	relation
bn:00021903n	connexion
bn:00021904n	Connecticut
bn:00021911n	relation
bn:00021921n	accès
bn:00021921n	crise
bn:00021921n	paroxysme
bn:00021921n	scène
bn:00021927n	connotation
bn:00021928n	connotation
bn:00021938n	conquête
bn:00021939n	conquérant
bn:00021940n	conquête
bn:00021945n	conscience
bn:00021946n	conscience
bn:00021947n	conscience
bn:00021951n	conscience
bn:00021958n	consensus
bn:00021959n	consentement
bn:00021961n	cause
bn:00021961n	conséquence
bn:00021961n	conséquent
bn:00021961n	effet
bn:00021961n	fruit
bn:00021961n	résultat
bn:00021961n	suite
bn:00021962n	conséquence
bn:00021962n	importance
bn:00021965n	conservation
bn:00021965n	préservation
bn:00021966n	conservation
bn:00021974n	conservatisme
bn:00021975n	conservateur
bn:00021988n	attention
bn:00021989n	attention
bn:00021989n	compte
bn:00021989n	considération
bn:00021989n	examen
bn:00021990n	considération
bn:00021996n	cohérence
bn:00022000n	consolation
bn:00022000n	réconfort
bn:00022006n	consolidation
bn:00022007n	consolidation
bn:00022007n	intégration
bn:00022012n	consonne
bn:00022016n	groupe
bn:00022016n	regroupement
bn:00022016n	syndicat
bn:00022023n	agent
bn:00022026n	loi
bn:00022026n	police
bn:00022026n	policier
bn:00022028n	constance
bn:00022031n	constante
bn:00022050n	électeur
bn:00022052n	constitution
bn:00022069n	construction
bn:00022070n	construction
bn:00022071n	construction
bn:00022071n	structure
bn:00022072n	construction
bn:00022091n	consultation
bn:00022092n	référence
bn:00022095n	consommateur
bn:00022107n	absorption
bn:00022107n	apport
bn:00022107n	consommation
bn:00022112n	contact
bn:00022113n	contact
bn:00022114n	contact
bn:00022116n	contact
bn:00022117n	contact
bn:00022117n	liaison
bn:00022118n	contact
bn:00022119n	contact
bn:00022129n	contenant
bn:00022129n	récipient
bn:00022136n	contamination
bn:00022136n	souillure
bn:00022139n	contemplation
bn:00022140n	contemplation
bn:00022140n	réflexion
bn:00022143n	modernité
bn:00022146n	mépris
bn:00022147n	mépris
bn:00022153n	contenu
bn:00022154n	contenu
bn:00022154n	message
bn:00022154n	sujet
bn:00022155n	teneur
bn:00022157n	objet
bn:00022157n	sujet
bn:00022159n	affirmation
bn:00022159n	argument
bn:00022163n	concours
bn:00022164n	concurrent
bn:00022165n	dissident
bn:00022168n	contexte
bn:00022171n	continence
bn:00022173n	continent
bn:00022174n	continent
bn:00022184n	éventualité
bn:00022190n	continuation
bn:00022190n	continuité
bn:00022190n	poursuite
bn:00022191n	durée
bn:00022192n	durée
bn:00022200n	continuité
bn:00022202n	persévérance
bn:00022202n	persistance
bn:00022206n	continuum
bn:00022211n	contorsion
bn:00022214n	contour
bn:00022223n	contrebandier
bn:00022223n	livreur
bn:00022225n	contraception
bn:00022227n	contrat
bn:00022228n	contrat
bn:00022237n	contraction
bn:00022240n	entrepreneur
bn:00022244n	contradiction
bn:00022245n	contradiction
bn:00022251n	contralto
bn:00022257n	contraire
bn:00022261n	contraste
bn:00022262n	contraste
bn:00022262n	opposition
bn:00022263n	contraste
bn:00022264n	contraste
bn:00022269n	contribution
bn:00022269n	part
bn:00022270n	contribution
bn:00022270n	don
bn:00022271n	contribution
bn:00022271n	donation
bn:00022272n	contribution
bn:00022274n	contributeur
bn:00022275n	contributeur
bn:00022277n	dispositif
bn:00022282n	planificateur
bn:00022283n	contrôle
bn:00022283n	gestion
bn:00022284n	contrôle
bn:00022285n	contrôle
bn:00022286n	contrôle
bn:00022287n	contrôle
bn:00022288n	contrôle
bn:00022288n	retenue
bn:00022289n	commande
bn:00022301n	bâton
bn:00022315n	reprise
bn:00022320n	convection
bn:00022324n	commodité
bn:00022329n	couvent
bn:00022333n	congrès
bn:00022333n	convention
bn:00022334n	convention
bn:00022334n	modèle
bn:00022334n	motif
bn:00022334n	règle
bn:00022334n	schéma
bn:00022349n	conversation
bn:00022355n	conversion
bn:00022356n	transformation
bn:00022357n	conversion
bn:00022369n	cabriolet
bn:00022376n	convexité
bn:00022379n	transport
bn:00022381n	transfert
bn:00022381n	transport
bn:00022384n	convoyeur
bn:00022391n	tourbillon
bn:00022398n	convoi
bn:00022401n	crise
bn:00022403n	agitation
bn:00022403n	tumulte
bn:00022407n	Cook
bn:00022407n	cuisinier
bn:00022412n	cuisine
bn:00022412n	cuisson
bn:00022422n	casserole
bn:00022422n	poêle
bn:00022423n	cuisinière
bn:00022423n	poêle
bn:00022423n	réchaud
bn:00022424n	ustensile
bn:00022431n	glacière
bn:00022436n	refroidissement
bn:00022443n	nègre
bn:00022443n	noir
bn:00022452n	coopération
bn:00022453n	coopération
bn:00022463n	coordination
bn:00022464n	coordination
bn:00022467n	coordinateur
bn:00022479n	Copenhague
bn:00022525n	copie
bn:00022526n	copie
bn:00022526n	exemplaire
bn:00022527n	copie
bn:00022541n	coquette
bn:00022589n	câble
bn:00022589n	corde
bn:00022589n	cordon
bn:00022606n	hospitalité
bn:00022626n	noyau
bn:00022627n	centre
bn:00022627n	cœur
bn:00022628n	noyau
bn:00022629n	carotte
bn:00022661n	liège
bn:00022678n	maïs
bn:00022679n	maïs
bn:00022680n	maïs
bn:00022726n	cornouiller
bn:00022733n	angle
bn:00022733n	coin
bn:00022733n	recoin
bn:00022734n	angle
bn:00022734n	coin
bn:00022735n	coin
bn:00022736n	angle
bn:00022736n	coin
bn:00022737n	coin
bn:00022738n	coin
bn:00022738n	niche
bn:00022740n	coin
bn:00022750n	trompette
bn:00022752n	trompettiste
bn:00022760n	Nebraska
bn:00022777n	profusion
bn:00022777n	richesse
bn:00022792n	chant
bn:00022801n	coroner
bn:00022801n	Coroner
bn:00022811n	corporation
bn:00022811n	entreprise
bn:00022811n	société
bn:00022812n	caporal
bn:00022814n	corporéité
bn:00022814n	matérialité
bn:00022821n	corps
bn:00022841n	correction
bn:00022842n	correction
bn:00022843n	correction
bn:00022853n	véracité
bn:00022856n	corrélation
bn:00022861n	correspondance
bn:00022862n	parallélisme
bn:00022865n	correspondant
bn:00022866n	journaliste
bn:00022867n	couloir
bn:00022881n	corruption
bn:00022884n	dépravation
bn:00022897n	suite
bn:00022899n	cortex
bn:00022932n	choucas
bn:00022991n	cosmos
bn:00022991n	monde
bn:00022991n	univers
bn:00022991n	Univers
bn:00022995n	coût
bn:00022995n	dépense
bn:00022995n	prix
bn:00022996n	coût
bn:00022996n	prix
bn:00022997n	coût
bn:00022997n	prix
bn:00023008n	coût
bn:00023011n	côte
bn:00023028n	costume
bn:00023029n	costume
bn:00023037n	berceau
bn:00023070n	goupille
bn:00023072n	coton
bn:00023073n	coton
bn:00023101n	canapé
bn:00023119n	conseil
bn:00023134n	conseil
bn:00023134n	direction
bn:00023134n	guidance
bn:00023134n	orientation
bn:00023137n	conseiller
bn:00023139n	compte
bn:00023140n	comptage
bn:00023140n	compte
bn:00023151n	physionomie
bn:00023151n	teint
bn:00023151n	visage
bn:00023152n	sanction
bn:00023153n	physionomie
bn:00023154n	comptoir
bn:00023155n	jeton
bn:00023156n	compteur
bn:00023169n	contre-attaque
bn:00023196n	gegenschein
bn:00023206n	contre-offensive
bn:00023208n	contrepartie
bn:00023208n	équivalent
bn:00023208n	homologue
bn:00023212n	contrepoint
bn:00023235n	campagne
bn:00023235n	pays
bn:00023235n	terre
bn:00023236n	campagne
bn:00023236n	état
bn:00023236n	nation
bn:00023236n	pays
bn:00023236n	république
bn:00023236n	terre
bn:00023237n	campagne
bn:00023237n	pays
bn:00023241n	patrie
bn:00023241n	pays
bn:00023245n	campagnard
bn:00023245n	compatriote
bn:00023248n	campagne
bn:00023251n	comté
bn:00023259n	coup
bn:00023260n	aperçu
bn:00023260n	coup
bn:00023260n	regard
bn:00023268n	couple
bn:00023269n	couple
bn:00023274n	couplage
bn:00023275n	coupon
bn:00023276n	coupon
bn:00023284n	messager
bn:00023285n	cours
bn:00023285n	direction
bn:00023285n	fil
bn:00023285n	ligne
bn:00023285n	parcours
bn:00023286n	cours
bn:00023286n	course
bn:00023286n	parcours
bn:00023286n	tendance
bn:00023286n	trajet
bn:00023287n	chemin
bn:00023287n	cours
bn:00023287n	déroulement
bn:00023287n	ligne
bn:00023287n	voie
bn:00023288n	parcours
bn:00023288n	piste
bn:00023288n	trace
bn:00023288n	trajectoire
bn:00023290n	rangée
bn:00023293n	crédit
bn:00023295n	programme
bn:00023301n	cour
bn:00023301n	tribunal
bn:00023302n	tribunal
bn:00023303n	cour
bn:00023310n	cour
bn:00023310n	cours
bn:00023322n	courtoisie
bn:00023327n	courtisan
bn:00023333n	cousin
bn:00023342n	crique
bn:00023347n	abri
bn:00023347n	couverture
bn:00023348n	couverture
bn:00023349n	couvercle
bn:00023350n	couverture
bn:00023360n	couverture
bn:00023361n	couverture
bn:00023362n	reportage
bn:00023373n	couverture
bn:00023377n	convoitise
bn:00023381n	vache
bn:00023382n	vache
bn:00023397n	lâche
bn:00023399n	lâcheté
bn:00023410n	vache
bn:00023436n	cycle
bn:00023438n	crabe
bn:00023461n	écart
bn:00023461n	espace
bn:00023461n	fente
bn:00023461n	fissure
bn:00023462n	craquement
bn:00023464n	Sally
bn:00023470n	tireur
bn:00023482n	crépitement
bn:00023491n	berceau
bn:00023496n	artisanat
bn:00023496n	commerce
bn:00023496n	métier
bn:00023497n	embarcation
bn:00023498n	métier
bn:00023505n	artisan
bn:00023506n	rocher
bn:00023517n	spasme
bn:00023542n	vertébré
bn:00023571n	accident
bn:00023571n	crash
bn:00023571n	fracas
bn:00023572n	fracas
bn:00023594n	caisse
bn:00023619n	culte
bn:00023620n	délire
bn:00023620n	frénésie
bn:00023620n	fureur
bn:00023620n	furie
bn:00023620n	hystérie
bn:00023632n	crème
bn:00023645n	ligne
bn:00023645n	ride
bn:00023652n	création
bn:00023653n	création
bn:00023654n	création
bn:00023654n	fondation
bn:00023654n	initiation
bn:00023654n	instauration
bn:00023655n	création
bn:00023658n	esprit
bn:00023658n	penseur
bn:00023659n	créativité
bn:00023660n	créateur
bn:00023661n	créature
bn:00023662n	créature
bn:00023663n	crèche
bn:00023667n	crédit
bn:00023667n	honneur
bn:00023667n	mérite
bn:00023667n	reconnaissance
bn:00023668n	crédit
bn:00023669n	crédit
bn:00023670n	crédit
bn:00023670n	honneur
bn:00023671n	crédit
bn:00023685n	credo
bn:00023747n	crépuscule
bn:00023747n	nuit
bn:00023748n	crescendo
bn:00023757n	crête
bn:00023757n	sommet
bn:00023758n	crête
bn:00023758n	pic
bn:00023758n	sommet
bn:00023766n	houle
bn:00023774n	équipage
bn:00023774n	équipe
bn:00023775n	bande
bn:00023775n	équipage
bn:00023775n	équipe
bn:00023782n	marin
bn:00023796n	criquet
bn:00023807n	crime
bn:00023807n	criminalité
bn:00023807n	offense
bn:00023810n	gang
bn:00023810n	syndicat
bn:00023815n	criminel
bn:00023815n	escroc
bn:00023815n	hors-la-loi
bn:00023823n	poursuite
bn:00023827n	criminalité
bn:00023835n	boucle
bn:00023844n	crise
bn:00023845n	crise
bn:00023851n	croix
bn:00023853n	critère
bn:00023853n	étalon
bn:00023853n	mesure
bn:00023853n	niveau
bn:00023853n	norme
bn:00023853n	standard
bn:00023854n	critère
bn:00023854n	norme
bn:00023856n	critique
bn:00023857n	critique
bn:00023863n	croisement
bn:00023864n	critique
bn:00023864n	examen
bn:00023867n	critique
bn:00023868n	critique
bn:00023869n	critique
bn:00023931n	culture
bn:00023931n	récolte
bn:00023936n	pulvérisation
bn:00023938n	métayer
bn:00023946n	croix
bn:00023947n	croix
bn:00023976n	section
bn:00023980n	banc
bn:00023990n	métissage
bn:00023994n	raccourci
bn:00024016n	carrefour
bn:00024016n	croisée
bn:00024016n	hameau
bn:00024017n	croisée
bn:00024042n	bizarrerie
bn:00024047n	Crouch
bn:00024049n	croupe
bn:00024054n	chant
bn:00024054n	corbeau
bn:00024065n	affluence
bn:00024065n	foule
bn:00024069n	Couronne
bn:00024070n	couronne
bn:00024073n	couronne
bn:00024076n	fanion
bn:00024081n	galle
bn:00024097n	monarque
bn:00024097n	souverain
bn:00024098n	écran
bn:00024103n	crucifix
bn:00024106n	crucifixion
bn:00024113n	grossièreté
bn:00024114n	grossièreté
bn:00024115n	rudesse
bn:00024119n	cruauté
bn:00024120n	cruauté
bn:00024126n	voiture
bn:00024137n	croupe
bn:00024139n	croisade
bn:00024145n	gravier
bn:00024146n	broyeur
bn:00024148n	croûte
bn:00024154n	béquille
bn:00024155n	béquille
bn:00024158n	cri
bn:00024162n	larme
bn:00024162n	pleur
bn:00024172n	engelure
bn:00024175n	cryostat
bn:00024209n	cristal
bn:00024210n	cristal
bn:00024212n	quartz
bn:00024228n	cristallite
bn:00024232n	cristallographie
bn:00024243n	novice
bn:00024243n	recrue
bn:00024244n	fiston
bn:00024244n	garçon
bn:00024247n	Cuba
bn:00024258n	cube
bn:00024266n	l
bn:00024266n	litre
bn:00024272n	cubisme
bn:00024318n	poignet
bn:00024320n	bouton
bn:00024325n	impasse
bn:00024341n	coupable
bn:00024342n	culte
bn:00024342n	secte
bn:00024349n	sectateur
bn:00024357n	cultivation
bn:00024358n	culture
bn:00024359n	raffinement
bn:00024369n	culture
bn:00024370n	culture
bn:00024373n	milieu
bn:00024394n	cumulus
bn:00024395n	procrastination
bn:00024407n	chatte
bn:00024410n	gobelet
bn:00024410n	tasse
bn:00024411n	tasse
bn:00024412n	coupe
bn:00024459n	ministre
bn:00024459n	pasteur
bn:00024461n	guérison
bn:00024461n	remède
bn:00024463n	bord
bn:00024463n	bordure
bn:00024486n	curiosité
bn:00024488n	curiosité
bn:00024493n	mèche
bn:00024504n	groseillier
bn:00024510n	courant
bn:00024511n	courant
bn:00024511n	flot
bn:00024512n	courant
bn:00024525n	juron
bn:00024525n	serment
bn:00024526n	malédiction
bn:00024534n	draperie
bn:00024534n	rideau
bn:00024539n	ouverture
bn:00024541n	cour
bn:00024541n	jardin
bn:00024541n	parc
bn:00024541n	terrain
bn:00024550n	courbe
bn:00024551n	courbe
bn:00024564n	amortisseur
bn:00024564n	coussin
bn:00024568n	rembourrage
bn:00024584n	gardien
bn:00024586n	détention
bn:00024591n	coutume
bn:00024591n	usage
bn:00024592n	coutume
bn:00024592n	tradition
bn:00024600n	coupure
bn:00024601n	coupe
bn:00024603n	entaille
bn:00024613n	découpe
bn:00024620n	solde
bn:00024630n	toucher
bn:00024636n	beauté
bn:00024640n	épiderme
bn:00024643n	peau
bn:00024644n	coutelas
bn:00024662n	coupe
bn:00024662n	montage
bn:00024663n	coupe
bn:00024712n	filet
bn:00024712n	réseau
bn:00024724n	cycle
bn:00024724n	rythme
bn:00024724n	tour
bn:00024725n	cycle
bn:00024726n	cycle
bn:00024727n	cycle
bn:00024733n	périodicité
bn:00024746n	encyclopédie
bn:00024779n	cylindre
bn:00024804n	cynique
bn:00024845n	cyprès
bn:00024880n	kyste
bn:00024905n	cytoplasme
bn:00024933n	Tchécoslovaquie
bn:00024945n	procureur
bn:00024989n	pa
bn:00024989n	Pa
bn:00024989n	papa
bn:00024989n	Papa
bn:00024989n	père
bn:00024989n	pop
bn:00024990n	dadaïsme
bn:00024996n	Corée
bn:00024998n	démon
bn:00024998n	diable
bn:00025000n	jonquille
bn:00025024n	délicatesse
bn:00025025n	délicatesse
bn:00025026n	daiquiri
bn:00025036n	marguerite
bn:00025062n	dallas
bn:00025062n	Dallas
bn:00025075n	barrage
bn:00025080n	altération
bn:00025080n	dégât
bn:00025080n	dommage
bn:00025080n	mal
bn:00025080n	préjudice
bn:00025081n	dégât
bn:00025082n	dommage
bn:00025082n	mal
bn:00025083n	condition
bn:00025083n	prix
bn:00025084n	injustice
bn:00025084n	tort
bn:00025097n	dame
bn:00025113n	damnation
bn:00025142n	danse
bn:00025143n	danse
bn:00025144n	danse
bn:00025153n	danseur
bn:00025167n	Danois
bn:00025170n	danger
bn:00025170n	risque
bn:00025171n	danger
bn:00025171n	risque
bn:00025172n	danger
bn:00025191n	danois
bn:00025196n	Danemark
bn:00025198n	Dante
bn:00025211n	tache
bn:00025211n	temps
bn:00025233n	noir
bn:00025233n	obscurité
bn:00025233n	ténèbre
bn:00025234n	obscurité
bn:00025234n	ténèbre
bn:00025235n	noir
bn:00025235n	obscurité
bn:00025235n	ombre
bn:00025236n	noir
bn:00025236n	nuit
bn:00025236n	soir
bn:00025236n	soirée
bn:00025237n	noir
bn:00025242n	marine
bn:00025256n	chéri
bn:00025256n	Chéri
bn:00025256n	favori
bn:00025286n	course
bn:00025293n	déception
bn:00025314n	donnée
bn:00025320n	dossier
bn:00025320n	fichier
bn:00025327n	donnée
bn:00025336n	date
bn:00025336n	jour
bn:00025337n	cavalier
bn:00025337n	rendez-vous
bn:00025338n	date
bn:00025339n	date
bn:00025364n	fille
bn:00025412n	aube
bn:00025417n	époque
bn:00025417n	jour
bn:00025417n	journée
bn:00025417n	temps
bn:00025418n	jour
bn:00025418n	journée
bn:00025419n	jour
bn:00025419n	journée
bn:00025419n	lumière
bn:00025420n	jour
bn:00025420n	journée
bn:00025421n	époque
bn:00025421n	temps
bn:00025436n	sort
bn:00025439n	congé
bn:00025449n	livre
bn:00025455n	jour
bn:00025455n	lumière
bn:00025463n	choc
bn:00025464n	brouillard
bn:00025495n	diacre
bn:00025500n	mort
bn:00025510n	arrêt
bn:00025510n	impasse
bn:00025523n	défunt
bn:00025524n	estimation
bn:00025526n	morgue
bn:00025538n	date
bn:00025538n	échéance
bn:00025539n	létalité
bn:00025547n	sourd
bn:00025555n	main
bn:00025559n	concessionnaire
bn:00025566n	transaction
bn:00025567n	transaction
bn:00025568n	affaire
bn:00025569n	relation
bn:00025571n	doyen
bn:00025580n	pénurie
bn:00025581n	rareté
bn:00025582n	décès
bn:00025582n	mort
bn:00025583n	décès
bn:00025583n	mort
bn:00025584n	décès
bn:00025584n	mort
bn:00025585n	mort
bn:00025586n	mort
bn:00025588n	fin
bn:00025596n	chambre
bn:00025608n	lit
bn:00025613n	fiasco
bn:00025615n	massacre
bn:00025619n	dégradation
bn:00025621n	débat
bn:00025622n	libertin
bn:00025627n	débilité
bn:00025627n	infirmité
bn:00025634n	bric-à-brac
bn:00025634n	débris
bn:00025634n	poussière
bn:00025637n	dette
bn:00025638n	dette
bn:00025643n	début
bn:00025643n	entrée
bn:00025643n	introduction
bn:00025645n	décembre
bn:00025646n	décennie
bn:00025646n	dix
bn:00025649n	dexaméthasone
bn:00025674n	décadence
bn:00025675n	baisse
bn:00025675n	déclin
bn:00025676n	décomposition
bn:00025680n	tromperie
bn:00025681n	déformation
bn:00025683n	décélération
bn:00025683n	ralentissement
bn:00025686n	réveillon
bn:00025688n	décence
bn:00025689n	décence
bn:00025714n	décision
bn:00025714n	victoire
bn:00025715n	décision
bn:00025719n	pont
bn:00025720n	paquet
bn:00025721n	jeu
bn:00025732n	déclaration
bn:00025733n	déclaration
bn:00025735n	résolution
bn:00025742n	déclin
bn:00025742n	descente
bn:00025744n	baisse
bn:00025744n	déclin
bn:00025746n	déclin
bn:00025746n	diminution
bn:00025754n	décomposition
bn:00025755n	décomposition
bn:00025755n	désintégration
bn:00025756n	pourriture
bn:00025764n	décor
bn:00025765n	décoration
bn:00025765n	ornement
bn:00025766n	médaille
bn:00025770n	décorateur
bn:00025770n	designer
bn:00025771n	décorateur
bn:00025772n	bienséance
bn:00025777n	diminution
bn:00025779n	diminution
bn:00025780n	réduction
bn:00025781n	décret
bn:00025781n	ordonnance
bn:00025781n	ordre
bn:00025792n	dévouement
bn:00025798n	déduction
bn:00025799n	déduction
bn:00025800n	connotation
bn:00025800n	implication
bn:00025801n	déduction
bn:00025802n	déduction
bn:00025803n	réduction
bn:00025804n	acte
bn:00025804n	titre
bn:00025825n	approfondissement
bn:00025827n	profondeur
bn:00025830n	tularémie
bn:00025848n	défaut
bn:00025855n	défaite
bn:00025856n	défaite
bn:00025856n	frustration
bn:00025863n	défaut
bn:00025864n	défaut
bn:00025865n	défaut
bn:00025865n	faute
bn:00025870n	défense
bn:00025871n	défense
bn:00025872n	défense
bn:00025874n	défense
bn:00025875n	défense
bn:00025878n	défense
bn:00025879n	défense
bn:00025884n	accusé
bn:00025884n	défendeur
bn:00025884n	prévenu
bn:00025885n	défenseur
bn:00025885n	gardien
bn:00025885n	tuteur
bn:00025889n	défense
bn:00025903n	déférence
bn:00025903n	respect
bn:00025909n	défi
bn:00025913n	absence
bn:00025913n	carence
bn:00025913n	échec
bn:00025913n	faute
bn:00025913n	lacune
bn:00025913n	manque
bn:00025914n	insuffisance
bn:00025916n	déficit
bn:00025916n	pénurie
bn:00025928n	définition
bn:00025929n	définition
bn:00025940n	diversion
bn:00025950n	déformation
bn:00025950n	distorsion
bn:00025954n	paiement
bn:00025960n	dégénérescence
bn:00025964n	gorgée
bn:00025965n	degré
bn:00025965n	mesure
bn:00025965n	niveau
bn:00025965n	taux
bn:00025966n	degré
bn:00025966n	étape
bn:00025966n	mesure
bn:00025966n	niveau
bn:00025966n	phase
bn:00025966n	point
bn:00025966n	stade
bn:00025966n	temps
bn:00025967n	degré
bn:00025968n	degré
bn:00025971n	f
bn:00025995n	dieu
bn:00025995n	Dieu
bn:00025995n	divinité
bn:00026000n	déjeuner
bn:00026007n	Delaware
bn:00026014n	attente
bn:00026014n	retard
bn:00026015n	retard
bn:00026022n	délice
bn:00026022n	joie
bn:00026022n	plaisir
bn:00026027n	omission
bn:00026037n	délibération
bn:00026042n	diplomatie
bn:00026047n	joie
bn:00026047n	plaisir
bn:00026061n	délivrance
bn:00026061n	sauvetage
bn:00026061n	secours
bn:00026063n	livreur
bn:00026066n	discours
bn:00026068n	lancer
bn:00026081n	delta
bn:00026089n	prednisone
bn:00026089n	Prednisone
bn:00026090n	deltoïde
bn:00026093n	avalanche
bn:00026093n	flot
bn:00026096n	illusion
bn:00026101n	démagogue
bn:00026103n	demande
bn:00026103n	exigence
bn:00026103n	revendication
bn:00026104n	demande
bn:00026105n	besoin
bn:00026105n	demande
bn:00026105n	exigence
bn:00026106n	demande
bn:00026107n	besoin
bn:00026107n	demande
bn:00026107n	nécessité
bn:00026115n	délimitation
bn:00026115n	démarcation
bn:00026115n	limite
bn:00026129n	domaine
bn:00026129n	pays
bn:00026129n	terre
bn:00026129n	territoire
bn:00026137n	demi-monde
bn:00026138n	déminéralisation
bn:00026146n	démocratie
bn:00026148n	démocrate
bn:00026149n	démocrate
bn:00026163n	démolition
bn:00026163n	destruction
bn:00026165n	démon
bn:00026173n	démonstration
bn:00026173n	présentation
bn:00026175n	démonstration
bn:00026175n	manifestation
bn:00026176n	démonstration
bn:00026177n	démonstratif
bn:00026179n	démonstrateur
bn:00026184n	démoralisation
bn:00026198n	démythologisation
bn:00026199n	repaire
bn:00026200n	cachette
bn:00026200n	planque
bn:00026229n	dénégation
bn:00026229n	déni
bn:00026229n	refus
bn:00026229n	rejet
bn:00026230n	démenti
bn:00026230n	refus
bn:00026239n	habitant
bn:00026245n	confession
bn:00026245n	dénomination
bn:00026251n	référence
bn:00026253n	dénouement
bn:00026255n	dénonciation
bn:00026259n	densité
bn:00026262n	densitométrie
bn:00026277n	dentier
bn:00026279n	dentiste
bn:00026308n	département
bn:00026308n	rayon
bn:00026308n	service
bn:00026325n	justice
bn:00026336n	état
bn:00026342n	magasin
bn:00026343n	allée
bn:00026343n	départ
bn:00026344n	différence
bn:00026344n	écart
bn:00026345n	décès
bn:00026345n	délivrance
bn:00026350n	fiabilité
bn:00026351n	dépendance
bn:00026364n	épuisement
bn:00026373n	déporté
bn:00026374n	dépôt
bn:00026374n	sédiment
bn:00026385n	déposant
bn:00026386n	bibliothèque
bn:00026387n	dépôt
bn:00026387n	terminal
bn:00026388n	entrepôt
bn:00026388n	stockage
bn:00026389n	dépravation
bn:00026391n	amortissement
bn:00026392n	amortissement
bn:00026397n	détracteur
bn:00026398n	déprédation
bn:00026399n	ravage
bn:00026402n	dépression
bn:00026403n	dépression
bn:00026404n	dépression
bn:00026405n	dépression
bn:00026415n	besoin
bn:00026415n	manque
bn:00026416n	perte
bn:00026418n	profondeur
bn:00026425n	adjoint
bn:00026425n	député
bn:00026426n	adjoint
bn:00026426n	lieutenant
bn:00026436n	négligence
bn:00026437n	dérision
bn:00026439n	dérivation
bn:00026440n	dérivation
bn:00026441n	dérivation
bn:00026447n	dérivée
bn:00026473n	derrick
bn:00026481n	derviche
bn:00026482n	diéthylstilbestrol
bn:00026487n	descendant
bn:00026488n	descendant
bn:00026497n	descente
bn:00026498n	origine
bn:00026499n	descente
bn:00026501n	description
bn:00026512n	forme
bn:00026512n	formulaire
bn:00026516n	intégration
bn:00026519n	désert
bn:00026530n	mérite
bn:00026535n	conception
bn:00026535n	design
bn:00026535n	dessin
bn:00026536n	conception
bn:00026536n	design
bn:00026536n	Dessein
bn:00026536n	intention
bn:00026536n	motif
bn:00026536n	plan
bn:00026536n	projet
bn:00026537n	design
bn:00026537n	motif
bn:00026538n	dessin
bn:00026542n	identification
bn:00026550n	désir
bn:00026550n	envie
bn:00026551n	désir
bn:00026551n	envie
bn:00026552n	désir
bn:00026554n	bureau
bn:00026573n	désolation
bn:00026574n	solitude
bn:00026576n	désorption
bn:00026577n	désespoir
bn:00026578n	désespoir
bn:00026581n	envoi
bn:00026581n	expédition
bn:00026581n	transport
bn:00026583n	désespéré
bn:00026601n	destination
bn:00026602n	destination
bn:00026603n	destin
bn:00026603n	sort
bn:00026604n	destin
bn:00026604n	sort
bn:00026606n	destroyer
bn:00026610n	destruction
bn:00026618n	détachement
bn:00026620n	insularité
bn:00026620n	isolation
bn:00026622n	détail
bn:00026622n	élément
bn:00026622n	idée
bn:00026622n	point
bn:00026623n	détail
bn:00026623n	élément
bn:00026623n	objet
bn:00026624n	détail
bn:00026625n	détail
bn:00026628n	détail
bn:00026630n	détection
bn:00026631n	détection
bn:00026631n	perception
bn:00026633n	détective
bn:00026633n	enquêteur
bn:00026638n	capteur
bn:00026638n	détecteur
bn:00026644n	détergence
bn:00026645n	détergent
bn:00026646n	détergent
bn:00026647n	détérioration
bn:00026650n	conclusion
bn:00026650n	découverte
bn:00026650n	détermination
bn:00026650n	résultat
bn:00026651n	détermination
bn:00026651n	finalité
bn:00026651n	objectif
bn:00026658n	exemple
bn:00026658n	leçon
bn:00026672n	detroit
bn:00026672n	Detroit
bn:00026672n	Détroit
bn:00026684n	Allemagne
bn:00026691n	développeur
bn:00026691n	promoteur
bn:00026695n	développement
bn:00026696n	développement
bn:00026696n	évolution
bn:00026697n	croissance
bn:00026697n	développement
bn:00026697n	maturation
bn:00026698n	développement
bn:00026699n	développement
bn:00026699n	exploitation
bn:00026700n	aménagement
bn:00026700n	développement
bn:00026701n	développement
bn:00026712n	écart
bn:00026716n	appareil
bn:00026716n	dispositif
bn:00026717n	dispositif
bn:00026718n	dispositif
bn:00026718n	procédé
bn:00026731n	marine
bn:00026739n	bêtise
bn:00026739n	espièglerie
bn:00026739n	méfait
bn:00026745n	réalisation
bn:00026752n	dévotion
bn:00026753n	dévouement
bn:00026757n	religiosité
bn:00026760n	dewar
bn:00026788n	diabète
bn:00026805n	diagnostic
bn:00026809n	diagnosticien
bn:00026809n	pathologiste
bn:00026817n	diagramme
bn:00026820n	cadran
bn:00026827n	dialectique
bn:00026828n	dialectique
bn:00026834n	dialogue
bn:00026835n	dialogue
bn:00026836n	dialogue
bn:00026838n	négociation
bn:00026839n	dialyse
bn:00026841n	diamètre
bn:00026846n	diamètre
bn:00026848n	diamant
bn:00026869n	couche
bn:00026876n	diaphragme
bn:00026876n	membrane
bn:00026877n	diaphragme
bn:00026886n	diarrhée
bn:00026886n	dysenterie
bn:00026887n	journal
bn:00026901n	diatomée
bn:00026920n	dé
bn:00026960n	diktat
bn:00026961n	diktat
bn:00026967n	dictionnaire
bn:00026971n	déclaration
bn:00026971n	dicton
bn:00026980n	éducation
bn:00026980n	enseignement
bn:00026980n	formation
bn:00026980n	instruction
bn:00026986n	matrice
bn:00026996n	traditionaliste
bn:00027011n	alimentation
bn:00027011n	régime
bn:00027022n	différence
bn:00027022n	divergence
bn:00027023n	différence
bn:00027036n	différenciation
bn:00027036n	distinction
bn:00027037n	différenciation
bn:00027040n	difficulté
bn:00027041n	difficulté
bn:00027041n	effort
bn:00027041n	ennui
bn:00027041n	mal
bn:00027041n	peine
bn:00027041n	problème
bn:00027042n	difficulté
bn:00027043n	difficulté
bn:00027046n	diffraction
bn:00027053n	diffusion
bn:00027054n	diffusion
bn:00027055n	diffusion
bn:00027056n	dispersion
bn:00027059n	fouille
bn:00027075n	exhumation
bn:00027078n	chiffre
bn:00027102n	dignitaire
bn:00027103n	dignité
bn:00027104n	dignité
bn:00027131n	dilemme
bn:00027132n	diligence
bn:00027143n	dilution
bn:00027144n	dilution
bn:00027151n	dimension
bn:00027152n	dimension
bn:00027153n	proportion
bn:00027155n	dimère
bn:00027206n	dîner
bn:00027207n	dîner
bn:00027260n	baisse
bn:00027262n	plongée
bn:00027281n	diplomatie
bn:00027282n	art
bn:00027283n	diplomate
bn:00027303n	dipôle
bn:00027307n	louche
bn:00027352n	chemin
bn:00027352n	direction
bn:00027352n	sens
bn:00027353n	direction
bn:00027353n	orientation
bn:00027354n	direction
bn:00027355n	direction
bn:00027355n	gestion
bn:00027356n	instruction
bn:00027357n	direction
bn:00027357n	guidance
bn:00027361n	directivité
bn:00027363n	directive
bn:00027366n	chef
bn:00027366n	directeur
bn:00027366n	directrice
bn:00027366n	gérant
bn:00027366n	gestionnaire
bn:00027366n	manager
bn:00027366n	responsable
bn:00027367n	administrateur
bn:00027367n	directeur
bn:00027368n	directeur
bn:00027368n	metteur
bn:00027374n	annuaire
bn:00027386n	poussière
bn:00027386n	sol
bn:00027386n	terre
bn:00027387n	saleté
bn:00027387n	salissure
bn:00027387n	sol
bn:00027387n	terre
bn:00027388n	scandale
bn:00027407n	handicap
bn:00027407n	incapacité
bn:00027407n	invalidité
bn:00027415n	inconvénient
bn:00027421n	désaccord
bn:00027421n	dispute
bn:00027422n	désaccord
bn:00027422n	différence
bn:00027422n	divergence
bn:00027422n	écart
bn:00027426n	disparition
bn:00027427n	disparition
bn:00027428n	disparition
bn:00027430n	déception
bn:00027431n	désapprobation
bn:00027432n	désapprobation
bn:00027433n	aversion
bn:00027435n	désarmement
bn:00027439n	démontage
bn:00027448n	incrédulité
bn:00027448n	scepticisme
bn:00027451n	coût
bn:00027451n	dépense
bn:00027451n	frais
bn:00027452n	dépense
bn:00027454n	disque
bn:00027454n	dossier
bn:00027454n	enregistrement
bn:00027455n	disque
bn:00027457n	disque
bn:00027467n	lisibilité
bn:00027471n	décharge
bn:00027472n	décharge
bn:00027474n	décharge
bn:00027476n	libération
bn:00027485n	discipline
bn:00027486n	discipline
bn:00027487n	discipline
bn:00027489n	révélation
bn:00027496n	tache
bn:00027499n	gêne
bn:00027499n	inconfort
bn:00027506n	mécontentement
bn:00027508n	discontinuité
bn:00027509n	conflit
bn:00027509n	lutte
bn:00027510n	dissension
bn:00027518n	consternation
bn:00027521n	discours
bn:00027522n	prédication
bn:00027522n	sermon
bn:00027523n	discussion
bn:00027523n	traitement
bn:00027525n	grossièreté
bn:00027526n	attaque
bn:00027529n	découverte
bn:00027530n	découverte
bn:00027532n	discrédit
bn:00027533n	divergence
bn:00027533n	écart
bn:00027533n	variante
bn:00027535n	discrétion
bn:00027538n	discrimination
bn:00027539n	discrimination
bn:00027544n	discussion
bn:00027544n	parole
bn:00027546n	maladie
bn:00027549n	malade
bn:00027551n	esprit
bn:00027553n	désenchantement
bn:00027565n	vomissement
bn:00027566n	déshonneur
bn:00027566n	disgrâce
bn:00027566n	honte
bn:00027570n	dégoût
bn:00027573n	assiette
bn:00027573n	plat
bn:00027573n	vaisselle
bn:00027574n	plat
bn:00027605n	dissolution
bn:00027620n	aversion
bn:00027624n	déloyauté
bn:00027626n	rejet
bn:00027632n	désobéissance
bn:00027634n	problème
bn:00027634n	trouble
bn:00027652n	dispensaire
bn:00027653n	dispense
bn:00027656n	distributeur
bn:00027660n	dispersion
bn:00027661n	distribution
bn:00027661n	répartition
bn:00027664n	déplacement
bn:00027665n	changement
bn:00027665n	déplacement
bn:00027665n	passage
bn:00027666n	déplacement
bn:00027670n	affichage
bn:00027670n	démonstration
bn:00027670n	spectacle
bn:00027671n	exposition
bn:00027672n	exposition
bn:00027672n	présentation
bn:00027677n	vitrine
bn:00027678n	mécontentement
bn:00027681n	disposition
bn:00027682n	disposition
bn:00027682n	élimination
bn:00027685n	disposition
bn:00027685n	tempérament
bn:00027686n	inclination
bn:00027686n	tendance
bn:00027696n	inquiétude
bn:00027698n	négligence
bn:00027699n	mépris
bn:00027700n	délabrement
bn:00027705n	mécontentement
bn:00027706n	dissection
bn:00027709n	hypocrite
bn:00027712n	sclérose
bn:00027714n	opposition
bn:00027715n	dissidence
bn:00027716n	objection
bn:00027716n	protestation
bn:00027728n	gaspillage
bn:00027728n	perte
bn:00027729n	dissociation
bn:00027738n	solvant
bn:00027739n	bruit
bn:00027747n	distance
bn:00027749n	distance
bn:00027759n	distension
bn:00027761n	distillation
bn:00027765n	distinction
bn:00027765n	élégance
bn:00027766n	distinction
bn:00027767n	distinction
bn:00027768n	particularité
bn:00027769n	particularité
bn:00027777n	distorsion
bn:00027779n	torsion
bn:00027782n	distraction
bn:00027786n	détresse
bn:00027786n	douleur
bn:00027786n	souffrance
bn:00027787n	détresse
bn:00027790n	gravité
bn:00027795n	distributeur
bn:00027797n	distribution
bn:00027797n	répartition
bn:00027798n	distribution
bn:00027799n	distribution
bn:00027810n	circonscription
bn:00027810n	district
bn:00027810n	quartier
bn:00027810n	territoire
bn:00027813n	méfiance
bn:00027813n	soupçon
bn:00027815n	perturbation
bn:00027815n	trouble
bn:00027816n	perturbation
bn:00027816n	trouble
bn:00027817n	perturbation
bn:00027819n	interférence
bn:00027823n	négligence
bn:00027825n	fossé
bn:00027844n	divan
bn:00027850n	plongée
bn:00027857n	divergence
bn:00027862n	diversité
bn:00027862n	variété
bn:00027863n	diversification
bn:00027865n	divertissement
bn:00027865n	loisir
bn:00027865n	récréation
bn:00027873n	divertimento
bn:00027873n	sérénade
bn:00027874n	cession
bn:00027880n	dividende
bn:00027886n	cloison
bn:00027890n	prophétie
bn:00027898n	service
bn:00027900n	plongeon
bn:00027902n	plongeoir
bn:00027909n	théologie
bn:00027911n	division
bn:00027912n	division
bn:00027912n	partie
bn:00027912n	section
bn:00027913n	division
bn:00027914n	division
bn:00027915n	division
bn:00027935n	facteur
bn:00027937n	divorce
bn:00027951n	vertige
bn:00027976n	docteur
bn:00027976n	médecin
bn:00027982n	quai
bn:00027986n	docker
bn:00027993n	docteur
bn:00027994n	docteur
bn:00027997n	doctorat
bn:00028013n	doctrine
bn:00028013n	-isme
bn:00028013n	philosophie
bn:00028014n	documentaire
bn:00028015n	document
bn:00028015n	papier
bn:00028016n	document
bn:00028020n	soutien
bn:00028020n	support
bn:00028027n	esquive
bn:00028030n	renard
bn:00028031n	évasion
bn:00028057n	niche
bn:00028074n	bagarre
bn:00028079n	persévérance
bn:00028079n	persistance
bn:00028079n	ténacité
bn:00028086n	dogme
bn:00028086n	principe
bn:00028097n	stagnation
bn:00028111n	poupée
bn:00028114n	dollar
bn:00028116n	dollar
bn:00028141n	monde
bn:00028151n	animal
bn:00028155n	poule
bn:00028155n	volaille
bn:00028160n	économie
bn:00028170n	dominance
bn:00028175n	domination
bn:00028176n	domination
bn:00028176n	maîtrise
bn:00028176n	suprématie
bn:00028190n	dimanche
bn:00028191n	domination
bn:00028191n	empire
bn:00028202n	don
bn:00028227n	donjon
bn:00028247n	huis
bn:00028247n	porte
bn:00028248n	embrasure
bn:00028248n	entrée
bn:00028248n	porte
bn:00028249n	porte
bn:00028252n	portier
bn:00028256n	poignée
bn:00028266n	seuil
bn:00028288n	dortoir
bn:00028288n	hall
bn:00028288n	résidence
bn:00028319n	dosage
bn:00028319n	dose
bn:00028320n	dose
bn:00028329n	point
bn:00028341n	double
bn:00028341n	doublé
bn:00028351n	trahison
bn:00028425n	doute
bn:00028425n	incertitude
bn:00028426n	doute
bn:00028426n	question
bn:00028427n	sceptique
bn:00028432n	pâte
bn:00028446n	colombe
bn:00028465n	dot
bn:00028469n	duvet
bn:00028482n	chute
bn:00028484n	disparition
bn:00028515n	beaucoup
bn:00028515n	liasse
bn:00028545n	courant
bn:00028546n	brouillon
bn:00028552n	gorgée
bn:00028561n	dessin
bn:00028562n	dessin
bn:00028563n	planche
bn:00028568n	traînée
bn:00028582n	dragon
bn:00028591n	drainage
bn:00028604n	drame
bn:00028604n	pièce
bn:00028604n	théâtre
bn:00028605n	drame
bn:00028606n	drame
bn:00028606n	théâtre
bn:00028607n	drame
bn:00028609n	théâtre
bn:00028613n	théâtre
bn:00028616n	dramaturge
bn:00028616n	Dramaturge
bn:00028620n	drapier
bn:00028626n	sort
bn:00028626n	tirage
bn:00028631n	butin
bn:00028636n	tiroir
bn:00028638n	dessin
bn:00028639n	croquis
bn:00028639n	dessin
bn:00028645n	papier
bn:00028648n	salon
bn:00028650n	ficelle
bn:00028658n	rêve
bn:00028659n	rêve
bn:00028660n	rêve
bn:00028663n	rêveur
bn:00028664n	idéaliste
bn:00028674n	lie
bn:00028682n	robe
bn:00028682n	vêtement
bn:00028701n	peignoir
bn:00028702n	loge
bn:00028702n	vestiaire
bn:00028709n	goutte
bn:00028719n	dérive
bn:00028719n	élan
bn:00028720n	dérive
bn:00028723n	tendance
bn:00028736n	entraînement
bn:00028736n	exercice
bn:00028736n	pratique
bn:00028749n	boisson
bn:00028749n	verre
bn:00028751n	buveur
bn:00028756n	verre
bn:00028760n	eau
bn:00028773n	sentimentalité
bn:00028777n	effort
bn:00028777n	moteur
bn:00028777n	propulsion
bn:00028777n	tendance
bn:00028779n	allée
bn:00028780n	motivation
bn:00028781n	coup
bn:00028783n	tour
bn:00028783n	trajet
bn:00028795n	chauffeur
bn:00028795n	conducteur
bn:00028809n	bruine
bn:00028821n	faux-bourdon
bn:00028822n	bourdonnement
bn:00028834n	crise
bn:00028847n	gouttelette
bn:00028852n	crotte
bn:00028852n	excrément
bn:00028853n	œdème
bn:00028861n	impureté
bn:00028863n	sécheresse
bn:00028864n	disette
bn:00028872n	drogue
bn:00028872n	médicament
bn:00028891n	tambour
bn:00028909n	tambour
bn:00028913n	ivrogne
bn:00028916n	ivresse
bn:00028934n	sol
bn:00028934n	terrain
bn:00028934n	terre
bn:00028948n	répétition
bn:00028967n	sécheresse
bn:00029010n	canard
bn:00029046n	dû
bn:00029049n	durée
bn:00029049n	échéance
bn:00029050n	est
bn:00029051n	nord
bn:00029051n	Nord
bn:00029053n	sud
bn:00029054n	ouest
bn:00029071n	abri
bn:00029072n	pirogue
bn:00029074n	duc
bn:00029096n	pantomime
bn:00029097n	haltère
bn:00029109n	benne
bn:00029119n	isabelle
bn:00029124n	dune
bn:00029149n	victime
bn:00029150n	fraude
bn:00029154n	reproductibilité
bn:00029156n	duplication
bn:00029157n	duplication
bn:00029161n	durabilité
bn:00029170n	durée
bn:00029170n	long
bn:00029170n	longueur
bn:00029192n	poussière
bn:00029209n	éboueur
bn:00029212n	querelle
bn:00029220n	trèfle
bn:00029223n	Indonésie
bn:00029239n	courtoisie
bn:00029239n	devoir
bn:00029239n	fonction
bn:00029239n	obligation
bn:00029239n	responsabilité
bn:00029240n	devoir
bn:00029240n	fonction
bn:00029240n	service
bn:00029240n	tâche
bn:00029241n	droit
bn:00029241n	tarif
bn:00029241n	taxe
bn:00029242n	service
bn:00029246n	nain
bn:00029247n	nain
bn:00029282n	teinture
bn:00029296n	dynamique
bn:00029300n	dynamite
bn:00029305n	dynastie
bn:00029313n	dysenterie
bn:00029324n	indigestion
bn:00029336n	dystrophie
bn:00029364n	préparation
bn:00029372n	oreille
bn:00029373n	oreille
bn:00029385n	comte
bn:00029399n	jeunesse
bn:00029406n	marque
bn:00029411n	sérieux
bn:00029412n	sérieux
bn:00029412n	sincérité
bn:00029415n	bénéfice
bn:00029415n	gain
bn:00029415n	profit
bn:00029415n	revenu
bn:00029416n	gain
bn:00029416n	paie
bn:00029416n	paiement
bn:00029416n	prix
bn:00029416n	rémunération
bn:00029416n	revenu
bn:00029416n	salaire
bn:00029416n	solde
bn:00029419n	écouteur
bn:00029422n	écoute
bn:00029424n	globe
bn:00029424n	monde
bn:00029424n	terre
bn:00029424n	Terre
bn:00029425n	sol
bn:00029425n	terre
bn:00029426n	terre
bn:00029428n	monde
bn:00029430n	surface
bn:00029441n	secousse
bn:00029445n	terrien
bn:00029448n	séisme
bn:00029448n	tremblement
bn:00029455n	soulagement
bn:00029457n	pause
bn:00029457n	repos
bn:00029458n	chevalet
bn:00029462n	soulagement
bn:00029463n	est
bn:00029463n	Orient
bn:00029464n	est
bn:00029497n	pâques
bn:00029535n	fauteuil
bn:00029542n	pâturage
bn:00029545n	restaurant
bn:00029546n	alimentation
bn:00029547n	érosion
bn:00029570n	enthousiasme
bn:00029580n	excentrique
bn:00029581n	excentricité
bn:00029621n	écho
bn:00029621n	réverbération
bn:00029635n	échographie
bn:00029648n	éclipse
bn:00029650n	écliptique
bn:00029667n	économiste
bn:00029676n	économie
bn:00029678n	économie
bn:00029680n	valeur
bn:00029683n	économie
bn:00029685n	économie
bn:00029691n	extase
bn:00029691n	ravissement
bn:00029692n	extase
bn:00029694n	électrochoc
bn:00029694n	électroconvulsivothérapie
bn:00029734n	paradis
bn:00029745n	bord
bn:00029746n	pointe
bn:00029747n	avantage
bn:00029748n	bord
bn:00029764n	sophistication
bn:00029770n	édition
bn:00029771n	édition
bn:00029773n	version
bn:00029774n	éditeur
bn:00029774n	rédacteur
bn:00029806n	élève
bn:00029806n	étudiant
bn:00029807n	éducation
bn:00029807n	formation
bn:00029808n	éducation
bn:00029809n	éducation
bn:00029815n	éducateur
bn:00029857n	eeg
bn:00029870n	effacement
bn:00029871n	effet
bn:00029871n	impression
bn:00029872n	effet
bn:00029876n	effectivité
bn:00029876n	efficacité
bn:00029877n	efficacité
bn:00029877n	puissance
bn:00029881n	mise
bn:00029886n	motoneurone
bn:00029888n	efficacité
bn:00029889n	efficacité
bn:00029890n	efficacité
bn:00029897n	effluent
bn:00029899n	effort
bn:00029900n	effort
bn:00029900n	exploit
bn:00029900n	prouesse
bn:00029909n	égalitarisme
bn:00029913n	œuf
bn:00029914n	œuf
bn:00029921n	ponte
bn:00029934n	ego
bn:00029935n	ego
bn:00029935n	moi
bn:00029935n	soi
bn:00029942n	égoïste
bn:00029945n	égoïsme
bn:00029945n	égotisme
bn:00029947n	émergence
bn:00029987n	huitième
bn:00030004n	Irlande
bn:00030014n	éjection
bn:00030015n	expulsion
bn:00030081n	élasticité
bn:00030092n	coude
bn:00030098n	chambre
bn:00030098n	chemin
bn:00030098n	espace
bn:00030098n	place
bn:00030100n	aîné
bn:00030113n	élection
bn:00030114n	élection
bn:00030122n	électeur
bn:00030157n	orgue
bn:00030158n	prise
bn:00030159n	tension
bn:00030163n	réfrigérateur
bn:00030164n	résistance
bn:00030167n	choc
bn:00030170n	interrupteur
bn:00030181n	électricité
bn:00030183n	fusible
bn:00030192n	électricité
bn:00030193n	électricité
bn:00030202n	électrode
bn:00030209n	électrolyse
bn:00030215n	électroaimant
bn:00030227n	tension
bn:00030230n	électromyographie
bn:00030231n	électron
bn:00030242n	tube
bn:00030270n	électronique
bn:00030293n	élégance
bn:00030299n	élément
bn:00030308n	école
bn:00030314n	éléphant
bn:00030328n	élévation
bn:00030333n	ascenseur
bn:00030333n	élévateur
bn:00030358n	élimination
bn:00030359n	excrétion
bn:00030375n	exception
bn:00030376n	élite
bn:00030394n	élisabéthain
bn:00030399n	aile
bn:00030401n	Grèce
bn:00030406n	ovale
bn:00030407n	ellipsoïde
bn:00030416n	orme
bn:00030436n	éluat
bn:00030440n	élution
bn:00030454n	émanation
bn:00030455n	émanation
bn:00030455n	émission
bn:00030464n	talus
bn:00030465n	embargo
bn:00030466n	embarras
bn:00030466n	gêne
bn:00030468n	gêne
bn:00030470n	ambassade
bn:00030486n	forme
bn:00030492n	embonpoint
bn:00030492n	rondeur
bn:00030497n	embrassement
bn:00030515n	hôte
bn:00030521n	Irlande
bn:00030523n	croissance
bn:00030523n	émergence
bn:00030525n	urgence
bn:00030526n	urgence
bn:00030546n	émigration
bn:00030560n	expropriation
bn:00030581n	émotion
bn:00030584n	esprit
bn:00030584n	humeur
bn:00030584n	moral
bn:00030586n	indifférence
bn:00030598n	accent
bn:00030598n	emphase
bn:00030598n	insistance
bn:00030598n	véhémence
bn:00030599n	insistance
bn:00030600n	emphysème
bn:00030601n	empire
bn:00030607n	Géorgie
bn:00030610n	empirisme
bn:00030612n	charlatanisme
bn:00030615n	emplacement
bn:00030615n	localisation
bn:00030615n	placement
bn:00030615n	position
bn:00030616n	emploi
bn:00030618n	employé
bn:00030623n	rotation
bn:00030623n	turnover
bn:00030624n	employeur
bn:00030625n	emploi
bn:00030625n	fait
bn:00030625n	occupation
bn:00030625n	travail
bn:00030626n	emploi
bn:00030626n	engagement
bn:00030627n	emploi
bn:00030627n	exercice
bn:00030627n	grâce
bn:00030627n	usage
bn:00030627n	utilisation
bn:00030633n	vide
bn:00030640n	évacuation
bn:00030654n	adoption
bn:00030657n	émail
bn:00030686n	sort
bn:00030686n	sortilège
bn:00030686n	transe
bn:00030687n	sorcière
bn:00030691n	enclave
bn:00030693n	enceinte
bn:00030698n	hymne
bn:00030702n	rencontre
bn:00030702n	réunion
bn:00030706n	envahisseur
bn:00030707n	empiètement
bn:00030707n	intrusion
bn:00030707n	invasion
bn:00030708n	violation
bn:00030709n	impact
bn:00030716n	bourse
bn:00030718n	bout
bn:00030718n	extrémité
bn:00030718n	fin
bn:00030718n	fond
bn:00030719n	fin
bn:00030720n	fin
bn:00030720n	terme
bn:00030721n	but
bn:00030721n	fin
bn:00030721n	finalité
bn:00030721n	objectif
bn:00030722n	extrémité
bn:00030722n	fin
bn:00030723n	bout
bn:00030723n	extrémité
bn:00030724n	extrémité
bn:00030725n	extrémité
bn:00030726n	bout
bn:00030736n	extrémité
bn:00030738n	production
bn:00030738n	sortie
bn:00030747n	danger
bn:00030747n	péril
bn:00030747n	risque
bn:00030751n	effort
bn:00030751n	entreprise
bn:00030751n	exploitation
bn:00030757n	terminaison
bn:00030765n	hormone
bn:00030806n	don
bn:00030806n	talent
bn:00030810n	endurance
bn:00030811n	survie
bn:00030811n	survivance
bn:00030812n	marathon
bn:00030814n	ennemi
bn:00030815n	ennemi
bn:00030816n	ennemi
bn:00030817n	ennemi
bn:00030820n	énergie
bn:00030821n	énergie
bn:00030821n	vigueur
bn:00030822n	énergie
bn:00030823n	énergie
bn:00030824n	vitalité
bn:00030830n	énervation
bn:00030839n	application
bn:00030844n	implication
bn:00030844n	participation
bn:00030850n	moteur
bn:00030851n	moteur
bn:00030852n	moteur
bn:00030858n	ingénierie
bn:00030858n	technologie
bn:00030861n	Angleterre
bn:00030862n	anglais
bn:00030863n	anglais
bn:00030864n	anglais
bn:00030876n	muffin
bn:00030891n	anglais
bn:00030899n	graveur
bn:00030916n	jouissance
bn:00030916n	plaisir
bn:00030917n	jouissance
bn:00030922n	augmentation
bn:00030922n	élargissement
bn:00030922n	expansion
bn:00030926n	illumination
bn:00030927n	nirvana
bn:00030932n	recrue
bn:00030933n	recrutement
bn:00030943n	énormité
bn:00030947n	immensité
bn:00030951n	demande
bn:00030951n	information
bn:00030951n	question
bn:00030951n	recherche
bn:00030952n	enquête
bn:00030952n	recherche
bn:00030953n	enquête
bn:00030955n	enrichissement
bn:00030958n	inscrit
bn:00030959n	enregistrement
bn:00030959n	inscription
bn:00030961n	ensemble
bn:00030977n	imbroglio
bn:00030977n	réseau
bn:00030987n	typhoïde
bn:00030988n	entrée
bn:00030989n	entrée
bn:00031005n	entérotoxémie
bn:00031008n	entreprise
bn:00031009n	initiative
bn:00031011n	entrepreneur
bn:00031016n	enthalpie
bn:00031017n	enthousiasme
bn:00031018n	enthousiasme
bn:00031021n	tentation
bn:00031025n	intégralité
bn:00031025n	totalité
bn:00031027n	entité
bn:00031044n	entrée
bn:00031048n	arrivant
bn:00031048n	novice
bn:00031062n	entrée
bn:00031063n	entrée
bn:00031063n	soumission
bn:00031065n	numérotation
bn:00031067n	enveloppe
bn:00031073n	envie
bn:00031074n	environnement
bn:00031075n	environnement
bn:00031085n	enzyme
bn:00031107n	épaulette
bn:00031134n	épopée
bn:00031140n	épicentre
bn:00031153n	épidémie
bn:00031177n	épigramme
bn:00031203n	épiphanie
bn:00031208n	épiphyse
bn:00031224n	épisode
bn:00031225n	épisode
bn:00031227n	séquence
bn:00031237n	épistémologie
bn:00031249n	épitaphe
bn:00031256n	épithète
bn:00031258n	image
bn:00031258n	incarnation
bn:00031258n	paradigme
bn:00031258n	prototype
bn:00031261n	époque
bn:00031261n	ère
bn:00031268n	époxy
bn:00031284n	égalité
bn:00031285n	égalité
bn:00031285n	équivalence
bn:00031287n	Wyoming
bn:00031293n	équation
bn:00031294n	équateur
bn:00031301n	cavalier
bn:00031312n	équilibre
bn:00031322n	équipement
bn:00031337n	équivalent
bn:00031339n	synonyme
bn:00031345n	cheval
bn:00031450n	Erlenmeyer
bn:00031475n	amour
bn:00031480n	commission
bn:00031480n	course
bn:00031480n	mission
bn:00031483n	erreur
bn:00031484n	erreur
bn:00031485n	erreur
bn:00031485n	faute
bn:00031486n	erreur
bn:00031487n	erreur
bn:00031487n	méfait
bn:00031493n	éruption
bn:00031495n	épidémie
bn:00031538n	escalade
bn:00031545n	évasion
bn:00031545n	fuite
bn:00031546n	échappatoire
bn:00031550n	fuite
bn:00031550n	sortie
bn:00031566n	déshérence
bn:00031566n	escheat
bn:00031574n	escritoire
bn:00031605n	Espagne
bn:00031609n	espionnage
bn:00031618n	moral
bn:00031622n	essai
bn:00031623n	essai
bn:00031629n	parfum
bn:00031631n	besoin
bn:00031631n	exigence
bn:00031631n	nécessité
bn:00031641n	établissement
bn:00031641n	institution
bn:00031642n	établissement
bn:00031643n	établissement
bn:00031647n	domaine
bn:00031647n	succession
bn:00031653n	respect
bn:00031654n	respect
bn:00031655n	ester
bn:00031660n	estimation
bn:00031661n	estimation
bn:00031675n	chaleur
bn:00031676n	estuaire
bn:00031687n	éternité
bn:00031688n	éternité
bn:00031689n	éternité
bn:00031694n	éthanol
bn:00031706n	éthique
bn:00031708n	ordonnance
bn:00031709n	éthique
bn:00031709n	morale
bn:00031709n	moralité
bn:00031714n	éthiopien
bn:00031801n	bien-être
bn:00031853n	musique
bn:00031867n	euphorie
bn:00031896n	Europe
bn:00031898n	européen
bn:00031958n	eutectique
bn:00031970n	évacuation
bn:00031972n	évaluation
bn:00031972n	notation
bn:00031973n	évaluation
bn:00031973n	notation
bn:00031973n	note
bn:00031973n	valorisation
bn:00031974n	juge
bn:00031976n	évangile
bn:00031976n	Évangile
bn:00031976n	Évangiles
bn:00031981n	évangéliste
bn:00031987n	évaporation
bn:00031987n	vapeur
bn:00031995n	Eve
bn:00031995n	Ève
bn:00031996n	veille
bn:00031998n	soir
bn:00031998n	soirée
bn:00032021n	événement
bn:00032025n	Everest
bn:00032026n	floride
bn:00032035n	Washington
bn:00032045n	base
bn:00032045n	fondement
bn:00032045n	motif
bn:00032045n	preuve
bn:00032045n	raison
bn:00032046n	preuve
bn:00032046n	signe
bn:00032047n	preuve
bn:00032048n	mal
bn:00032048n	méchanceté
bn:00032049n	mal
bn:00032050n	mal
bn:00032053n	malfaiteur
bn:00032053n	pécheur
bn:00032054n	transgression
bn:00032057n	évocation
bn:00032067n	cruche
bn:00032067n	pichet
bn:00032068n	ex-mari
bn:00032075n	vétéran
bn:00032084n	exagération
bn:00032089n	examen
bn:00032089n	test
bn:00032093n	examen
bn:00032095n	test
bn:00032099n	cas
bn:00032099n	exemple
bn:00032100n	exemple
bn:00032100n	modèle
bn:00032101n	exemple
bn:00032101n	modèle
bn:00032102n	exercice
bn:00032111n	exploitation
bn:00032114n	excellence
bn:00032114n	qualité
bn:00032118n	exception
bn:00032121n	excédent
bn:00032121n	excès
bn:00032121n	surplus
bn:00032122n	excès
bn:00032125n	change
bn:00032125n	échange
bn:00032126n	échange
bn:00032127n	échange
bn:00032128n	échange
bn:00032138n	trésor
bn:00032138n	Trésor
bn:00032139n	accise
bn:00032141n	excitabilité
bn:00032145n	excitation
bn:00032147n	excitation
bn:00032148n	excitation
bn:00032149n	exclamation
bn:00032152n	exclusion
bn:00032156n	privilège
bn:00032163n	excursion
bn:00032163n	expédition
bn:00032163n	sortie
bn:00032175n	meurtre
bn:00032178n	bourreau
bn:00032179n	cadre
bn:00032180n	exécutif
bn:00032189n	secrétaire
bn:00032191n	exécuteur
bn:00032197n	illustration
bn:00032199n	exemption
bn:00032199n	exonération
bn:00032199n	liberté
bn:00032203n	entraînement
bn:00032203n	exercice
bn:00032207n	série
bn:00032209n	poids
bn:00032224n	exhibition
bn:00032224n	exposition
bn:00032225n	exposition
bn:00032234n	exhortation
bn:00032236n	exigence
bn:00032242n	issue
bn:00032242n	sortie
bn:00032253n	exode
bn:00032255n	mariage
bn:00032260n	justification
bn:00032260n	vindication
bn:00032277n	balayage
bn:00032277n	étendue
bn:00032284n	expansivité
bn:00032286n	attente
bn:00032286n	perspective
bn:00032294n	intérêt
bn:00032294n	opportunisme
bn:00032296n	expédition
bn:00032297n	expédition
bn:00032298n	expédition
bn:00032299n	dépense
bn:00032300n	dépense
bn:00032302n	dépense
bn:00032306n	expérience
bn:00032307n	expérience
bn:00032308n	expérience
bn:00032309n	essai
bn:00032309n	expérience
bn:00032309n	expérimentation
bn:00032310n	expérience
bn:00032310n	expérimentation
bn:00032311n	expérience
bn:00032311n	expérimentation
bn:00032319n	expérimentateur
bn:00032322n	expert
bn:00032324n	expertise
bn:00032325n	expiration
bn:00032325n	fin
bn:00032325n	terminaison
bn:00032328n	explication
bn:00032336n	exploitation
bn:00032337n	utilisateur
bn:00032338n	exploration
bn:00032339n	exploration
bn:00032340n	exploration
bn:00032355n	pouvoir
bn:00032355n	puissance
bn:00032367n	exportateur
bn:00032369n	exposition
bn:00032373n	objection
bn:00032375n	exposition
bn:00032376n	exposition
bn:00032377n	exposition
bn:00032378n	exposition
bn:00032379n	vulnérabilité
bn:00032381n	photo
bn:00032381n	photographie
bn:00032391n	expression
bn:00032391n	reflet
bn:00032391n	réflexion
bn:00032392n	expression
bn:00032393n	expression
bn:00032394n	expression
bn:00032394n	formulation
bn:00032395n	expression
bn:00032395n	formule
bn:00032400n	style
bn:00032401n	expressivité
bn:00032402n	autoroute
bn:00032411n	extension
bn:00032411n	prolongation
bn:00032412n	extension
bn:00032412n	prolongation
bn:00032413n	extension
bn:00032415n	extension
bn:00032425n	ampleur
bn:00032425n	étendue
bn:00032425n	mesure
bn:00032426n	étendue
bn:00032426n	mesure
bn:00032428n	réduction
bn:00032429n	extérieur
bn:00032430n	extérieur
bn:00032435n	liquidation
bn:00032436n	externe
bn:00032469n	extrait
bn:00032480n	extrapolation
bn:00032486n	extravagance
bn:00032491n	extrême
bn:00032492n	limite
bn:00032493n	réactionnaire
bn:00032501n	crête
bn:00032501n	sommet
bn:00032506n	exultation
bn:00032512n	oeil
bn:00032512n	œil
bn:00032512n	regard
bn:00032513n	oeil
bn:00032513n	œil
bn:00032514n	œil
bn:00032514n	regard
bn:00032545n	monocle
bn:00032547n	lunette
bn:00032552n	paupière
bn:00032555n	oculaire
bn:00032556n	oeil
bn:00032558n	horizon
bn:00032558n	vue
bn:00032559n	vision
bn:00032576n	Roosevelt
bn:00032591n	légende
bn:00032592n	cadre
bn:00032592n	tissu
bn:00032594n	fabrication
bn:00032598n	façade
bn:00032600n	visage
bn:00032601n	face
bn:00032601n	visage
bn:00032602n	face
bn:00032603n	visage
bn:00032604n	côté
bn:00032604n	face
bn:00032605n	visage
bn:00032615n	lifting
bn:00032618n	poudre
bn:00032645n	infrastructure
bn:00032645n	installation
bn:00032654n	fait
bn:00032654n	réalité
bn:00032655n	fait
bn:00032655n	réalité
bn:00032655n	vérité
bn:00032656n	affaire
bn:00032656n	fait
bn:00032657n	fait
bn:00032661n	facteur
bn:00032675n	fabrique
bn:00032675n	usine
bn:00032679n	ouvrier
bn:00032684n	faculté
bn:00032685n	faculté
bn:00032685n	personnel
bn:00032688n	tranche
bn:00032695n	fée
bn:00032718n	faiblesse
bn:00032721n	échec
bn:00032721n	manquement
bn:00032722n	échec
bn:00032723n	échec
bn:00032724n	échec
bn:00032725n	refus
bn:00032742n	cible
bn:00032742n	proie
bn:00032752n	fairway
bn:00032763n	conte
bn:00032768n	foi
bn:00032768n	religion
bn:00032769n	confiance
bn:00032769n	foi
bn:00032770n	culte
bn:00032770n	foi
bn:00032770n	religion
bn:00032771n	foi
bn:00032773n	fidèle
bn:00032776n	faux
bn:00032776n	imposture
bn:00032777n	charlatan
bn:00032795n	faucon
bn:00032804n	chute
bn:00032805n	chute
bn:00032806n	chute
bn:00032807n	baisse
bn:00032819n	bûcheron
bn:00032825n	retombée
bn:00032830n	cascade
bn:00032830n	chute
bn:00032874n	contrevérité
bn:00032874n	fausseté
bn:00032876n	fausseté
bn:00032890n	familiarité
bn:00032892n	famille
bn:00032892n	foyer
bn:00032892n	maison
bn:00032892n	ménage
bn:00032893n	famille
bn:00032894n	famille
bn:00032894n	septembre
bn:00032895n	famille
bn:00032896n	famille
bn:00032897n	association
bn:00032897n	camaraderie
bn:00032897n	communauté
bn:00032897n	fraternité
bn:00033359n	parenté
bn:00033596n	faim
bn:00033596n	famine
bn:00033599n	éventail
bn:00033599n	ventilateur
bn:00033600n	fan
bn:00033614n	fanatique
bn:00033615n	fanatisme
bn:00033616n	fantaisie
bn:00033616n	illusion
bn:00033617n	fantaisie
bn:00033618n	amour
bn:00033622n	maquereau
bn:00033622n	proxénète
bn:00033622n	souteneur
bn:00033624n	maîtresse
bn:00033644n	fantasia
bn:00033647n	fantasme
bn:00033648n	fantaisie
bn:00033656n	Extrême-Orient
bn:00033661n	farce
bn:00033671n	adieu
bn:00033672n	adieu
bn:00033672n	séparation
bn:00033676n	ferme
bn:00033678n	bétail
bn:00033678n	élevage
bn:00033687n	agriculteur
bn:00033687n	fermier
bn:00033702n	fatras
bn:00033718n	fasciculation
bn:00033726n	fascisme
bn:00033729n	chemin
bn:00033729n	façon
bn:00033729n	manière
bn:00033729n	méthode
bn:00033729n	mode
bn:00033729n	style
bn:00033730n	manière
bn:00033730n	mode
bn:00033731n	mode
bn:00033737n	jeûne
bn:00033750n	tour
bn:00033750n	truc
bn:00033758n	rapidité
bn:00033758n	vitesse
bn:00033761n	graisse
bn:00033776n	ancêtre
bn:00033776n	père
bn:00033777n	père
bn:00033778n	père
bn:00033794n	fatigue
bn:00033806n	acide
bn:00033813n	robinet
bn:00033827n	fauteuil
bn:00033830n	glissement
bn:00033830n	lapsus
bn:00033832n	faveur
bn:00033832n	service
bn:00033833n	faveur
bn:00033837n	supériorité
bn:00033838n	favori
bn:00033838n	préféré
bn:00033854n	crainte
bn:00033854n	peur
bn:00033857n	faisabilité
bn:00033858n	festin
bn:00033865n	plume
bn:00033877n	trait
bn:00033878n	fonctionnalité
bn:00033882n	février
bn:00033883n	fièvre
bn:00033896n	fécondité
bn:00033898n	productivité
bn:00033919n	Yougoslavie
bn:00033938n	fedora
bn:00033938n	stetson
bn:00033939n	frais
bn:00033939n	tarif
bn:00033946n	aliment
bn:00033946n	alimentation
bn:00033946n	nourriture
bn:00033948n	retour
bn:00033949n	retour
bn:00033959n	impression
bn:00033960n	émotion
bn:00033960n	esprit
bn:00033960n	odeur
bn:00033960n	saveur
bn:00033960n	sensation
bn:00033960n	sentiment
bn:00033960n	ton
bn:00033963n	émotion
bn:00033963n	sensation
bn:00033963n	sentiment
bn:00033964n	sensation
bn:00033968n	sentiment
bn:00033971n	prétention
bn:00033980n	félicité
bn:00033981n	bonheur
bn:00033988n	ocelot
bn:00033994n	peau
bn:00034003n	compassion
bn:00034003n	sympathie
bn:00034004n	membre
bn:00034016n	femelle
bn:00034017n	femelle
bn:00034017n	femme
bn:00034021n	fille
bn:00034022n	jument
bn:00034025n	reine
bn:00034027n	maman
bn:00034027n	Maman
bn:00034027n	mère
bn:00034027n	Mère
bn:00034032n	féminité
bn:00034040n	fémur
bn:00034046n	marais
bn:00034048n	barrière
bn:00034048n	clôture
bn:00034048n	grillage
bn:00034061n	garde-boue
bn:00034105n	fermentation
bn:00034115n	férocité
bn:00034115n	fureur
bn:00034115n	violence
bn:00034136n	engrais
bn:00034150n	festival
bn:00034165n	vaudou
bn:00034203n	histoire
bn:00034205n	fibre
bn:00034213n	fibre
bn:00034220n	fibrine
bn:00034230n	fibrose
bn:00034242n	fiction
bn:00034250n	violon
bn:00034253n	violoniste
bn:00034258n	fidélité
bn:00034265n	champ
bn:00034266n	champ
bn:00034266n	terrain
bn:00034267n	champ
bn:00034268n	domaine
bn:00034268n	terrain
bn:00034269n	corps
bn:00034270n	domaine
bn:00034270n	terrain
bn:00034271n	domaine
bn:00034272n	terrain
bn:00034287n	pique-nique
bn:00034291n	quarterback
bn:00034293n	verre
bn:00034351n	cinquième
bn:00034353n	cinquième
bn:00034369n	fig
bn:00034369n	Fig
bn:00034369n	figure
bn:00034375n	figuier
bn:00034389n	figure
bn:00034390n	figure
bn:00034390n	nom
bn:00034390n	personnage
bn:00034391n	figure
bn:00034391n	forme
bn:00034391n	silhouette
bn:00034392n	chiffre
bn:00034393n	figure
bn:00034393n	silhouette
bn:00034394n	chiffre
bn:00034394n	nombre
bn:00034395n	figure
bn:00034395n	image
bn:00034404n	façade
bn:00034406n	figurine
bn:00034406n	statuette
bn:00034423n	classeur
bn:00034423n	dossier
bn:00034424n	lime
bn:00034448n	philippin
bn:00034452n	remplissage
bn:00034453n	femme
bn:00034453n	fille
bn:00034453n	Mademoiselle
bn:00034463n	remplissage
bn:00034468n	station
bn:00034470n	pouliche
bn:00034471n	cinéma
bn:00034471n	film
bn:00034471n	image
bn:00034472n	film
bn:00034472n	pellicule
bn:00034473n	couche
bn:00034473n	film
bn:00034476n	extrait
bn:00034481n	cinéaste
bn:00034491n	filtre
bn:00034492n	filtre
bn:00034520n	cause
bn:00034520n	conséquence
bn:00034520n	dénouement
bn:00034520n	issue
bn:00034520n	résultat
bn:00034524n	finance
bn:00034524n	financement
bn:00034541n	trésorier
bn:00034543n	année
bn:00034543n	exercice
bn:00034545n	financement
bn:00034550n	conclusion
bn:00034551n	constatation
bn:00034552n	verdict
bn:00034565n	doigt
bn:00034584n	doigté
bn:00034588n	ongle
bn:00034589n	empreinte
bn:00034623n	feu
bn:00034623n	incendie
bn:00034624n	feu
bn:00034624n	tir
bn:00034625n	feu
bn:00034625n	flamme
bn:00034626n	feu
bn:00034627n	feu
bn:00034676n	arme
bn:00034676n	feu
bn:00034676n	pièce
bn:00034696n	pompier
bn:00034701n	Florence
bn:00034702n	âtre
bn:00034702n	cheminée
bn:00034706n	âtre
bn:00034718n	feu
bn:00034732n	fermeté
bn:00034733n	fermeté
bn:00034777n	rez-de-chaussée
bn:00034786n	compagnon
bn:00034788n	prénom
bn:00034797n	initiative
bn:00034798n	rumen
bn:00034816n	pêche
bn:00034816n	poisson
bn:00034817n	poisson
bn:00034818n	poisson
bn:00034819n	poisson
bn:00034831n	balbuzard
bn:00034854n	pêcheur
bn:00034861n	pêche
bn:00034866n	matériel
bn:00034869n	filet
bn:00034870n	canne
bn:00034872n	poissonnier
bn:00034888n	poignée
bn:00034898n	adéquation
bn:00034898n	aptitude
bn:00034898n	convenance
bn:00034919n	réparation
bn:00034921n	localisation
bn:00034940n	immobilité
bn:00034950n	régulier
bn:00034953n	sifflement
bn:00034960n	drapeau
bn:00034961n	drapeau
bn:00034962n	drapeau
bn:00034981n	flagellation
bn:00034982n	fouet
bn:00034995n	fléau
bn:00034996n	talent
bn:00035039n	garçonne
bn:00035052n	éclair
bn:00035053n	éclat
bn:00035068n	flashback
bn:00035073n	lampe
bn:00035077n	flacon
bn:00035079n	plaine
bn:00035105n	agent
bn:00035105n	patrouilleur
bn:00035113n	planéité
bn:00035113n	platitude
bn:00035119n	flatterie
bn:00035120n	gaz
bn:00035123n	argenterie
bn:00035127n	flûtiste
bn:00035137n	saveur
bn:00035144n	perfection
bn:00035151n	puce
bn:00035155n	marché
bn:00035165n	mouton
bn:00035168n	fugitif
bn:00035170n	flotte
bn:00035182n	chair
bn:00035183n	chair
bn:00035189n	flexibilité
bn:00035189n	souplesse
bn:00035190n	flexibilité
bn:00035192n	charnière
bn:00035192n	gond
bn:00035201n	étincelle
bn:00035203n	flottement
bn:00035206n	vol
bn:00035207n	vol
bn:00035208n	escalier
bn:00035209n	vol
bn:00035231n	frénésie
bn:00035233n	silex
bn:00035241n	culbute
bn:00035241n	flip
bn:00035241n	saut
bn:00035244n	lancer
bn:00035252n	légèreté
bn:00035284n	floc
bn:00035285n	floculation
bn:00035286n	troupeau
bn:00035287n	troupeau
bn:00035287n	vol
bn:00035288n	masse
bn:00035291n	banquise
bn:00035294n	avalanche
bn:00035294n	débordement
bn:00035294n	inondation
bn:00035304n	plancher
bn:00035304n	sol
bn:00035305n	étage
bn:00035306n	sol
bn:00035307n	sol
bn:00035313n	planche
bn:00035314n	revêtement
bn:00035318n	plan
bn:00035324n	plante
bn:00035324n	végétal
bn:00035343n	floridien
bn:00035348n	fleuriste
bn:00035361n	farine
bn:00035366n	fioriture
bn:00035370n	débit
bn:00035370n	écoulement
bn:00035370n	flux
bn:00035371n	débit
bn:00035371n	écoulement
bn:00035371n	flux
bn:00035372n	afflux
bn:00035372n	circulation
bn:00035372n	courant
bn:00035372n	flux
bn:00035373n	écoulement
bn:00035373n	flux
bn:00035374n	flot
bn:00035378n	fleur
bn:00035383n	jardin
bn:00035388n	pétale
bn:00035391n	déploiement
bn:00035409n	pot
bn:00035412n	grippe
bn:00035414n	variation
bn:00035423n	peluche
bn:00035426n	fluide
bn:00035426n	liquide
bn:00035427n	fluide
bn:00035448n	fluorescéine
bn:00035450n	fluorescence
bn:00035455n	fluorure
bn:00035477n	flûte
bn:00035482n	flux
bn:00035483n	flux
bn:00035494n	mouche
bn:00035496n	braguette
bn:00035544n	FM
bn:00035548n	écume
bn:00035548n	mousse
bn:00035549n	mousse
bn:00035558n	foyer
bn:00035562n	mise
bn:00035564n	accent
bn:00035564n	stress
bn:00035570n	brouillard
bn:00035570n	brume
bn:00035571n	brouillard
bn:00035577n	faiblesse
bn:00035577n	idiosyncrasie
bn:00035580n	feuille
bn:00035580n	film
bn:00035584n	frustration
bn:00035596n	feuillage
bn:00035596n	feuille
bn:00035596n	pouce
bn:00035597n	feuillage
bn:00035614n	ménestrel
bn:00035617n	folklore
bn:00035628n	révision
bn:00035629n	adepte
bn:00035629n	disciple
bn:00035629n	partisan
bn:00035631n	partisan
bn:00035632n	folie
bn:00035649n	aliment
bn:00035649n	alimentation
bn:00035649n	nourriture
bn:00035649n	nutriment
bn:00035649n	plat
bn:00035663n	épicerie
bn:00035663n	marché
bn:00035670n	ordure
bn:00035670n	poubelle
bn:00035671n	denrée
bn:00035672n	fou
bn:00035672n	imbécile
bn:00035677n	imprudence
bn:00035679n	pied
bn:00035680n	pied
bn:00035681n	pied
bn:00035682n	patte
bn:00035685n	infanterie
bn:00035695n	course
bn:00035699n	fantassin
bn:00035700n	subalterne
bn:00035700n	subordonné
bn:00035704n	football
bn:00035705n	ballon
bn:00035705n	football
bn:00035721n	pont
bn:00035726n	page
bn:00035732n	terme
bn:00035736n	empreinte
bn:00035738n	sentier
bn:00035738n	voie
bn:00035746n	marche
bn:00035746n	rythme
bn:00035759n	raid
bn:00035762n	patience
bn:00035767n	force
bn:00035768n	force
bn:00035769n	force
bn:00035770n	force
bn:00035770n	personnel
bn:00035770n	troupe
bn:00035771n	force
bn:00035772n	force
bn:00035772n	violence
bn:00035773n	force
bn:00035773n	pouvoir
bn:00035773n	puissance
bn:00035778n	pression
bn:00035801n	avant-bras
bn:00035804n	prévision
bn:00035805n	devin
bn:00035806n	prévision
bn:00035811n	doigt
bn:00035811n	index
bn:00035828n	devise
bn:00035831n	secrétaire
bn:00035832n	mission
bn:00035838n	étranger
bn:00035839n	connaissance
bn:00035841n	promontoire
bn:00035851n	matin
bn:00035851n	matinée
bn:00035855n	avant
bn:00035855n	front
bn:00035859n	précurseur
bn:00035860n	précurseur
bn:00035865n	prévoyance
bn:00035868n	bois
bn:00035868n	forêt
bn:00035869n	forêt
bn:00035883n	préface
bn:00035886n	sacrifice
bn:00035894n	oubli
bn:00035898n	pardon
bn:00035902n	fourchette
bn:00035903n	fourche
bn:00035907n	espèce
bn:00035907n	façon
bn:00035907n	forme
bn:00035907n	genre
bn:00035907n	nature
bn:00035907n	sorte
bn:00035907n	type
bn:00035908n	diagramme
bn:00035908n	forme
bn:00035908n	manière
bn:00035908n	modèle
bn:00035908n	motif
bn:00035908n	schéma
bn:00035909n	forme
bn:00035910n	formulaire
bn:00035911n	forme
bn:00035911n	variété
bn:00035912n	forme
bn:00035913n	forme
bn:00035914n	phase
bn:00035925n	titre
bn:00035933n	formalisme
bn:00035940n	formation
bn:00035941n	formation
bn:00035942n	formation
bn:00035943n	formation
bn:00035946n	formateur
bn:00035960n	formule
bn:00035961n	formule
bn:00035965n	formulation
bn:00035965n	préparation
bn:00035974n	garnison
bn:00035975n	forteresse
bn:00035983n	force
bn:00035983n	spécialité
bn:00035986n	piano
bn:00035988n	imminence
bn:00035989n	quarantaine
bn:00035991n	fortification
bn:00035995n	force
bn:00035995n	fortitude
bn:00036002n	fortune
bn:00036003n	chance
bn:00036047n	promotion
bn:00036063n	base
bn:00036063n	fondation
bn:00036064n	fondation
bn:00036068n	fourbure
bn:00036076n	fontaine
bn:00036077n	source
bn:00036082n	source
bn:00036083n	tête
bn:00036106n	quatuor
bn:00036107n	carré
bn:00036107n	équerre
bn:00036111n	quart
bn:00036116n	temps
bn:00036129n	renard
bn:00036152n	fraction
bn:00036153n	fraction
bn:00036154n	fraction
bn:00036158n	fractionnement
bn:00036159n	fractionation
bn:00036159n	fractionnement
bn:00036165n	fragment
bn:00036166n	éclat
bn:00036166n	fragment
bn:00036178n	vice
bn:00036181n	pian
bn:00036182n	cadre
bn:00036183n	cadre
bn:00036183n	image
bn:00036184n	manche
bn:00036197n	cadre
bn:00036197n	modèle
bn:00036200n	franc
bn:00036202n	France
bn:00036207n	franchise
bn:00036247n	frangipanier
bn:00036284n	fraternité
bn:00036287n	fraternisation
bn:00036292n	fraude
bn:00036297n	racket
bn:00036308n	monstre
bn:00036308n	monstruosité
bn:00036360n	radical
bn:00036376n	liberté
bn:00036377n	rebelle
bn:00036396n	libération
bn:00036409n	gel
bn:00036410n	gelée
bn:00036417n	fret
bn:00036420n	wagon
bn:00036426n	français
bn:00036434n	franco-canadien
bn:00036456n	français
bn:00036471n	fréquence
bn:00036472n	fréquence
bn:00036478n	client
bn:00036491n	fraîcheur
bn:00036491n	nouveauté
bn:00036492n	éclat
bn:00036506n	Freud
bn:00036512n	vendredi
bn:00036522n	allumette
bn:00036525n	œuf
bn:00036538n	ami
bn:00036538n	amie
bn:00036539n	quaker
bn:00036541n	amitié
bn:00036545n	amitié
bn:00036552n	frise
bn:00036568n	frange
bn:00036568n	marge
bn:00036568n	périphérie
bn:00036569n	bordure
bn:00036569n	périphérie
bn:00036626n	front
bn:00036627n	façade
bn:00036630n	présence
bn:00036632n	mouvement
bn:00036640n	salon
bn:00036642n	façade
bn:00036654n	frontière
bn:00036661n	gel
bn:00036686n	fruit
bn:00036687n	fruit
bn:00036687n	rendement
bn:00036688n	fruit
bn:00036734n	carburant
bn:00036734n	combustible
bn:00036761n	accomplissement
bn:00036762n	réalisation
bn:00036765n	lune
bn:00036772n	général
bn:00036782n	arrière
bn:00036782n	fullback
bn:00036788n	plénitude
bn:00036788n	richesse
bn:00036805n	fumble
bn:00036806n	fumée
bn:00036813n	plaisir
bn:00036821n	fonction
bn:00036822n	but
bn:00036822n	fin
bn:00036822n	fonction
bn:00036822n	objectif
bn:00036822n	rôle
bn:00036822n	usage
bn:00036822n	utilisation
bn:00036822n	utilité
bn:00036823n	bureau
bn:00036823n	fonction
bn:00036823n	part
bn:00036823n	partie
bn:00036823n	place
bn:00036823n	rôle
bn:00036826n	routine
bn:00036837n	fonctionnaire
bn:00036837n	officiel
bn:00036837n	responsable
bn:00036839n	fonds
bn:00036840n	fonds
bn:00036840n	réserve
bn:00036840n	stock
bn:00036855n	enterrement
bn:00036855n	funéraille
bn:00036875n	entonnoir
bn:00036882n	fourrure
bn:00036883n	fourrure
bn:00036893n	furlong
bn:00036894n	permission
bn:00036910n	colère
bn:00036910n	fureur
bn:00036910n	rage
bn:00036926n	fusion
bn:00036926n	unification
bn:00036938n	futilité
bn:00036941n	avenir
bn:00036957n	gm
bn:00036957n	gramme
bn:00036973n	gabardine
bn:00036976n	pignon
bn:00037008n	blague
bn:00037008n	gag
bn:00037008n	plaisanterie
bn:00037015n	jauger
bn:00037019n	gaieté
bn:00037022n	gain
bn:00037022n	profit
bn:00037023n	gain
bn:00037027n	rentabilité
bn:00037030n	rythme
bn:00037040n	gallon
bn:00037055n	galaxie
bn:00037089n	vésicule
bn:00037094n	bravoure
bn:00037094n	héroïsme
bn:00037100n	véranda
bn:00037126n	potence
bn:00037129n	potence
bn:00037140n	pile
bn:00037146n	galvanisme
bn:00037163n	stratagème
bn:00037169n	jeu
bn:00037175n	citron
bn:00037180n	jeu
bn:00037180n	match
bn:00037181n	jeu
bn:00037181n	match
bn:00037182n	jeu
bn:00037182n	match
bn:00037183n	chasse
bn:00037183n	gibier
bn:00037183n	jeu
bn:00037187n	complot
bn:00037187n	Intrigue
bn:00037187n	terrain
bn:00037221n	gamma
bn:00037229n	jambon
bn:00037233n	gamme
bn:00037243n	bande
bn:00037243n	gang
bn:00037253n	nécrose
bn:00037256n	gangster
bn:00037277n	dispersion
bn:00037277n	écart
bn:00037278n	lacune
bn:00037278n	ouverture
bn:00037283n	garage
bn:00037296n	tumulte
bn:00037300n	jardin
bn:00037301n	jardin
bn:00037301n	plantation
bn:00037302n	jardin
bn:00037326n	produit
bn:00037328n	jardinier
bn:00037328n	jardinière
bn:00037352n	vêtement
bn:00037356n	grenier
bn:00037382n	gaz
bn:00037383n	gaz
bn:00037384n	essence
bn:00037384n	gaz
bn:00037385n	gaz
bn:00037424n	bavard
bn:00037439n	halètement
bn:00037462n	gastrocnémien
bn:00037486n	barrière
bn:00037486n	grille
bn:00037486n	portail
bn:00037486n	porte
bn:00037496n	porte
bn:00037498n	Saint-Louis
bn:00037500n	collecte
bn:00037524n	gauss
bn:00037536n	gavotte
bn:00037551n	regard
bn:00037565n	Grande-Bretagne
bn:00037594n	gelée
bn:00037597n	hongre
bn:00037605n	bijou
bn:00037605n	trésor
bn:00037609n	joyau
bn:00037633n	genre
bn:00037655n	législature
bn:00037670n	généralisation
bn:00037671n	généralisation
bn:00037671n	induction
bn:00037673n	généraliste
bn:00037676n	génération
bn:00037677n	génération
bn:00037679n	genèse
bn:00037679n	origine
bn:00037681n	multiplication
bn:00037681n	propagation
bn:00037684n	générateur
bn:00037685n	générateur
bn:00037691n	générosité
bn:00037705n	généticien
bn:00037741n	genre
bn:00037747n	nom
bn:00037749n	gentiane
bn:00037769n	gentleman
bn:00037769n	homme
bn:00037769n	monsieur
bn:00037769n	Monsieur
bn:00037770n	valet
bn:00037779n	genre
bn:00037780n	genre
bn:00039484n	Ribes
bn:00039788n	Storeria
bn:00039895n	Thamnophis
bn:00040002n	Tropidoclonion
bn:00040151n	géochimie
bn:00040159n	géographe
bn:00040169n	géologue
bn:00040170n	géologie
bn:00040178n	irrégularité
bn:00040179n	régularité
bn:00040181n	géométrie
bn:00040198n	Hegel
bn:00040239n	Washington
bn:00040251n	Géorgie
bn:00040255n	géorgien
bn:00040284n	germe
bn:00040284n	origine
bn:00040284n	source
bn:00040292n	allemand
bn:00040293n	allemand
bn:00040302n	nazi
bn:00040335n	geste
bn:00040336n	geste
bn:00040336n	mouvement
bn:00040336n	signe
bn:00040337n	geste
bn:00040340n	réunion
bn:00040347n	habit
bn:00040352n	Ghana
bn:00040364n	ghetto
bn:00040368n	fantôme
bn:00040368n	spectre
bn:00040371n	touche
bn:00040386n	géant
bn:00040387n	géant
bn:00040388n	carcasse
bn:00040434n	étourdissement
bn:00040436n	cadeau
bn:00040436n	don
bn:00040437n	don
bn:00040437n	part
bn:00040443n	gig
bn:00040452n	gigot
bn:00040492n	saloon
bn:00040506n	vichy
bn:00040507n	gencive
bn:00040509n	ginkgo
bn:00040536n	amie
bn:00040536n	fille
bn:00040537n	fille
bn:00040542n	amie
bn:00040566n	présomption
bn:00040579n	glacier
bn:00040585n	gladiateur
bn:00040592n	glande
bn:00040601n	projecteur
bn:00040605n	verre
bn:00040605n	vitre
bn:00040606n	verre
bn:00040620n	serre
bn:00040628n	glaucome
bn:00040636n	éclat
bn:00040645n	hilarité
bn:00040677n	éclat
bn:00040690n	rondeur
bn:00040693n	globuline
bn:00040701n	grisaille
bn:00040701n	obscurité
bn:00040711n	gloire
bn:00040712n	idéalisation
bn:00040714n	gloire
bn:00040714n	splendeur
bn:00040717n	glossaire
bn:00040732n	glottochronologie
bn:00040741n	lueur
bn:00040758n	colle
bn:00040777n	glouton
bn:00040784n	glycérine
bn:00040784n	glycérol
bn:00040830n	pib
bn:00040830n	PNB
bn:00040832n	moment
bn:00040844n	aiguillon
bn:00040845n	incitation
bn:00040864n	marin
bn:00040864n	matelot
bn:00040870n	dindon
bn:00040878n	dieu
bn:00040878n	Dieu
bn:00040880n	idole
bn:00040888n	déesse
bn:00040917n	goitre
bn:00040921n	or
bn:00040926n	orfèvre
bn:00041010n	golf
bn:00041018n	trou
bn:00041021n	golfeur
bn:00041059n	bien
bn:00041060n	bien
bn:00041061n	bonté
bn:00041068n	chance
bn:00041070n	gentil
bn:00041071n	santé
bn:00041073n	Bonjour
bn:00041075n	nuit
bn:00041083n	grâce
bn:00041083n	volonté
bn:00041086n	recommandation
bn:00041096n	truand
bn:00041096n	voyou
bn:00041098n	oie
bn:00041120n	Minnesota
bn:00041185n	goutte
bn:00041189n	gouvernante
bn:00041191n	gouvernement
bn:00041192n	politique
bn:00041201n	bureau
bn:00041204n	gouverneur
bn:00041208n	robe
bn:00041210n	chemise
bn:00041221n	grâce
bn:00041222n	grâce
bn:00041223n	grâce
bn:00041239n	niveau
bn:00041239n	qualité
bn:00041240n	pente
bn:00041241n	marque
bn:00041241n	point
bn:00041241n	score
bn:00041248n	gradient
bn:00041249n	pente
bn:00041258n	échelle
bn:00041261n	graduation
bn:00041278n	grain
bn:00041304n	grammairien
bn:00041310n	grand-père
bn:00041310n	père
bn:00041313n	grand-mère
bn:00041313n	Granny
bn:00041333n	jury
bn:00041348n	sultan
bn:00041350n	petit-enfant
bn:00041354n	grandeur
bn:00041354n	noblesse
bn:00041360n	importance
bn:00041361n	magnificence
bn:00041362n	petite-nièce
bn:00041379n	subvention
bn:00041380n	subvention
bn:00041383n	subvention
bn:00041399n	grappe
bn:00041411n	rumeur
bn:00041411n	vigne
bn:00041412n	graphe
bn:00041412n	graphique
bn:00041427n	lutte
bn:00041428n	lutteur
bn:00041433n	graminée
bn:00041433n	herbe
bn:00041452n	sauterelle
bn:00041457n	grille
bn:00041459n	grille
bn:00041463n	gratification
bn:00041463n	satisfaction
bn:00041464n	gratification
bn:00041465n	gratitude
bn:00041468n	tombe
bn:00041468n	tombeau
bn:00041473n	gravité
bn:00041491n	gravité
bn:00041510n	gris
bn:00041512n	gris
bn:00041513n	gris
bn:00041536n	vieillard
bn:00041543n	pâturage
bn:00041544n	graisse
bn:00041567n	dépression
bn:00041574n	arrière-grand-mère
bn:00041581n	Michigan
bn:00041585n	puissance
bn:00041606n	manteau
bn:00041606n	pardessus
bn:00041624n	grandeur
bn:00041634n	grec
bn:00041634n	hellénique
bn:00041635n	grec
bn:00041648n	vert
bn:00041654n	jalousie
bn:00041654n	Jalousie
bn:00041658n	haricot
bn:00041678n	Vermont
bn:00041717n	Groenland
bn:00041721n	verdure
bn:00041730n	gazon
bn:00041730n	motte
bn:00041736n	village
bn:00041739n	accueil
bn:00041739n	salut
bn:00041739n	salutation
bn:00041757n	grenade
bn:00041774n	Johnny
bn:00041774n	reb
bn:00041774n	rebelle
bn:00041784n	douleur
bn:00041785n	rancune
bn:00041786n	plainte
bn:00041788n	personne
bn:00041795n	grill
bn:00041797n	grille
bn:00041807n	souriant
bn:00041807n	sourire
bn:00041820n	manche
bn:00041820n	poignée
bn:00041829n	moulin
bn:00041834n	gémissement
bn:00041837n	commerçant
bn:00041837n	épicier
bn:00041848n	aine
bn:00041853n	entraînement
bn:00041853n	formation
bn:00041855n	ornière
bn:00041868n	recette
bn:00041868n	revenu
bn:00041877n	grotesque
bn:00041881n	base
bn:00041881n	fondement
bn:00041881n	motif
bn:00041881n	raison
bn:00041883n	sol
bn:00041883n	terrain
bn:00041883n	terre
bn:00041927n	pionnier
bn:00041936n	terrain
bn:00041942n	association
bn:00041942n	Association
bn:00041942n	banc
bn:00041942n	bande
bn:00041942n	brigade
bn:00041942n	compagnie
bn:00041942n	Compagnie
bn:00041942n	cour
bn:00041942n	département
bn:00041942n	division
bn:00041942n	ensemble
bn:00041942n	équipe
bn:00041942n	groupe
bn:00041942n	groupement
bn:00041942n	maison
bn:00041942n	orchestre
bn:00041942n	parti
bn:00041942n	Parti
bn:00041942n	public
bn:00041942n	regroupement
bn:00041942n	section
bn:00041942n	société
bn:00041942n	troupe
bn:00041942n	unité
bn:00041948n	rencontre
bn:00041948n	réunion
bn:00041958n	groupement
bn:00041966n	bosquet
bn:00041967n	verger
bn:00041974n	grognement
bn:00041978n	croissance
bn:00041978n	développement
bn:00041979n	augmentation
bn:00041979n	croissance
bn:00041980n	croissance
bn:00041986n	taux
bn:00041990n	larve
bn:00041998n	grondement
bn:00042006n	cochon
bn:00042010n	Guam
bn:00042039n	garantie
bn:00042040n	garantie
bn:00042043n	garde
bn:00042044n	garde
bn:00042044n	gardien
bn:00042045n	sécurité
bn:00042046n	garde
bn:00042049n	garantie
bn:00042049n	précaution
bn:00042061n	garde
bn:00042068n	Guatemala
bn:00042081n	guérillero
bn:00042090n	client
bn:00042090n	invité
bn:00042102n	conseil
bn:00042102n	direction
bn:00042102n	orientation
bn:00042104n	guide
bn:00042106n	guide
bn:00042107n	guide
bn:00042120n	notable
bn:00042128n	culpabilité
bn:00042129n	culpabilité
bn:00042149n	prétexte
bn:00042150n	guitare
bn:00042160n	golfe
bn:00042189n	mouette
bn:00042191n	ravin
bn:00042221n	arme
bn:00042221n	fusil
bn:00042221n	pistolet
bn:00042221n	revolver
bn:00042223n	bandit
bn:00042238n	détente
bn:00042238n	gâchette
bn:00042242n	coup
bn:00042242n	feu
bn:00042242n	tir
bn:00042250n	poudre
bn:00042254n	crosse
bn:00042264n	gourou
bn:00042275n	goût
bn:00042286n	enthousiasme
bn:00042297n	bac
bn:00042297n	caniveau
bn:00042297n	ruisseau
bn:00042306n	gars
bn:00042316n	gymnase
bn:00042316n	salle
bn:00042317n	tapis
bn:00042319n	basket
bn:00042323n	école
bn:00042323n	lycée
bn:00042324n	gymnaste
bn:00042326n	gymnastique
bn:00042327n	cheval
bn:00042343n	gynécologue
bn:00042360n	gyration
bn:00042378n	cv
bn:00042378n	hp
bn:00042379n	eau
bn:00042403n	habitude
bn:00042404n	habitude
bn:00042404n	utilisation
bn:00042405n	habitude
bn:00042409n	habitat
bn:00042429n	licol
bn:00042432n	hacker
bn:00042473n	hémoglobine
bn:00042483n	hémorroïde
bn:00042518n	haïku
bn:00042519n	grêle
bn:00042526n	cheveu
bn:00042526n	poil
bn:00042548n	coiffure
bn:00042548n	coupe
bn:00042601n	demi
bn:00042601n	demie
bn:00042601n	moitié
bn:00042601n	semestre
bn:00042605n	métis
bn:00042606n	demi-frère
bn:00042613n	demi-vie
bn:00042621n	demi-sœur
bn:00042644n	demi
bn:00042647n	mi-temps
bn:00042663n	couloir
bn:00042663n	hall
bn:00042663n	salle
bn:00042664n	salle
bn:00042665n	salle
bn:00042667n	manoir
bn:00042667n	résidence
bn:00042676n	alléluia
bn:00042680n	hallucination
bn:00042691n	halogène
bn:00042697n	arrêt
bn:00042729n	village
bn:00042730n	marteau
bn:00042745n	colline
bn:00042745n	monticule
bn:00042759n	côté
bn:00042759n	écriture
bn:00042759n	Hand
bn:00042759n	main
bn:00042759n	part
bn:00042759n	patte
bn:00042760n	main
bn:00042760n	ouvrier
bn:00042761n	écriture
bn:00042761n	main
bn:00042762n	main
bn:00042763n	main
bn:00042763n	part
bn:00042765n	main
bn:00042780n	loupe
bn:00042781n	grenade
bn:00042808n	pistolet
bn:00042810n	handicap
bn:00042817n	mouchoir
bn:00042819n	guidon
bn:00042821n	gestion
bn:00042821n	manutention
bn:00042822n	manipulation
bn:00042823n	gestion
bn:00042823n	traitement
bn:00042829n	communiqué
bn:00042829n	sortie
bn:00042833n	homme
bn:00042833n	personnel
bn:00042838n	équilibre
bn:00042838n	poirier
bn:00042864n	repaire
bn:00042865n	gueule
bn:00042889n	lèpre
bn:00042904n	apparition
bn:00042904n	événement
bn:00042904n	occurrence
bn:00042905n	bonheur
bn:00042918n	port
bn:00042955n	esclave
bn:00042963n	robustesse
bn:00042973n	biscuit
bn:00042976n	matériel
bn:00042979n	quincaillerie
bn:00042984n	lièvre
bn:00042994n	harem
bn:00043003n	Harlem
bn:00043009n	prostitution
bn:00043011n	blessure
bn:00043011n	dommage
bn:00043011n	lésion
bn:00043011n	mal
bn:00043023n	harmonie
bn:00043029n	harmonie
bn:00043031n	harnais
bn:00043032n	harnais
bn:00043043n	harpe
bn:00043081n	rugosité
bn:00043087n	Harvard
bn:00043114n	hâte
bn:00043114n	précipitation
bn:00043115n	hâte
bn:00043116n	précipitation
bn:00043116n	urgence
bn:00043129n	éclosion
bn:00043139n	trappe
bn:00043140n	haine
bn:00043153n	hanche
bn:00043154n	hanche
bn:00043172n	ravage
bn:00043175n	Hawaï
bn:00043175n	Hawaii
bn:00043178n	hawaïen
bn:00043185n	faucon
bn:00043193n	colporteur
bn:00043206n	foin
bn:00043209n	rhume
bn:00043214n	prairie
bn:00043214n	pré
bn:00043234n	brouillard
bn:00043234n	brume
bn:00043252n	tête
bn:00043254n	tête
bn:00043256n	noyau
bn:00043259n	directeur
bn:00043267n	question
bn:00043268n	titre
bn:00043277n	psychiatre
bn:00043283n	voile
bn:00043319n	phare
bn:00043320n	titre
bn:00043324n	bourreau
bn:00043325n	directeur
bn:00043325n	instituteur
bn:00043325n	maître
bn:00043333n	quartier
bn:00043348n	poirier
bn:00043356n	guérisseur
bn:00043356n	thérapeute
bn:00043357n	guérison
bn:00043358n	santé
bn:00043372n	audience
bn:00043372n	audition
bn:00043373n	audience
bn:00043378n	rumeur
bn:00043383n	cœur
bn:00043384n	cœur
bn:00043384n	courage
bn:00043385n	esprit
bn:00043415n	chaleur
bn:00043416n	chaleur
bn:00043417n	chaleur
bn:00043418n	chaleur
bn:00043446n	chauffage
bn:00043452n	chauffage
bn:00043467n	lourdeur
bn:00043484n	semaine
bn:00043484n	Week
bn:00043489n	judaïsme
bn:00043491n	hébreu
bn:00043492n	juif
bn:00043492n	Juif
bn:00043507n	haie
bn:00043521n	hédonisme
bn:00043530n	talon
bn:00043531n	talon
bn:00043544n	hauteur
bn:00043544n	sommet
bn:00043545n	taille
bn:00043546n	hauteur
bn:00043555n	héritier
bn:00043603n	diable
bn:00043603n	enfer
bn:00043620n	bonjour
bn:00043620n	Bonjour
bn:00043621n	tête
bn:00043622n	barre
bn:00043638n	faiblesse
bn:00043638n	impuissance
bn:00043647n	ourlet
bn:00043668n	hémisphère
bn:00043684n	poule
bn:00043708n	Thoreau
bn:00043754n	hépatite
bn:00043760n	riboflavine
bn:00043776n	herbe
bn:00043777n	herbe
bn:00043801n	troupeau
bn:00043802n	troupeau
bn:00043807n	moment
bn:00043812n	hérédité
bn:00043813n	Hereford
bn:00043819n	Hérétique
bn:00043821n	héritage
bn:00043821n	patrimoine
bn:00043822n	patrimoine
bn:00043824n	héritage
bn:00043830n	Melville
bn:00043842n	reclus
bn:00043850n	héros
bn:00043851n	héros
bn:00043866n	héroïne
bn:00043883n	herpétologiste
bn:00043906n	hésitation
bn:00043965n	hexamètre
bn:00043992n	bouton
bn:00044002n	peau
bn:00044009n	cachette
bn:00044017n	hiérarchie
bn:00044018n	hiérarchie
bn:00044028n	lycée
bn:00044065n	explosif
bn:00044075n	midi
bn:00044079n	supériorité
bn:00044095n	trahison
bn:00044110n	séniorité
bn:00044114n	brigand
bn:00044114n	pirate
bn:00044124n	altesse
bn:00044127n	grand-route
bn:00044127n	route
bn:00044128n	autoroute
bn:00044128n	route
bn:00044137n	marche
bn:00044137n	randonnée
bn:00044138n	augmentation
bn:00044138n	hausse
bn:00044141n	colline
bn:00044141n	descente
bn:00044144n	lanceur
bn:00044144n	monticule
bn:00044148n	pente
bn:00044151n	hile
bn:00044169n	patte
bn:00044174n	interférence
bn:00044195n	touche
bn:00044196n	suggestion
bn:00044196n	trace
bn:00044197n	hanche
bn:00044198n	bassin
bn:00044198n	hanche
bn:00044256n	histologie
bn:00044258n	historien
bn:00044267n	histoire
bn:00044268n	histoire
bn:00044269n	histoire
bn:00044270n	histoire
bn:00044274n	coup
bn:00044274n	hit
bn:00044274n	succès
bn:00044304n	trésor
bn:00044344n	patchwork
bn:00044349n	houe
bn:00044382n	gens
bn:00044382n	masse
bn:00044390n	emprise
bn:00044394n	support
bn:00044396n	rétention
bn:00044396n	tenue
bn:00044407n	trou
bn:00044408n	trou
bn:00044409n	trou
bn:00044410n	creux
bn:00044410n	trou
bn:00044415n	congé
bn:00044415n	jour
bn:00044415n	vacance
bn:00044416n	vacance
bn:00044419n	touriste
bn:00044420n	sainteté
bn:00044423n	Hollande
bn:00044425n	creux
bn:00044427n	vide
bn:00044435n	rose
bn:00044436n	Hollywood
bn:00044441n	Holmes
bn:00044445n	holocauste
bn:00044463n	étui
bn:00044463n	holster
bn:00044488n	maison
bn:00044489n	domicile
bn:00044489n	marbre
bn:00044489n	plaque
bn:00044520n	circuit
bn:00044531n	retour
bn:00044539n	femme
bn:00044539n	ménagère
bn:00044548n	Homère
bn:00044562n	ville
bn:00044565n	homicide
bn:00044576n	homme
bn:00044576n	humain
bn:00044586n	homogénat
bn:00044587n	homogénéité
bn:00044620n	honnêteté
bn:00044622n	miel
bn:00044631n	nectaire
bn:00044646n	chèvrefeuille
bn:00044653n	honneur
bn:00044654n	honneur
bn:00044684n	chose
bn:00044685n	sabot
bn:00044691n	crochet
bn:00044703n	nez
bn:00044706n	ankylostome
bn:00044710n	vandalisme
bn:00044711n	cerceau
bn:00044712n	anneau
bn:00044712n	cerceau
bn:00044720n	Indiana
bn:00044721n	huée
bn:00044727n	bond
bn:00044736n	espoir
bn:00044737n	espérance
bn:00044737n	espoir
bn:00044738n	espoir
bn:00044738n	promesse
bn:00044739n	espoir
bn:00044754n	marelle
bn:00044758n	foule
bn:00044758n	horde
bn:00044758n	hôte
bn:00044763n	horizon
bn:00044774n	cor
bn:00044774n	corne
bn:00044774n	cornet
bn:00044774n	klaxon
bn:00044774n	trompette
bn:00044775n	corne
bn:00044776n	klaxon
bn:00044778n	corne
bn:00044809n	horloger
bn:00044811n	horoscope
bn:00044815n	horreur
bn:00044816n	horreur
bn:00044817n	dégoût
bn:00044817n	horreur
bn:00044817n	répugnance
bn:00044817n	répulsion
bn:00044825n	écurie
bn:00044836n	course
bn:00044896n	hôpital
bn:00044896n	infirmerie
bn:00044906n	chambre
bn:00044910n	hôte
bn:00044911n	hôte
bn:00044913n	hôte
bn:00044921n	hôtesse
bn:00044922n	hôtesse
bn:00044926n	hostilité
bn:00044931n	chauffe-eau
bn:00044967n	hôtel
bn:00044981n	chien
bn:00044982n	heure
bn:00044982n	moment
bn:00044991n	heure
bn:00044992n	heure
bn:00044994n	maison
bn:00044995n	maison
bn:00044997n	chambre
bn:00044998n	maison
bn:00044999n	maison
bn:00045000n	signe
bn:00045002n	théâtre
bn:00045016n	Tudor
bn:00045022n	peinture
bn:00045039n	ménage
bn:00045052n	hébergement
bn:00045052n	logement
bn:00045052n	maison
bn:00045059n	Houston
bn:00045064n	cabane
bn:00045064n	hutte
bn:00045073n	mortier
bn:00045074n	hurlement
bn:00045098n	moyeu
bn:00045106n	mari
bn:00045108n	orgueil
bn:00045122n	Hudson
bn:00045124n	baie
bn:00045145n	carcasse
bn:00045151n	bourdonnement
bn:00045161n	lien
bn:00045161n	rapport
bn:00045161n	relation
bn:00045167n	humanisme
bn:00045168n	humanisme
bn:00045172n	humanité
bn:00045173n	humanité
bn:00045179n	humilité
bn:00045183n	monotonie
bn:00045190n	humidité
bn:00045192n	humiliation
bn:00045196n	fredonnement
bn:00045199n	esprit
bn:00045199n	humour
bn:00045200n	humour
bn:00045201n	humeur
bn:00045201n	humour
bn:00045206n	humoriste
bn:00045216n	intuition
bn:00045216n	pressentiment
bn:00045216n	soupçon
bn:00045216n	suspicion
bn:00045228n	Hongrie
bn:00045229n	faim
bn:00045230n	soif
bn:00045234n	aspiration
bn:00045234n	désir
bn:00045236n	morceau
bn:00045243n	quête
bn:00045243n	recherche
bn:00045243n	rechercher
bn:00045244n	chasse
bn:00045245n	chasse
bn:00045247n	chasseur
bn:00045256n	chasse
bn:00045273n	obstacle
bn:00045278n	lanceur
bn:00045282n	ouragan
bn:00045284n	vitesse
bn:00045285n	souffrance
bn:00045286n	douleur
bn:00045291n	calme
bn:00045291n	silence
bn:00045300n	opérateur
bn:00045310n	jacinthe
bn:00045346n	hydroxyde
bn:00045359n	hydride
bn:00045359n	hydrure
bn:00045364n	hydrocarbure
bn:00045367n	chlorhydrate
bn:00045388n	peroxyde
bn:00045426n	oxytétracycline
bn:00045458n	mariage
bn:00045532n	hyperplasie
bn:00045549n	hypertrophie
bn:00045587n	hypocrisie
bn:00045588n	hypocrisie
bn:00045612n	hypophyse
bn:00045629n	hypothalamus
bn:00045631n	hypothèse
bn:00045632n	hypothèse
bn:00045632n	possibilité
bn:00045632n	théorie
bn:00045637n	hypothyroïdie
bn:00045658n	hystérie
bn:00045705n	glace
bn:00045706n	glace
bn:00045722n	glace
bn:00045744n	réfrigérateur
bn:00045749n	Islande
bn:00045750n	Islande
bn:00045768n	glaçon
bn:00045772n	image
bn:00045772n	photo
bn:00045772n	tableau
bn:00045792n	crise
bn:00045800n	idée
bn:00045800n	pensée
bn:00045801n	idée
bn:00045804n	idéal
bn:00045812n	théoricien
bn:00045815n	identité
bn:00045816n	identification
bn:00045816n	identité
bn:00045818n	reconnaissance
bn:00045820n	numéro
bn:00045824n	identité
bn:00045825n	identité
bn:00045826n	identité
bn:00045833n	idéologue
bn:00045834n	idéologie
bn:00045835n	idéologie
bn:00045840n	idiome
bn:00045840n	langage
bn:00045852n	inactivité
bn:00045855n	idole
bn:00045891n	ignorant
bn:00045892n	ignorance
bn:00045895n	Stravinsky
bn:00045911n	Illinois
bn:00045921n	iléon
bn:00045925n	Iliade
bn:00045936n	conclusion
bn:00045936n	déduction
bn:00045936n	inférence
bn:00045952n	maladie
bn:00045956n	illumination
bn:00045956n	lumière
bn:00045957n	illumination
bn:00045958n	miniature
bn:00045960n	illusion
bn:00045962n	illustration
bn:00045963n	illustration
bn:00045964n	illustrateur
bn:00045970n	image
bn:00045971n	image
bn:00045976n	imagerie
bn:00045976n	imagination
bn:00045979n	imagination
bn:00045979n	vision
bn:00045980n	imagination
bn:00045980n	ressource
bn:00045990n	déséquilibre
bn:00045997n	imitation
bn:00045998n	imitation
bn:00045999n	imitation
bn:00046009n	immédiateté
bn:00046010n	immédiateté
bn:00046011n	instantanéité
bn:00046019n	immigrant
bn:00046021n	immigration
bn:00046033n	immortalité
bn:00046038n	immobilier
bn:00046045n	immunité
bn:00046064n	impact
bn:00046065n	impact
bn:00046079n	impatience
bn:00046094n	presse
bn:00046094n	pression
bn:00046106n	impérialisme
bn:00046119n	impulsion
bn:00046127n	outil
bn:00046128n	implication
bn:00046128n	importance
bn:00046128n	signification
bn:00046137n	importation
bn:00046138n	importation
bn:00046139n	importance
bn:00046139n	sens
bn:00046139n	signification
bn:00046143n	importance
bn:00046145n	importation
bn:00046147n	importunité
bn:00046148n	imposition
bn:00046148n	infliction
bn:00046154n	impuissance
bn:00046157n	pauvreté
bn:00046161n	imprécation
bn:00046166n	saturation
bn:00046169n	image
bn:00046169n	portrait
bn:00046169n	tableau
bn:00046170n	sceau
bn:00046176n	impressionniste
bn:00046182n	emprisonnement
bn:00046182n	prison
bn:00046185n	impromptu
bn:00046191n	amélioration
bn:00046192n	amélioration
bn:00046197n	impulsion
bn:00046198n	impulsion
bn:00046199n	impulsion
bn:00046199n	pulsation
bn:00046200n	élan
bn:00046200n	moment
bn:00046200n	momentum
bn:00046205n	impureté
bn:00046209n	po
bn:00046209n	pouce
bn:00046217n	incapacité
bn:00046220n	inexactitude
bn:00046221n	paon
bn:00046222n	inaction
bn:00046224n	inertie
bn:00046229n	inadvertance
bn:00046252n	réflexe
bn:00046263n	incarnation
bn:00046267n	encens
bn:00046272n	incitation
bn:00046272n	motivation
bn:00046275n	début
bn:00046275n	origine
bn:00046280n	incidence
bn:00046282n	incident
bn:00046295n	incitation
bn:00046296n	incitation
bn:00046298n	inclinaison
bn:00046300n	inclinaison
bn:00046301n	tendance
bn:00046303n	degré
bn:00046303n	pente
bn:00046304n	inclinaison
bn:00046304n	passerelle
bn:00046304n	rampe
bn:00046315n	revenu
bn:00046318n	recette
bn:00046318n	retour
bn:00046318n	revenu
bn:00046321n	incompatibilité
bn:00046326n	incompétent
bn:00046344n	inconvénient
bn:00046348n	incorporation
bn:00046353n	incorruptibilité
bn:00046355n	augmentation
bn:00046356n	augmentation
bn:00046356n	hausse
bn:00046357n	augmentation
bn:00046359n	incubation
bn:00046362n	incube
bn:00046363n	cauchemar
bn:00046365n	inculcation
bn:00046366n	mandat
bn:00046375n	incursion
bn:00046376n	pénétration
bn:00046384n	indécision
bn:00046406n	indépendance
bn:00046407n	indépendance
bn:00046417n	indice
bn:00046418n	indicateur
bn:00046418n	indice
bn:00046427n	indexation
bn:00046444n	lotus
bn:00046473n	indication
bn:00046476n	lecture
bn:00046476n	relevé
bn:00046477n	indicateur
bn:00046478n	indicateur
bn:00046485n	indifférence
bn:00046487n	besoin
bn:00046491n	indignation
bn:00046503n	souhait
bn:00046503n	vœu
bn:00046516n	accusé
bn:00046516n	âme
bn:00046516n	besoin
bn:00046516n	fort
bn:00046516n	gens
bn:00046516n	homme
bn:00046516n	individu
bn:00046516n	membre
bn:00046516n	monde
bn:00046516n	mortel
bn:00046516n	particulier
bn:00046516n	personnalité
bn:00046516n	personne
bn:00046516n	travailleur
bn:00046516n	type
bn:00046516n	un
bn:00046517n	individu
bn:00046520n	individualisme
bn:00046520n	individualité
bn:00046521n	individualisme
bn:00046522n	individualisme
bn:00046523n	individualiste
bn:00046541n	induction
bn:00046545n	initiation
bn:00046566n	industrialisation
bn:00046568n	centrale
bn:00046568n	entreprise
bn:00046568n	installation
bn:00046568n	plante
bn:00046568n	travail
bn:00046568n	usine
bn:00046573n	industrialisme
bn:00046575n	industrie
bn:00046576n	fabrication
bn:00046576n	industrie
bn:00046576n	secteur
bn:00046588n	inégalité
bn:00046599n	inévitabilité
bn:00046602n	acharnement
bn:00046605n	inexpérience
bn:00046621n	engouement
bn:00046624n	infection
bn:00046650n	infériorité
bn:00046651n	infériorité
bn:00046659n	infidélité
bn:00046661n	infiltration
bn:00046665n	espace
bn:00046667n	infinitif
bn:00046675n	inflation
bn:00046677n	pompe
bn:00046682n	flexion
bn:00046683n	inflexion
bn:00046683n	prosodie
bn:00046692n	afflux
bn:00046693n	influence
bn:00046694n	influence
bn:00046695n	influence
bn:00046696n	influence
bn:00046698n	information
bn:00046698n	renseignement
bn:00046702n	informateur
bn:00046702n	source
bn:00046703n	témoin
bn:00046705n	information
bn:00046706n	information
bn:00046721n	délit
bn:00046721n	violation
bn:00046722n	infrarouge
bn:00046723n	infrarouge
bn:00046729n	réfrigération
bn:00046730n	violation
bn:00046750n	ingrédient
bn:00046765n	instinct
bn:00046767n	inhibition
bn:00046768n	inhibition
bn:00046779n	initiale
bn:00046782n	expert
bn:00046786n	injection
bn:00046794n	encre
bn:00046812n	baie
bn:00046812n	crique
bn:00046815n	détenu
bn:00046816n	détenu
bn:00046828n	pureté
bn:00046833n	innovation
bn:00046833n	invention
bn:00046836n	insinuation
bn:00046839n	inoculation
bn:00046839n	vaccination
bn:00046844n	phosphate
bn:00046848n	entrée
bn:00046849n	stimulant
bn:00046849n	stimulation
bn:00046849n	stimulus
bn:00046854n	enquête
bn:00046855n	interrogatoire
bn:00046859n	inquisiteur
bn:00046864n	folie
bn:00046865n	folie
bn:00046867n	inscription
bn:00046867n	lettrage
bn:00046870n	insecte
bn:00046891n	intérieur
bn:00046892n	intérieur
bn:00046904n	aperçu
bn:00046904n	idée
bn:00046904n	intuition
bn:00046904n	pénétration
bn:00046904n	perspective
bn:00046904n	perspicacité
bn:00046905n	insight
bn:00046909n	insignifiance
bn:00046910n	insistance
bn:00046920n	inspection
bn:00046922n	inspecteur
bn:00046926n	inspiration
bn:00046931n	instabilité
bn:00046932n	instabilité
bn:00046934n	installation
bn:00046936n	acompte
bn:00046936n	versement
bn:00046942n	instant
bn:00046942n	minute
bn:00046942n	moment
bn:00046942n	temps
bn:00046949n	instillation
bn:00046952n	institut
bn:00046953n	institution
bn:00046954n	institution
bn:00046956n	cours
bn:00046956n	enseignement
bn:00046956n	formation
bn:00046956n	instruction
bn:00046958n	enseignant
bn:00046958n	instructeur
bn:00046958n	professeur
bn:00046961n	appareil
bn:00046961n	instrument
bn:00046962n	instrument
bn:00046962n	outil
bn:00046965n	instrument
bn:00046975n	instrumentiste
bn:00046975n	interprète
bn:00046975n	joueur
bn:00046975n	musicien
bn:00046978n	instrumentation
bn:00046979n	instrumentation
bn:00046981n	orchestration
bn:00046982n	insubordination
bn:00046991n	insuline
bn:00046996n	assurance
bn:00046997n	assurance
bn:00046997n	police
bn:00046997n	politique
bn:00047000n	prime
bn:00047003n	insurrection
bn:00047003n	rébellion
bn:00047003n	révolte
bn:00047003n	soulèvement
bn:00047008n	intangible
bn:00047009n	entier
bn:00047010n	intégrale
bn:00047014n	intégration
bn:00047016n	intégrité
bn:00047016n	unité
bn:00047017n	intégrité
bn:00047020n	intellect
bn:00047021n	compréhension
bn:00047021n	raison
bn:00047022n	intellectuel
bn:00047025n	intelligence
bn:00047026n	renseignement
bn:00047028n	nouvelle
bn:00047039n	intensification
bn:00047042n	intensité
bn:00047043n	intensité
bn:00047044n	volume
bn:00047046n	esprit
bn:00047046n	intention
bn:00047047n	intention
bn:00047052n	interaction
bn:00047059n	intercepteur
bn:00047061n	intervention
bn:00047062n	échange
bn:00047062n	échangeur
bn:00047067n	interconnexion
bn:00047072n	interdépendance
bn:00047077n	intérêt
bn:00047078n	intérêt
bn:00047078n	souci
bn:00047079n	intérêt
bn:00047080n	intérêt
bn:00047081n	intérêt
bn:00047082n	intérêt
bn:00047083n	intérêt
bn:00047083n	passe-temps
bn:00047087n	interface
bn:00047092n	ingérence
bn:00047092n	interférence
bn:00047093n	interférence
bn:00047094n	interféromètre
bn:00047114n	traduction
bn:00047118n	intrus
bn:00047119n	interlude
bn:00047119n	intermède
bn:00047121n	intermédiaire
bn:00047140n	représentation
bn:00047159n	mile
bn:00047159n	mille
bn:00047191n	espace
bn:00047192n	interaction
bn:00047196n	interprétation
bn:00047196n	lecture
bn:00047197n	interprétation
bn:00047198n	interprétation
bn:00047199n	interprétation
bn:00047199n	rendu
bn:00047201n	interprète
bn:00047202n	interprète
bn:00047203n	représentant
bn:00047203n	voix
bn:00047203n	Voix
bn:00047207n	interrelation
bn:00047207n	relation
bn:00047208n	interrogatif
bn:00047208n	question
bn:00047215n	intersection
bn:00047229n	intervalle
bn:00047230n	intervalle
bn:00047231n	séparation
bn:00047235n	soin
bn:00047235n	traitement
bn:00047238n	entretien
bn:00047238n	interview
bn:00047240n	intervieweur
bn:00047252n	intolérance
bn:00047254n	intonation
bn:00047270n	intransigeance
bn:00047283n	intrigue
bn:00047287n	introduction
bn:00047289n	introduction
bn:00047290n	introduction
bn:00047294n	introject
bn:00047303n	intrusion
bn:00047307n	intuition
bn:00047315n	inutilité
bn:00047325n	invasion
bn:00047330n	invention
bn:00047331n	inventaire
bn:00047332n	fonds
bn:00047332n	stock
bn:00047333n	inventaire
bn:00047340n	inversion
bn:00047354n	enquête
bn:00047354n	étude
bn:00047354n	investigation
bn:00047354n	recherche
bn:00047355n	enquête
bn:00047355n	étude
bn:00047355n	investigation
bn:00047356n	chercheur
bn:00047356n	enquêteur
bn:00047357n	enquêteur
bn:00047358n	investissement
bn:00047360n	investissement
bn:00047367n	investisseur
bn:00047375n	invitation
bn:00047378n	invocation
bn:00047387n	implication
bn:00047395n	iodure
bn:00047408n	ion
bn:00047425n	Staline
bn:00047426n	lambeau
bn:00047447n	Iran
bn:00047490n	irlandais
bn:00047490n	Irlandais
bn:00047493n	fer
bn:00047499n	bleu
bn:00047530n	ironie
bn:00047542n	déraison
bn:00047549n	irrégularité
bn:00047557n	irresponsabilité
bn:00047559n	violation
bn:00047562n	irrigation
bn:00047566n	épine
bn:00047569n	irruption
bn:00047580n	Newton
bn:00047586n	isoplèthe
bn:00047607n	Pakistan
bn:00047612n	île
bn:00047613n	île
bn:00047618n	île
bn:00047635n	isocyanate
bn:00047644n	isolement
bn:00047645n	isolement
bn:00047651n	isomère
bn:00047687n	émission
bn:00047688n	émission
bn:00047688n	problème
bn:00047688n	question
bn:00047689n	numéro
bn:00047690n	affaire
bn:00047690n	contenu
bn:00047690n	égard
bn:00047690n	matière
bn:00047690n	question
bn:00047690n	sujet
bn:00047691n	produit
bn:00047691n	recette
bn:00047691n	rendement
bn:00047691n	retour
bn:00047691n	revenu
bn:00047692n	enfant
bn:00047692n	progéniture
bn:00047693n	publication
bn:00047705n	Italie
bn:00047706n	italien
bn:00047722n	italique
bn:00047726n	envie
bn:00047730n	article
bn:00047730n	élément
bn:00047730n	item
bn:00047730n	objet
bn:00047730n	point
bn:00047731n	article
bn:00047731n	élément
bn:00047731n	item
bn:00047731n	objet
bn:00047731n	point
bn:00047731n	produit
bn:00047732n	signe
bn:00047741n	chemin
bn:00047741n	itinéraire
bn:00047741n	route
bn:00047741n	trajet
bn:00047741n	voie
bn:00047754n	ivoire
bn:00047758n	tour
bn:00047785n	coup
bn:00047786n	coup
bn:00047795n	ouvrier
bn:00047795n	ouvrière
bn:00047795n	travailleur
bn:00047816n	touche-à-tout
bn:00047823n	veste
bn:00047824n	couverture
bn:00047824n	veste
bn:00047875n	jade
bn:00047901n	confiture
bn:00047908n	Jamaïcain
bn:00047960n	janvier
bn:00047972n	janissaire
bn:00047974n	concierge
bn:00047976n	janséniste
bn:00047982n	jap
bn:00047984n	Japon
bn:00047985n	Japon
bn:00047991n	japonais
bn:00048023n	pot
bn:00048025n	choc
bn:00048042n	java
bn:00048042n	Java
bn:00048051n	mâchoire
bn:00048056n	bajoue
bn:00048075n	Rousseau
bn:00048079n	Racine
bn:00048091n	jeep
bn:00048104n	jejunum
bn:00048104n	jéjunum
bn:00048134n	traction
bn:00048161n	jésuite
bn:00048166n	jet
bn:00048178n	fille
bn:00048184n	bijoutier
bn:00048237n	travail
bn:00048238n	travail
bn:00048239n	travail
bn:00048240n	travail
bn:00048242n	problème
bn:00048256n	grossiste
bn:00048261n	jockey
bn:00048390n	farceur
bn:00048408n	jonquille
bn:00048437n	Kipling
bn:00048453n	journal
bn:00048459n	journalisme
bn:00048461n	journaliste
bn:00048463n	parcours
bn:00048463n	voyage
bn:00048465n	joute
bn:00048468n	joie
bn:00048488n	juge
bn:00048488n	justice
bn:00048492n	avis
bn:00048492n	jugement
bn:00048493n	avis
bn:00048493n	esprit
bn:00048493n	jugement
bn:00048494n	jugement
bn:00048495n	discernement
bn:00048496n	jugement
bn:00048507n	litige
bn:00048511n	mandat
bn:00048516n	cruche
bn:00048532n	jus
bn:00048538n	juju
bn:00048548n	juillet
bn:00048554n	bond
bn:00048554n	saut
bn:00048564n	strapontin
bn:00048570n	pull
bn:00048574n	tablier
bn:00048587n	cas
bn:00048587n	occasion
bn:00048587n	reprise
bn:00048592n	juin
bn:00048613n	junior
bn:00048613n	Junior
bn:00048614n	junior
bn:00048615n	cadet
bn:00048619n	collège
bn:00048642n	casse
bn:00048646n	Jupiter
bn:00048652n	juridiction
bn:00048653n	juridiction
bn:00048654n	droit
bn:00048654n	jurisprudence
bn:00048654n	loi
bn:00048655n	droit
bn:00048655n	loi
bn:00048656n	juriste
bn:00048657n	juré
bn:00048658n	jury
bn:00048659n	jury
bn:00048668n	justice
bn:00048669n	justice
bn:00048673n	justification
bn:00048674n	justification
bn:00048677n	justesse
bn:00048690n	jeunesse
bn:00048692n	k
bn:00048749n	Kamtchatka
bn:00048756n	kamikaze
bn:00048777n	Kansas
bn:00048870n	kc
bn:00048886n	souvenir
bn:00048900n	vue
bn:00048914n	Kent
bn:00048955n	mouchoir
bn:00048967n	kérygme
bn:00048969n	ketch
bn:00048985n	clé
bn:00048986n	clé
bn:00048988n	tonalité
bn:00049005n	clavier
bn:00049019n	Pennsylvanie
bn:00049083n	rein
bn:00049099n	abattage
bn:00049099n	meurtre
bn:00049100n	mort
bn:00049103n	meurtrier
bn:00049103n	tueur
bn:00049107n	meurtre
bn:00049112n	kilomètre
bn:00049129n	maternelle
bn:00049141n	roi
bn:00049142n	roi
bn:00049156n	lion
bn:00049167n	domaine
bn:00049167n	royaume
bn:00049168n	royaume
bn:00049169n	royaume
bn:00049178n	Norvège
bn:00049181n	Suède
bn:00049182n	Thaïlande
bn:00049241n	kit
bn:00049242n	équipement
bn:00049248n	cuisine
bn:00049250n	potager
bn:00049255n	évier
bn:00049258n	kitchenette
bn:00049269n	chaton
bn:00049287n	kleenex
bn:00049305n	fripon
bn:00049307n	genou
bn:00049308n	genou
bn:00049311n	squat
bn:00049315n	rotule
bn:00049322n	couteau
bn:00049323n	couteau
bn:00049328n	coup
bn:00049329n	chevalier
bn:00049350n	bouton
bn:00049356n	coup
bn:00049357n	coup
bn:00049366n	groupe
bn:00049367n	nœud
bn:00049368n	nœud
bn:00049376n	savoir
bn:00049381n	jointure
bn:00049429n	coréen
bn:00049544n	Louisiane
bn:00049550n	lager
bn:00049551n	laboratoire
bn:00049557n	étiquette
bn:00049557n	nom
bn:00049558n	marque
bn:00049559n	étiquette
bn:00049560n	étiquette
bn:00049570n	classe
bn:00049570n	prolétariat
bn:00049570n	temps
bn:00049570n	travail
bn:00049571n	labeur
bn:00049571n	travail
bn:00049573n	entreprise
bn:00049573n	projet
bn:00049573n	tâche
bn:00049589n	Labrador
bn:00049594n	dédale
bn:00049594n	labyrinthe
bn:00049652n	échelle
bn:00049666n	dame
bn:00049666n	femme
bn:00049666n	madame
bn:00049666n	monsieur
bn:00049683n	retard
bn:00049696n	lagon
bn:00049696n	lagune
bn:00049709n	lac
bn:00049758n	agneau
bn:00049786n	hurlement
bn:00049786n	plainte
bn:00049804n	lampe
bn:00049805n	lampe
bn:00049809n	lumière
bn:00049823n	lance
bn:00049836n	terrain
bn:00049836n	terre
bn:00049847n	emplacement
bn:00049847n	site
bn:00049859n	propriétaire
bn:00049862n	atterrissage
bn:00049862n	palier
bn:00049863n	embarcadère
bn:00049877n	aubergiste
bn:00049877n	propriétaire
bn:00049881n	jalon
bn:00049882n	point
bn:00049882n	tournant
bn:00049886n	paysage
bn:00049887n	paysage
bn:00049896n	raz-de-marée
bn:00049897n	glissement
bn:00049899n	route
bn:00049900n	voie
bn:00049910n	langage
bn:00049910n	langue
bn:00049910n	mot
bn:00049911n	discours
bn:00049911n	langage
bn:00049911n	langue
bn:00049911n	parole
bn:00049912n	langage
bn:00049912n	mot
bn:00049912n	parole
bn:00049914n	langue
bn:00049915n	terminologie
bn:00049944n	lanterne
bn:00049948n	diapositive
bn:00049957n	Laos
bn:00049960n	genou
bn:00049976n	revers
bn:00049990n	barbillon
bn:00049995n	laps
bn:00049995n	manquement
bn:00050001n	bâbord
bn:00050004n	vol
bn:00050017n	intestin
bn:00050044n	delphinium
bn:00050048n	larve
bn:00050078n	lanière
bn:00050088n	léthargie
bn:00050153n	mousse
bn:00050161n	latin
bn:00050177n	latitude
bn:00050179n	parallèle
bn:00050196n	laudanum
bn:00050198n	rire
bn:00050210n	lanceur
bn:00050211n	lancement
bn:00050216n	linge
bn:00050240n	lavage
bn:00050248n	luxe
bn:00050249n	droit
bn:00050249n	loi
bn:00050250n	droit
bn:00050250n	loi
bn:00050251n	loi
bn:00050252n	droit
bn:00050283n	législation
bn:00050284n	pelouse
bn:00050287n	tennis
bn:00050302n	couche
bn:00050313n	profane
bn:00050314n	licenciement
bn:00050316n	disposition
bn:00050317n	arrêt
bn:00050327n	lb
bn:00050327n	livre
bn:00050340n	avance
bn:00050340n	avantage
bn:00050340n	tête
bn:00050341n	piste
bn:00050342n	initiative
bn:00050343n	avance
bn:00050346n	principe
bn:00050346n	vedette
bn:00050371n	chef
bn:00050371n	dirigeant
bn:00050371n	leader
bn:00050372n	direction
bn:00050372n	dirigeant
bn:00050372n	leadership
bn:00050373n	direction
bn:00050373n	leadership
bn:00050374n	direction
bn:00050374n	leadership
bn:00050375n	leadership
bn:00050405n	cicadelle
bn:00050409n	ligue
bn:00050426n	tendance
bn:00050430n	minceur
bn:00050442n	bail
bn:00050443n	location
bn:00050452n	cuir
bn:00050462n	congé
bn:00050462n	permission
bn:00050475n	débauché
bn:00050478n	désir
bn:00050486n	conférence
bn:00050486n	discours
bn:00050487n	discours
bn:00050488n	conférence
bn:00050497n	corniche
bn:00050521n	gauche
bn:00050522n	gauche
bn:00050523n	gauche
bn:00050524n	gauche
bn:00050526n	gaucher
bn:00050529n	gaucher
bn:00050529n	Lefty
bn:00050539n	reste
bn:00050541n	jambe
bn:00050541n	patte
bn:00050541n	pied
bn:00050542n	jambe
bn:00050542n	patte
bn:00050543n	pied
bn:00050545n	jambe
bn:00050548n	étape
bn:00050555n	majorité
bn:00050561n	fiduciaire
bn:00050563n	procédure
bn:00050563n	procès
bn:00050570n	droit
bn:00050577n	bénéficiaire
bn:00050578n	légation
bn:00050587n	législation
bn:00050587n	loi
bn:00050588n	loi
bn:00050591n	législateur
bn:00050593n	légitimité
bn:00050598n	légumineuse
bn:00050605n	bouteille
bn:00050614n	loisir
bn:00050617n	leitmotiv
bn:00050622n	lemme
bn:00050622n	Lemme
bn:00050627n	citron
bn:00050650n	limonade
bn:00050660n	prêt
bn:00050662n	long
bn:00050662n	longueur
bn:00050663n	longueur
bn:00050665n	longévité
bn:00050666n	allongement
bn:00050666n	perpétuation
bn:00050673n	lentille
bn:00050673n	objectif
bn:00050686n	lentille
bn:00050775n	lésion
bn:00050776n	blessure
bn:00050776n	plaie
bn:00050793n	leçon
bn:00050794n	leçon
bn:00050794n	morale
bn:00050795n	leçon
bn:00050799n	dose
bn:00050802n	lettre
bn:00050802n	missive
bn:00050809n	boîte
bn:00050816n	papeterie
bn:00050834n	calme
bn:00050860n	hauteur
bn:00050860n	niveau
bn:00050861n	niveau
bn:00050862n	maximum
bn:00050864n	levier
bn:00050906n	lexique
bn:00050906n	vocabulaire
bn:00050912n	Leyte
bn:00050928n	menteur
bn:00050935n	libéral
bn:00050936n	libéral
bn:00050940n	libéralisme
bn:00050941n	libéralisme
bn:00050954n	liberté
bn:00050955n	liberté
bn:00050967n	bibliothèque
bn:00050968n	bibliothèque
bn:00050979n	livret
bn:00050985n	autorisation
bn:00050985n	licence
bn:00050986n	licence
bn:00050986n	permis
bn:00050987n	autorisation
bn:00050987n	permission
bn:00050991n	infirmier
bn:00051016n	mensonge
bn:00051032n	rate
bn:00051035n	endroit
bn:00051035n	place
bn:00051037n	lieutenant
bn:00051038n	lieutenant
bn:00051045n	vie
bn:00051046n	vie
bn:00051046n	Vivre
bn:00051047n	vie
bn:00051048n	vie
bn:00051048n	vivant
bn:00051049n	vie
bn:00051050n	vie
bn:00051051n	vie
bn:00051052n	esprit
bn:00051052n	vie
bn:00051052n	vitalité
bn:00051053n	vie
bn:00051054n	vie
bn:00051055n	vie
bn:00051097n	ligament
bn:00051108n	lumière
bn:00051109n	lampe
bn:00051109n	lumière
bn:00051110n	angle
bn:00051110n	lumière
bn:00051111n	lumière
bn:00051112n	lumière
bn:00051113n	brillant
bn:00051113n	lumière
bn:00051114n	éclairage
bn:00051114n	lumière
bn:00051115n	lumière
bn:00051116n	éclat
bn:00051116n	étincelle
bn:00051138n	opérette
bn:00051154n	éclairage
bn:00051155n	éclairage
bn:00051158n	apesanteur
bn:00051161n	éclair
bn:00051161n	foudre
bn:00051182n	probabilité
bn:00051185n	goût
bn:00051185n	préférence
bn:00051187n	lilas
bn:00051217n	membre
bn:00051227n	oubli
bn:00051237n	seuil
bn:00051247n	limite
bn:00051248n	limite
bn:00051250n	limitation
bn:00051251n	limitation
bn:00051251n	restriction
bn:00051252n	limitation
bn:00051252n	limite
bn:00051254n	restriction
bn:00051288n	alignement
bn:00051288n	file
bn:00051288n	ligne
bn:00051289n	bande
bn:00051289n	ligne
bn:00051289n	raie
bn:00051290n	file
bn:00051290n	ligne
bn:00051290n	rangée
bn:00051291n	ligne
bn:00051292n	ligne
bn:00051292n	réplique
bn:00051293n	ligne
bn:00051293n	raie
bn:00051295n	ligne
bn:00051296n	ligne
bn:00051297n	ligne
bn:00051298n	fil
bn:00051298n	ligne
bn:00051299n	rang
bn:00051300n	ligne
bn:00051301n	ligne
bn:00051302n	ligne
bn:00051346n	algèbre
bn:00051351n	perspective
bn:00051355n	contour
bn:00051355n	silhouette
bn:00051362n	lin
bn:00051363n	lin
bn:00051385n	linguiste
bn:00051392n	règle
bn:00051400n	lien
bn:00051401n	lien
bn:00051401n	maillon
bn:00051414n	linoléum
bn:00051423n	peluche
bn:00051440n	bouche
bn:00051440n	lèvre
bn:00051447n	rouge
bn:00051471n	liquide
bn:00051473n	liquide
bn:00051487n	liquidation
bn:00051488n	meurtrier
bn:00051488n	meurtrière
bn:00051491n	liquide
bn:00051507n	souplesse
bn:00051508n	liste
bn:00051520n	littérature
bn:00051533n	pirate
bn:00051538n	documentation
bn:00051538n	littérature
bn:00051539n	littérature
bn:00051540n	littérature
bn:00051562n	plaideur
bn:00051569n	portée
bn:00051596n	sœur
bn:00051605n	petitesse
bn:00051621n	foie
bn:00051622n	foie
bn:00051631n	Liverpool
bn:00051641n	zombie
bn:00051644n	appartement
bn:00051644n	quartier
bn:00051645n	protoplasme
bn:00051655n	lézard
bn:00051672n	charge
bn:00051673n	cargaison
bn:00051674n	charge
bn:00051688n	miche
bn:00051688n	pain
bn:00051693n	prêt
bn:00051716n	lobe
bn:00051729n	lobscouse
bn:00051743n	lobule
bn:00051752n	poste
bn:00051754n	lieu
bn:00051757n	provincialisme
bn:00051758n	localité
bn:00051758n	proximité
bn:00051758n	quartier
bn:00051758n	voisinage
bn:00051760n	emplacement
bn:00051760n	endroit
bn:00051760n	lieu
bn:00051760n	localisation
bn:00051760n	location
bn:00051760n	place
bn:00051760n	Place
bn:00051760n	placement
bn:00051760n	Point
bn:00051771n	serrure
bn:00051771n	verrou
bn:00051783n	vestiaire
bn:00051807n	cigale
bn:00051807n	sauterelle
bn:00051824n	loft
bn:00051829n	bûche
bn:00051829n	journal
bn:00051829n	rondin
bn:00051829n	tronc
bn:00051830n	logarithme
bn:00051834n	cabane
bn:00051846n	logique
bn:00051847n	logique
bn:00051857n	positivisme
bn:00051869n	logistique
bn:00051877n	fils
bn:00051903n	londonien
bn:00051904n	Texas
bn:00051906n	solitude
bn:00051925n	os
bn:00051951n	longitude
bn:00051968n	regard
bn:00051969n	air
bn:00051969n	allure
bn:00051969n	aspect
bn:00051969n	look
bn:00051969n	regard
bn:00051972n	spectateur
bn:00051972n	témoin
bn:00051973n	observateur
bn:00051973n	spectateur
bn:00051975n	éclaireur
bn:00051975n	sentinelle
bn:00051979n	recherche
bn:00051980n	métier
bn:00051992n	échappatoire
bn:00051993n	meurtrière
bn:00052017n	maître
bn:00052017n	seigneur
bn:00052018n	seigneur
bn:00052027n	seigneur
bn:00052027n	seigneurie
bn:00052030n	Lorelei
bn:00052049n	perte
bn:00052050n	perte
bn:00052051n	perte
bn:00052052n	défaite
bn:00052053n	perte
bn:00052054n	perte
bn:00052055n	perte
bn:00052061n	terrain
bn:00052068n	lotion
bn:00052076n	enceinte
bn:00052076n	haut-parleur
bn:00052111n	smoking
bn:00052114n	pou
bn:00052121n	amour
bn:00052122n	amour
bn:00052122n	passion
bn:00052130n	romance
bn:00052143n	amant
bn:00052143n	amoureux
bn:00052159n	nadir
bn:00052194n	minimum
bn:00052205n	plaine
bn:00052216n	loyaliste
bn:00052218n	loyauté
bn:00052219n	loyauté
bn:00052222n	pilule
bn:00052273n	luger
bn:00052284n	calme
bn:00052293n	bois
bn:00052293n	forêt
bn:00052304n	luminescence
bn:00052310n	gonflement
bn:00052310n	œdème
bn:00052325n	lunaison
bn:00052329n	fou
bn:00052329n	maniaque
bn:00052341n	poumon
bn:00052368n	rossignol
bn:00052372n	luxure
bn:00052402n	luxe
bn:00052431n	lymphocyte
bn:00052432n	ganglion
bn:00052476n	parolier
bn:00052501n	m
bn:00052501n	mètre
bn:00052502n	m
bn:00052511n	Mama
bn:00052511n	maman
bn:00052511n	Maman
bn:00052511n	Mamma
bn:00052512n	milliampère
bn:00052556n	appareil
bn:00052556n	machine
bn:00052557n	machine
bn:00052559n	machine
bn:00052565n	mitrailleuse
bn:00052571n	machine
bn:00052571n	machinerie
bn:00052573n	machiniste
bn:00052573n	mécanicien
bn:00052617n	macrophage
bn:00052664n	maître
bn:00052671n	journal
bn:00052671n	magazine
bn:00052674n	magazine
bn:00052675n	magazine
bn:00052684n	asticot
bn:00052688n	magie
bn:00052701n	magistrat
bn:00052712n	aimant
bn:00052713n	magnétisme
bn:00052753n	magnification
bn:00052757n	ampleur
bn:00052757n	magnitude
bn:00052758n	grandeur
bn:00052759n	ampleur
bn:00052763n	Mississippi
bn:00052772n	pie
bn:00052794n	acajou
bn:00052814n	courrier
bn:00052815n	courrier
bn:00052816n	courrier
bn:00052856n	Maine
bn:00052858n	continent
bn:00052867n	maintien
bn:00052869n	réparateur
bn:00052888n	planète
bn:00052907n	maquillage
bn:00052910n	créateur
bn:00052910n	fabricant
bn:00052910n	faiseur
bn:00052911n	fabricant
bn:00052915n	qualification
bn:00052938n	maladie
bn:00052941n	malaise
bn:00052944n	malaria
bn:00052944n	paludisme
bn:00052967n	mâle
bn:00052968n	homme
bn:00052968n	mâle
bn:00052990n	masculinité
bn:00052990n	virilité
bn:00053001n	dépit
bn:00053018n	plasticité
bn:00053077n	mamelle
bn:00053079n	mammifère
bn:00053096n	gars
bn:00053096n	homme
bn:00053096n	militaire
bn:00053097n	homme
bn:00053097n	personne
bn:00053098n	homme
bn:00053107n	couple
bn:00053107n	mariage
bn:00053112n	riche
bn:00053116n	direction
bn:00053116n	gestion
bn:00053131n	Manchester
bn:00053132n	Manchester
bn:00053171n	manœuvre
bn:00053172n	tactique
bn:00053173n	jeu
bn:00053175n	manœuvrabilité
bn:00053192n	Manhattan
bn:00053214n	manifestation
bn:00053215n	manifestation
bn:00053218n	collecteur
bn:00053225n	utilisation
bn:00053226n	exploitant
bn:00053226n	opérateur
bn:00053238n	attitude
bn:00053238n	comportement
bn:00053238n	manière
bn:00053238n	style
bn:00053239n	sorte
bn:00053241n	démarche
bn:00053245n	manomètre
bn:00053246n	manoir
bn:00053251n	domestique
bn:00053269n	manteau
bn:00053279n	manuel
bn:00053281n	travail
bn:00053285n	fabricant
bn:00053285n	producteur
bn:00053286n	manumission
bn:00053287n	fumier
bn:00053288n	manuscrit
bn:00053293n	manzanita
bn:00053303n	carte
bn:00053307n	érable
bn:00053318n	mars
bn:00053338n	marbre
bn:00053339n	bille
bn:00053352n	marche
bn:00053353n	marche
bn:00053354n	marche
bn:00053395n	marge
bn:00053421n	xylophone
bn:00053444n	marquage
bn:00053444n	marque
bn:00053445n	cible
bn:00053446n	marque
bn:00053450n	indice
bn:00053450n	signe
bn:00053450n	trace
bn:00053451n	cicatrice
bn:00053458n	marché
bn:00053459n	marché
bn:00053460n	marché
bn:00053461n	marché
bn:00053470n	artisan
bn:00053470n	commerçant
bn:00053479n	marchand
bn:00053479n	vendeur
bn:00053480n	commercialisation
bn:00053480n	marketing
bn:00053480n	vente
bn:00053484n	indication
bn:00053500n	marmelade
bn:00053518n	mariage
bn:00053519n	mariage
bn:00053531n	épouse
bn:00053531n	époux
bn:00053531n	femme
bn:00053536n	mars
bn:00053552n	maréchal
bn:00053552n	marshal
bn:00053552n	Marshal
bn:00053578n	martien
bn:00053589n	martini
bn:00053594n	martyr
bn:00053600n	merveille
bn:00053619n	mascara
bn:00053637n	masque
bn:00053657n	maçonnerie
bn:00053662n	masse
bn:00053663n	masse
bn:00053664n	messe
bn:00053665n	masse
bn:00053675n	rassemblement
bn:00053682n	spectromètre
bn:00053692n	massage
bn:00053701n	masseur
bn:00053706n	mât
bn:00053714n	maître
bn:00053715n	original
bn:00053719n	master
bn:00053765n	natte
bn:00053765n	tapis
bn:00053772n	match
bn:00053773n	allumette
bn:00053774n	paire
bn:00053793n	coéquipier
bn:00053793n	compagnon
bn:00053794n	partenaire
bn:00053799n	matriarche
bn:00053801n	essence
bn:00053801n	matériau
bn:00053801n	matériel
bn:00053801n	matière
bn:00053801n	truc
bn:00053802n	matériau
bn:00053802n	matériel
bn:00053803n	matériau
bn:00053803n	matériel
bn:00053810n	descendance
bn:00053811n	matérialisme
bn:00053823n	mathématique
bn:00053827n	produit
bn:00053832n	statisticien
bn:00053849n	matrice
bn:00053860n	matrone
bn:00053867n	matière
bn:00053884n	maturation
bn:00053885n	maturité
bn:00053911n	mausolée
bn:00053933n	maximum
bn:00053941n	mai
bn:00053952n	Mayflower
bn:00053964n	imbroglio
bn:00053971n	mc
bn:00053971n	Mc
bn:00053993n	repas
bn:00054001n	moyenne
bn:00054009n	sens
bn:00054009n	signification
bn:00054009n	substance
bn:00054012n	moyen
bn:00054018n	étape
bn:00054018n	mesure
bn:00054019n	dimensionnement
bn:00054019n	mesure
bn:00054026n	viande
bn:00054033n	fumoir
bn:00054060n	mécanique
bn:00054060n	mécanisme
bn:00054061n	mécanique
bn:00054061n	mécanisme
bn:00054063n	mécanisme
bn:00054107n	soin
bn:00054116n	médecin
bn:00054125n	spécialiste
bn:00054126n	médecine
bn:00054128n	médicament
bn:00054128n	remède
bn:00054133n	médecine
bn:00054144n	méditation
bn:00054146n	Méditerranée
bn:00054149n	média
bn:00054149n	médium
bn:00054149n	moyen
bn:00054150n	milieu
bn:00054151n	médium
bn:00054184n	jeu
bn:00054196n	mégalomanie
bn:00054198n	mégapole
bn:00054205n	mégatonne
bn:00054219n	mékong
bn:00054219n	Mékong
bn:00054225n	mélancolie
bn:00054243n	dinde
bn:00054244n	mélilot
bn:00054257n	mélodrame
bn:00054258n	mélodie
bn:00054261n	melon
bn:00054268n	dégel
bn:00054268n	fusion
bn:00054272n	creuset
bn:00054276n	membre
bn:00054281n	adhésion
bn:00054281n	appartenance
bn:00054282n	adhésion
bn:00054282n	appartenance
bn:00054284n	membrane
bn:00054291n	mémo
bn:00054291n	mémorandum
bn:00054292n	mémoire
bn:00054297n	monument
bn:00054299n	mémoire
bn:00054299n	souvenir
bn:00054300n	mémoire
bn:00054300n	souvenir
bn:00054301n	mémoire
bn:00054301n	rétention
bn:00054301n	souvenir
bn:00054307n	Memphis
bn:00054311n	menace
bn:00054316n	zoo
bn:00054319n	ménarche
bn:00054365n	névrosé
bn:00054372n	psychothérapie
bn:00054376n	tension
bn:00054378n	test
bn:00054380n	mentalité
bn:00054380n	perspective
bn:00054380n	vue
bn:00054390n	mention
bn:00054390n	référence
bn:00054392n	sage
bn:00054414n	mercenaire
bn:00054415n	Mercer
bn:00054416n	marchandise
bn:00054416n	produit
bn:00054417n	commerçant
bn:00054417n	marchand
bn:00054421n	miséricorde
bn:00054422n	merci
bn:00054453n	mérite
bn:00054453n	vertu
bn:00054464n	sirène
bn:00054475n	fêtard
bn:00054495n	mesh
bn:00054497n	réseau
bn:00054516n	chaos
bn:00054516n	désordre
bn:00054519n	mess
bn:00054523n	message
bn:00054550n	métal
bn:00054578n	métaphore
bn:00054598n	météore
bn:00054602n	météorite
bn:00054611n	compteur
bn:00054612n	temps
bn:00054625n	manière
bn:00054625n	méthode
bn:00054625n	moyen
bn:00054628n	ordre
bn:00054648n	Métis
bn:00054667n	métro
bn:00054679n	mexicain
bn:00054693n	mexique
bn:00054693n	Mexique
bn:00054701n	milligramme
bn:00054703n	infarctus
bn:00054714n	micelle
bn:00054731n	micro-organisme
bn:00054740n	microcosme
bn:00054762n	micrométéorite
bn:00054763n	micron
bn:00054774n	microphone
bn:00054774n	Mike
bn:00054781n	microscope
bn:00054782n	lame
bn:00054788n	microscopie
bn:00054789n	microseconde
bn:00054808n	radar
bn:00054823n	mi-juin
bn:00054833n	soixantaine
bn:00054834n	trentaine
bn:00054835n	vingtaine
bn:00054842n	milieu
bn:00054842n	moyen
bn:00054843n	milieu
bn:00054843n	taille
bn:00054844n	milieu
bn:00054852n	Moyen-Orient
bn:00054864n	Midwest
bn:00054884n	minuit
bn:00054884n	nuit
bn:00054888n	aspirant
bn:00054897n	mercredi
bn:00054902n	force
bn:00054902n	puissance
bn:00054907n	migration
bn:00054923n	kilométrage
bn:00054944n	cadre
bn:00054944n	environnement
bn:00054944n	milieu
bn:00054947n	mobilisation
bn:00054954n	effectif
bn:00054954n	force
bn:00054958n	occupation
bn:00054971n	mission
bn:00054972n	officier
bn:00054973n	opération
bn:00054975n	soldatesque
bn:00054975n	troupe
bn:00054979n	position
bn:00054980n	poste
bn:00054984n	recrue
bn:00054991n	volontaire
bn:00054992n	milice
bn:00054992n	réserve
bn:00054996n	lait
bn:00054997n	lait
bn:00055031n	millénaire
bn:00055052n	millimètre
bn:00055064n	mv
bn:00055065n	millivoltmètre
bn:00055080n	Milwaukee
bn:00055094n	heure
bn:00055094n	min
bn:00055094n	minute
bn:00055094n	moment
bn:00055105n	esprit
bn:00055105n	tête
bn:00055114n	mine
bn:00055115n	mine
bn:00055123n	mineur
bn:00055124n	minéral
bn:00055135n	minéralogie
bn:00055147n	miniature
bn:00055177n	allègement
bn:00055177n	secours
bn:00055178n	ministère
bn:00055179n	ministère
bn:00055190n	Minneapolis
bn:00055208n	minorité
bn:00055209n	minorité
bn:00055231n	menuet
bn:00055244n	minutie
bn:00055250n	miracle
bn:00055251n	miracle
bn:00055261n	miroir
bn:00055264n	reflet
bn:00055268n	misanthrope
bn:00055272n	erreur
bn:00055274n	méfait
bn:00055283n	vaurien
bn:00055292n	misère
bn:00055296n	raté
bn:00055298n	appréhension
bn:00055298n	doute
bn:00055298n	scrupule
bn:00055303n	malentendu
bn:00055312n	misogyne
bn:00055322n	missile
bn:00055323n	missile
bn:00055323n	projectile
bn:00055325n	mission
bn:00055331n	Mississippi
bn:00055334n	Missouri
bn:00055334n	mo
bn:00055335n	Missouri
bn:00055345n	brume
bn:00055400n	mélange
bn:00055408n	foule
bn:00055416n	mobilité
bn:00055446n	modèle
bn:00055447n	modèle
bn:00055448n	dessin
bn:00055448n	modèle
bn:00055449n	modèle
bn:00055467n	moderne
bn:00055475n	modernisation
bn:00055476n	modernisme
bn:00055481n	modestie
bn:00055482n	réserve
bn:00055485n	modification
bn:00055488n	modificateur
bn:00055494n	modulation
bn:00055495n	modulation
bn:00055504n	routine
bn:00055528n	moire
bn:00055529n	humidité
bn:00055529n	pluie
bn:00055564n	atome
bn:00055564n	molécule
bn:00055604n	moment
bn:00055604n	momentum
bn:00055605n	surprotection
bn:00055609n	lundi
bn:00055629n	monastère
bn:00055630n	moine
bn:00055644n	argent
bn:00055644n	coût
bn:00055644n	fonds
bn:00055645n	argent
bn:00055645n	fonds
bn:00055651n	mandat
bn:00055682n	surveillance
bn:00055685n	singe
bn:00055700n	monochrome
bn:00055716n	monographie
bn:00055725n	monologue
bn:00055730n	monomère
bn:00055741n	monopolisation
bn:00055743n	monopole
bn:00055744n	monopole
bn:00055755n	monosyllabe
bn:00055770n	monsieur
bn:00055772n	mousson
bn:00055794n	mois
bn:00055800n	Montréal
bn:00055809n	lune
bn:00055810n	lune
bn:00055811n	lune
bn:00055848n	vertu
bn:00055852n	moral
bn:00055860n	morale
bn:00055860n	moralité
bn:00055923n	morphologie
bn:00055928n	morphophonémique
bn:00055937n	lendemain
bn:00055942n	mortalité
bn:00055944n	mortier
bn:00055948n	hypothèque
bn:00055962n	mosaïque
bn:00055973n	Moïse
bn:00055977n	moustique
bn:00055981n	mousse
bn:00055995n	motel
bn:00055998n	papillon
bn:00056023n	motif
bn:00056024n	motif
bn:00056025n	motif
bn:00056025n	thème
bn:00056029n	geste
bn:00056029n	mouvement
bn:00056030n	mouvement
bn:00056031n	mouvement
bn:00056032n	requête
bn:00056033n	déplacement
bn:00056033n	mouvement
bn:00056037n	besoin
bn:00056037n	motif
bn:00056037n	motivation
bn:00056041n	moteur
bn:00056059n	camion
bn:00056067n	monture
bn:00056068n	montagne
bn:00056098n	passage
bn:00056109n	flanc
bn:00056119n	souris
bn:00056133n	moustache
bn:00056135n	bouche
bn:00056136n	bouche
bn:00056137n	embouchure
bn:00056137n	entrée
bn:00056138n	embouchure
bn:00056139n	bouche
bn:00056147n	embout
bn:00056150n	mouton
bn:00056155n	déménagement
bn:00056155n	déplacement
bn:00056157n	mouvement
bn:00056161n	déménageur
bn:00056170n	occupation
bn:00056171n	onde
bn:00056171n	vague
bn:00056187n	grand-chose
bn:00056199n	muqueuse
bn:00056200n	mucus
bn:00056206n	vasière
bn:00056214n	aile
bn:00056219n	Munich
bn:00056225n	pot
bn:00056254n	paillis
bn:00056255n	mule
bn:00056260n	entêtement
bn:00056284n	polynôme
bn:00056300n	fois
bn:00056302n	multiplicité
bn:00056356n	murmure
bn:00056377n	ligne
bn:00056377n	muscle
bn:00056378n	muscle
bn:00056383n	musculature
bn:00056402n	pectoral
bn:00056422n	muse
bn:00056426n	musée
bn:00056443n	musique
bn:00056444n	musique
bn:00056449n	vaudeville
bn:00056463n	note
bn:00056463n	ton
bn:00056465n	passage
bn:00056468n	phrase
bn:00056470n	partition
bn:00056475n	musicien
bn:00056487n	fusil
bn:00056487n	mousquet
bn:00056530n	mutant
bn:00056538n	silence
bn:00056540n	mutin
bn:00056541n	mutinerie
bn:00056550n	polarité
bn:00056553n	mutualité
bn:00056555n	museau
bn:00056607n	myocarde
bn:00056609n	myofibrille
bn:00056632n	myriade
bn:00056650n	myrte
bn:00056659n	mystère
bn:00056659n	whodunnit
bn:00056669n	mythe
bn:00056674n	mythologie
bn:00056727n	ongle
bn:00056728n	clou
bn:00056742n	réalisme
bn:00056748n	nudité
bn:00056758n	nom
bn:00056759n	nom
bn:00056760n	nom
bn:00056770n	homonyme
bn:00056797n	infirmier
bn:00056825n	serviette
bn:00056857n	article
bn:00056857n	conte
bn:00056857n	histoire
bn:00056857n	narration
bn:00056857n	récit
bn:00056860n	conteur
bn:00056872n	rétrécissement
bn:00056875n	étroitesse
bn:00056911n	piscine
bn:00056915n	ressortissant
bn:00056915n	sujet
bn:00056917n	hymne
bn:00056935n	homme
bn:00056947n	nazisme
bn:00056956n	nationalisme
bn:00056956n	patriotisme
bn:00056957n	nationalisme
bn:00056960n	patriote
bn:00056990n	langue
bn:00056996n	physique
bn:00056998n	ressource
bn:00056999n	science
bn:00057010n	naturalisme
bn:00057013n	naturalité
bn:00057015n	nature
bn:00057016n	nature
bn:00057017n	nature
bn:00057018n	nature
bn:00057034n	nausée
bn:00057052n	marine
bn:00057052n	Marine
bn:00057073n	navigation
bn:00057075n	navigation
bn:00057079n	navigateur
bn:00057102n	nord-est
bn:00057115n	museau
bn:00057131n	besoin
bn:00057131n	nécessité
bn:00057144n	collier
bn:00057149n	cravate
bn:00057160n	nectar
bn:00057164n	besoin
bn:00057164n	nécessité
bn:00057167n	aiguille
bn:00057168n	aiguille
bn:00057169n	aiguille
bn:00057215n	spirituel
bn:00057219n	voisin
bn:00057221n	quartier
bn:00057221n	voisinage
bn:00057237n	némésis
bn:00057248n	néocortex
bn:00057267n	tumeur
bn:00057287n	neveu
bn:00057309n	neptune
bn:00057319n	laurier
bn:00057322n	nerf
bn:00057332n	voie
bn:00057335n	nerf
bn:00057336n	nerf
bn:00057338n	dépression
bn:00057341n	système
bn:00057353n	nid
bn:00057354n	nid
bn:00057367n	filet
bn:00057373n	tonne
bn:00057379n	réseau
bn:00057380n	réseau
bn:00057425n	psychophysiologie
bn:00057430n	névrose
bn:00057440n	neutralisation
bn:00057441n	neutralisme
bn:00057442n	neutraliste
bn:00057443n	neutralité
bn:00057453n	neutrophile
bn:00057530n	Newcastle
bn:00057533n	arrivant
bn:00057543n	Newport
bn:00057546n	nouvelle
bn:00057546n	presse
bn:00057547n	actualité
bn:00057547n	information
bn:00057548n	nouvelle
bn:00057562n	journaliste
bn:00057562n	reporter
bn:00057563n	article
bn:00057563n	document
bn:00057563n	journal
bn:00057563n	papier
bn:00057563n	presse
bn:00057564n	journal
bn:00057565n	journal
bn:00057620n	politesse
bn:00057622n	subtilité
bn:00057623n	nuance
bn:00057623n	subtilité
bn:00057624n	niche
bn:00057625n	niche
bn:00057642n	nicotine
bn:00057650n	nièce
bn:00057665n	soir
bn:00057667n	nuit
bn:00057701n	cauchemar
bn:00057703n	chemise
bn:00057710n	nihilisme
bn:00057756n	goût
bn:00057768n	effort
bn:00057768n	peine
bn:00057774n	nitrate
bn:00057840n	somnambule
bn:00057846n	hochement
bn:00057855n	nodule
bn:00057858n	cheville
bn:00057863n	bruit
bn:00057863n	vacarme
bn:00057885n	investiture
bn:00057885n	nomination
bn:00057891n	non-catholique
bn:00057892n	prêtre
bn:00057943n	non-fiction
bn:00057945n	non-intervention
bn:00057991n	noradrénaline
bn:00058008n	norme
bn:00058031n	nord
bn:00058031n	Nord
bn:00058032n	nord
bn:00058032n	Nord
bn:00058032n	Union
bn:00058033n	nord
bn:00058038n	Amérique
bn:00058054n	nord-coréen
bn:00058061n	pôle
bn:00058070n	nord-est
bn:00058095n	nordiste
bn:00058096n	yank
bn:00058096n	yankee
bn:00058098n	northland
bn:00058101n	nord-ouest
bn:00058117n	museau
bn:00058117n	nez
bn:00058117n	pointe
bn:00058118n	nez
bn:00058124n	buse
bn:00058137n	nostalgie
bn:00058141n	notation
bn:00058145n	note
bn:00058146n	note
bn:00058147n	note
bn:00058152n	cahier
bn:00058164n	annonce
bn:00058164n	avertissement
bn:00058164n	avis
bn:00058164n	préavis
bn:00058165n	attention
bn:00058165n	observation
bn:00058166n	avis
bn:00058167n	préavis
bn:00058168n	attention
bn:00058173n	notification
bn:00058173n	présentation
bn:00058174n	notion
bn:00058175n	idée
bn:00058187n	nom
bn:00058188n	nom
bn:00058192n	novembre
bn:00058201n	roman
bn:00058205n	romancier
bn:00058211n	noviciat
bn:00058218n	présent
bn:00058228n	nubbin
bn:00058252n	acide
bn:00058254n	nucléole
bn:00058259n	noyau
bn:00058262n	nu
bn:00058262n	nue
bn:00058273n	désagrément
bn:00058273n	nuisance
bn:00058275n	taxe
bn:00058277n	noyau
bn:00058285n	chiffre
bn:00058285n	nombre
bn:00058285n	numéro
bn:00058285n	quantité
bn:00058286n	numéro
bn:00058286n	téléphone
bn:00058287n	chiffre
bn:00058287n	nombre
bn:00058300n	engourdissement
bn:00058313n	religieuse
bn:00058325n	infirmier
bn:00058339n	éducation
bn:00058341n	noix
bn:00058343n	écrou
bn:00058378n	nymphe
bn:00058379n	nymphe
bn:00058381n	nymphomane
bn:00058398n	chêne
bn:00058415n	avoine
bn:00058420n	serment
bn:00058431n	obéissance
bn:00058433n	respect
bn:00058435n	obélisque
bn:00058442n	objet
bn:00058443n	objet
bn:00058444n	objet
bn:00058460n	objection
bn:00058462n	objectivité
bn:00058468n	obligation
bn:00058492n	obscurité
bn:00058494n	observance
bn:00058494n	observation
bn:00058495n	observation
bn:00058496n	observation
bn:00058497n	observation
bn:00058508n	obsidienne
bn:00058511n	obstacle
bn:00058512n	obstacle
bn:00058531n	opposé
bn:00058536n	occasion
bn:00058536n	raison
bn:00058540n	Occident
bn:00058540n	ouest
bn:00058540n	Ouest
bn:00058541n	occidental
bn:00058554n	occlusion
bn:00058557n	surnaturel
bn:00058562n	location
bn:00058562n	occupation
bn:00058564n	habitant
bn:00058564n	occupant
bn:00058564n	résident
bn:00058573n	apparition
bn:00058573n	occurrence
bn:00058574n	mer
bn:00058574n	océan
bn:00058575n	mer
bn:00058579n	voyage
bn:00058588n	ocre
bn:00058593n	octobre
bn:00058596n	octaèdre
bn:00058606n	Octave
bn:00058638n	Odessa
bn:00058653n	odeur
bn:00058653n	parfum
bn:00058656n	odyssée
bn:00058674n	infraction
bn:00058674n	offensive
bn:00058677n	offenseur
bn:00058679n	offre
bn:00058685n	bureau
bn:00058685n	fonction
bn:00058685n	pouvoir
bn:00058697n	agent
bn:00058697n	officier
bn:00058698n	agent
bn:00058698n	officier
bn:00058698n	policier
bn:00058699n	officier
bn:00058701n	officiel
bn:00058701n	responsable
bn:00058715n	jeune
bn:00058732n	graisse
bn:00058732n	huile
bn:00058732n	pétrole
bn:00058733n	huile
bn:00058783n	Oklahoma
bn:00058801n	vétéran
bn:00058810n	virginie
bn:00058810n	Virginie
bn:00058844n	femme
bn:00058907n	-logie
bn:00058935n	présage
bn:00058940n	omission
bn:00058941n	oubli
bn:00058960n	route
bn:00058967n	début
bn:00058989n	dixième
bn:00058990n	tiers
bn:00058992n	millième
bn:00058994n	surenchère
bn:00059000n	balle
bn:00059000n	cartouche
bn:00059000n	coup
bn:00059000n	tour
bn:00059005n	unité
bn:00059031n	assaut
bn:00059050n	infiltration
bn:00059062n	air
bn:00059082n	sésame
bn:00059094n	ouverture
bn:00059095n	ouverture
bn:00059096n	ouverture
bn:00059099n	possibilité
bn:00059100n	orifice
bn:00059107n	opéra
bn:00059120n	fonctionnement
bn:00059122n	chirurgien
bn:00059125n	fonctionnement
bn:00059125n	opération
bn:00059125n	service
bn:00059126n	exploitation
bn:00059126n	opération
bn:00059127n	fonctionnement
bn:00059127n	opération
bn:00059128n	opération
bn:00059129n	opération
bn:00059130n	opération
bn:00059130n	procédure
bn:00059139n	détective
bn:00059141n	opérateur
bn:00059142n	opérateur
bn:00059150n	serpent
bn:00059168n	avis
bn:00059168n	opinion
bn:00059168n	sentiment
bn:00059168n	vue
bn:00059169n	avis
bn:00059169n	opinion
bn:00059169n	vue
bn:00059170n	opinion
bn:00059171n	avis
bn:00059171n	décision
bn:00059175n	opium
bn:00059182n	opossum
bn:00059182n	possum
bn:00059186n	adversaire
bn:00059186n	contraire
bn:00059186n	opposition
bn:00059191n	opposition
bn:00059192n	opposition
bn:00059192n	résistance
bn:00059193n	opposition
bn:00059196n	oppression
bn:00059224n	optimisme
bn:00059235n	prophète
bn:00059249n	orange
bn:00059250n	orange
bn:00059251n	oranger
bn:00059275n	orateur
bn:00059275n	rhétoricien
bn:00059285n	orchestre
bn:00059286n	orchestre
bn:00059288n	orchestration
bn:00059291n	orchidée
bn:00059301n	épreuve
bn:00059303n	commande
bn:00059303n	ordre
bn:00059304n	grandeur
bn:00059304n	magnitude
bn:00059304n	ordre
bn:00059305n	ordre
bn:00059306n	ordre
bn:00059307n	ordre
bn:00059308n	commande
bn:00059309n	ordre
bn:00059313n	ordre
bn:00059352n	primate
bn:00059436n	ordonnance
bn:00059436n	règlement
bn:00059436n	réglementation
bn:00059436n	régulation
bn:00059451n	minerai
bn:00059458n	organe
bn:00059459n	organe
bn:00059480n	constitution
bn:00059480n	création
bn:00059480n	établissement
bn:00059480n	formation
bn:00059480n	organisation
bn:00059480n	organisme
bn:00059482n	organisation
bn:00059496n	orgie
bn:00059507n	orientation
bn:00059508n	orientation
bn:00059510n	prédilection
bn:00059510n	préférence
bn:00059518n	origine
bn:00059522n	originalité
bn:00059523n	originalité
bn:00059527n	Orénoque
bn:00059529n	prière
bn:00059561n	orphelin
bn:00059581n	orthodoxie
bn:00059588n	orthographe
bn:00059630n	oscillation
bn:00059631n	oscillation
bn:00059632n	oscillateur
bn:00059651n	ossification
bn:00059677n	ostéoporose
bn:00059760n	affleurement
bn:00059768n	espace
bn:00059773n	voltigeur
bn:00059775n	équipe
bn:00059783n	contour
bn:00059786n	avant-poste
bn:00059787n	avant-poste
bn:00059788n	production
bn:00059788n	rendement
bn:00059789n	sortie
bn:00059798n	indignation
bn:00059799n	scandale
bn:00059811n	périphérie
bn:00059828n	ovation
bn:00059829n	four
bn:00059843n	salopette
bn:00059845n	surestimation
bn:00059872n	ruissellement
bn:00059878n	surplomb
bn:00059879n	rénovation
bn:00059891n	surcharge
bn:00059905n	surintendant
bn:00059907n	caoutchouc
bn:00059908n	supervision
bn:00059916n	renversement
bn:00059921n	connotation
bn:00059923n	ouverture
bn:00059924n	prélude
bn:00059953n	propriétaire
bn:00059954n	propriétaire
bn:00059957n	propriété
bn:00059958n	possession
bn:00059958n	propriété
bn:00059960n	bœuf
bn:00059978n	Oxford
bn:00059986n	oxydation
bn:00060021n	huître
bn:00060040n	ozone
bn:00060050n	sonorisation
bn:00060057n	picasso
bn:00060057n	Picasso
bn:00060063n	rythme
bn:00060063n	taux
bn:00060064n	foulée
bn:00060065n	tempo
bn:00060066n	yard
bn:00060073n	pachinko
bn:00060085n	pacifique
bn:00060085n	Pacifique
bn:00060099n	rythme
bn:00060099n	tempo
bn:00060103n	paquet
bn:00060109n	emballage
bn:00060109n	paquet
bn:00060112n	emballage
bn:00060113n	promotion
bn:00060113n	publicité
bn:00060120n	emballage
bn:00060130n	bloc
bn:00060141n	rizière
bn:00060144n	cadenas
bn:00060155n	pivoine
bn:00060158n	page
bn:00060165n	spectacle
bn:00060181n	douleur
bn:00060182n	douleur
bn:00060187n	peinture
bn:00060198n	peintre
bn:00060201n	dessin
bn:00060201n	image
bn:00060201n	peinture
bn:00060201n	photo
bn:00060201n	tableau
bn:00060202n	peinture
bn:00060202n	tableau
bn:00060203n	peinture
bn:00060204n	couple
bn:00060204n	deux
bn:00060204n	duo
bn:00060204n	paire
bn:00060222n	palais
bn:00060247n	palais
bn:00060273n	Palerme
bn:00060274n	palestine
bn:00060274n	Palestine
bn:00060279n	palette
bn:00060280n	palette
bn:00060304n	paume
bn:00060325n	tremblement
bn:00060340n	Panama
bn:00060375n	carreau
bn:00060375n	vitre
bn:00060376n	lambris
bn:00060377n	panneau
bn:00060396n	panique
bn:00060420n	pensée
bn:00060423n	pantalon
bn:00060432n	panthéon
bn:00060436n	tigre
bn:00060464n	feuille
bn:00060464n	journal
bn:00060464n	papier
bn:00060465n	document
bn:00060465n	papier
bn:00060466n	article
bn:00060466n	document
bn:00060505n	catholicisme
bn:00060538n	défilé
bn:00060538n	parade
bn:00060539n	parade
bn:00060542n	paradigme
bn:00060547n	paradoxe
bn:00060556n	paragraphe
bn:00060562n	perruche
bn:00060585n	paramètre
bn:00060586n	paramètre
bn:00060604n	paraphrase
bn:00060618n	parasite
bn:00060633n	colis
bn:00060633n	part
bn:00060633n	partie
bn:00060634n	étendue
bn:00060634n	parcelle
bn:00060638n	parchemin
bn:00060641n	parenchyme
bn:00060643n	parent
bn:00060645n	parentalité
bn:00060647n	parenthèse
bn:00060663n	paroi
bn:00060674n	copeau
bn:00060680n	paroisse
bn:00060682n	paroissien
bn:00060690n	parc
bn:00060698n	stationnement
bn:00060699n	stationnement
bn:00060708n	parlement
bn:00060713n	salon
bn:00060722n	parole
bn:00060761n	presbytère
bn:00060764n	part
bn:00060764n	partie
bn:00060764n	pièce
bn:00060764n	portion
bn:00060765n	morceau
bn:00060765n	partie
bn:00060765n	pièce
bn:00060766n	côté
bn:00060766n	part
bn:00060766n	rôle
bn:00060767n	partie
bn:00060767n	région
bn:00060768n	part
bn:00060768n	participation
bn:00060768n	partie
bn:00060768n	portion
bn:00060768n	pourcentage
bn:00060769n	partie
bn:00060770n	rôle
bn:00060782n	parthénon
bn:00060798n	participant
bn:00060799n	joueur
bn:00060802n	particule
bn:00060803n	particule
bn:00060807n	détail
bn:00060821n	partenariat
bn:00060821n	société
bn:00060834n	fête
bn:00060834n	groupe
bn:00060834n	parti
bn:00060834n	party
bn:00060835n	fête
bn:00060835n	groupe
bn:00060835n	soirée
bn:00060836n	fête
bn:00060836n	soirée
bn:00060837n	parti
bn:00060871n	permission
bn:00060872n	passe
bn:00060874n	passage
bn:00060881n	passage
bn:00060881n	transition
bn:00060882n	passage
bn:00060883n	passage
bn:00060884n	passage
bn:00060885n	passage
bn:00060886n	passage
bn:00060888n	passage
bn:00060893n	garniture
bn:00060894n	passager
bn:00060898n	passant
bn:00060907n	passion
bn:00060908n	rage
bn:00060909n	passion
bn:00060923n	passivité
bn:00060927n	passé
bn:00060928n	passé
bn:00060929n	passé
bn:00060938n	pâte
bn:00060943n	pastel
bn:00060963n	robinet
bn:00060967n	parcelle
bn:00060967n	terrain
bn:00060968n	morceau
bn:00060969n	moment
bn:00060969n	temps
bn:00060974n	tableau
bn:00060984n	brevet
bn:00061005n	chemin
bn:00061005n	façon
bn:00061005n	habitude
bn:00061005n	manière
bn:00061005n	mode
bn:00061005n	place
bn:00061005n	voie
bn:00061006n	chemin
bn:00061006n	sentier
bn:00061009n	pathogénèse
bn:00061012n	pathologie
bn:00061017n	patient
bn:00061018n	patine
bn:00061019n	terrasse
bn:00061041n	patrouille
bn:00061042n	patrouille
bn:00061045n	patrouilleur
bn:00061047n	parrain
bn:00061047n	sponsor
bn:00061048n	patron
bn:00061050n	commerce
bn:00061054n	habitude
bn:00061054n	modèle
bn:00061054n	pratique
bn:00061054n	schéma
bn:00061055n	schéma
bn:00061057n	progression
bn:00061082n	trottoir
bn:00061083n	trottoir
bn:00061084n	trottoir
bn:00061087n	pavé
bn:00061093n	patte
bn:00061113n	vengeance
bn:00061119n	paiement
bn:00061123n	récompense
bn:00061123n	salaire
bn:00061125n	paie
bn:00061135n	cent
bn:00061135n	pourcent
bn:00061135n	pourcentage
bn:00061138n	pois
bn:00061149n	paix
bn:00061150n	paix
bn:00061151n	tranquillité
bn:00061173n	paon
bn:00061177n	pointe
bn:00061187n	poire
bn:00061189n	perle
bn:00061206n	paysan
bn:00061211n	caillou
bn:00061211n	pierre
bn:00061218n	pic
bn:00061253n	urine
bn:00061269n	pair
bn:00061296n	balle
bn:00061296n	coup
bn:00061296n	tir
bn:00061312n	pemmican
bn:00061314n	plume
bn:00061314n	stylo
bn:00061325n	châtiment
bn:00061325n	peine
bn:00061325n	punition
bn:00061325n	sanction
bn:00061326n	pénalité
bn:00061327n	pénalité
bn:00061330n	pénitence
bn:00061331n	pénitence
bn:00061333n	goût
bn:00061333n	préférence
bn:00061334n	crayon
bn:00061346n	pendule
bn:00061354n	pénétration
bn:00061370n	péninsule
bn:00061389n	pièce
bn:00061406n	pension
bn:00061406n	retraite
bn:00061410n	pensionnaire
bn:00061418n	Pentagone
bn:00061419n	Pentagone
bn:00061435n	penthouse
bn:00061446n	Penutian
bn:00061450n	gens
bn:00061450n	on
bn:00061450n	personne
bn:00061450n	peuple
bn:00061450n	population
bn:00061451n	personne
bn:00061451n	peuple
bn:00061485n	protéase
bn:00061500n	perception
bn:00061502n	perception
bn:00061503n	perception
bn:00061525n	percolateur
bn:00061526n	percussion
bn:00061527n	percussion
bn:00061547n	perfectibilité
bn:00061549n	perfectionnisme
bn:00061557n	perforation
bn:00061560n	exécution
bn:00061560n	performance
bn:00061560n	prestation
bn:00061560n	réalisation
bn:00061560n	représentation
bn:00061561n	interprétation
bn:00061561n	performance
bn:00061561n	prestation
bn:00061561n	représentation
bn:00061561n	spectacle
bn:00061564n	artiste
bn:00061564n	interprète
bn:00061571n	perfusion
bn:00061605n	époque
bn:00061605n	moment
bn:00061605n	période
bn:00061605n	temps
bn:00061606n	période
bn:00061617n	périodique
bn:00061617n	revue
bn:00061644n	pervenche
bn:00061651n	permanence
bn:00061658n	permien
bn:00061661n	autorisation
bn:00061661n	permission
bn:00061663n	tolérance
bn:00061666n	changement
bn:00061666n	remplacement
bn:00061666n	substitution
bn:00061684n	plomb
bn:00061697n	persécution
bn:00061722n	personnage
bn:00061736n	personnalité
bn:00061737n	personnalité
bn:00061742n	personnification
bn:00061746n	idée
bn:00061746n	opinion
bn:00061746n	perspective
bn:00061746n	position
bn:00061746n	vision
bn:00061746n	vue
bn:00061748n	sueur
bn:00061751n	force
bn:00061757n	pérou
bn:00061761n	pervaporation
bn:00061775n	pessimisme
bn:00061777n	pessimiste
bn:00061787n	compagnie
bn:00061826n	demande
bn:00061826n	pétition
bn:00061827n	pétitionnaire
bn:00061827n	requérant
bn:00061843n	trivialité
bn:00061852n	pfennig
bn:00061855n	ph
bn:00061862n	phagocyte
bn:00061868n	phalange
bn:00061869n	phalange
bn:00061889n	pharmacie
bn:00061897n	gorge
bn:00061898n	aspect
bn:00061898n	étape
bn:00061898n	phase
bn:00061898n	stade
bn:00061899n	phase
bn:00061916n	faisan
bn:00061931n	phénomène
bn:00061932n	phénomène
bn:00061933n	phénothiazine
bn:00061953n	symphonie
bn:00061963n	Philippines
bn:00061966n	Philippines
bn:00061979n	philosophe
bn:00061984n	philosophie
bn:00062019n	voix
bn:00062020n	téléphone
bn:00062024n	annuaire
bn:00062032n	phonème
bn:00062034n	phonologie
bn:00062039n	phonétique
bn:00062042n	phonographe
bn:00062042n	tourne-disque
bn:00062048n	phosgène
bn:00062084n	photographie
bn:00062099n	photomontage
bn:00062100n	photon
bn:00062115n	expression
bn:00062115n	phrase
bn:00062118n	syntaxe
bn:00062119n	phrasé
bn:00062152n	protozoaire
bn:00062163n	éducation
bn:00062171n	physiothérapeute
bn:00062176n	physicien
bn:00062182n	physiologie
bn:00062201n	pianisme
bn:00062203n	pianiste
bn:00062214n	lieu
bn:00062214n	piazza
bn:00062273n	image
bn:00062275n	image
bn:00062275n	photo
bn:00062275n	scène
bn:00062275n	tableau
bn:00062276n	image
bn:00062276n	vidéo
bn:00062279n	cadre
bn:00062291n	pidgin
bn:00062293n	pâté
bn:00062297n	élément
bn:00062297n	morceau
bn:00062297n	part
bn:00062297n	pièce
bn:00062298n	meuble
bn:00062298n	morceau
bn:00062298n	œuvre
bn:00062298n	pièce
bn:00062299n	homme
bn:00062300n	morceau
bn:00062300n	tranche
bn:00062302n	part
bn:00062302n	partie
bn:00062302n	tranche
bn:00062308n	feuille
bn:00062308n	fiche
bn:00062308n	papier
bn:00062309n	étude
bn:00062309n	œuvre
bn:00062309n	ouvrage
bn:00062309n	travail
bn:00062310n	écrit
bn:00062310n	écriture
bn:00062317n	Piémont
bn:00062339n	piété
bn:00062340n	piézoélectricité
bn:00062349n	sous-marin
bn:00062350n	pigeon
bn:00062357n	pigment
bn:00062385n	sardine
bn:00062387n	pilotis
bn:00062392n	pèlerin
bn:00062395n	pèlerinage
bn:00062397n	pilule
bn:00062404n	pilier
bn:00062414n	coussin
bn:00062414n	oreiller
bn:00062445n	épingle
bn:00062496n	tennis
bn:00062507n	rose
bn:00062517n	pinacle
bn:00062533n	point
bn:00062568n	tuyau
bn:00062569n	pipe
bn:00062570n	tube
bn:00062576n	plombier
bn:00062643n	hauteur
bn:00062643n	ton
bn:00062644n	emplacement
bn:00062645n	ton
bn:00062646n	inclinaison
bn:00062647n	goudron
bn:00062654n	cruche
bn:00062658n	fourche
bn:00062665n	moelle
bn:00062679n	Pittsburgh
bn:00062681n	dommage
bn:00062694n	pizza
bn:00062699n	endroit
bn:00062699n	lieu
bn:00062699n	place
bn:00062699n	point
bn:00062700n	endroit
bn:00062700n	espace
bn:00062700n	lieu
bn:00062700n	propriété
bn:00062700n	résidence
bn:00062701n	lieu
bn:00062701n	place
bn:00062701n	point
bn:00062702n	endroit
bn:00062702n	lieu
bn:00062703n	place
bn:00062704n	endroit
bn:00062704n	place
bn:00062704n	position
bn:00062705n	place
bn:00062706n	place
bn:00062706n	siège
bn:00062707n	endroit
bn:00062707n	passage
bn:00062708n	endroit
bn:00062709n	lieu
bn:00062723n	placement
bn:00062734n	sérénité
bn:00062757n	pli
bn:00062759n	plan
bn:00062759n	programme
bn:00062759n	projet
bn:00062759n	régime
bn:00062766n	plan
bn:00062767n	plan
bn:00062776n	planète
bn:00062784n	résonance
bn:00062784n	sonorité
bn:00062794n	planification
bn:00062795n	planification
bn:00062796n	planification
bn:00062796n	préparation
bn:00062822n	plantation
bn:00062824n	planteur
bn:00062830n	plantation
bn:00062836n	plaque
bn:00062837n	éclaboussure
bn:00062850n	plâtre
bn:00062851n	plâtre
bn:00062854n	plâtrier
bn:00062856n	plastique
bn:00062876n	plaque
bn:00062877n	planche
bn:00062878n	assiette
bn:00062879n	assiette
bn:00062898n	plateforme
bn:00062899n	plateforme
bn:00062899n	programme
bn:00062899n	tribune
bn:00062910n	Platon
bn:00062914n	peloton
bn:00062914n	section
bn:00062915n	peloton
bn:00062928n	pièce
bn:00062929n	jeu
bn:00062930n	jeu
bn:00062933n	tour
bn:00062949n	camarade
bn:00062951n	terrain
bn:00062954n	toboggan
bn:00062956n	interprétation
bn:00062956n	jeu
bn:00062965n	jouet
bn:00062972n	plaisance
bn:00062972n	plaisir
bn:00063002n	plénitude
bn:00063016n	plèvre
bn:00063036n	situation
bn:00063036n	sort
bn:00063049n	complot
bn:00063049n	intrigue
bn:00063049n	scénario
bn:00063052n	intrigue
bn:00063052n	scénario
bn:00063057n	charrue
bn:00063060n	labourage
bn:00063067n	bouchon
bn:00063067n	fiche
bn:00063067n	prise
bn:00063085n	plomberie
bn:00063086n	plomberie
bn:00063143n	pneumonie
bn:00063155n	poche
bn:00063156n	poche
bn:00063157n	poche
bn:00063193n	poème
bn:00063195n	poème
bn:00063195n	poésie
bn:00063196n	poète
bn:00063204n	poésie
bn:00063210n	poignance
bn:00063213n	point
bn:00063214n	moment
bn:00063214n	point
bn:00063215n	argument
bn:00063215n	point
bn:00063215n	question
bn:00063215n	sens
bn:00063216n	moment
bn:00063216n	stade
bn:00063217n	point
bn:00063218n	point
bn:00063219n	point
bn:00063219n	promontoire
bn:00063222n	pointe
bn:00063236n	référence
bn:00063237n	point
bn:00063237n	position
bn:00063237n	vue
bn:00063254n	poise
bn:00063256n	poison
bn:00063257n	poison
bn:00063277n	politicien
bn:00063279n	Pologne
bn:00063286n	polarisation
bn:00063287n	polarisation
bn:00063288n	polarité
bn:00063288n	signe
bn:00063293n	perche
bn:00063293n	poteau
bn:00063294n	polonais
bn:00063295n	pôle
bn:00063320n	police
bn:00063322n	commissariat
bn:00063322n	police
bn:00063322n	station
bn:00063326n	sergent
bn:00063329n	politique
bn:00063330n	politique
bn:00063331n	décideur
bn:00063340n	cirage
bn:00063351n	politique
bn:00063353n	politique
bn:00063354n	politicien
bn:00063356n	politique
bn:00063360n	polka
bn:00063372n	pollen
bn:00063376n	pouce
bn:00063381n	têtard
bn:00063385n	pollution
bn:00063393n	polo
bn:00063415n	polyéthylène
bn:00063434n	polymérisation
bn:00063506n	poncho
bn:00063508n	bassin
bn:00063508n	étang
bn:00063508n	lagune
bn:00063508n	mare
bn:00063526n	poney
bn:00063534n	piscine
bn:00063535n	réservoir
bn:00063536n	pool
bn:00063537n	flaque
bn:00063574n	popeline
bn:00063580n	coquelicot
bn:00063584n	monde
bn:00063584n	peuple
bn:00063584n	public
bn:00063592n	popularité
bn:00063595n	population
bn:00063596n	population
bn:00063597n	habitant
bn:00063597n	population
bn:00063598n	population
bn:00063606n	porc
bn:00063608n	porche
bn:00063611n	pore
bn:00063612n	pore
bn:00063632n	porosité
bn:00063640n	port
bn:00063641n	porto
bn:00063666n	concierge
bn:00063672n	porte-documents
bn:00063672n	portefeuille
bn:00063682n	portrait
bn:00063682n	représentation
bn:00063683n	portrait
bn:00063689n	portugal
bn:00063690n	portugais
bn:00063698n	poseur
bn:00063701n	séance
bn:00063702n	postulat
bn:00063703n	position
bn:00063703n	poste
bn:00063703n	statut
bn:00063704n	position
bn:00063704n	poste
bn:00063706n	place
bn:00063706n	poste
bn:00063707n	place
bn:00063707n	situation
bn:00063708n	position
bn:00063727n	positiviste
bn:00063729n	bande
bn:00063729n	posse
bn:00063729n	troupe
bn:00063731n	bien
bn:00063731n	possession
bn:00063734n	volonté
bn:00063738n	possibilité
bn:00063739n	possibilité
bn:00063743n	poste
bn:00063744n	poteau
bn:00063746n	pieu
bn:00063768n	timbre
bn:00063792n	suffixe
bn:00063802n	cachet
bn:00063810n	post-scriptum
bn:00063820n	casserole
bn:00063820n	marmite
bn:00063820n	pot
bn:00063821n	pot
bn:00063864n	potentialité
bn:00063864n	potentiel
bn:00063868n	potentiomètre
bn:00063900n	poterie
bn:00063904n	bourse
bn:00063920n	psi
bn:00063925n	prisonnier
bn:00063926n	poudre
bn:00063927n	poudre
bn:00063940n	pouvoir
bn:00063940n	puissance
bn:00063941n	alimentation
bn:00063941n	énergie
bn:00063941n	puissance
bn:00063961n	centrale
bn:00063966n	scie
bn:00063989n	pratique
bn:00063990n	pratique
bn:00063994n	praticien
bn:00064005n	réalisme
bn:00064010n	prairie
bn:00064027n	démarche
bn:00064038n	prière
bn:00064039n	prière
bn:00064041n	chapelet
bn:00064059n	prédicateur
bn:00064063n	préambule
bn:00064069n	incertitude
bn:00064070n	précaution
bn:00064072n	priorité
bn:00064077n	principe
bn:00064081n	préchloration
bn:00064085n	précipice
bn:00064087n	précipité
bn:00064093n	précision
bn:00064104n	prédécesseur
bn:00064119n	prédominance
bn:00064136n	préfixe
bn:00064165n	préoccupation
bn:00064166n	école
bn:00064167n	préparatif
bn:00064167n	préparation
bn:00064168n	préparation
bn:00064175n	préposition
bn:00064181n	condition
bn:00064181n	exigence
bn:00064192n	règle
bn:00064193n	prescription
bn:00064201n	présence
bn:00064202n	présence
bn:00064203n	présence
bn:00064208n	cadeau
bn:00064213n	présentation
bn:00064214n	présentation
bn:00064215n	présentation
bn:00064222n	préservation
bn:00064227n	réserve
bn:00064233n	président
bn:00064234n	président
bn:00064235n	président
bn:00064245n	presse
bn:00064246n	presse
bn:00064248n	pression
bn:00064249n	pompe
bn:00064262n	pression
bn:00064263n	pression
bn:00064276n	prestige
bn:00064279n	présupposition
bn:00064281n	prétention
bn:00064287n	prétexte
bn:00064294n	prévalence
bn:00064302n	prévision
bn:00064303n	proie
bn:00064307n	prix
bn:00064308n	prix
bn:00064323n	tarification
bn:00064338n	fierté
bn:00064338n	orgueil
bn:00064339n	fierté
bn:00064340n	fierté
bn:00064340n	orgueil
bn:00064346n	prêtre
bn:00064358n	primauté
bn:00064361n	primaire
bn:00064405n	prince
bn:00064426n	principe
bn:00064426n	règle
bn:00064427n	principe
bn:00064428n	principe
bn:00064429n	principe
bn:00064430n	justification
bn:00064430n	principe
bn:00064436n	estampe
bn:00064436n	impression
bn:00064451n	impression
bn:00064452n	impression
bn:00064468n	prison
bn:00064469n	prison
bn:00064472n	peine
bn:00064472n	sentence
bn:00064476n	intimité
bn:00064489n	privilège
bn:00064500n	professionnel
bn:00064507n	probabilité
bn:00064526n	problème
bn:00064527n	mal
bn:00064527n	problème
bn:00064536n	méthode
bn:00064536n	procédé
bn:00064536n	procédure
bn:00064536n	processus
bn:00064536n	traitement
bn:00064545n	traitement
bn:00064545n	transformation
bn:00064550n	transformateur
bn:00064570n	achat
bn:00064570n	approvisionnement
bn:00064581n	producteur
bn:00064582n	producteur
bn:00064584n	production
bn:00064584n	produit
bn:00064585n	produit
bn:00064590n	production
bn:00064591n	production
bn:00064592n	production
bn:00064598n	productivité
bn:00064601n	professeur
bn:00064607n	profession
bn:00064608n	profession
bn:00064610n	professionnel
bn:00064624n	proposition
bn:00064624n	suggestion
bn:00064625n	compétence
bn:00064626n	technique
bn:00064627n	profil
bn:00064628n	profil
bn:00064629n	profil
bn:00064634n	participation
bn:00064640n	profondeur
bn:00064645n	prophétie
bn:00064646n	programme
bn:00064651n	programmation
bn:00064659n	progressisme
bn:00064661n	prohibition
bn:00064662n	prohibition
bn:00064665n	projection
bn:00064665n	projet
bn:00064666n	fusée
bn:00064666n	roquette
bn:00064667n	prévision
bn:00064667n	projection
bn:00064668n	projection
bn:00064673n	écran
bn:00064681n	travailleur
bn:00064684n	prolifération
bn:00064691n	échauffement
bn:00064695n	Prométhée
bn:00064699n	promesse
bn:00064703n	promotion
bn:00064712n	ponctualité
bn:00064721n	pronom
bn:00064724n	démonstration
bn:00064724n	preuve
bn:00064728n	validation
bn:00064731n	soutien
bn:00064735n	propagande
bn:00064736n	propagandiste
bn:00064747n	hélice
bn:00064752n	propriété
bn:00064759n	prophète
bn:00064765n	proportion
bn:00064766n	proportion
bn:00064766n	symétrie
bn:00064775n	proportionnalité
bn:00064776n	proposition
bn:00064779n	proposition
bn:00064785n	propriété
bn:00064803n	prose
bn:00064806n	procureur
bn:00064807n	accusation
bn:00064819n	prospérité
bn:00064837n	protection
bn:00064838n	protection
bn:00064839n	garantie
bn:00064839n	protection
bn:00064839n	sécurité
bn:00064855n	protéine
bn:00064857n	protéolyse
bn:00064862n	protestation
bn:00064865n	protestant
bn:00064866n	protestant
bn:00064869n	protestantisme
bn:00064869n	Protestantisme
bn:00064893n	proton
bn:00064909n	providence
bn:00064912n	fournisseur
bn:00064914n	état
bn:00064914n	province
bn:00064915n	responsabilité
bn:00064918n	provincialisme
bn:00064921n	condition
bn:00064921n	disposition
bn:00064922n	approvisionnement
bn:00064922n	disposition
bn:00064922n	fournisseur
bn:00064922n	fourniture
bn:00064922n	provision
bn:00064932n	rôdeur
bn:00064940n	prudence
bn:00065006n	âme
bn:00065006n	psyché
bn:00065026n	psychologie
bn:00065028n	psychologue
bn:00065032n	psychopathe
bn:00065036n	psychopompe
bn:00065062n	ptérygion
bn:00065080n	public
bn:00065082n	service
bn:00065083n	aide
bn:00065083n	bien-être
bn:00065090n	droit
bn:00065090n	loi
bn:00065095n	école
bn:00065099n	place
bn:00065103n	émeute
bn:00065106n	publication
bn:00065109n	publiciste
bn:00065111n	éditeur
bn:00065112n	éditeur
bn:00065137n	portoricain
bn:00065138n	odeur
bn:00065158n	pull
bn:00065158n	tirage
bn:00065158n	traction
bn:00065198n	pompe
bn:00065224n	ponctuation
bn:00065247n	chiot
bn:00065252n	pupille
bn:00065261n	chiot
bn:00065265n	achat
bn:00065266n	achat
bn:00065272n	solitude
bn:00065278n	ton
bn:00065281n	pureté
bn:00065284n	purgatoire
bn:00065286n	purge
bn:00065288n	purification
bn:00065306n	pourpre
bn:00065323n	bourse
bn:00065324n	bourse
bn:00065332n	activité
bn:00065332n	quête
bn:00065342n	poussée
bn:00065343n	élan
bn:00065343n	poussée
bn:00065370n	pourriture
bn:00065414n	pyrex
bn:00065414n	Pyrex
bn:00065438n	pyromètre
bn:00065461n	python
bn:00065485n	charlatan
bn:00065535n	qualification
bn:00065536n	réserve
bn:00065538n	qualité
bn:00065539n	qualité
bn:00065539n	timbre
bn:00065539n	ton
bn:00065539n	tonalité
bn:00065552n	quantité
bn:00065573n	litre
bn:00065573n	pinte
bn:00065576n	quartier
bn:00065576n	trimestre
bn:00065634n	reine
bn:00065635n	reine
bn:00065673n	chercheur
bn:00065677n	questionnaire
bn:00065702n	calme
bn:00065703n	silence
bn:00065706n	calme
bn:00065707n	calme
bn:00065709n	plume
bn:00065730n	quintette
bn:00065742n	quirt
bn:00065749n	vibration
bn:00065772n	rayon
bn:00065779n	rabbin
bn:00065798n	course
bn:00065799n	course
bn:00065800n	race
bn:00065801n	race
bn:00065801n	sous-espèce
bn:00065835n	yacht
bn:00065837n	porte-bagages
bn:00065837n	râtelier
bn:00065837n	support
bn:00065847n	vacarme
bn:00065850n	racketteur
bn:00065874n	radiation
bn:00065874n	radioactivité
bn:00065874n	rayonnement
bn:00065875n	rayonnement
bn:00065882n	radiateur
bn:00065894n	radicalisme
bn:00065899n	radio
bn:00065900n	radio
bn:00065901n	radio
bn:00065920n	radiotélescope
bn:00065962n	radis
bn:00065966n	rayon
bn:00065967n	rayon
bn:00065969n	rayon
bn:00065982n	radeau
bn:00065985n	chiffon
bn:00065985n	haillon
bn:00065995n	rage
bn:00065997n	rugosité
bn:00066008n	balustrade
bn:00066008n	rambarde
bn:00066009n	rail
bn:00066026n	gare
bn:00066026n	station
bn:00066028n	train
bn:00066032n	pluie
bn:00066032n	précipitation
bn:00066033n	pluie
bn:00066043n	averse
bn:00066045n	arc-en-ciel
bn:00066072n	rajah
bn:00066082n	cliquetis
bn:00066082n	crépitement
bn:00066082n	hochet
bn:00066084n	rallye
bn:00066087n	rassemblement
bn:00066136n	randomisation
bn:00066138n	autonomie
bn:00066138n	distance
bn:00066138n	portée
bn:00066138n	rayon
bn:00066139n	chaîne
bn:00066139n	prairie
bn:00066139n	terrain
bn:00066140n	terrain
bn:00066151n	rang
bn:00066151n	Rang
bn:00066151n	rangée
bn:00066152n	grade
bn:00066152n	rang
bn:00066153n	rang
bn:00066154n	rang
bn:00066164n	rançon
bn:00066165n	rançon
bn:00066180n	violeur
bn:00066192n	rapport
bn:00066217n	rat
bn:00066236n	débit
bn:00066236n	rythme
bn:00066236n	taux
bn:00066236n	vitesse
bn:00066245n	évaluation
bn:00066247n	rapport
bn:00066247n	ratio
bn:00066247n	taux
bn:00066250n	ration
bn:00066251n	rationnement
bn:00066256n	rationalisation
bn:00066259n	systématisation
bn:00066260n	rationalisme
bn:00066262n	raison
bn:00066264n	rationnement
bn:00066271n	crotale
bn:00066271n	serpent
bn:00066277n	réserpine
bn:00066322n	rasoir
bn:00066339n	étirement
bn:00066339n	portée
bn:00066342n	réactif
bn:00066343n	réaction
bn:00066344n	réaction
bn:00066344n	réponse
bn:00066354n	réactivité
bn:00066355n	réactivité
bn:00066365n	lecteur
bn:00066366n	lecteur
bn:00066367n	lecteur
bn:00066368n	critique
bn:00066372n	lecture
bn:00066373n	interprétation
bn:00066373n	lecture
bn:00066374n	lecture
bn:00066383n	réajustement
bn:00066393n	réactif
bn:00066411n	conscience
bn:00066414n	réalisme
bn:00066414n	réalité
bn:00066418n	monde
bn:00066418n	réalité
bn:00066419n	réalité
bn:00066431n	retour
bn:00066433n	examen
bn:00066433n	révision
bn:00066434n	arrière
bn:00066443n	raison
bn:00066451n	réassurance
bn:00066451n	réconfort
bn:00066458n	renaissance
bn:00066464n	affront
bn:00066464n	refus
bn:00066466n	reconstruction
bn:00066478n	souvenir
bn:00066489n	réception
bn:00066489n	recette
bn:00066490n	reçu
bn:00066493n	récepteur
bn:00066494n	combiné
bn:00066494n	récepteur
bn:00066495n	bénéficiaire
bn:00066495n	receveur
bn:00066506n	accueil
bn:00066506n	réaction
bn:00066506n	réponse
bn:00066507n	réception
bn:00066508n	réception
bn:00066512n	réception
bn:00066513n	réceptionniste
bn:00066516n	récession
bn:00066535n	récital
bn:00066543n	réhabilitation
bn:00066543n	renouvellement
bn:00066546n	reclassification
bn:00066561n	reprise
bn:00066562n	recommandation
bn:00066570n	reconstruction
bn:00066571n	reconstruction
bn:00066574n	compte-rendu
bn:00066574n	document
bn:00066574n	dossier
bn:00066574n	enregistrement
bn:00066574n	registre
bn:00066575n	record
bn:00066576n	enregistrement
bn:00066576n	registre
bn:00066577n	record
bn:00066578n	dossier
bn:00066584n	enregistreur
bn:00066587n	enregistrement
bn:00066588n	enregistrement
bn:00066594n	recours
bn:00066597n	guérison
bn:00066597n	récupération
bn:00066598n	récupération
bn:00066603n	récrimination
bn:00066608n	rectangle
bn:00066612n	redresseur
bn:00066614n	droiture
bn:00066620n	récurrence
bn:00066631n	rouge
bn:00066632n	Red
bn:00066632n	Rouge
bn:00066671n	leurre
bn:00066706n	violet
bn:00066711n	redéfinition
bn:00066712n	rédemption
bn:00066712n	salut
bn:00066723n	redécouverte
bn:00066729n	remède
bn:00066735n	réduction
bn:00066739n	réduction
bn:00066743n	redondance
bn:00066744n	redondance
bn:00066763n	récif
bn:00066766n	bobine
bn:00066777n	renforcement
bn:00066777n	renfort
bn:00066777n	soutien
bn:00066782n	réévaluation
bn:00066786n	réfectoire
bn:00066793n	référendum
bn:00066803n	réapprovisionnement
bn:00066804n	sucre
bn:00066810n	reflet
bn:00066810n	réflexion
bn:00066811n	reflet
bn:00066816n	réflecteur
bn:00066829n	recadrage
bn:00066830n	réforme
bn:00066831n	réforme
bn:00066857n	réfugié
bn:00066858n	remboursement
bn:00066859n	remboursement
bn:00066861n	refus
bn:00066862n	refus
bn:00066863n	rétablissement
bn:00066863n	retour
bn:00066865n	aspect
bn:00066865n	égard
bn:00066865n	sujet
bn:00066879n	régime
bn:00066880n	régiment
bn:00066884n	région
bn:00066890n	registre
bn:00066891n	registre
bn:00066917n	regret
bn:00066927n	rythme
bn:00066933n	règle
bn:00066933n	régulation
bn:00066937n	régulateur
bn:00066947n	réhabilitation
bn:00066956n	Reich
bn:00066961n	règne
bn:00066966n	remboursement
bn:00066969n	rêne
bn:00066977n	récompense
bn:00066984n	réédition
bn:00066984n	réimpression
bn:00066986n	rejet
bn:00066987n	rejet
bn:00066995n	lien
bn:00066995n	rapport
bn:00066995n	relation
bn:00066996n	parent
bn:00067001n	relation
bn:00067002n	relation
bn:00067023n	publication
bn:00067023n	sortie
bn:00067024n	libération
bn:00067030n	pertinence
bn:00067031n	confiance
bn:00067031n	recours
bn:00067033n	relique
bn:00067037n	répit
bn:00067037n	repos
bn:00067038n	soutien
bn:00067046n	secte
bn:00067050n	rite
bn:00067065n	reste
bn:00067074n	rappel
bn:00067075n	rappel
bn:00067079n	rémission
bn:00067087n	élimination
bn:00067087n	enlèvement
bn:00067087n	nettoyage
bn:00067087n	retrait
bn:00067098n	renaissance
bn:00067098n	Renaissance
bn:00067106n	interprétation
bn:00067110n	rendez-vous
bn:00067118n	renouvellement
bn:00067125n	loyer
bn:00067134n	locataire
bn:00067137n	renoncement
bn:00067153n	répétition
bn:00067157n	répétition
bn:00067165n	répertoire
bn:00067167n	répétition
bn:00067169n	remplacement
bn:00067170n	remplacement
bn:00067170n	substitut
bn:00067170n	substitution
bn:00067171n	successeur
bn:00067173n	satiété
bn:00067176n	réplication
bn:00067181n	étude
bn:00067181n	rapport
bn:00067182n	bruit
bn:00067182n	rapport
bn:00067191n	représentation
bn:00067192n	représentation
bn:00067199n	représentant
bn:00067201n	répression
bn:00067205n	grâce
bn:00067208n	représaille
bn:00067214n	reproduction
bn:00067235n	Tunisie
bn:00067236n	Turquie
bn:00067239n	Venezuela
bn:00067242n	républicain
bn:00067243n	républicain
bn:00067250n	répulsion
bn:00067253n	réputation
bn:00067254n	réputation
bn:00067262n	réquisition
bn:00067265n	rétribution
bn:00067275n	révision
bn:00067276n	révision
bn:00067280n	recherche
bn:00067290n	ressemblance
bn:00067291n	réserve
bn:00067295n	réserve
bn:00067303n	réservoir
bn:00067304n	réservoir
bn:00067313n	résidence
bn:00067319n	résidu
bn:00067320n	résignation
bn:00067321n	démission
bn:00067322n	démission
bn:00067323n	résilience
bn:00067327n	résistance
bn:00067333n	résistance
bn:00067338n	résolution
bn:00067339n	résolution
bn:00067340n	résolution
bn:00067345n	résonance
bn:00067346n	résonance
bn:00067352n	ressource
bn:00067353n	ressource
bn:00067354n	débrouillardise
bn:00067367n	réponse
bn:00067368n	réponse
bn:00067370n	responsabilité
bn:00067388n	agitation
bn:00067389n	restauration
bn:00067390n	restauration
bn:00067397n	contrainte
bn:00067397n	restriction
bn:00067397n	retenue
bn:00067409n	cv
bn:00067409n	enquête
bn:00067409n	esquisse
bn:00067409n	étude
bn:00067409n	résumé
bn:00067410n	relance
bn:00067417n	vente
bn:00067419n	détaillant
bn:00067421n	vente
bn:00067423n	domestique
bn:00067423n	fonctionnaire
bn:00067423n	serviteur
bn:00067427n	représaille
bn:00067427n	vengeance
bn:00067446n	rétine
bn:00067455n	retraité
bn:00067456n	retraite
bn:00067457n	retraite
bn:00067463n	recyclage
bn:00067464n	retrait
bn:00067464n	retraite
bn:00067490n	rétrospective
bn:00067495n	retour
bn:00067505n	réunification
bn:00067506n	réunion
bn:00067514n	révélation
bn:00067519n	impôt
bn:00067519n	taxe
bn:00067529n	rêverie
bn:00067530n	inversion
bn:00067543n	réversibilité
bn:00067567n	révolution
bn:00067568n	révolution
bn:00067576n	revolver
bn:00067581n	récompense
bn:00067587n	Rh
bn:00067616n	rhumatisme
bn:00067624n	rhinocéros
bn:00067634n	rhinotrachéite
bn:00067684n	rythme
bn:00067688n	côte
bn:00067702n	taquinerie
bn:00067703n	ruban
bn:00067717n	riz
bn:00067718n	riz
bn:00067741n	richesse
bn:00067757n	cavalier
bn:00067761n	crête
bn:00067770n	moquerie
bn:00067783n	ondulation
bn:00067785n	canon
bn:00067785n	fusil
bn:00067785n	pistolet
bn:00067807n	droit
bn:00067807n	droite
bn:00067808n	droite
bn:00067809n	droit
bn:00067809n	droite
bn:00067810n	droite
bn:00067811n	droite
bn:00067813n	droit
bn:00067816n	droitier
bn:00067845n	suffrage
bn:00067845n	vote
bn:00067848n	justice
bn:00067851n	exactitude
bn:00067860n	ruisseau
bn:00067862n	bord
bn:00067862n	rebord
bn:00067869n	sonnerie
bn:00067884n	sonnerie
bn:00067920n	ondulation
bn:00067923n	apparition
bn:00067923n	ascension
bn:00067923n	augmentation
bn:00067923n	élévation
bn:00067923n	montée
bn:00067924n	élévation
bn:00067937n	rite
bn:00067937n	rituel
bn:00067939n	rituel
bn:00067948n	fleuve
bn:00067948n	rivière
bn:00067959n	rive
bn:00067975n	itinéraire
bn:00067975n	ligne
bn:00067975n	route
bn:00067976n	route
bn:00067998n	chaussée
bn:00068012n	voleur
bn:00068014n	vol
bn:00068017n	peignoir
bn:00068017n	robe
bn:00068045n	galet
bn:00068045n	pierre
bn:00068045n	roc
bn:00068045n	roche
bn:00068045n	rocher
bn:00068046n	pierre
bn:00068046n	roche
bn:00068046n	rocher
bn:00068085n	fusée
bn:00068105n	tige
bn:00068106n	bâtonnet
bn:00068107n	rodéo
bn:00068115n	radiographie
bn:00068130n	rôle
bn:00068132n	liste
bn:00068134n	bobine
bn:00068172n	romain
bn:00068172n	roman
bn:00068172n	Roman
bn:00068181n	catholique
bn:00068193n	romance
bn:00068203n	romantique
bn:00068204n	romantique
bn:00068207n	romantisme
bn:00068208n	sentimentaliste
bn:00068210n	Rome
bn:00068220n	toit
bn:00068220n	toiture
bn:00068221n	toit
bn:00068225n	couvreur
bn:00068231n	toit
bn:00068233n	chambre
bn:00068233n	pièce
bn:00068233n	salle
bn:00068234n	espace
bn:00068234n	place
bn:00068243n	suite
bn:00068246n	racine
bn:00068247n	racine
bn:00068248n	racine
bn:00068248n	solution
bn:00068261n	enracinement
bn:00068266n	corde
bn:00068283n	rose
bn:00068297n	rosette
bn:00068323n	rotation
bn:00068343n	rotor
bn:00068377n	tour
bn:00068424n	rangée
bn:00068425n	rangée
bn:00068443n	royauté
bn:00068452n	redevance
bn:00068458n	tourisme
bn:00068465n	déchet
bn:00068475n	rubrique
bn:00068477n	titre
bn:00068489n	rubis
bn:00068519n	ruine
bn:00068520n	ruine
bn:00068525n	règle
bn:00068528n	dirigeant
bn:00068547n	course
bn:00068548n	course
bn:00068548n	épreuve
bn:00068548n	essai
bn:00068548n	tentative
bn:00068548n	test
bn:00068549n	série
bn:00068550n	course
bn:00068568n	compte-rendu
bn:00068568n	résumé
bn:00068570n	coureur
bn:00068582n	marchepied
bn:00068607n	montée
bn:00068607n	poussée
bn:00068618n	roux
bn:00068619n	Russie
bn:00068619n	URSS
bn:00068620n	Russie
bn:00068621n	Russie
bn:00068624n	russe
bn:00068625n	russe
bn:00068650n	bruissement
bn:00068651n	ornière
bn:00068652n	rutabaga
bn:00068672n	instant
bn:00068672n	s
bn:00068672n	seconde
bn:00068691n	sabbat
bn:00068696n	samedi
bn:00068703n	Sabine
bn:00068705n	martre
bn:00068710n	sabotage
bn:00068745n	sacrement
bn:00068762n	selle
bn:00068774n	sacoche
bn:00068780n	sadisme
bn:00068782n	malheur
bn:00068782n	tristesse
bn:00068790n	coffre
bn:00068799n	sécurité
bn:00068819n	saga
bn:00068820n	sage
bn:00068821n	sauge
bn:00068823n	armoise
bn:00068846n	voile
bn:00068847n	navigation
bn:00068856n	saint
bn:00068899n	salade
bn:00068912n	salamandre
bn:00068915n	vente
bn:00068916n	vente
bn:00068922n	showroom
bn:00068923n	étal
bn:00068923n	stand
bn:00068932n	vendeur
bn:00068933n	vendeur
bn:00068943n	saline
bn:00068947n	Salish
bn:00068966n	saumon
bn:00068979n	salon
bn:00068982n	berline
bn:00068991n	sel
bn:00069040n	salve
bn:00069062n	monotonie
bn:00069062n	uniformité
bn:00069078n	échantillon
bn:00069078n	exemple
bn:00069079n	échantillon
bn:00069081n	échantillonneur
bn:00069085n	échantillonnage
bn:00069122n	sanction
bn:00069126n	sable
bn:00069143n	sandale
bn:00069144n	santal
bn:00069164n	sandwich
bn:00069182n	assainissement
bn:00069183n	assainissement
bn:00069220n	sagesse
bn:00069246n	sarrasin
bn:00069280n	sardine
bn:00069327n	satisfaction
bn:00069337n	saturation
bn:00069343n	Saturne
bn:00069350n	sauce
bn:00069369n	saucisse
bn:00069382n	Savannah
bn:00069413n	sciure
bn:00069454n	échafaud
bn:00069467n	ampleur
bn:00069467n	échelle
bn:00069468n	échelle
bn:00069469n	écaille
bn:00069469n	échelle
bn:00069513n	omoplate
bn:00069514n	scapulaire
bn:00069520n	rareté
bn:00069523n	écharpe
bn:00069523n	foulard
bn:00069539n	fusil
bn:00069546n	scénario
bn:00069550n	lieu
bn:00069550n	scène
bn:00069551n	scène
bn:00069552n	prise
bn:00069552n	scène
bn:00069553n	scène
bn:00069554n	scène
bn:00069554n	vue
bn:00069555n	cadre
bn:00069555n	décor
bn:00069556n	décor
bn:00069556n	paysage
bn:00069560n	paysage
bn:00069563n	odeur
bn:00069568n	calendrier
bn:00069579n	plan
bn:00069579n	projet
bn:00069579n	schéma
bn:00069579n	stratégie
bn:00069579n	système
bn:00069580n	système
bn:00069583n	scherzo
bn:00069586n	schisme
bn:00069594n	schizophrène
bn:00069614n	bourse
bn:00069619n	école
bn:00069619n	faculté
bn:00069619n	lycée
bn:00069620n	école
bn:00069621n	école
bn:00069622n	école
bn:00069623n	école
bn:00069638n	texte
bn:00069640n	collégien
bn:00069643n	écolier
bn:00069644n	éducation
bn:00069666n	Suisse
bn:00069668n	sciatique
bn:00069670n	science
bn:00069671n	compétence
bn:00069671n	habileté
bn:00069671n	science
bn:00069671n	talent
bn:00069680n	scientifique
bn:00069683n	cimeterre
bn:00069750n	score
bn:00069751n	vingt
bn:00069751n	vingtaine
bn:00069757n	tableau
bn:00069773n	écossais
bn:00069783n	Écosse
bn:00069789n	méchant
bn:00069789n	vaurien
bn:00069793n	terreur
bn:00069841n	cri
bn:00069841n	hurlement
bn:00069842n	crissement
bn:00069851n	crible
bn:00069862n	scénario
bn:00069875n	tournevis
bn:00069907n	examen
bn:00069924n	sculpture
bn:00069945n	sud-est
bn:00069946n	mer
bn:00069970n	hippocampe
bn:00069970n	morse
bn:00070012n	sceau
bn:00070013n	sceau
bn:00070024n	scellement
bn:00070030n	couture
bn:00070036n	recherche
bn:00070047n	projecteur
bn:00070056n	saison
bn:00070057n	période
bn:00070057n	saison
bn:00070065n	siège
bn:00070066n	place
bn:00070066n	siège
bn:00070067n	siège
bn:00070077n	Seattle
bn:00070080n	algue
bn:00070094n	sécrétion
bn:00070099n	sécessionniste
bn:00070132n	carré
bn:00070158n	confidentialité
bn:00070158n	secret
bn:00070158n	silence
bn:00070159n	secret
bn:00070164n	secrétaire
bn:00070168n	secrétaire
bn:00070176n	secrétaire
bn:00070188n	sécrétion
bn:00070190n	article
bn:00070190n	section
bn:00070191n	coupe
bn:00070191n	section
bn:00070192n	quartier
bn:00070192n	région
bn:00070192n	section
bn:00070193n	section
bn:00070193n	segment
bn:00070193n	tranche
bn:00070194n	section
bn:00070205n	secteur
bn:00070206n	secteur
bn:00070207n	domaine
bn:00070207n	secteur
bn:00070213n	sécularisme
bn:00070219n	sécurité
bn:00070220n	sécurité
bn:00070230n	gardien
bn:00070238n	solennité
bn:00070247n	séduction
bn:00070253n	graine
bn:00070253n	semence
bn:00070253n	semis
bn:00070254n	graine
bn:00070254n	semence
bn:00070265n	pépinière
bn:00070270n	semis
bn:00070288n	séquestration
bn:00070300n	choc
bn:00070302n	sismographe
bn:00070311n	choix
bn:00070311n	sélection
bn:00070325n	moi
bn:00070325n	soi
bn:00070332n	autodestruction
bn:00070332n	suicide
bn:00070342n	auto-illusion
bn:00070343n	défense
bn:00070344n	autodiscipline
bn:00070347n	autodétermination
bn:00070347n	autonomie
bn:00070356n	auto-assistance
bn:00070383n	égoïsme
bn:00070438n	séminariste
bn:00070453n	translucidité
bn:00070458n	sénat
bn:00070458n	Sénat
bn:00070459n	sénat
bn:00070461n	sénateur
bn:00070467n	envoi
bn:00070479n	senior
bn:00070492n	sensation
bn:00070494n	sens
bn:00070497n	esprit
bn:00070497n	raison
bn:00070497n	sens
bn:00070497n	sentiment
bn:00070498n	sens
bn:00070499n	sens
bn:00070500n	sens
bn:00070505n	sensibilité
bn:00070506n	sensibilité
bn:00070512n	sensibilité
bn:00070513n	sensibilité
bn:00070523n	sensualité
bn:00070528n	phrase
bn:00070532n	sentiment
bn:00070537n	sept.
bn:00070537n	septembre
bn:00070542n	séparation
bn:00070568n	cloison
bn:00070574n	ordre
bn:00070574n	séquence
bn:00070575n	séquence
bn:00070592n	serge
bn:00070593n	sergent
bn:00070597n	série
bn:00070598n	série
bn:00070601n	Sérialisme
bn:00070609n	série
bn:00070610n	série
bn:00070648n	serveur
bn:00070651n	service
bn:00070652n	service
bn:00070653n	service
bn:00070654n	service
bn:00070677n	service
bn:00070689n	séance
bn:00070689n	session
bn:00070690n	séance
bn:00070690n	session
bn:00070694n	sextuor
bn:00070696n	ensemble
bn:00070696n	série
bn:00070697n	ensemble
bn:00070698n	décor
bn:00070698n	plateau
bn:00070724n	colonie
bn:00070724n	village
bn:00070725n	règlement
bn:00070733n	installation
bn:00070772n	sexe
bn:00070772n	sexualité
bn:00070773n	sexe
bn:00070820n	ombre
bn:00070821n	teinte
bn:00070822n	store
bn:00070829n	ombrage
bn:00070830n	ombre
bn:00070832n	trace
bn:00070832n	vestige
bn:00070841n	flèche
bn:00070841n	tige
bn:00070859n	trille
bn:00070860n	frisson
bn:00070871n	secousse
bn:00070879n	superficialité
bn:00070886n	honte
bn:00070903n	shantung
bn:00070912n	action
bn:00070914n	actionnaire
bn:00070919n	requin
bn:00070937n	rasage
bn:00070943n	châle
bn:00070952n	cisaillement
bn:00070959n	étui
bn:00070964n	hangar
bn:00070967n	mouton
bn:00070981n	feuille
bn:00070981n	feuillet
bn:00070986n	tôle
bn:00070987n	partition
bn:00070999n	étagère
bn:00071003n	coquillage
bn:00071004n	carapace
bn:00071004n	coquille
bn:00071019n	abri
bn:00071019n	logement
bn:00071019n	refuge
bn:00071020n	abri
bn:00071033n	pasteur
bn:00071038n	shérif
bn:00071043n	sherry
bn:00071043n	xérès
bn:00071054n	shibboleth
bn:00071055n	bouclier
bn:00071055n	écran
bn:00071056n	blindage
bn:00071057n	blindage
bn:00071059n	décalage
bn:00071059n	déplacement
bn:00071059n	passage
bn:00071059n	transformation
bn:00071059n	transmutation
bn:00071060n	changement
bn:00071061n	déplacement
bn:00071079n	cale
bn:00071082n	tibia
bn:00071085n	tibia
bn:00071103n	bateau
bn:00071103n	navire
bn:00071103n	vaisseau
bn:00071122n	expédition
bn:00071122n	transport
bn:00071132n	épave
bn:00071135n	chantier
bn:00071142n	chemise
bn:00071162n	choc
bn:00071172n	chaussure
bn:00071177n	lacet
bn:00071204n	tireur
bn:00071206n	chasse
bn:00071206n	coup
bn:00071206n	tir
bn:00071207n	fusillade
bn:00071207n	tir
bn:00071215n	boutique
bn:00071215n	magasin
bn:00071216n	atelier
bn:00071216n	échoppe
bn:00071227n	acheteur
bn:00071229n	course
bn:00071229n	shopping
bn:00071235n	côte
bn:00071235n	rivage
bn:00071235n	rive
bn:00071269n	sténographie
bn:00071281n	coup
bn:00071281n	tir
bn:00071294n	épaule
bn:00071297n	sac
bn:00071309n	pelle
bn:00071315n	émission
bn:00071315n	exposition
bn:00071315n	Show
bn:00071315n	spectacle
bn:00071322n	vitrine
bn:00071324n	douche
bn:00071325n	douche
bn:00071355n	sanctuaire
bn:00071364n	buisson
bn:00071365n	arbuste
bn:00071367n	haussement
bn:00071377n	shunt
bn:00071382n	obturateur
bn:00071383n	volet
bn:00071401n	Sibérie
bn:00071410n	Sicile
bn:00071412n	sicilien
bn:00071414n	malade
bn:00071431n	bord
bn:00071431n	côté
bn:00071431n	endroit
bn:00071431n	face
bn:00071431n	flanc
bn:00071431n	part
bn:00071432n	camp
bn:00071432n	côté
bn:00071433n	côté
bn:00071433n	flanc
bn:00071434n	bord
bn:00071434n	côté
bn:00071434n	flanc
bn:00071435n	côté
bn:00071435n	part
bn:00071436n	côté
bn:00071437n	côté
bn:00071505n	soupir
bn:00071507n	vue
bn:00071508n	spectacle
bn:00071508n	vue
bn:00071509n	vision
bn:00071509n	vue
bn:00071511n	regard
bn:00071511n	vue
bn:00071524n	enseigne
bn:00071524n	panneau
bn:00071525n	signal
bn:00071525n	signe
bn:00071526n	enseigne
bn:00071526n	panneau
bn:00071527n	signe
bn:00071528n	signe
bn:00071547n	signature
bn:00071548n	signature
bn:00071548n	touche
bn:00071554n	importance
bn:00071554n	signification
bn:00071583n	silhouette
bn:00071587n	silicate
bn:00071599n	soie
bn:00071609n	rebord
bn:00071615n	silo
bn:00071625n	argent
bn:00071670n	ressemblance
bn:00071670n	similarité
bn:00071670n	similitude
bn:00071671n	comparaison
bn:00071689n	simplicité
bn:00071695n	simplicité
bn:00071701n	simulation
bn:00071707n	péché
bn:00071708n	péché
bn:00071715n	sincérité
bn:00071726n	tendon
bn:00071731n	chanteur
bn:00071734n	chant
bn:00071734n	chanteur
bn:00071756n	maillot
bn:00071763n	singularité
bn:00071763n	unicité
bn:00071766n	évier
bn:00071790n	sinusoïde
bn:00071793n	sioux
bn:00071793n	Sioux
bn:00071797n	gorgée
bn:00071803n	Monsieur
bn:00071833n	contre-filet
bn:00071838n	sœur
bn:00071858n	site
bn:00071861n	Tibet
bn:00071869n	situation
bn:00071887n	ampleur
bn:00071887n	mesure
bn:00071887n	taille
bn:00071888n	taille
bn:00071911n	skeet
bn:00071923n	croquis
bn:00071923n	esquisse
bn:00071923n	étude
bn:00071924n	croquis
bn:00071924n	ébauche
bn:00071924n	esquisse
bn:00071924n	sketch
bn:00071924n	vignette
bn:00071961n	esquif
bn:00071961n	skiff
bn:00071978n	peau
bn:00071979n	peau
bn:00072003n	jupe
bn:00072004n	jupe
bn:00072006n	sketch
bn:00072011n	crâne
bn:00072015n	calotte
bn:00072016n	ciel
bn:00072030n	gratte-ciel
bn:00072033n	dalle
bn:00072040n	pantalon
bn:00072065n	latte
bn:00072078n	abattage
bn:00072080n	esclave
bn:00072091n	esclavage
bn:00072101n	sommeil
bn:00072101n	veille
bn:00072107n	dormeur
bn:00072117n	sommeil
bn:00072123n	somnifère
bn:00072150n	glissement
bn:00072151n	glissade
bn:00072174n	bande
bn:00072185n	glissement
bn:00072190n	fente
bn:00072194n	écharde
bn:00072194n	éclat
bn:00072201n	sloop
bn:00072209n	négligence
bn:00072213n	créneau
bn:00072213n	emplacement
bn:00072214n	fente
bn:00072240n	boue
bn:00072248n	bidonville
bn:00072248n	quartier
bn:00072260n	creux
bn:00072274n	intestin
bn:00072287n	variole
bn:00072319n	fumée
bn:00072322n	tabagisme
bn:00072357n	douceur
bn:00072374n	escargot
bn:00072399n	muflier
bn:00072404n	piège
bn:00072432n	tireur
bn:00072446n	ronflement
bn:00072455n	neige
bn:00072456n	neige
bn:00072488n	tabatière
bn:00072489n	éteignoir
bn:00072494n	trempage
bn:00072496n	savon
bn:00072517n	sobriété
bn:00072524n	sociabilité
bn:00072539n	structure
bn:00072554n	groupe
bn:00072554n	unité
bn:00072559n	socialisme
bn:00072561n	socialiste
bn:00072565n	sociabilité
bn:00072566n	société
bn:00072573n	sociologue
bn:00072576n	chaussette
bn:00072620n	boisson
bn:00072640n	ramollissement
bn:00072643n	douceur
bn:00072662n	séjour
bn:00072698n	soldat
bn:00072703n	semelle
bn:00072718n	sollicitude
bn:00072719n	solide
bn:00072727n	solidarité
bn:00072728n	solidité
bn:00072734n	solipsisme
bn:00072744n	solo
bn:00072749n	soliste
bn:00072760n	solution
bn:00072761n	solution
bn:00072794n	chanson
bn:00072794n	chant
bn:00072796n	chanson
bn:00072807n	sonnet
bn:00072830n	soprano
bn:00072851n	sororité
bn:00072852n	adsorption
bn:00072852n	sorption
bn:00072854n	chagrin
bn:00072854n	tristesse
bn:00072856n	genre
bn:00072875n	sud-ouest
bn:00072886n	âme
bn:00072887n	âme
bn:00072892n	bruit
bn:00072892n	écho
bn:00072892n	son
bn:00072892n	sonorité
bn:00072893n	bruit
bn:00072893n	son
bn:00072894n	bruit
bn:00072895n	détroit
bn:00072919n	sagesse
bn:00072921n	soupe
bn:00072943n	source
bn:00072944n	source
bn:00072953n	levain
bn:00072959n	soutane
bn:00072960n	sud
bn:00072960n	Sud
bn:00072961n	sud
bn:00072996n	sud-est
bn:00073007n	sudiste
bn:00073012n	sud-ouest
bn:00073020n	souveraineté
bn:00073024n	soviétique
bn:00073038n	espace
bn:00073039n	espace
bn:00073060n	espacement
bn:00073061n	espacement
bn:00073063n	pique
bn:00073064n	pelle
bn:00073082n	espace
bn:00073082n	intervalle
bn:00073082n	période
bn:00073091n	épagneul
bn:00073092n	espagnol
bn:00073146n	moineau
bn:00073170n	enceinte
bn:00073170n	intervenant
bn:00073170n	locuteur
bn:00073170n	orateur
bn:00073171n	président
bn:00073184n	spécification
bn:00073204n	spécialisation
bn:00073205n	spécialisation
bn:00073206n	spécialiste
bn:00073210n	espèce
bn:00073211n	espèce
bn:00073219n	spécificité
bn:00073220n	spécificité
bn:00073222n	échantillon
bn:00073222n	exemple
bn:00073222n	spécimen
bn:00073223n	spécimen
bn:00073226n	spectacle
bn:00073227n	spectacle
bn:00073230n	spectateur
bn:00073235n	spectroscopie
bn:00073236n	spectrophotomètre
bn:00073237n	spectre
bn:00073240n	entreprise
bn:00073240n	spéculation
bn:00073258n	rapidité
bn:00073258n	vitesse
bn:00073279n	orthographe
bn:00073308n	sphère
bn:00073309n	domaine
bn:00073309n	sphère
bn:00073320n	sphérule
bn:00073329n	aromate
bn:00073338n	araignée
bn:00073351n	pointe
bn:00073369n	torsion
bn:00073419n	spirale
bn:00073427n	clocher
bn:00073427n	flèche
bn:00073430n	âme
bn:00073430n	esprit
bn:00073431n	esprit
bn:00073480n	splénomégalie
bn:00073490n	écart
bn:00073490n	fente
bn:00073490n	split
bn:00073526n	porte-parole
bn:00073533n	éponge
bn:00073544n	parrainage
bn:00073545n	spontanéité
bn:00073547n	cuillère
bn:00073548n	cuillerée
bn:00073557n	spore
bn:00073568n	sport
bn:00073571n	sportif
bn:00073590n	lieu
bn:00073615n	pulvérisateur
bn:00073615n	pulvérisation
bn:00073625n	diffusion
bn:00073625n	propagation
bn:00073636n	printemps
bn:00073637n	ressort
bn:00073638n	source
bn:00073643n	homme
bn:00073643n	jeune
bn:00073643n	jeunesse
bn:00073649n	tremplin
bn:00073674n	écume
bn:00073676n	éperon
bn:00073684n	spoutnik
bn:00073684n	Spoutnik
bn:00073685n	espion
bn:00073698n	équipe
bn:00073698n	escouade
bn:00073699n	équipe
bn:00073699n	escouade
bn:00073703n	escadron
bn:00073745n	grincement
bn:00073750n	pression
bn:00073766n	écuyer
bn:00073786n	stabilisation
bn:00073788n	stabilité
bn:00073795n	pile
bn:00073801n	équipe
bn:00073801n	personnel
bn:00073802n	bâton
bn:00073816n	scène
bn:00073817n	scène
bn:00073818n	diligence
bn:00073842n	tache
bn:00073844n	vitrail
bn:00073848n	escalier
bn:00073848n	marche
bn:00073851n	escalier
bn:00073853n	escalier
bn:00073854n	cage
bn:00073868n	tige
bn:00073878n	box
bn:00073878n	échoppe
bn:00073878n	écurie
bn:00073878n	étal
bn:00073884n	étamine
bn:00073902n	posture
bn:00073905n	vue
bn:00073906n	kiosque
bn:00073906n	stand
bn:00073933n	position
bn:00073964n	étoile
bn:00073978n	célébrité
bn:00073980n	regard
bn:00073985n	starlette
bn:00073989n	début
bn:00073989n	départ
bn:00073990n	départ
bn:00073992n	démarreur
bn:00074009n	état
bn:00074010n	état
bn:00074011n	état
bn:00074020n	état
bn:00074023n	guerre
bn:00074033n	affirmation
bn:00074033n	attestation
bn:00074033n	déclaration
bn:00074033n	énoncé
bn:00074034n	déclaration
bn:00074049n	gare
bn:00074049n	poste
bn:00074049n	station
bn:00074057n	statistique
bn:00074064n	statue
bn:00074066n	stature
bn:00074076n	séjour
bn:00074088n	bien-aimé
bn:00074088n	chéri
bn:00074089n	steak
bn:00074094n	voleur
bn:00074095n	discrétion
bn:00074113n	vapeur
bn:00074116n	paquebot
bn:00074123n	acier
bn:00074156n	volant
bn:00074200n	enfant
bn:00074206n	belle-mère
bn:00074208n	steppe
bn:00074210n	gué
bn:00074221n	cliché
bn:00074221n	stéréotype
bn:00074234n	stéroïde
bn:00074236n	stéthoscope
bn:00074251n	bâton
bn:00074251n	bâtonnet
bn:00074252n	bâton
bn:00074274n	raideur
bn:00074287n	photo
bn:00074292n	immobilité
bn:00074296n	stimulation
bn:00074298n	dard
bn:00074298n	piqûre
bn:00074322n	agitation
bn:00074323n	étrier
bn:00074326n	couture
bn:00074332n	action
bn:00074333n	action
bn:00074364n	palissade
bn:00074365n	courtier
bn:00074376n	bas
bn:00074392n	stoïcien
bn:00074395n	stoïcisme
bn:00074396n	stoïcisme
bn:00074410n	pierre
bn:00074427n	tabouret
bn:00074430n	perron
bn:00074434n	arrêt
bn:00074435n	étape
bn:00074441n	feu
bn:00074446n	stockage
bn:00074447n	stockage
bn:00074452n	bassin
bn:00074452n	réservoir
bn:00074453n	entrepôt
bn:00074458n	orage
bn:00074458n	tempête
bn:00074459n	tempête
bn:00074472n	histoire
bn:00074472n	récit
bn:00074479n	poêle
bn:00074496n	traînard
bn:00074508n	droite
bn:00074508n	ligne
bn:00074518n	déformation
bn:00074518n	fatigue
bn:00074518n	pression
bn:00074518n	tension
bn:00074519n	accent
bn:00074519n	pression
bn:00074519n	stress
bn:00074532n	brin
bn:00074533n	fil
bn:00074544n	bande
bn:00074544n	sangle
bn:00074553n	stratège
bn:00074560n	stratification
bn:00074567n	strate
bn:00074572n	paille
bn:00074576n	fraise
bn:00074588n	rivière
bn:00074588n	ruisseau
bn:00074595n	rue
bn:00074595n	ville
bn:00074596n	rue
bn:00074597n	rue
bn:00074606n	lampadaire
bn:00074613n	tramway
bn:00074615n	concentration
bn:00074615n	force
bn:00074615n	robustesse
bn:00074633n	détresse
bn:00074633n	stress
bn:00074633n	tension
bn:00074634n	contrainte
bn:00074639n	étendue
bn:00074641n	étirement
bn:00074654n	striation
bn:00074667n	conflit
bn:00074668n	grève
bn:00074669n	frappe
bn:00074682n	corde
bn:00074682n	ficelle
bn:00074683n	corde
bn:00074684n	série
bn:00074702n	bande
bn:00074702n	tranche
bn:00074724n	coup
bn:00074759n	structure
bn:00074760n	structure
bn:00074762n	lutte
bn:00074767n	strychnine
bn:00074771n	moignon
bn:00074776n	stuc
bn:00074786n	atelier
bn:00074786n	studio
bn:00074790n	enquête
bn:00074790n	étude
bn:00074791n	étude
bn:00074791n	œuvre
bn:00074791n	travail
bn:00074792n	étude
bn:00074793n	bureau
bn:00074793n	étude
bn:00074798n	chose
bn:00074798n	truc
bn:00074810n	pierre
bn:00074811n	souche
bn:00074811n	tronc
bn:00074812n	moignon
bn:00074818n	acrobatie
bn:00074823n	stupidité
bn:00074828n	bouleversement
bn:00074831n	style
bn:00074832n	mode
bn:00074832n	style
bn:00074839n	stylisation
bn:00074840n	styliste
bn:00074869n	sous-commission
bn:00074873n	sous-continent
bn:00074882n	subdivision
bn:00074884n	paragraphe
bn:00074884n	sous-alinéa
bn:00074884n	sous-section
bn:00074897n	sous-groupe
bn:00074900n	sujet
bn:00074900n	thème
bn:00074901n	sujet
bn:00074903n	soumission
bn:00074921n	mitraillette
bn:00074963n	abonnement
bn:00074964n	abonnement
bn:00074977n	subvention
bn:00074978n	subsistance
bn:00074979n	subsistance
bn:00074982n	survivant
bn:00074983n	sous-sol
bn:00074984n	sous-espace
bn:00074985n	substance
bn:00074990n	sous-station
bn:00074991n	substrat
bn:00074997n	sous-système
bn:00075008n	banlieue
bn:00075008n	faubourg
bn:00075009n	banlieusard
bn:00075023n	réussite
bn:00075023n	succès
bn:00075024n	réussite
bn:00075024n	succès
bn:00075025n	succès
bn:00075026n	succession
bn:00075028n	successeur
bn:00075048n	succion
bn:00075063n	prétendant
bn:00075069n	malheur
bn:00075069n	souffrance
bn:00075069n	souffrant
bn:00075080n	sucrier
bn:00075090n	douceur
bn:00075094n	suggestion
bn:00075103n	costume
bn:00075107n	adéquation
bn:00075108n	suite
bn:00075135n	sulky
bn:00075141n	somme
bn:00075142n	résumé
bn:00075144n	Sumatra
bn:00075151n	été
bn:00075170n	soleil
bn:00075171n	lumière
bn:00075171n	soleil
bn:00075172n	soleil
bn:00075203n	cadran
bn:00075204n	coucher
bn:00075224n	gorgée
bn:00075255n	supérieur
bn:00075272n	supériorité
bn:00075277n	supermarché
bn:00075298n	superstition
bn:00075310n	superviseur
bn:00075315n	dîner
bn:00075315n	souper
bn:00075321n	complément
bn:00075321n	supplément
bn:00075322n	apport
bn:00075322n	approvisionnement
bn:00075322n	fourniture
bn:00075322n	réserve
bn:00075323n	ravitaillement
bn:00075330n	soutien
bn:00075331n	soutien
bn:00075332n	soutien
bn:00075333n	soutien
bn:00075333n	support
bn:00075373n	surface
bn:00075374n	surface
bn:00075375n	surface
bn:00075376n	surfactant
bn:00075376n	tensioactif
bn:00075392n	montée
bn:00075412n	surprise
bn:00075413n	surprise
bn:00075427n	surveillance
bn:00075431n	relevé
bn:00075433n	arpenteur
bn:00075438n	survivant
bn:00075439n	survivant
bn:00075444n	susceptibilité
bn:00075445n	sushi
bn:00075447n	suspect
bn:00075449n	attente
bn:00075449n	suspense
bn:00075450n	suspens
bn:00075450n	suspense
bn:00075453n	suspension
bn:00075468n	chuchotement
bn:00075468n	murmure
bn:00075493n	swahili
bn:00075498n	swami
bn:00075499n	marais
bn:00075504n	cygne
bn:00075513n	échantillon
bn:00075517n	autorité
bn:00075528n	survêtement
bn:00075529n	bandeau
bn:00075535n	sweat
bn:00075537n	suédois
bn:00075560n	orange
bn:00075570n	amour
bn:00075570n	chéri
bn:00075574n	ondulation
bn:00075579n	natation
bn:00075590n	balançoire
bn:00075601n	suisse
bn:00075644n	syllabe
bn:00075652n	symbole
bn:00075653n	symbole
bn:00075657n	symbolisme
bn:00075660n	symbolisme
bn:00075662n	symboliste
bn:00075669n	compréhension
bn:00075669n	sympathie
bn:00075670n	sympathie
bn:00075673n	symphonie
bn:00075682n	colloque
bn:00075682n	symposium
bn:00075683n	symptôme
bn:00075684n	symptôme
bn:00075688n	synagogue
bn:00075696n	synchronie
bn:00075696n	synchronisation
bn:00075718n	syndrome
bn:00075722n	synergisme
bn:00075737n	syntaxe
bn:00075742n	synthèse
bn:00075743n	synthèse
bn:00075752n	Syrie
bn:00075759n	réseau
bn:00075759n	système
bn:00075760n	système
bn:00075761n	système
bn:00075762n	système
bn:00075763n	système
bn:00075764n	système
bn:00075785n	thyroxine
bn:00075796n	tuberculose
bn:00075812n	barème
bn:00075812n	tableau
bn:00075813n	table
bn:00075814n	table
bn:00075824n	tableau
bn:00075844n	tableau
bn:00075869n	habileté
bn:00075869n	tact
bn:00075872n	tactique
bn:00075884n	caramel
bn:00075885n	étiquette
bn:00075897n	Tahiti
bn:00075904n	queue
bn:00075905n	queue
bn:00075959n	talent
bn:00075965n	conversation
bn:00075965n	discours
bn:00075965n	discussion
bn:00075966n	discours
bn:00075967n	discours
bn:00075983n	suif
bn:00076033n	tangent
bn:00076033n	tangente
bn:00076039n	enchevêtrement
bn:00076041n	tango
bn:00076095n	taverne
bn:00076100n	bande
bn:00076100n	ruban
bn:00076101n	bande
bn:00076107n	magnétophone
bn:00076115n	tapisserie
bn:00076128n	tapotement
bn:00076148n	cible
bn:00076158n	bâche
bn:00076190n	goût
bn:00076208n	moquerie
bn:00076212n	tension
bn:00076252n	contribuable
bn:00076264n	thé
bn:00076289n	enseignant
bn:00076299n	teck
bn:00076301n	bouilloire
bn:00076303n	attelage
bn:00076303n	équipe
bn:00076306n	conducteur
bn:00076312n	larme
bn:00076326n	cuillerée
bn:00076338n	technicien
bn:00076341n	technique
bn:00076373n	télévision
bn:00076373n	TV
bn:00076382n	câble
bn:00076382n	télégramme
bn:00076383n	télégraphe
bn:00076386n	ligne
bn:00076387n	télégraphiste
bn:00076390n	télégraphie
bn:00076399n	télépathie
bn:00076400n	téléphone
bn:00076415n	lunette
bn:00076421n	télévision
bn:00076457n	température
bn:00076458n	température
bn:00076465n	temple
bn:00076467n	temple
bn:00076496n	tendance
bn:00076506n	tendresse
bn:00076511n	immeuble
bn:00076511n	logement
bn:00076518n	Tennessee
bn:00076525n	tennis
bn:00076529n	raquette
bn:00076532n	ténor
bn:00076545n	temps
bn:00076552n	tension
bn:00076553n	tension
bn:00076562n	tentacule
bn:00076587n	terme
bn:00076588n	durée
bn:00076588n	mandat
bn:00076588n	terme
bn:00076588n	trimestre
bn:00076589n	terme
bn:00076590n	terme
bn:00076611n	terrain
bn:00076619n	terrier
bn:00076627n	territoire
bn:00076647n	épreuve
bn:00076647n	essai
bn:00076647n	test
bn:00076648n	épreuve
bn:00076648n	test
bn:00076665n	testament
bn:00076666n	testament
bn:00076666n	volonté
bn:00076674n	témoignage
bn:00076675n	hommage
bn:00076677n	témoignage
bn:00076678n	témoignage
bn:00076680n	essai
bn:00076680n	test
bn:00076681n	test
bn:00076726n	texan
bn:00076732n	texte
bn:00076740n	texture
bn:00076741n	texture
bn:00076742n	texture
bn:00076744n	jeudi
bn:00076767n	merci
bn:00076768n	merci
bn:00076768n	remerciement
bn:00076770n	Thanksgiving
bn:00076778n	dégel
bn:00076786n	chiasse
bn:00076789n	vérité
bn:00076821n	transit
bn:00076825n	théologien
bn:00076827n	théologie
bn:00076828n	théologie
bn:00076831n	théorème
bn:00076834n	théorie
bn:00076835n	théorie
bn:00076843n	thérapie
bn:00076843n	traitement
bn:00076856n	thermistor
bn:00076866n	thermocouple
bn:00076877n	thermomètre
bn:00076878n	thermométrie
bn:00076883n	thermostat
bn:00076890n	thèse
bn:00076908n	épaisseur
bn:00076911n	cuisse
bn:00076918n	cas
bn:00076918n	chose
bn:00076918n	fait
bn:00076918n	sujet
bn:00076919n	chose
bn:00076920n	chose
bn:00076920n	fait
bn:00076921n	affaire
bn:00076921n	cause
bn:00076921n	chose
bn:00076921n	truc
bn:00076922n	chose
bn:00076923n	chose
bn:00076923n	fait
bn:00076923n	sujet
bn:00076924n	chose
bn:00076925n	chose
bn:00076925n	fait
bn:00076926n	chose
bn:00076929n	affaire
bn:00076929n	chose
bn:00076943n	thiouracile
bn:00076945n	troisième
bn:00076968n	soif
bn:00077010n	artère
bn:00077011n	minutie
bn:00077016n	pensée
bn:00077028n	fil
bn:00077032n	menace
bn:00077033n	menace
bn:00077035n	triple
bn:00077053n	battage
bn:00077055n	seuil
bn:00077062n	gaspillage
bn:00077064n	thriller
bn:00077067n	gorge
bn:00077067n	goulot
bn:00077084n	thrombose
bn:00077091n	coup
bn:00077109n	thug
bn:00077117n	pouce
bn:00077123n	tonnerre
bn:00077141n	thyroglobuline
bn:00077142n	glande
bn:00077142n	thyroïde
bn:00077143n	tsh
bn:00077143n	TSH
bn:00077170n	tique
bn:00077174n	billet
bn:00077174n	ticket
bn:00077199n	marée
bn:00077208n	lien
bn:00077209n	attache
bn:00077225n	tigre
bn:00077239n	carreau
bn:00077259n	bois
bn:00077259n	poutre
bn:00077260n	poutre
bn:00077267n	date
bn:00077267n	délai
bn:00077267n	durée
bn:00077267n	époque
bn:00077267n	horaire
bn:00077267n	moment
bn:00077267n	période
bn:00077267n	temps
bn:00077268n	époque
bn:00077268n	fois
bn:00077268n	heure
bn:00077268n	moment
bn:00077268n	période
bn:00077268n	temps
bn:00077269n	époque
bn:00077269n	heure
bn:00077269n	instant
bn:00077269n	moment
bn:00077269n	temps
bn:00077270n	durée
bn:00077270n	temps
bn:00077271n	fois
bn:00077271n	moment
bn:00077295n	congé
bn:00077309n	minuterie
bn:00077311n	époque
bn:00077311n	période
bn:00077311n	temps
bn:00077314n	calendrier
bn:00077318n	timidité
bn:00077321n	timing
bn:00077344n	dent
bn:00077365n	bout
bn:00077365n	extrémité
bn:00077365n	pointe
bn:00077377n	pneu
bn:00077386n	tissu
bn:00077387n	mouchoir
bn:00077387n	tissu
bn:00077409n	titre
bn:00077410n	titre
bn:00077415n	titre
bn:00077416n	titrage
bn:00077433n	toast
bn:00077465n	orteil
bn:00077466n	orteil
bn:00077515n	tolérance
bn:00077516n	tolérance
bn:00077519n	coût
bn:00077537n	tomate
bn:00077549n	Demain
bn:00077550n	demain
bn:00077553n	ton
bn:00077554n	ton
bn:00077554n	tonalité
bn:00077585n	outil
bn:00077593n	dent
bn:00077594n	dent
bn:00077604n	dentifrice
bn:00077607n	cime
bn:00077607n	dessus
bn:00077607n	haut
bn:00077607n	sommet
bn:00077607n	toit
bn:00077608n	dessus
bn:00077608n	haut
bn:00077608n	sommet
bn:00077608n	tête
bn:00077610n	tête
bn:00077638n	topographie
bn:00077657n	torche
bn:00077666n	tourment
bn:00077667n	tornade
bn:00077670n	Toronto
bn:00077678n	torpeur
bn:00077701n	tory
bn:00077726n	contact
bn:00077726n	toucher
bn:00077736n	touchdown
bn:00077736n	touché
bn:00077750n	tournoi
bn:00077760n	remorqueur
bn:00077761n	serviette
bn:00077766n	tour
bn:00077773n	citadin
bn:00077773n	ville
bn:00077774n	ville
bn:00077775n	ville
bn:00077794n	toxine
bn:00077813n	trace
bn:00077824n	trachée
bn:00077834n	traçage
bn:00077838n	voie
bn:00077851n	tractus
bn:00077857n	tracteur
bn:00077860n	commerce
bn:00077877n	marque
bn:00077883n	tradition
bn:00077884n	traditionalisme
bn:00077885n	traditionalisme
bn:00077888n	circulation
bn:00077888n	trafic
bn:00077889n	trafic
bn:00077896n	tragédien
bn:00077899n	tragédie
bn:00077904n	traînée
bn:00077905n	chemin
bn:00077905n	sentier
bn:00077923n	stage
bn:00077930n	caractéristique
bn:00077930n	trait
bn:00077931n	traître
bn:00077963n	transcription
bn:00077966n	transducteur
bn:00077973n	transfert
bn:00077992n	traduction
bn:00077993n	transformateur
bn:00078000n	transience
bn:00078004n	transport
bn:00078008n	transition
bn:00078014n	traduction
bn:00078014n	translation
bn:00078024n	transmission
bn:00078025n	transmission
bn:00078033n	transformation
bn:00078033n	transmutation
bn:00078040n	transpiration
bn:00078046n	transport
bn:00078068n	piège
bn:00078069n	piège
bn:00078070n	trap
bn:00078082n	trappeur
bn:00078085n	propagation
bn:00078085n	trajet
bn:00078085n	voyage
bn:00078093n	voyageur
bn:00078102n	plateau
bn:00078112n	trésor
bn:00078120n	Trésor
bn:00078127n	traitement
bn:00078131n	arbre
bn:00078188n	tréteau
bn:00078208n	triangle
bn:00078256n	tour
bn:00078257n	tour
bn:00078313n	trio
bn:00078318n	déplacement
bn:00078318n	trajet
bn:00078318n	voyage
bn:00078346n	trépied
bn:00078365n	triomphe
bn:00078365n	victoire
bn:00078366n	triomphe
bn:00078377n	troïka
bn:00078382n	troll
bn:00078393n	troupe
bn:00078394n	troupe
bn:00078424n	difficulté
bn:00078424n	ennui
bn:00078424n	problème
bn:00078424n	souci
bn:00078424n	trouble
bn:00078425n	inquiétude
bn:00078425n	souci
bn:00078427n	dépanneur
bn:00078428n	creux
bn:00078428n	dépression
bn:00078460n	vérité
bn:00078479n	coffre
bn:00078479n	malle
bn:00078487n	fiducie
bn:00078488n	confiance
bn:00078498n	vérité
bn:00078500n	véracité
bn:00078509n	tsunami
bn:00078515n	bac
bn:00078520n	tube
bn:00078546n	mardi
bn:00078559n	tulipe
bn:00078568n	culbute
bn:00078572n	gobelet
bn:00078602n	réglage
bn:00078606n	tunnel
bn:00078617n	turban
bn:00078621n	turbine
bn:00078624n	turbulence
bn:00078656n	tournant
bn:00078656n	virage
bn:00078658n	tour
bn:00078659n	virage
bn:00078694n	platine
bn:00078719n	tutoriel
bn:00078730n	tweed
bn:00078738n	an
bn:00078738n	année
bn:00078753n	jumeau
bn:00078798n	forme
bn:00078798n	sorte
bn:00078798n	type
bn:00078813n	dactylographie
bn:00078818n	typhus
bn:00078824n	typographie
bn:00078838n	tyrosine
bn:00078848n	États-Unis
bn:00078863n	laideur
bn:00078879n	ulcération
bn:00078879n	ulcère
bn:00078897n	ultimatum
bn:00078898n	ultracentrifugation
bn:00078920n	parapluie
bn:00078920n	parasol
bn:00078931n	Nations
bn:00078951n	oncle
bn:00078952n	oncle
bn:00078968n	inconscient
bn:00078982n	broussaille
bn:00078986n	sous-vêtement
bn:00079004n	étudiant
bn:00079014n	sous-secrétaire
bn:00079017n	euphémisme
bn:00079023n	pègre
bn:00079031n	perte
bn:00079036n	onde
bn:00079045n	chômage
bn:00079079n	uniforme
bn:00079081n	uniformité
bn:00079106n	unité
bn:00079107n	unité
bn:00079108n	unité
bn:00079151n	université
bn:00079152n	université
bn:00079184n	volontaire
bn:00079199n	irréalité
bn:00079269n	uppercut
bn:00079293n	Vénus
bn:00079330n	urgence
bn:00079331n	urgence
bn:00079370n	usage
bn:00079372n	utilité
bn:00079373n	usager
bn:00079373n	utilisateur
bn:00079388n	ustensile
bn:00079392n	ventre
bn:00079398n	service
bn:00079407n	utopia
bn:00079407n	Utopia
bn:00079407n	utopie
bn:00079407n	Utopie
bn:00079410n	utopiste
bn:00079416n	expression
bn:00079431n	v
bn:00079435n	vice-président
bn:00079439n	vacance
bn:00079447n	vaccin
bn:00079449n	vide
bn:00079451n	vacuolisation
bn:00079454n	aspirateur
bn:00079466n	vague
bn:00079476n	vallée
bn:00079497n	validité
bn:00079508n	valeur
bn:00079509n	valeur
bn:00079510n	valeur
bn:00079517n	valve
bn:00079518n	valve
bn:00079532n	avant-garde
bn:00079546n	vandale
bn:00079552n	réseau
bn:00079571n	vapeur
bn:00079575n	vaporisation
bn:00079579n	variabilité
bn:00079580n	variable
bn:00079581n	variable
bn:00079587n	variation
bn:00079588n	variation
bn:00079589n	variation
bn:00079601n	variété
bn:00079618n	vaisseau
bn:00079628n	vase
bn:00079639n	vatican
bn:00079639n	Vatican
bn:00079653n	vecteur
bn:00079663n	légume
bn:00079675n	véhicule
bn:00079676n	vecteur
bn:00079676n	véhicule
bn:00079681n	veine
bn:00079682n	esprit
bn:00079682n	veine
bn:00079691n	parchemin
bn:00079696n	velours
bn:00079699n	velours
bn:00079724n	distributeur
bn:00079731n	store
bn:00079733n	Venise
bn:00079747n	cloaque
bn:00079748n	volcan
bn:00079753n	ventilation
bn:00079764n	aventure
bn:00079764n	entreprise
bn:00079771n	Vénus
bn:00079776n	véracité
bn:00079778n	verbe
bn:00079779n	verbe
bn:00079786n	verveine
bn:00079798n	vraisemblance
bn:00079807n	vermouth
bn:00079821n	polyvalence
bn:00079822n	verset
bn:00079827n	version
bn:00079833n	sommet
bn:00079847n	verve
bn:00079847n	vitalité
bn:00079862n	navire
bn:00079862n	vaisseau
bn:00079864n	gilet
bn:00079883n	vétérinaire
bn:00079891n	veto
bn:00079894n	viabilité
bn:00079910n	vicaire
bn:00079940n	victime
bn:00079944n	gagnant
bn:00079972n	vidéo
bn:00079984n	but
bn:00079984n	vue
bn:00080004n	villageois
bn:00080013n	vigne
bn:00080018n	vignoble
bn:00080022n	vin
bn:00080023n	millésime
bn:00080036n	violence
bn:00080037n	violette
bn:00080052n	vierge
bn:00080066n	virginité
bn:00080083n	virulence
bn:00080085n	virus
bn:00080089n	viscosimètre
bn:00080092n	viscosité
bn:00080101n	visibilité
bn:00080106n	vision
bn:00080107n	vision
bn:00080108n	vision
bn:00080111n	visite
bn:00080112n	visite
bn:00080113n	visite
bn:00080115n	visiteur
bn:00080115n	visiteuse
bn:00080130n	visualisation
bn:00080147n	vitamine
bn:00080166n	Viyella
bn:00080171n	vocabulaire
bn:00080172n	vocabulaire
bn:00080185n	voix
bn:00080187n	voix
bn:00080189n	voix
bn:00080216n	gré
bn:00080216n	volonté
bn:00080220n	volleyball
bn:00080228n	voltmètre
bn:00080229n	volume
bn:00080230n	volume
bn:00080231n	volume
bn:00080251n	voix
bn:00080251n	vote
bn:00080267n	voyelle
bn:00080272n	voyage
bn:00080273n	voyageur
bn:00080287n	vautour
bn:00080293n	watt
bn:00080311n	gaufre
bn:00080314n	vague
bn:00080322n	chariot
bn:00080322n	charrette
bn:00080322n	voiture
bn:00080322n	wagon
bn:00080339n	taille
bn:00080344n	serveuse
bn:00080351n	éveil
bn:00080351n	sommeil
bn:00080357n	marche
bn:00080358n	marche
bn:00080358n	promenade
bn:00080386n	mur
bn:00080386n	muraille
bn:00080386n	paroi
bn:00080387n	mur
bn:00080387n	muraille
bn:00080387n	paroi
bn:00080402n	giroflée
bn:00080413n	papier
bn:00080415n	noix
bn:00080435n	besoin
bn:00080435n	désir
bn:00080435n	intention
bn:00080435n	souhait
bn:00080439n	guerre
bn:00080440n	guerre
bn:00080472n	pupille
bn:00080473n	quartier
bn:00080479n	garde-robe
bn:00080491n	chaleur
bn:00080493n	chaleur
bn:00080495n	alerte
bn:00080495n	avertissement
bn:00080504n	mandat
bn:00080510n	guerrier
bn:00080511n	verrue
bn:00080517n	lavage
bn:00080543n	déchet
bn:00080550n	garde
bn:00080551n	garde
bn:00080561n	eau
bn:00080562n	eau
bn:00080566n	aquarelle
bn:00080567n	aquarelle
bn:00080605n	niveau
bn:00080637n	vapeur
bn:00080645n	aquarelliste
bn:00080682n	caroncule
bn:00080687n	vague
bn:00080688n	vague
bn:00080689n	ondulation
bn:00080707n	cire
bn:00080716n	cirage
bn:00080720n	façon
bn:00080720n	manière
bn:00080721n	chemin
bn:00080721n	manière
bn:00080721n	voie
bn:00080722n	chemin
bn:00080722n	route
bn:00080722n	voie
bn:00080724n	façon
bn:00080724n	méthode
bn:00080738n	affaiblissement
bn:00080742n	faiblesse
bn:00080746n	richesse
bn:00080747n	richesse
bn:00080748n	richesse
bn:00080771n	toile
bn:00080809n	herbe
bn:00080812n	vêtement
bn:00080813n	semaine
bn:00080816n	week
bn:00080821n	hebdomadaire
bn:00080831n	poids
bn:00080832n	poids
bn:00080833n	poids
bn:00080836n	pondération
bn:00080860n	état
bn:00080861n	puits
bn:00080862n	puits
bn:00080875n	weltanschauung
bn:00080893n	ouest
bn:00080893n	Ouest
bn:00080893n	West
bn:00080933n	occidental
bn:00080959n	blé
bn:00080972n	barre
bn:00080972n	roue
bn:00080972n	volant
bn:00080991n	emplacement
bn:00081007n	fouet
bn:00081031n	whisky
bn:00081052n	blancheur
bn:00081078n	blanc
bn:00081136n	ensemble
bn:00081136n	totalité
bn:00081136n	tout
bn:00081157n	osier
bn:00081167n	veuve
bn:00081171n	veuvage
bn:00081177n	perruque
bn:00081182n	perruquier
bn:00081208n	lynx
bn:00081220n	faune
bn:00081224n	volonté
bn:00081233n	Wordsworth
bn:00081239n	volonté
bn:00081240n	saule
bn:00081262n	souffle
bn:00081284n	moulin
bn:00081285n	fenêtre
bn:00081285n	vitrine
bn:00081286n	fenêtre
bn:00081286n	vitre
bn:00081287n	fenêtre
bn:00081290n	fenêtre
bn:00081290n	vitre
bn:00081307n	pare-brise
bn:00081319n	vin
bn:00081336n	aile
bn:00081337n	aile
bn:00081338n	escadre
bn:00081353n	ailier
bn:00081364n	victoire
bn:00081367n	Winnipeg
bn:00081370n	hiver
bn:00081386n	fil
bn:00081387n	ligne
bn:00081406n	sagesse
bn:00081406n	Sagesse
bn:00081407n	sagesse
bn:00081424n	sorcière
bn:00081428n	guérisseur
bn:00081433n	retrait
bn:00081434n	retrait
bn:00081451n	rétention
bn:00081453n	témoignage
bn:00081453n	témoin
bn:00081479n	femme
bn:00081492n	bois
bn:00081525n	bûcher
bn:00081528n	bois
bn:00081531n	laine
bn:00081546n	mot
bn:00081546n	terme
bn:00081547n	mot
bn:00081547n	parole
bn:00081548n	parole
bn:00081564n	mot
bn:00081564n	parole
bn:00081565n	mot
bn:00081568n	activité
bn:00081568n	étude
bn:00081568n	œuvre
bn:00081568n	tâche
bn:00081568n	travail
bn:00081569n	travail
bn:00081570n	travail
bn:00081593n	employé
bn:00081593n	ouvrier
bn:00081593n	travailleur
bn:00081594n	ouvrière
bn:00081594n	travailleur
bn:00081603n	fille
bn:00081605n	ouvrier
bn:00081618n	atelier
bn:00081622n	monde
bn:00081635n	ver
bn:00081649n	pire
bn:00081651n	culte
bn:00081653n	pire
bn:00081660n	valeur
bn:00081661n	valeur
bn:00081674n	manteau
bn:00081680n	colère
bn:00081681n	épave
bn:00081683n	débris
bn:00081711n	écrivain
bn:00081713n	écrit
bn:00081713n	écriture
bn:00081714n	écriture
bn:00081718n	bureau
bn:00081726n	mal
bn:00081726n	tort
bn:00081787n	xylème
bn:00081810n	yale
bn:00081810n	Yale
bn:00081841n	critère
bn:00081856n	année
bn:00081856n	exercice
bn:00081857n	an
bn:00081857n	année
bn:00081866n	jaune
bn:00081893n	cri
bn:00081906n	oui
bn:00081926n	yoga
bn:00081931n	empiècement
bn:00081947n	jeune
bn:00081947n	jeunesse
bn:00081950n	homme
bn:00081957n	jeune
bn:00081957n	jeunesse
bn:00081958n	jeunesse
bn:00081968n	yucca
bn:00082008n	zèle
bn:00082021n	zénith
bn:00082055n	sionisme
bn:00082057n	sioniste
bn:00082064n	zloty
bn:00082075n	zone
bn:00082079n	zonage
bn:00082118v	abandonner
bn:00082119v	abandonner
bn:00082119v	renoncer
bn:00082120v	abandonner
bn:00082120v	quitter
bn:00082120v	vider
bn:00082121v	abandonner
bn:00082122v	abandonner
bn:00082122v	délaisser
bn:00082122v	déserter
bn:00082122v	renoncer
bn:00082123v	humilier
bn:00082124v	gêner
bn:00082127v	abréger
bn:00082127v	raccourcir
bn:00082131v	enlever
bn:00082131v	kidnapper
bn:00082135v	aider
bn:00082136v	abhorrer
bn:00082136v	détester
bn:00082137v	attendre
bn:00082137v	demeurer
bn:00082137v	être
bn:00082137v	loger
bn:00082137v	rester
bn:00082137v	séjourner
bn:00082138v	avoir
bn:00082138v	endurer
bn:00082138v	résister
bn:00082138v	souffrir
bn:00082138v	subir
bn:00082138v	supporter
bn:00082138v	tolérer
bn:00082139v	conformer
bn:00082139v	découler
bn:00082139v	obéir
bn:00082139v	respecter
bn:00082139v	suivre
bn:00082140v	honorer
bn:00082140v	observer
bn:00082140v	respecter
bn:00082141v	renoncer
bn:00082141v	retirer
bn:00082142v	sevrer
bn:00082148v	abolir
bn:00082152v	abonder
bn:00082152v	regorger
bn:00082161v	abroger
bn:00082164v	partir
bn:00082166v	absenter
bn:00082166v	éliminer
bn:00082166v	supprimer
bn:00082168v	libérer
bn:00082169v	absorber
bn:00082170v	absorber
bn:00082170v	assimiler
bn:00082171v	absorber
bn:00082172v	absorber
bn:00082172v	intégrer
bn:00082173v	absorber
bn:00082174v	absorber
bn:00082175v	absorber
bn:00082175v	engloutir
bn:00082175v	immerger
bn:00082175v	imprégner
bn:00082177v	captiver
bn:00082177v	engager
bn:00082177v	intéresser
bn:00082177v	occuper
bn:00082179v	abstenir
bn:00082181v	dérober
bn:00082181v	extraire
bn:00082181v	soulever
bn:00082181v	voler
bn:00082182v	abstraction
bn:00082184v	abuser
bn:00082184v	maltraiter
bn:00082185v	abuser
bn:00082185v	tourmenter
bn:00082189v	compenser
bn:00082189v	expier
bn:00082190v	céder
bn:00082190v	soumettre
bn:00082192v	acquiescer
bn:00082193v	accélérer
bn:00082194v	accélérer
bn:00082195v	accentuer
bn:00082195v	insister
bn:00082195v	souligner
bn:00082196v	accentuer
bn:00082196v	souligner
bn:00082197v	accepter
bn:00082198v	accepter
bn:00082198v	accueillir
bn:00082198v	adopter
bn:00082198v	avoir
bn:00082198v	être
bn:00082198v	obtenir
bn:00082198v	prendre
bn:00082198v	recevoir
bn:00082198v	remporter
bn:00082199v	accepter
bn:00082199v	consentir
bn:00082200v	accepter
bn:00082201v	accepter
bn:00082201v	accueillir
bn:00082201v	admettre
bn:00082201v	avoir
bn:00082201v	être
bn:00082201v	prendre
bn:00082202v	accepter
bn:00082202v	assumer
bn:00082202v	porter
bn:00082202v	prendre
bn:00082202v	supporter
bn:00082203v	accepter
bn:00082206v	adopter
bn:00082206v	faire
bn:00082206v	prendre
bn:00082209v	atteindre
bn:00082211v	acclamer
bn:00082211v	proclamer
bn:00082211v	saluer
bn:00082212v	applaudir
bn:00082213v	acclimater
bn:00082214v	adapter
bn:00082214v	convenir
bn:00082214v	correspondre
bn:00082214v	équiper
bn:00082214v	préparer
bn:00082215v	adapter
bn:00082215v	contenir
bn:00082217v	avoir
bn:00082217v	tenir
bn:00082220v	réconcilier
bn:00082221v	accompagner
bn:00082222v	accompagner
bn:00082223v	accompagner
bn:00082223v	suivre
bn:00082224v	accompagner
bn:00082225v	accomplir
bn:00082225v	atteindre
bn:00082225v	effectuer
bn:00082225v	exécuter
bn:00082225v	mener
bn:00082225v	réaliser
bn:00082225v	remplir
bn:00082226v	accomplir
bn:00082226v	acquérir
bn:00082226v	atteindre
bn:00082226v	obtenir
bn:00082226v	parvenir
bn:00082226v	réaliser
bn:00082226v	rendre
bn:00082226v	réussir
bn:00082227v	concorde
bn:00082227v	concorder
bn:00082228v	accorder
bn:00082228v	allouer
bn:00082228v	attribuer
bn:00082229v	aborder
bn:00082233v	déclarer
bn:00082233v	décrire
bn:00082233v	rapporter
bn:00082233v	rendre
bn:00082233v	signaler
bn:00082235v	expliquer
bn:00082235v	représenter
bn:00082236v	expliquer
bn:00082236v	interpréter
bn:00082238v	accréditer
bn:00082238v	reconnaître
bn:00082240v	attribuer
bn:00082240v	avoir
bn:00082243v	accumuler
bn:00082245v	acculturer
bn:00082246v	accumuler
bn:00082246v	collecter
bn:00082246v	collectionner
bn:00082246v	compiler
bn:00082246v	prélever
bn:00082246v	rassembler
bn:00082246v	réunir
bn:00082247v	accumuler
bn:00082247v	amasser
bn:00082247v	prendre
bn:00082247v	rassembler
bn:00082249v	accuser
bn:00082250v	accuser
bn:00082250v	inculper
bn:00082251v	habituer
bn:00082262v	souffrir
bn:00082267v	admettre
bn:00082267v	avouer
bn:00082267v	reconnaître
bn:00082268v	reconnaître
bn:00082269v	reconnaître
bn:00082270v	reconnaître
bn:00082272v	connaître
bn:00082272v	reconnaître
bn:00082272v	savoir
bn:00082273v	familiariser
bn:00082273v	informer
bn:00082273v	introduire
bn:00082273v	présenter
bn:00082274v	informer
bn:00082276v	acheter
bn:00082276v	acquérir
bn:00082276v	adopter
bn:00082276v	aller
bn:00082276v	avoir
bn:00082276v	bénéficier
bn:00082276v	chercher
bn:00082276v	développer
bn:00082276v	être
bn:00082276v	obtenir
bn:00082276v	permettre
bn:00082276v	prendre
bn:00082276v	procurer
bn:00082276v	recevoir
bn:00082276v	rester
bn:00082276v	tirer
bn:00082276v	transporter
bn:00082276v	trouver
bn:00082277v	acquérir
bn:00082277v	adopter
bn:00082277v	assumer
bn:00082277v	avoir
bn:00082277v	être
bn:00082277v	faire
bn:00082277v	prendre
bn:00082278v	acquérir
bn:00082278v	avoir
bn:00082278v	développer
bn:00082278v	pousser
bn:00082280v	accepter
bn:00082280v	acquérir
bn:00082280v	conquérir
bn:00082280v	gagner
bn:00082280v	obtenir
bn:00082280v	prendre
bn:00082280v	remporter
bn:00082281v	apprendre
bn:00082281v	savoir
bn:00082282v	développer
bn:00082283v	acquitter
bn:00082283v	exonérer
bn:00082284v	comporter
bn:00082285v	agir
bn:00082285v	déplacer
bn:00082286v	agir
bn:00082286v	comporter
bn:00082286v	jouer
bn:00082287v	faire
bn:00082287v	interpréter
bn:00082287v	jouer
bn:00082287v	représenter
bn:00082288v	agir
bn:00082289v	agir
bn:00082289v	jouer
bn:00082291v	agir
bn:00082291v	devoir
bn:00082291v	fonctionner
bn:00082291v	marcher
bn:00082291v	travailler
bn:00082293v	faire
bn:00082293v	prétendre
bn:00082294v	jouer
bn:00082295v	agir
bn:00082297v	agir
bn:00082297v	poursuivre
bn:00082297v	suivre
bn:00082298v	agir
bn:00082299v	jouer
bn:00082300v	jouer
bn:00082304v	influencer
bn:00082305v	poursuivre
bn:00082306v	activer
bn:00082306v	déclencher
bn:00082307v	activer
bn:00082311v	réaliser
bn:00082313v	inciter
bn:00082313v	motiver
bn:00082313v	mouvoir
bn:00082313v	pousser
bn:00082313v	provoquer
bn:00082315v	improviser
bn:00082316v	adapter
bn:00082316v	ajuster
bn:00082316v	conformer
bn:00082317v	additionner
bn:00082317v	ajouter
bn:00082317v	apporter
bn:00082317v	augmenter
bn:00082317v	contribuer
bn:00082318v	ajouter
bn:00082319v	ajouter
bn:00082319v	apporter
bn:00082319v	augmenter
bn:00082319v	conférer
bn:00082319v	contribuer
bn:00082319v	offrir
bn:00082319v	prêter
bn:00082320v	additionner
bn:00082320v	ajouter
bn:00082321v	additionner
bn:00082321v	ajouter
bn:00082321v	totaliser
bn:00082324v	ajouter
bn:00082324v	apposer
bn:00082326v	ajouter
bn:00082327v	compter
bn:00082327v	totaliser
bn:00082332v	aborder
bn:00082332v	adresse
bn:00082332v	adresser
bn:00082332v	parler
bn:00082333v	adresse
bn:00082333v	adresser
bn:00082333v	exprimer
bn:00082333v	parler
bn:00082334v	adresser
bn:00082334v	appeler
bn:00082334v	envoyer
bn:00082335v	adresser
bn:00082336v	adresser
bn:00082339v	aborder
bn:00082339v	couvrir
bn:00082339v	traiter
bn:00082342v	adhérer
bn:00082342v	respecter
bn:00082343v	respecter
bn:00082344v	accrocher
bn:00082344v	adhérer
bn:00082347v	adhérer
bn:00082347v	coller
bn:00082347v	lier
bn:00082348v	toucher
bn:00082350v	ajourner
bn:00082351v	retirer
bn:00082352v	déclarer
bn:00082353v	juger
bn:00082354v	décider
bn:00082354v	régler
bn:00082354v	résoudre
bn:00082354v	trancher
bn:00082357v	ajuster
bn:00082358v	ajuster
bn:00082358v	aligner
bn:00082359v	ajuster
bn:00082362v	administrer
bn:00082362v	gérer
bn:00082363v	administrer
bn:00082364v	allouer
bn:00082364v	dispenser
bn:00082364v	distribuer
bn:00082364v	répartir
bn:00082365v	administrer
bn:00082367v	admirer
bn:00082368v	admirer
bn:00082369v	admettre
bn:00082369v	laisser
bn:00082370v	admettre
bn:00082370v	inclure
bn:00082374v	mélanger
bn:00082375v	avertir
bn:00082375v	décourager
bn:00082375v	prévenir
bn:00082375v	reprocher
bn:00082376v	avertir
bn:00082379v	adopter
bn:00082379v	suivre
bn:00082380v	adopter
bn:00082380v	emprunter
bn:00082380v	prendre
bn:00082380v	reprendre
bn:00082381v	adopter
bn:00082381v	arrêter
bn:00082381v	assumer
bn:00082381v	entreprendre
bn:00082381v	prendre
bn:00082381v	remplacer
bn:00082381v	reprendre
bn:00082382v	adopter
bn:00082383v	dramatiser
bn:00082384v	adopter
bn:00082385v	adorer
bn:00082386v	décorer
bn:00082386v	orner
bn:00082392v	décrire
bn:00082392v	esquisse
bn:00082394v	avancer
bn:00082394v	continuer
bn:00082394v	passer
bn:00082394v	progresser
bn:00082395v	avancer
bn:00082395v	proposer
bn:00082396v	augmenter
bn:00082396v	avancer
bn:00082396v	progresser
bn:00082397v	avancer
bn:00082397v	encourager
bn:00082397v	favoriser
bn:00082397v	inciter
bn:00082397v	progresser
bn:00082397v	promouvoir
bn:00082397v	proposer
bn:00082397v	stimuler
bn:00082398v	avancer
bn:00082398v	progresser
bn:00082399v	avancer
bn:00082399v	gagner
bn:00082399v	progresser
bn:00082400v	avancer
bn:00082400v	progresser
bn:00082401v	avancer
bn:00082402v	promouvoir
bn:00082405v	gagner
bn:00082408v	risquer
bn:00082409v	compromettre
bn:00082410v	assister
bn:00082410v	écouter
bn:00082411v	toucher
bn:00082412v	appeler
bn:00082412v	citer
bn:00082412v	mentionner
bn:00082412v	nommer
bn:00082412v	référer
bn:00082413v	annoncer
bn:00082413v	publier
bn:00082414v	pousser
bn:00082414v	promouvoir
bn:00082415v	conseiller
bn:00082415v	informer
bn:00082416v	avertir
bn:00082416v	aviser
bn:00082416v	conseiller
bn:00082416v	informer
bn:00082416v	notifier
bn:00082417v	conseiller
bn:00082417v	proposer
bn:00082417v	suggérer
bn:00082418v	défendre
bn:00082418v	encourager
bn:00082418v	exhorter
bn:00082418v	insister
bn:00082418v	plaider
bn:00082418v	pousser
bn:00082418v	préconiser
bn:00082418v	prôner
bn:00082418v	recommander
bn:00082419v	défendre
bn:00082419v	prêcher
bn:00082420v	diffuser
bn:00082426v	affecter
bn:00082426v	concerner
bn:00082426v	influencer
bn:00082426v	toucher
bn:00082427v	affecter
bn:00082427v	influencer
bn:00082428v	affecter
bn:00082428v	concerner
bn:00082428v	impliquer
bn:00082428v	intégrer
bn:00082428v	toucher
bn:00082429v	affecter
bn:00082429v	dissimuler
bn:00082429v	feindre
bn:00082429v	prétendre
bn:00082429v	simuler
bn:00082430v	émouvoir
bn:00082430v	frapper
bn:00082430v	impressionner
bn:00082430v	inciter
bn:00082430v	sembler
bn:00082430v	toucher
bn:00082431v	fiancer
bn:00082432v	associer
bn:00082434v	affirmer
bn:00082434v	confirmer
bn:00082434v	corroborer
bn:00082434v	étayer
bn:00082434v	soutenir
bn:00082435v	affirmer
bn:00082435v	jurer
bn:00082436v	affirmer
bn:00082436v	confirmer
bn:00082437v	apposer
bn:00082441v	permettre
bn:00082441v	procurer
bn:00082442v	accorder
bn:00082442v	apporter
bn:00082442v	avoir
bn:00082442v	devoir
bn:00082442v	donner
bn:00082442v	être
bn:00082442v	faire
bn:00082442v	fournir
bn:00082442v	laisser
bn:00082442v	offrir
bn:00082442v	partir
bn:00082442v	permettre
bn:00082442v	porter
bn:00082442v	prendre
bn:00082442v	présenter
bn:00082442v	procurer
bn:00082442v	produire
bn:00082442v	remettre
bn:00082442v	tenir
bn:00082447v	effrayer
bn:00082448v	insulter
bn:00082449v	vieillir
bn:00082457v	dramatiser
bn:00082457v	embellir
bn:00082458v	aggraver
bn:00082458v	exacerber
bn:00082459v	aggraver
bn:00082459v	exaspérer
bn:00082461v	réunir
bn:00082462v	attaquer
bn:00082465v	regrouper
bn:00082466v	agiter
bn:00082466v	provoquer
bn:00082468v	battre
bn:00082468v	combattre
bn:00082468v	lutter
bn:00082469v	agiter
bn:00082469v	bouger
bn:00082469v	changer
bn:00082469v	remuer
bn:00082470v	agiter
bn:00082470v	secouer
bn:00082470v	trembler
bn:00082471v	perturber
bn:00082471v	soulever
bn:00082471v	troubler
bn:00082472v	réaliser
bn:00082472v	reconnaître
bn:00082472v	rendre
bn:00082475v	accepter
bn:00082475v	accorder
bn:00082475v	acquiescer
bn:00082475v	admettre
bn:00082475v	approuver
bn:00082475v	convenir
bn:00082476v	accepter
bn:00082476v	convenir
bn:00082477v	accorder
bn:00082477v	adapter
bn:00082477v	comparer
bn:00082477v	concorder
bn:00082477v	correspondre
bn:00082477v	égaler
bn:00082481v	aide
bn:00082481v	aider
bn:00082481v	assister
bn:00082481v	contribuer
bn:00082481v	entraider
bn:00082481v	faciliter
bn:00082481v	soutenir
bn:00082482v	aide
bn:00082482v	aider
bn:00082482v	contribuer
bn:00082484v	préoccuper
bn:00082485v	avoir
bn:00082485v	diriger
bn:00082485v	entraîner
bn:00082485v	prendre
bn:00082485v	viser
bn:00082486v	envisager
bn:00082486v	prétendre
bn:00082486v	proposer
bn:00082486v	viser
bn:00082487v	rendre
bn:00082487v	viser
bn:00082488v	destiner
bn:00082488v	viser
bn:00082489v	adresser
bn:00082489v	destiner
bn:00082489v	diriger
bn:00082489v	mettre
bn:00082489v	orienter
bn:00082489v	viser
bn:00082491v	aspirer
bn:00082491v	viser
bn:00082493v	diffuser
bn:00082493v	envoyer
bn:00082493v	transmettre
bn:00082505v	rediriger
bn:00082506v	alarmer
bn:00082507v	alarmer
bn:00082507v	alerter
bn:00082507v	avertir
bn:00082514v	aliéner
bn:00082517v	descendre
bn:00082518v	aligner
bn:00082519v	aligner
bn:00082520v	coordonner
bn:00082521v	nourrir
bn:00082525v	apaiser
bn:00082526v	éteindre
bn:00082527v	affirmer
bn:00082527v	alléguer
bn:00082527v	annoncer
bn:00082527v	déclarer
bn:00082527v	dire
bn:00082527v	indiquer
bn:00082527v	parler
bn:00082527v	signifier
bn:00082527v	supposer
bn:00082530v	alléger
bn:00082530v	soulager
bn:00082531v	alléger
bn:00082531v	faciliter
bn:00082531v	soulager
bn:00082534v	allouer
bn:00082534v	répartir
bn:00082535v	accorder
bn:00082535v	allouer
bn:00082535v	assigner
bn:00082535v	attribuer
bn:00082536v	accorder
bn:00082536v	autoriser
bn:00082536v	avoir
bn:00082536v	devoir
bn:00082536v	être
bn:00082536v	faire
bn:00082536v	laisser
bn:00082536v	permettre
bn:00082536v	prendre
bn:00082537v	autoriser
bn:00082537v	laisser
bn:00082537v	permettre
bn:00082538v	accorder
bn:00082538v	allouer
bn:00082538v	autoriser
bn:00082538v	permettre
bn:00082538v	réserver
bn:00082539v	accorder
bn:00082539v	allouer
bn:00082539v	approprier
bn:00082539v	attribuer
bn:00082539v	autoriser
bn:00082539v	laisser
bn:00082539v	réserver
bn:00082540v	laisser
bn:00082540v	permettre
bn:00082540v	rester
bn:00082541v	permettre
bn:00082548v	tenter
bn:00082553v	altérer
bn:00082553v	changer
bn:00082553v	modifier
bn:00082553v	transformer
bn:00082554v	changer
bn:00082554v	modifier
bn:00082554v	varier
bn:00082555v	modifier
bn:00082558v	contester
bn:00082558v	disputer
bn:00082558v	querelle
bn:00082558v	quereller
bn:00082559v	alterner
bn:00082565v	mélanger
bn:00082565v	mêler
bn:00082565v	unifier
bn:00082566v	étonner
bn:00082567v	dérouter
bn:00082567v	étonner
bn:00082567v	intriguer
bn:00082567v	mystifier
bn:00082573v	améliorer
bn:00082573v	embellir
bn:00082573v	modifier
bn:00082574v	améliorer
bn:00082575v	amender
bn:00082575v	modifier
bn:00082576v	remédier
bn:00082585v	constituer
bn:00082585v	être
bn:00082586v	amplifier
bn:00082587v	amplifier
bn:00082587v	exagérer
bn:00082588v	augmenter
bn:00082588v	élargir
bn:00082588v	étendre
bn:00082591v	amuser
bn:00082591v	divertir
bn:00082592v	amuser
bn:00082596v	analyser
bn:00082596v	étudier
bn:00082596v	examiner
bn:00082596v	observer
bn:00082598v	analyser
bn:00082598v	décomposer
bn:00082602v	maudire
bn:00082605v	ancrer
bn:00082605v	baser
bn:00082605v	fonder
bn:00082606v	ancrer
bn:00082613v	appuyer
bn:00082613v	basculer
bn:00082613v	incliner
bn:00082613v	pencher
bn:00082614v	pêcher
bn:00082616v	incliner
bn:00082616v	pondérer
bn:00082620v	blesser
bn:00082627v	animer
bn:00082627v	inspirer
bn:00082628v	animer
bn:00082629v	animer
bn:00082630v	animer
bn:00082630v	ranimer
bn:00082630v	raviver
bn:00082630v	recréer
bn:00082630v	vivifier
bn:00082634v	éliminer
bn:00082634v	éradiquer
bn:00082637v	annoncer
bn:00082637v	déclarer
bn:00082638v	annoncer
bn:00082638v	déclarer
bn:00082639v	annoncer
bn:00082640v	annoncer
bn:00082641v	agacer
bn:00082641v	déranger
bn:00082641v	ennuyer
bn:00082641v	gêner
bn:00082641v	irriter
bn:00082641v	troubler
bn:00082642v	invalider
bn:00082643v	abroger
bn:00082643v	annuler
bn:00082643v	lever
bn:00082643v	résilier
bn:00082646v	réagir
bn:00082646v	répondre
bn:00082647v	répondre
bn:00082648v	répondre
bn:00082649v	répondre
bn:00082649v	résoudre
bn:00082650v	répondre
bn:00082652v	faire
bn:00082652v	servir
bn:00082652v	suffire
bn:00082656v	contrecarrer
bn:00082656v	neutraliser
bn:00082657v	antagoniser
bn:00082659v	payer
bn:00082659v	régler
bn:00082659v	remplir
bn:00082660v	précéder
bn:00082660v	renoncer
bn:00082665v	anticiper
bn:00082665v	attendre
bn:00082665v	espérer
bn:00082665v	penser
bn:00082665v	prévoir
bn:00082665v	supposer
bn:00082666v	anticiper
bn:00082666v	contrer
bn:00082666v	prévoir
bn:00082667v	anticiper
bn:00082667v	précéder
bn:00082667v	prédire
bn:00082667v	prévoir
bn:00082668v	anticiper
bn:00082668v	prédire
bn:00082668v	prévoir
bn:00082668v	promettre
bn:00082669v	anticiper
bn:00082669v	chercher
bn:00082670v	anticiper
bn:00082678v	excuser
bn:00082678v	justifier
bn:00082678v	rationaliser
bn:00082679v	excuser
bn:00082683v	choquer
bn:00082683v	indigner
bn:00082683v	scandaliser
bn:00082684v	habiller
bn:00082685v	demander
bn:00082687v	attirer
bn:00082689v	invoquer
bn:00082690v	apparaître
bn:00082690v	être
bn:00082690v	paraître
bn:00082690v	ressembler
bn:00082690v	sembler
bn:00082691v	apparaître
bn:00082691v	être
bn:00082691v	paraître
bn:00082692v	apparaître
bn:00082692v	être
bn:00082692v	paraître
bn:00082692v	sortir
bn:00082693v	apparaître
bn:00082693v	sembler
bn:00082694v	apparaître
bn:00082694v	arriver
bn:00082694v	être
bn:00082694v	venir
bn:00082695v	apparaître
bn:00082696v	comparaître
bn:00082697v	apaiser
bn:00082697v	calmer
bn:00082697v	pacifier
bn:00082698v	apaiser
bn:00082702v	concerner
bn:00082703v	applaudir
bn:00082705v	applique
bn:00082705v	appliquer
bn:00082705v	employer
bn:00082705v	engager
bn:00082705v	prendre
bn:00082705v	servir
bn:00082705v	utiliser
bn:00082706v	applique
bn:00082706v	appliquer
bn:00082707v	demander
bn:00082707v	postuler
bn:00082708v	applique
bn:00082708v	appliquer
bn:00082709v	applique
bn:00082709v	appliquer
bn:00082710v	administrer
bn:00082710v	appliquer
bn:00082710v	donner
bn:00082711v	appliquer
bn:00082711v	pratiquer
bn:00082712v	appliquer
bn:00082712v	imposer
bn:00082712v	mettre
bn:00082713v	appliquer
bn:00082715v	constituer
bn:00082715v	nommer
bn:00082716v	charger
bn:00082716v	désigner
bn:00082716v	nommer
bn:00082718v	partager
bn:00082720v	évaluer
bn:00082720v	mesure
bn:00082720v	mesurer
bn:00082721v	étudier
bn:00082721v	examiner
bn:00082722v	apprécier
bn:00082723v	apprécier
bn:00082724v	apprécier
bn:00082724v	estimer
bn:00082724v	priser
bn:00082727v	comprendre
bn:00082727v	être
bn:00082727v	saisir
bn:00082728v	appréhender
bn:00082728v	arrêter
bn:00082728v	clouer
bn:00082728v	faire
bn:00082728v	récupérer
bn:00082728v	saisir
bn:00082730v	apprenti
bn:00082732v	aborder
bn:00082732v	approche
bn:00082732v	approcher
bn:00082732v	avancer
bn:00082732v	monter
bn:00082732v	rapprocher
bn:00082733v	approche
bn:00082733v	approcher
bn:00082733v	rapprocher
bn:00082734v	aborder
bn:00082734v	commencer
bn:00082734v	entreprendre
bn:00082735v	approcher
bn:00082736v	approcher
bn:00082739v	approprier
bn:00082739v	conquérir
bn:00082739v	gagner
bn:00082739v	prendre
bn:00082739v	saisir
bn:00082740v	approuver
bn:00082740v	autoriser
bn:00082740v	sanctionner
bn:00082741v	approuver
bn:00082743v	approximer
bn:00082743v	deviner
bn:00082743v	estimer
bn:00082743v	évaluer
bn:00082743v	juger
bn:00082743v	supposer
bn:00082748v	arbitrer
bn:00082748v	intercéder
bn:00082750v	courber
bn:00082750v	voûter
bn:00082752v	archaïser
bn:00082754v	affirmer
bn:00082754v	argumenter
bn:00082754v	discuter
bn:00082754v	plaider
bn:00082754v	raisonner
bn:00082754v	soutenir
bn:00082755v	argumenter
bn:00082755v	contester
bn:00082755v	débattre
bn:00082755v	discuter
bn:00082755v	disputer
bn:00082755v	soutenir
bn:00082756v	indiquer
bn:00082757v	apparaître
bn:00082757v	découler
bn:00082757v	développer
bn:00082757v	devenir
bn:00082757v	élever
bn:00082757v	émaner
bn:00082757v	être
bn:00082757v	naître
bn:00082757v	présenter
bn:00082757v	produire
bn:00082757v	provenir
bn:00082757v	résulter
bn:00082757v	surgir
bn:00082757v	survenir
bn:00082758v	apparaître
bn:00082758v	découler
bn:00082758v	surgir
bn:00082758v	survenir
bn:00082758v	venir
bn:00082759v	lever
bn:00082759v	relever
bn:00082760v	donner
bn:00082760v	présenter
bn:00082760v	surgir
bn:00082760v	survenir
bn:00082760v	venir
bn:00082761v	augmenter
bn:00082761v	élever
bn:00082761v	lever
bn:00082761v	monter
bn:00082761v	soulever
bn:00082762v	élever
bn:00082762v	rebeller
bn:00082763v	lever
bn:00082764v	armer
bn:00082764v	renforcer
bn:00082765v	équiper
bn:00082768v	avoir
bn:00082768v	éveiller
bn:00082768v	évoquer
bn:00082768v	provoquer
bn:00082768v	susciter
bn:00082769v	éveiller
bn:00082769v	réveiller
bn:00082770v	aborder
bn:00082770v	causer
bn:00082770v	évoquer
bn:00082770v	invoquer
bn:00082770v	soulever
bn:00082770v	susciter
bn:00082771v	stimuler
bn:00082771v	susciter
bn:00082772v	réveiller
bn:00082775v	accuser
bn:00082776v	accuser
bn:00082777v	aménager
bn:00082777v	arranger
bn:00082777v	disposer
bn:00082777v	installer
bn:00082777v	mettre
bn:00082777v	organiser
bn:00082778v	arranger
bn:00082778v	convenir
bn:00082778v	organiser
bn:00082778v	réparer
bn:00082779v	arranger
bn:00082779v	faire
bn:00082779v	organiser
bn:00082780v	disposer
bn:00082781v	arranger
bn:00082781v	coiffer
bn:00082781v	préparer
bn:00082782v	mettre
bn:00082784v	aménager
bn:00082784v	déployer
bn:00082784v	disposer
bn:00082785v	arrêter
bn:00082785v	empêcher
bn:00082786v	arrêter
bn:00082786v	attirer
bn:00082787v	arrêter
bn:00082788v	aboutir
bn:00082788v	aller
bn:00082788v	approcher
bn:00082788v	arriver
bn:00082788v	atteindre
bn:00082788v	avoir
bn:00082788v	chercher
bn:00082788v	commencer
bn:00082788v	descendre
bn:00082788v	entrer
bn:00082788v	être
bn:00082788v	faire
bn:00082788v	finir
bn:00082788v	laisser
bn:00082788v	monter
bn:00082788v	obtenir
bn:00082788v	parcourir
bn:00082788v	parvenir
bn:00082788v	passer
bn:00082788v	prendre
bn:00082788v	provenir
bn:00082788v	rendre
bn:00082788v	survenir
bn:00082788v	toucher
bn:00082788v	venir
bn:00082789v	arriver
bn:00082789v	entrer
bn:00082789v	rentrer
bn:00082790v	arriver
bn:00082790v	atteindre
bn:00082790v	faire
bn:00082790v	former
bn:00082790v	frapper
bn:00082790v	gagner
bn:00082790v	parvenir
bn:00082790v	prendre
bn:00082790v	remporter
bn:00082790v	rendre
bn:00082790v	tendre
bn:00082790v	tirer
bn:00082791v	demander
bn:00082791v	revendiquer
bn:00082793v	prendre
bn:00082793v	reprendre
bn:00082793v	usurper
bn:00082794v	flâner
bn:00082798v	articuler
bn:00082799v	articuler
bn:00082799v	formuler
bn:00082800v	articuler
bn:00082800v	dire
bn:00082800v	prononcer
bn:00082802v	énoncer
bn:00082803v	grimper
bn:00082809v	lever
bn:00082810v	élever
bn:00082810v	monter
bn:00082810v	relever
bn:00082811v	avoir
bn:00082811v	constater
bn:00082811v	décider
bn:00082811v	découvrir
bn:00082811v	détecter
bn:00082811v	déterminer
bn:00082811v	distinguer
bn:00082811v	juger
bn:00082811v	observer
bn:00082811v	savoir
bn:00082811v	trouver
bn:00082811v	vérifier
bn:00082812v	assurer
bn:00082812v	garantir
bn:00082812v	juger
bn:00082812v	vérifier
bn:00082812v	voir
bn:00082813v	réaliser
bn:00082813v	voir
bn:00082815v	assigner
bn:00082815v	attribuer
bn:00082815v	imputer
bn:00082817v	demander
bn:00082817v	enquêter
bn:00082817v	interroger
bn:00082817v	poser
bn:00082817v	renseigner
bn:00082818v	appeler
bn:00082818v	demander
bn:00082818v	inviter
bn:00082818v	prier
bn:00082818v	solliciter
bn:00082818v	souhaiter
bn:00082819v	demander
bn:00082819v	poser
bn:00082820v	attendre
bn:00082820v	demander
bn:00082820v	exiger
bn:00082820v	nécessiter
bn:00082821v	demander
bn:00082822v	appeler
bn:00082822v	attendre
bn:00082822v	avoir
bn:00082822v	demander
bn:00082822v	devoir
bn:00082822v	être
bn:00082822v	exiger
bn:00082822v	falloir
bn:00082822v	impliquer
bn:00082822v	nécessiter
bn:00082822v	obliger
bn:00082822v	prendre
bn:00082822v	réclamer
bn:00082822v	requérir
bn:00082824v	invite
bn:00082824v	inviter
bn:00082824v	provoquer
bn:00082826v	inviter
bn:00082827v	emmener
bn:00082828v	inviter
bn:00082829v	salir
bn:00082829v	ternir
bn:00082831v	asphyxier
bn:00082831v	étouffer
bn:00082837v	agresser
bn:00082837v	assaillir
bn:00082837v	attaquer
bn:00082838v	attaquer
bn:00082839v	attaquer
bn:00082842v	violer
bn:00082844v	chercher
bn:00082844v	efforcer
bn:00082844v	essayer
bn:00082844v	tenter
bn:00082845v	assembler
bn:00082845v	créer
bn:00082845v	établir
bn:00082845v	installer
bn:00082845v	mettre
bn:00082845v	rassembler
bn:00082845v	réunir
bn:00082846v	assembler
bn:00082846v	rassembler
bn:00082846v	rencontrer
bn:00082846v	réunir
bn:00082847v	rassembler
bn:00082847v	réunir
bn:00082848v	affirmer
bn:00082848v	revendiquer
bn:00082848v	soutenir
bn:00082849v	affirmer
bn:00082850v	insister
bn:00082857v	affecter
bn:00082857v	assigner
bn:00082857v	attribuer
bn:00082857v	charger
bn:00082857v	déléguer
bn:00082857v	désigner
bn:00082858v	assigner
bn:00082858v	attribuer
bn:00082859v	attribuer
bn:00082859v	mettre
bn:00082859v	placer
bn:00082862v	assimiler
bn:00082863v	assimiler
bn:00082866v	assister
bn:00082867v	assister
bn:00082867v	servir
bn:00082868v	associer
bn:00082868v	lier
bn:00082868v	rapporter
bn:00082868v	relier
bn:00082869v	associer
bn:00082871v	classer
bn:00082871v	classifier
bn:00082871v	résoudre
bn:00082871v	séparer
bn:00082871v	trier
bn:00082872v	adopter
bn:00082872v	prendre
bn:00082872v	présumer
bn:00082872v	supposer
bn:00082873v	adopter
bn:00082873v	prendre
bn:00082873v	supposer
bn:00082876v	enfiler
bn:00082876v	mettre
bn:00082876v	porter
bn:00082876v	revêtir
bn:00082877v	assurer
bn:00082877v	garantir
bn:00082877v	sécuriser
bn:00082878v	assurer
bn:00082878v	dire
bn:00082879v	assurer
bn:00082880v	assurer
bn:00082880v	rassurer
bn:00082881v	assurer
bn:00082881v	promettre
bn:00082891v	repentir
bn:00082893v	ajouter
bn:00082893v	attacher
bn:00082893v	attribuer
bn:00082893v	fixer
bn:00082893v	joindre
bn:00082894v	fixer
bn:00082895v	attacher
bn:00082896v	attacher
bn:00082896v	lier
bn:00082896v	unir
bn:00082897v	arrêter
bn:00082897v	confisquer
bn:00082897v	saisir
bn:00082901v	acquérir
bn:00082901v	arriver
bn:00082901v	atteindre
bn:00082901v	parvenir
bn:00082902v	découvrir
bn:00082902v	prendre
bn:00082902v	rencontrer
bn:00082902v	tomber
bn:00082902v	trouver
bn:00082903v	déshonorer
bn:00082906v	assumer
bn:00082906v	commencer
bn:00082906v	entreprendre
bn:00082906v	tenter
bn:00082907v	accompagner
bn:00082907v	aller
bn:00082907v	assister
bn:00082907v	avoir
bn:00082907v	fréquenter
bn:00082907v	participer
bn:00082907v	suivre
bn:00082907v	voir
bn:00082908v	avoir
bn:00082913v	attester
bn:00082913v	certifier
bn:00082913v	démontrer
bn:00082913v	manifester
bn:00082913v	prouver
bn:00082913v	témoigner
bn:00082914v	attester
bn:00082915v	témoigner
bn:00082917v	déguiser
bn:00082920v	attirer
bn:00082920v	tirer
bn:00082922v	accorder
bn:00082924v	auditer
bn:00082927v	augmenter
bn:00082928v	augmenter
bn:00082929v	annoncer
bn:00082929v	augure
bn:00082929v	prédire
bn:00082929v	présager
bn:00082929v	prévoir
bn:00082935v	authentifier
bn:00082937v	permettre
bn:00082938v	autoriser
bn:00082938v	ouvrir
bn:00082941v	automatiser
bn:00082947v	servir
bn:00082950v	riposter
bn:00082953v	moyenner
bn:00082954v	détourner
bn:00082954v	éviter
bn:00082955v	détourner
bn:00082957v	hisser
bn:00082957v	piloter
bn:00082957v	voler
bn:00082958v	éviter
bn:00082959v	empêcher
bn:00082959v	éviter
bn:00082960v	éviter
bn:00082963v	attendre
bn:00082963v	espérer
bn:00082963v	prévoir
bn:00082963v	viser
bn:00082965v	décerner
bn:00082965v	présenter
bn:00082965v	remettre
bn:00082966v	accorder
bn:00082966v	décerner
bn:00082966v	offrir
bn:00082971v	bêler
bn:00082974v	jacasser
bn:00082976v	chanter
bn:00082976v	parler
bn:00082977v	dorloter
bn:00082977v	gâter
bn:00082981v	approuver
bn:00082981v	soutenir
bn:00082982v	reculer
bn:00082983v	approuver
bn:00082983v	soutenir
bn:00082984v	reculer
bn:00082985v	soutenir
bn:00082989v	soutenir
bn:00082991v	retirer
bn:00082992v	reculer
bn:00082995v	appuyer
bn:00082995v	soutenir
bn:00082997v	boucher
bn:00082997v	encombrer
bn:00082997v	entraver
bn:00083013v	retomber
bn:00083018v	retourner
bn:00083018v	revenir
bn:00083021v	ennuyer
bn:00083021v	harceler
bn:00083024v	contrecarrer
bn:00083024v	frustrer
bn:00083038v	narguer
bn:00083038v	railler
bn:00083038v	taquiner
bn:00083041v	cuire
bn:00083043v	cuire
bn:00083045v	avoir
bn:00083045v	compenser
bn:00083045v	équilibrer
bn:00083046v	équilibrer
bn:00083047v	tenir
bn:00083051v	résister
bn:00083054v	choquer
bn:00083055v	bousiller
bn:00083055v	gâcher
bn:00083063v	interdire
bn:00083064v	interdire
bn:00083065v	bannir
bn:00083066v	bannir
bn:00083066v	ostraciser
bn:00083077v	cogner
bn:00083077v	frapper
bn:00083078v	frapper
bn:00083079v	avoir
bn:00083079v	claquer
bn:00083086v	bannir
bn:00083086v	interdire
bn:00083087v	bannir
bn:00083088v	incliner
bn:00083093v	déposer
bn:00083095v	espérer
bn:00083095v	fier
bn:00083097v	ruiner
bn:00083100v	plaisanter
bn:00083101v	baptiser
bn:00083102v	arrêter
bn:00083102v	empêcher
bn:00083102v	exclure
bn:00083102v	interdire
bn:00083103v	barre
bn:00083103v	barrer
bn:00083103v	barricader
bn:00083103v	bloquer
bn:00083103v	obstruer
bn:00083104v	fermer
bn:00083110v	griller
bn:00083114v	dépouiller
bn:00083115v	vomir
bn:00083116v	négocier
bn:00083132v	encourager
bn:00083132v	inspirer
bn:00083133v	railler
bn:00083141v	baser
bn:00083141v	établir
bn:00083141v	fonder
bn:00083145v	aimer
bn:00083145v	apprécier
bn:00083145v	jouir
bn:00083145v	profiter
bn:00083145v	savourer
bn:00083146v	baigner
bn:00083150v	arroser
bn:00083151v	frapper
bn:00083166v	baigner
bn:00083167v	baigner
bn:00083171v	secouer
bn:00083173v	battre
bn:00083173v	combattre
bn:00083173v	lutter
bn:00083174v	crier
bn:00083174v	hurler
bn:00083174v	rugir
bn:00083177v	réprimander
bn:00083178v	hurler
bn:00083181v	aller
bn:00083181v	apparaître
bn:00083181v	appartenir
bn:00083181v	avoir
bn:00083181v	caractériser
bn:00083181v	consister
bn:00083181v	constituer
bn:00083181v	convenir
bn:00083181v	descendre
bn:00083181v	développer
bn:00083181v	devenir
bn:00083181v	dire
bn:00083181v	durer
bn:00083181v	empreindre
bn:00083181v	être
bn:00083181v	exister
bn:00083181v	faire
bn:00083181v	former
bn:00083181v	marquer
bn:00083181v	occuper
bn:00083181v	provenir
bn:00083181v	représenter
bn:00083181v	suivre
bn:00083181v	transformer
bn:00083181v	tromper
bn:00083181v	trouver
bn:00083181v	valoir
bn:00083181v	venir
bn:00083181v	vivre
bn:00083182v	aller
bn:00083182v	appartenir
bn:00083182v	avoir
bn:00083182v	consister
bn:00083182v	constituer
bn:00083182v	devenir
bn:00083182v	dire
bn:00083182v	être
bn:00083182v	faire
bn:00083182v	former
bn:00083182v	provenir
bn:00083182v	représenter
bn:00083182v	suivre
bn:00083182v	tirer
bn:00083182v	transformer
bn:00083182v	trouver
bn:00083182v	vivre
bn:00083183v	aller
bn:00083183v	apparaître
bn:00083183v	avoir
bn:00083183v	constituer
bn:00083183v	être
bn:00083183v	exister
bn:00083183v	faire
bn:00083183v	subsister
bn:00083183v	suivre
bn:00083183v	trouver
bn:00083183v	venir
bn:00083183v	vivre
bn:00083184v	avoir
bn:00083184v	être
bn:00083184v	exister
bn:00083184v	faire
bn:00083184v	trouver
bn:00083184v	venir
bn:00083185v	apparaître
bn:00083185v	avoir
bn:00083185v	être
bn:00083185v	exister
bn:00083185v	faire
bn:00083185v	occuper
bn:00083185v	provenir
bn:00083185v	remonter
bn:00083185v	suivre
bn:00083185v	trouver
bn:00083185v	venir
bn:00083186v	avoir
bn:00083186v	constituer
bn:00083186v	devenir
bn:00083186v	égaler
bn:00083186v	être
bn:00083186v	faire
bn:00083186v	représenter
bn:00083187v	aller
bn:00083187v	avoir
bn:00083187v	composer
bn:00083187v	consister
bn:00083187v	constituer
bn:00083187v	devenir
bn:00083187v	être
bn:00083187v	faire
bn:00083187v	représenter
bn:00083187v	trouver
bn:00083188v	aller
bn:00083188v	avoir
bn:00083188v	devenir
bn:00083188v	être
bn:00083189v	avoir
bn:00083189v	constituer
bn:00083189v	être
bn:00083189v	incarner
bn:00083189v	personnifier
bn:00083189v	trouver
bn:00083190v	être
bn:00083191v	avoir
bn:00083191v	vivre
bn:00083193v	coûter
bn:00083194v	avancer
bn:00083194v	bouger
bn:00083194v	déplacer
bn:00083195v	dériver
bn:00083195v	flotter
bn:00083195v	souffler
bn:00083196v	chercher
bn:00083196v	concevoir
bn:00083196v	envisager
bn:00083196v	planifier
bn:00083196v	prévoir
bn:00083199v	naître
bn:00083202v	avoir
bn:00083202v	pencher
bn:00083202v	tendre
bn:00083206v	taire
bn:00083214v	picorer
bn:00083215v	rayonner
bn:00083215v	sourire
bn:00083216v	briller
bn:00083218v	briller
bn:00083218v	rayonner
bn:00083221v	avoir
bn:00083221v	porter
bn:00083222v	avoir
bn:00083222v	donner
bn:00083222v	naître
bn:00083223v	apporter
bn:00083223v	porter
bn:00083224v	avoir
bn:00083224v	naître
bn:00083224v	porter
bn:00083224v	produire
bn:00083225v	contenir
bn:00083225v	porter
bn:00083225v	transporter
bn:00083226v	avoir
bn:00083226v	payer
bn:00083226v	porter
bn:00083226v	supporter
bn:00083227v	avoir
bn:00083227v	porter
bn:00083228v	conserver
bn:00083228v	détenir
bn:00083228v	occuper
bn:00083228v	rester
bn:00083229v	avoir
bn:00083229v	porter
bn:00083229v	tenir
bn:00083231v	éloigner
bn:00083231v	emmener
bn:00083231v	emporter
bn:00083234v	attaquer
bn:00083234v	charger
bn:00083234v	foncer
bn:00083240v	aborder
bn:00083240v	agir
bn:00083240v	concerner
bn:00083240v	être
bn:00083240v	évoquer
bn:00083240v	lier
bn:00083240v	porter
bn:00083240v	préoccuper
bn:00083240v	rapporter
bn:00083240v	référer
bn:00083240v	toucher
bn:00083241v	pousser
bn:00083242v	continuer
bn:00083242v	entretenir
bn:00083242v	garder
bn:00083242v	maintenir
bn:00083242v	mener
bn:00083242v	poursuivre
bn:00083242v	préserver
bn:00083242v	prolonger
bn:00083242v	respecter
bn:00083242v	soutenir
bn:00083243v	confirmer
bn:00083243v	soutenir
bn:00083245v	démontrer
bn:00083245v	indiquer
bn:00083245v	montre
bn:00083245v	montrer
bn:00083245v	prouver
bn:00083245v	révéler
bn:00083245v	témoigner
bn:00083247v	battre
bn:00083247v	devancer
bn:00083247v	écraser
bn:00083247v	frapper
bn:00083248v	battre
bn:00083248v	frapper
bn:00083249v	abattre
bn:00083249v	briser
bn:00083249v	frapper
bn:00083250v	battre
bn:00083251v	battre
bn:00083252v	battre
bn:00083252v	tambouriner
bn:00083256v	battre
bn:00083268v	épuiser
bn:00083270v	chercher
bn:00083272v	repousser
bn:00083277v	rassembler
bn:00083281v	embellir
bn:00083284v	calmer
bn:00083284v	stabiliser
bn:00083285v	arriver
bn:00083286v	arriver
bn:00083286v	passer
bn:00083286v	produire
bn:00083288v	capter
bn:00083288v	captiver
bn:00083288v	capturer
bn:00083288v	charmer
bn:00083288v	fasciner
bn:00083288v	séduire
bn:00083289v	agiter
bn:00083289v	attirer
bn:00083289v	inviter
bn:00083289v	saluer
bn:00083292v	obscurcir
bn:00083293v	advenir
bn:00083293v	aller
bn:00083293v	apparaître
bn:00083293v	arriver
bn:00083293v	avoir
bn:00083293v	commencer
bn:00083293v	devenir
bn:00083293v	devoir
bn:00083293v	enivrer
bn:00083293v	être
bn:00083293v	faire
bn:00083293v	finir
bn:00083293v	prendre
bn:00083293v	quitter
bn:00083293v	ramener
bn:00083293v	reprendre
bn:00083293v	rester
bn:00083293v	souffrir
bn:00083293v	tourner
bn:00083294v	devenir
bn:00083294v	être
bn:00083294v	transformer
bn:00083295v	devenir
bn:00083295v	être
bn:00083301v	coucher
bn:00083301v	dormir
bn:00083306v	éblouir
bn:00083308v	crucifier
bn:00083309v	déconcerter
bn:00083309v	troubler
bn:00083312v	masquer
bn:00083312v	obscurcir
bn:00083317v	fortifier
bn:00083317v	renforcer
bn:00083324v	fuir
bn:00083325v	adapter
bn:00083326v	dupe
bn:00083326v	duper
bn:00083326v	tromper
bn:00083327v	duper
bn:00083331v	demander
bn:00083331v	implorer
bn:00083331v	prier
bn:00083331v	supplier
bn:00083332v	prier
bn:00083332v	quémander
bn:00083332v	solliciter
bn:00083332v	supplier
bn:00083336v	engendrer
bn:00083336v	générer
bn:00083340v	commencer
bn:00083340v	débuter
bn:00083340v	entamer
bn:00083340v	mettre
bn:00083340v	partir
bn:00083340v	recommencer
bn:00083341v	commencer
bn:00083341v	débuter
bn:00083341v	partir
bn:00083342v	commencer
bn:00083342v	débuter
bn:00083342v	déclencher
bn:00083342v	démarrer
bn:00083342v	entamer
bn:00083342v	lancer
bn:00083342v	recommencer
bn:00083343v	commencer
bn:00083350v	salir
bn:00083353v	séduire
bn:00083354v	comporter
bn:00083355v	décapiter
bn:00083356v	contempler
bn:00083356v	regarder
bn:00083356v	voici
bn:00083356v	voir
bn:00083357v	incomber
bn:00083364v	roter
bn:00083366v	assiéger
bn:00083366v	entourer
bn:00083367v	contredire
bn:00083367v	démentir
bn:00083368v	déformer
bn:00083369v	considérer
bn:00083369v	croire
bn:00083369v	estimer
bn:00083369v	penser
bn:00083370v	considérer
bn:00083370v	croire
bn:00083370v	estimer
bn:00083370v	juger
bn:00083370v	penser
bn:00083370v	trouver
bn:00083371v	compter
bn:00083371v	croire
bn:00083371v	espérer
bn:00083371v	estimer
bn:00083371v	penser
bn:00083371v	supposer
bn:00083372v	croire
bn:00083374v	croire
bn:00083377v	diminuer
bn:00083380v	rugir
bn:00083386v	appartenir
bn:00083386v	avoir
bn:00083387v	appartenir
bn:00083387v	avoir
bn:00083388v	aller
bn:00083388v	appartenir
bn:00083389v	appartenir
bn:00083391v	appartenir
bn:00083393v	frapper
bn:00083395v	accélérer
bn:00083395v	courir
bn:00083395v	élancer
bn:00083395v	hâter
bn:00083395v	précipiter
bn:00083396v	consommer
bn:00083397v	déplorer
bn:00083398v	moquer
bn:00083399v	envoyer
bn:00083402v	pencher
bn:00083402v	plier
bn:00083403v	courber
bn:00083403v	pencher
bn:00083404v	pencher
bn:00083404v	plier
bn:00083404v	tordre
bn:00083405v	accroupir
bn:00083405v	baisser
bn:00083405v	pencher
bn:00083406v	détourner
bn:00083406v	pencher
bn:00083413v	acquérir
bn:00083413v	bénéficier
bn:00083413v	gagner
bn:00083413v	prendre
bn:00083413v	profiter
bn:00083413v	recevoir
bn:00083413v	servir
bn:00083413v	tirer
bn:00083414v	bénéficier
bn:00083414v	profiter
bn:00083420v	laisser
bn:00083420v	léguer
bn:00083426v	assaillir
bn:00083426v	assiéger
bn:00083426v	embêter
bn:00083426v	provoquer
bn:00083426v	tourmenter
bn:00083431v	ternir
bn:00083436v	désigner
bn:00083436v	indiquer
bn:00083436v	signaler
bn:00083437v	appeler
bn:00083437v	convoquer
bn:00083437v	demande
bn:00083437v	demander
bn:00083437v	exiger
bn:00083437v	réclamer
bn:00083443v	réveiller
bn:00083443v	susciter
bn:00083444v	commencer
bn:00083445v	accorder
bn:00083445v	attribuer
bn:00083446v	accorder
bn:00083448v	monter
bn:00083448v	sauter
bn:00083449v	parier
bn:00083455v	avoir
bn:00083455v	trahir
bn:00083456v	trahir
bn:00083457v	faillir
bn:00083457v	faire
bn:00083457v	manquer
bn:00083458v	trahir
bn:00083459v	dénoncer
bn:00083460v	tromper
bn:00083461v	améliorer
bn:00083461v	battre
bn:00083462v	biseauter
bn:00083465v	hypnotiser
bn:00083470v	disputer
bn:00083472v	enchérir
bn:00083472v	offrir
bn:00083472v	proposer
bn:00083473v	dire
bn:00083473v	souhaiter
bn:00083476v	invite
bn:00083476v	inviter
bn:00083476v	ordonner
bn:00083477v	frapper
bn:00083483v	escroquer
bn:00083485v	échapper
bn:00083486v	attribuer
bn:00083486v	demander
bn:00083486v	facturer
bn:00083494v	bander
bn:00083494v	lier
bn:00083495v	amarrer
bn:00083495v	attacher
bn:00083496v	être
bn:00083498v	attacher
bn:00083498v	lier
bn:00083498v	nouer
bn:00083512v	tourner
bn:00083515v	croquer
bn:00083515v	mordre
bn:00083515v	ronger
bn:00083516v	blesser
bn:00083516v	brûler
bn:00083517v	enfoncer
bn:00083519v	mordre
bn:00083524v	camper
bn:00083525v	jacasser
bn:00083526v	noircir
bn:00083536v	moquer
bn:00083536v	ridiculiser
bn:00083536v	rire
bn:00083545v	accuser
bn:00083545v	blâmer
bn:00083546v	blâmer
bn:00083546v	prendre
bn:00083546v	reprocher
bn:00083547v	accuser
bn:00083547v	blâmer
bn:00083550v	flatter
bn:00083552v	oublier
bn:00083554v	couvrir
bn:00083557v	souffler
bn:00083559v	soutirer
bn:00083560v	jurer
bn:00083562v	écraser
bn:00083562v	fracasser
bn:00083562v	frapper
bn:00083563v	exploser
bn:00083567v	tirer
bn:00083572v	briller
bn:00083572v	éclater
bn:00083579v	brûler
bn:00083581v	crier
bn:00083581v	écrier
bn:00083582v	blanchir
bn:00083586v	saigner
bn:00083587v	saigner
bn:00083589v	déteindre
bn:00083595v	mélanger
bn:00083595v	mêler
bn:00083597v	combiner
bn:00083597v	fondre
bn:00083597v	fusionner
bn:00083597v	mélanger
bn:00083597v	mêler
bn:00083598v	mélanger
bn:00083599v	bénir
bn:00083600v	bénir
bn:00083603v	affliger
bn:00083603v	tourmenter
bn:00083604v	aveugler
bn:00083605v	aveugler
bn:00083610v	cligner
bn:00083611v	cligner
bn:00083612v	briller
bn:00083612v	cligner
bn:00083612v	clignoter
bn:00083612v	scintiller
bn:00083622v	bloquer
bn:00083622v	entraver
bn:00083623v	arrêter
bn:00083623v	bloquer
bn:00083623v	cesser
bn:00083623v	empêcher
bn:00083623v	éteindre
bn:00083623v	stopper
bn:00083624v	bloquer
bn:00083624v	brouiller
bn:00083630v	obstruer
bn:00083630v	occlure
bn:00083636v	bloquer
bn:00083646v	épanouir
bn:00083646v	fleurir
bn:00083647v	déployer
bn:00083647v	dérouler
bn:00083647v	fleurir
bn:00083649v	effacer
bn:00083650v	marbrer
bn:00083652v	souffler
bn:00083653v	souffler
bn:00083654v	moucher
bn:00083656v	souffler
bn:00083657v	gaspiller
bn:00083657v	perdre
bn:00083668v	vanter
bn:00083670v	souffler
bn:00083677v	estomper
bn:00083677v	passer
bn:00083678v	déclencher
bn:00083678v	détoner
bn:00083678v	exploser
bn:00083678v	sauter
bn:00083679v	agrandir
bn:00083679v	amplifier
bn:00083679v	élargir
bn:00083681v	gonfler
bn:00083695v	atténuer
bn:00083699v	brouiller
bn:00083701v	brouiller
bn:00083701v	obscurcir
bn:00083704v	rougir
bn:00083708v	embarquer
bn:00083708v	monter
bn:00083713v	avoir
bn:00083713v	vanter
bn:00083723v	personnifier
bn:00083725v	incarner
bn:00083728v	embourber
bn:00083729v	enliser
bn:00083736v	bouillir
bn:00083736v	chauffer
bn:00083737v	bouillir
bn:00083741v	réduire
bn:00083747v	renforcer
bn:00083753v	engloutir
bn:00083756v	bombarder
bn:00083760v	bombarder
bn:00083762v	bourdonner
bn:00083765v	réunir
bn:00083771v	huer
bn:00083773v	réserver
bn:00083774v	réserver
bn:00083774v	retenir
bn:00083778v	retentir
bn:00083781v	élargir
bn:00083781v	étendre
bn:00083781v	prospérer
bn:00083784v	augmenter
bn:00083785v	augmenter
bn:00083787v	encourager
bn:00083790v	évincer
bn:00083790v	expulser
bn:00083791v	éjecter
bn:00083791v	expulser
bn:00083796v	boire
bn:00083797v	border
bn:00083797v	entourer
bn:00083798v	border
bn:00083798v	délimiter
bn:00083799v	border
bn:00083799v	encadrer
bn:00083801v	ennuyer
bn:00083802v	percer
bn:00083803v	emprunter
bn:00083805v	embrasser
bn:00083805v	serrer
bn:00083808v	embêter
bn:00083808v	inquiéter
bn:00083809v	déranger
bn:00083809v	éteindre
bn:00083809v	gêner
bn:00083809v	préoccuper
bn:00083809v	troubler
bn:00083815v	réprimer
bn:00083821v	comprendre
bn:00083821v	pénétrer
bn:00083824v	bondir
bn:00083824v	être
bn:00083824v	lancer
bn:00083824v	rebondir
bn:00083824v	ricocher
bn:00083825v	rebondir
bn:00083825v	ricocher
bn:00083826v	bondir
bn:00083826v	rebondir
bn:00083827v	rebondir
bn:00083831v	surmonter
bn:00083833v	bondir
bn:00083833v	descendre
bn:00083833v	élancer
bn:00083833v	jaillir
bn:00083833v	sauter
bn:00083834v	confiner
bn:00083834v	étrangler
bn:00083834v	limite
bn:00083834v	limiter
bn:00083834v	restreindre
bn:00083836v	germer
bn:00083836v	pousser
bn:00083838v	incliner
bn:00083839v	incliner
bn:00083841v	prosterner
bn:00083848v	renverser
bn:00083848v	retourner
bn:00083849v	emballer
bn:00083853v	boycotter
bn:00083855v	stabiliser
bn:00083864v	tresser
bn:00083880v	élargir
bn:00083881v	marquer
bn:00083882v	dénoncer
bn:00083882v	marquer
bn:00083885v	agiter
bn:00083885v	brandir
bn:00083886v	brandir
bn:00083888v	claquer
bn:00083888v	résonner
bn:00083889v	affronter
bn:00083889v	endurer
bn:00083889v	supporter
bn:00083893v	broyer
bn:00083897v	casser
bn:00083897v	enfreindre
bn:00083897v	rompre
bn:00083897v	transgresser
bn:00083897v	violer
bn:00083900v	briser
bn:00083900v	interrompre
bn:00083900v	mettre
bn:00083900v	rompre
bn:00083901v	briser
bn:00083901v	casser
bn:00083901v	craquer
bn:00083901v	séparer
bn:00083902v	briser
bn:00083902v	casser
bn:00083903v	briser
bn:00083903v	casser
bn:00083904v	briser
bn:00083904v	casser
bn:00083905v	aller
bn:00083905v	échapper
bn:00083906v	disperser
bn:00083906v	diviser
bn:00083907v	craquer
bn:00083907v	éclater
bn:00083908v	arrêter
bn:00083908v	briser
bn:00083908v	démanteler
bn:00083908v	interrompre
bn:00083908v	rompre
bn:00083908v	stopper
bn:00083910v	briser
bn:00083910v	céder
bn:00083911v	violer
bn:00083912v	découvrir
bn:00083912v	divulguer
bn:00083912v	exposer
bn:00083912v	montrer
bn:00083912v	révéler
bn:00083912v	trahir
bn:00083914v	briser
bn:00083914v	échouer
bn:00083914v	tomber
bn:00083915v	rompre
bn:00083917v	briser
bn:00083918v	amortir
bn:00083918v	atténuer
bn:00083919v	débourrer
bn:00083928v	démanteler
bn:00083928v	diviser
bn:00083928v	séparer
bn:00083929v	reléguer
bn:00083929v	rétrograder
bn:00083932v	céder
bn:00083932v	effondrer
bn:00083932v	rejoindre
bn:00083938v	user
bn:00083942v	circuler
bn:00083943v	arrêter
bn:00083943v	faire
bn:00083950v	briser
bn:00083950v	casser
bn:00083950v	craquer
bn:00083950v	fissurer
bn:00083956v	démonter
bn:00083957v	casser
bn:00083957v	écraser
bn:00083959v	casser
bn:00083960v	fragmenter
bn:00083961v	courir
bn:00083961v	fuir
bn:00083961v	partir
bn:00083964v	briser
bn:00083965v	aller
bn:00083966v	froisser
bn:00083968v	décomposer
bn:00083969v	effondrer
bn:00083972v	dresser
bn:00083977v	exploser
bn:00083978v	échapper
bn:00083978v	enfuir
bn:00083979v	écourter
bn:00083979v	interrompre
bn:00083983v	éclater
bn:00083983v	fendre
bn:00083984v	éclater
bn:00083985v	éclater
bn:00083990v	briser
bn:00083990v	franchir
bn:00083990v	percer
bn:00083991v	traverser
bn:00083992v	percer
bn:00083993v	démanteler
bn:00083993v	disperser
bn:00083993v	diviser
bn:00083993v	interrompre
bn:00083995v	arrêter
bn:00083995v	couper
bn:00083995v	interrompre
bn:00083995v	perturber
bn:00083996v	dissoudre
bn:00083997v	craquer
bn:00083998v	couper
bn:00083998v	rompre
bn:00084002v	dissoudre
bn:00084004v	disperser
bn:00084014v	affronter
bn:00084018v	respirer
bn:00084019v	respirer
bn:00084024v	reposer
bn:00084026v	émettre
bn:00084027v	respirer
bn:00084028v	expirer
bn:00084031v	élever
bn:00084031v	engendrer
bn:00084031v	susciter
bn:00084032v	reproduire
bn:00084034v	multiplier
bn:00084040v	acheter
bn:00084040v	soudoyer
bn:00084042v	relier
bn:00084050v	informer
bn:00084053v	dégager
bn:00084056v	déborder
bn:00084058v	aligner
bn:00084058v	aller
bn:00084058v	amener
bn:00084058v	apporter
bn:00084058v	atterrir
bn:00084058v	attirer
bn:00084058v	avoir
bn:00084058v	conduire
bn:00084058v	devoir
bn:00084058v	donner
bn:00084058v	emmener
bn:00084058v	emporter
bn:00084058v	être
bn:00084058v	mener
bn:00084058v	monter
bn:00084058v	porter
bn:00084058v	prendre
bn:00084058v	ramener
bn:00084058v	rapporter
bn:00084058v	transmettre
bn:00084058v	transporter
bn:00084059v	aligner
bn:00084059v	amener
bn:00084059v	apporter
bn:00084059v	arriver
bn:00084059v	avoir
bn:00084059v	donner
bn:00084059v	engendrer
bn:00084059v	entraîner
bn:00084059v	être
bn:00084059v	porter
bn:00084059v	prendre
bn:00084059v	ramener
bn:00084059v	rapprocher
bn:00084059v	rendre
bn:00084060v	accomplir
bn:00084060v	apporter
bn:00084060v	avoir
bn:00084060v	causer
bn:00084060v	donner
bn:00084060v	entraîner
bn:00084060v	exercer
bn:00084060v	opérer
bn:00084060v	rendre
bn:00084060v	susciter
bn:00084061v	amener
bn:00084061v	apporter
bn:00084061v	attraper
bn:00084061v	avoir
bn:00084061v	chercher
bn:00084061v	entrer
bn:00084061v	faire
bn:00084061v	obtenir
bn:00084061v	prendre
bn:00084061v	ramener
bn:00084061v	rapporter
bn:00084062v	atterrir
bn:00084062v	attirer
bn:00084062v	avoir
bn:00084062v	conduire
bn:00084062v	ramener
bn:00084063v	amener
bn:00084063v	apporter
bn:00084063v	être
bn:00084064v	apporter
bn:00084064v	déposer
bn:00084064v	instituer
bn:00084069v	créer
bn:00084069v	engendrer
bn:00084069v	produire
bn:00084069v	provoquer
bn:00084071v	guérir
bn:00084071v	remédier
bn:00084071v	soigner
bn:00084072v	ramener
bn:00084073v	ramener
bn:00084073v	remettre
bn:00084073v	retourner
bn:00084074v	abaisser
bn:00084074v	abattre
bn:00084074v	baisser
bn:00084074v	décrocher
bn:00084074v	descendre
bn:00084074v	diminuer
bn:00084075v	renverser
bn:00084076v	abattre
bn:00084076v	imposer
bn:00084076v	infliger
bn:00084077v	atterrir
bn:00084079v	diminuer
bn:00084079v	réduire
bn:00084080v	créer
bn:00084080v	générer
bn:00084081v	présenter
bn:00084081v	produire
bn:00084081v	sortir
bn:00084082v	donner
bn:00084082v	engendrer
bn:00084082v	obtenir
bn:00084082v	produire
bn:00084083v	rappeler
bn:00084086v	arriver
bn:00084086v	parvenir
bn:00084086v	réussir
bn:00084086v	succéder
bn:00084088v	apporter
bn:00084088v	faire
bn:00084088v	introduire
bn:00084088v	présenter
bn:00084089v	apporter
bn:00084089v	avoir
bn:00084089v	être
bn:00084089v	faire
bn:00084089v	gagner
bn:00084089v	rapporter
bn:00084089v	réaliser
bn:00084089v	tirer
bn:00084092v	faire
bn:00084092v	gérer
bn:00084092v	parvenir
bn:00084092v	réussir
bn:00084093v	causer
bn:00084093v	entraîner
bn:00084093v	induire
bn:00084093v	provoquer
bn:00084094v	produire
bn:00084094v	susciter
bn:00084097v	découvrir
bn:00084097v	dévoiler
bn:00084097v	publier
bn:00084097v	révéler
bn:00084097v	sortir
bn:00084098v	sortir
bn:00084099v	émettre
bn:00084099v	lancer
bn:00084099v	publier
bn:00084102v	sortir
bn:00084103v	introduire
bn:00084105v	sauver
bn:00084106v	appliquer
bn:00084107v	assembler
bn:00084107v	joindre
bn:00084107v	rassembler
bn:00084107v	rejoindre
bn:00084107v	relier
bn:00084107v	réunir
bn:00084108v	avoir
bn:00084108v	élever
bn:00084109v	monter
bn:00084110v	élever
bn:00084110v	hisser
bn:00084110v	lever
bn:00084110v	monter
bn:00084110v	porter
bn:00084110v	relever
bn:00084110v	remonter
bn:00084110v	réveiller
bn:00084110v	sortir
bn:00084110v	soulever
bn:00084114v	hérisser
bn:00084119v	circuler
bn:00084119v	diffuser
bn:00084119v	disséminer
bn:00084119v	distribuer
bn:00084119v	répandre
bn:00084120v	élargir
bn:00084121v	accorder
bn:00084121v	augmenter
bn:00084121v	élargir
bn:00084121v	étendre
bn:00084121v	prolonger
bn:00084122v	élargir
bn:00084125v	broder
bn:00084133v	méditer
bn:00084133v	ruminer
bn:00084134v	menacer
bn:00084138v	balayer
bn:00084141v	dorer
bn:00084145v	paître
bn:00084148v	meurtrir
bn:00084149v	blesser
bn:00084152v	murmurer
bn:00084154v	balayer
bn:00084154v	brosser
bn:00084155v	effleurer
bn:00084155v	essuyer
bn:00084155v	frôler
bn:00084156v	brosser
bn:00084157v	balayer
bn:00084160v	écarter
bn:00084160v	ignorer
bn:00084160v	rejeter
bn:00084166v	bouillonner
bn:00084169v	déborder
bn:00084174v	charger
bn:00084181v	déformer
bn:00084182v	céder
bn:00084182v	succomber
bn:00084184v	bourgeonner
bn:00084186v	budgétiser
bn:00084191v	tamponner
bn:00084192v	amortir
bn:00084198v	appuyer
bn:00084198v	bâtir
bn:00084198v	constituer
bn:00084198v	construire
bn:00084198v	ériger
bn:00084198v	fabriquer
bn:00084198v	faire
bn:00084199v	constituer
bn:00084199v	construire
bn:00084199v	développer
bn:00084199v	préparer
bn:00084200v	construire
bn:00084200v	développer
bn:00084200v	établir
bn:00084209v	reposer
bn:00084210v	constituer
bn:00084210v	créer
bn:00084210v	développer
bn:00084210v	renforcer
bn:00084211v	développer
bn:00084228v	trébucher
bn:00084229v	bégayer
bn:00084229v	vaciller
bn:00084230v	heurter
bn:00084231v	atteindre
bn:00084231v	avoir
bn:00084231v	chercher
bn:00084231v	constater
bn:00084231v	découvrir
bn:00084231v	rencontrer
bn:00084231v	retrouver
bn:00084231v	trouver
bn:00084232v	heurter
bn:00084234v	secouer
bn:00084235v	tomber
bn:00084236v	assassiner
bn:00084236v	tuer
bn:00084240v	arnaquer
bn:00084240v	escroquer
bn:00084260v	illuminer
bn:00084262v	alourdir
bn:00084264v	croître
bn:00084265v	voler
bn:00084270v	avoir
bn:00084270v	brûler
bn:00084270v	incendier
bn:00084271v	allumer
bn:00084271v	briller
bn:00084271v	brûler
bn:00084272v	brûler
bn:00084273v	brûler
bn:00084273v	incendier
bn:00084274v	brûler
bn:00084275v	brûler
bn:00084280v	brûler
bn:00084282v	brûler
bn:00084284v	brûler
bn:00084285v	brûler
bn:00084287v	éclater
bn:00084287v	exploser
bn:00084297v	enfouir
bn:00084297v	ensevelir
bn:00084297v	enterrer
bn:00084298v	ensevelir
bn:00084298v	enterrer
bn:00084299v	ensevelir
bn:00084299v	enterrer
bn:00084300v	avaler
bn:00084300v	engloutir
bn:00084300v	enterrer
bn:00084302v	oublier
bn:00084308v	arranger
bn:00084308v	corriger
bn:00084308v	réparer
bn:00084308v	restaurer
bn:00084312v	baiser
bn:00084312v	embrasser
bn:00084313v	attaquer
bn:00084314v	arracher
bn:00084314v	briser
bn:00084314v	déchiqueter
bn:00084314v	déchirer
bn:00084314v	détruire
bn:00084314v	rompre
bn:00084315v	détruire
bn:00084315v	ravager
bn:00084315v	ruiner
bn:00084317v	occuper
bn:00084318v	massacrer
bn:00084324v	flirter
bn:00084331v	acheter
bn:00084331v	acquérir
bn:00084331v	racheter
bn:00084335v	fréquenter
bn:00084342v	acheter
bn:00084342v	prendre
bn:00084342v	racheter
bn:00084343v	aller
bn:00084343v	crever
bn:00084343v	décéder
bn:00084343v	disparaître
bn:00084343v	expirer
bn:00084343v	mourir
bn:00084343v	périr
bn:00084343v	succomber
bn:00084349v	contourner
bn:00084350v	avoir
bn:00084352v	conspirer
bn:00084354v	télégraphier
bn:00084373v	calculer
bn:00084373v	estimer
bn:00084374v	calculer
bn:00084374v	compter
bn:00084374v	estimer
bn:00084374v	penser
bn:00084374v	prévoir
bn:00084374v	supposer
bn:00084375v	prévoir
bn:00084378v	calibrer
bn:00084385v	appeler
bn:00084385v	dire
bn:00084385v	intituler
bn:00084385v	nommer
bn:00084386v	appeler
bn:00084386v	dire
bn:00084387v	appeler
bn:00084387v	téléphoner
bn:00084388v	appeler
bn:00084388v	chanter
bn:00084388v	crier
bn:00084388v	écrier
bn:00084388v	faire
bn:00084388v	hurler
bn:00084388v	interpeller
bn:00084388v	pleurer
bn:00084388v	rappeler
bn:00084389v	appeler
bn:00084389v	rappeler
bn:00084390v	appeler
bn:00084390v	rendre
bn:00084390v	venir
bn:00084390v	visiter
bn:00084391v	convoquer
bn:00084391v	rappeler
bn:00084393v	appeler
bn:00084411v	indiquer
bn:00084411v	montrer
bn:00084411v	souligner
bn:00084412v	rappeler
bn:00084412v	retirer
bn:00084413v	évoquer
bn:00084413v	mémoriser
bn:00084413v	penser
bn:00084413v	rappeler
bn:00084413v	remémorer
bn:00084413v	repenser
bn:00084413v	souvenir
bn:00084415v	rappeler
bn:00084416v	demander
bn:00084416v	inviter
bn:00084416v	solliciter
bn:00084417v	collecter
bn:00084417v	prendre
bn:00084417v	récolter
bn:00084417v	récupérer
bn:00084418v	évoquer
bn:00084418v	provoquer
bn:00084418v	susciter
bn:00084419v	appeler
bn:00084420v	appeler
bn:00084422v	appeler
bn:00084423v	contester
bn:00084423v	interroger
bn:00084425v	annuler
bn:00084428v	appeler
bn:00084428v	crier
bn:00084428v	écrier
bn:00084428v	exclamer
bn:00084429v	annoncer
bn:00084429v	appeler
bn:00084429v	exclamer
bn:00084429v	interpeller
bn:00084433v	mobiliser
bn:00084433v	rallier
bn:00084438v	apaiser
bn:00084438v	calmer
bn:00084439v	calmer
bn:00084439v	refroidir
bn:00084444v	camoufler
bn:00084447v	charger
bn:00084447v	représenter
bn:00084451v	licencier
bn:00084451v	renvoyer
bn:00084451v	virer
bn:00084454v	compenser
bn:00084454v	contrebalancer
bn:00084472v	canoniser
bn:00084475v	incliner
bn:00084481v	chanter
bn:00084492v	gambader
bn:00084494v	capitaliser
bn:00084494v	exploiter
bn:00084494v	profiter
bn:00084499v	capituler
bn:00084508v	capturer
bn:00084508v	saisir
bn:00084509v	attirer
bn:00084509v	attraper
bn:00084509v	capturer
bn:00084510v	capturer
bn:00084511v	attirer
bn:00084511v	prendre
bn:00084524v	importer
bn:00084524v	intéresser
bn:00084524v	occuper
bn:00084524v	soucier
bn:00084524v	vouloir
bn:00084525v	occuper
bn:00084525v	soigner
bn:00084526v	aimer
bn:00084526v	souhaiter
bn:00084526v	tenir
bn:00084526v	vouloir
bn:00084527v	faire
bn:00084527v	gérer
bn:00084527v	manipuler
bn:00084527v	occuper
bn:00084527v	traiter
bn:00084527v	travailler
bn:00084528v	inquiéter
bn:00084528v	préoccuper
bn:00084528v	soucier
bn:00084531v	chérir
bn:00084532v	soigner
bn:00084532v	traiter
bn:00084533v	chanceler
bn:00084533v	tituber
bn:00084533v	vaciller
bn:00084536v	caresser
bn:00084538v	perturber
bn:00084538v	préoccuper
bn:00084538v	troubler
bn:00084554v	amener
bn:00084554v	avoir
bn:00084554v	emmener
bn:00084554v	emporter
bn:00084554v	mener
bn:00084554v	porter
bn:00084554v	ramener
bn:00084554v	rapporter
bn:00084554v	tenir
bn:00084554v	transporter
bn:00084555v	avoir
bn:00084555v	emporter
bn:00084555v	porter
bn:00084555v	tenir
bn:00084555v	transporter
bn:00084556v	mener
bn:00084556v	porter
bn:00084556v	transmettre
bn:00084557v	amener
bn:00084557v	avoir
bn:00084557v	contenir
bn:00084557v	exprimer
bn:00084557v	porter
bn:00084557v	transmettre
bn:00084558v	porter
bn:00084559v	mettre
bn:00084559v	porter
bn:00084560v	avoir
bn:00084560v	porter
bn:00084561v	entraîner
bn:00084562v	porter
bn:00084562v	remporter
bn:00084563v	porter
bn:00084564v	approvisionner
bn:00084565v	avoir
bn:00084565v	publier
bn:00084566v	avoir
bn:00084567v	avoir
bn:00084573v	balancer
bn:00084573v	convaincre
bn:00084573v	ébranler
bn:00084573v	influencer
bn:00084573v	persuader
bn:00084593v	comporter
bn:00084593v	conduire
bn:00084593v	continuer
bn:00084593v	dérouler
bn:00084593v	diriger
bn:00084593v	effectuer
bn:00084593v	mener
bn:00084593v	organiser
bn:00084593v	réaliser
bn:00084593v	tenir
bn:00084594v	avancer
bn:00084594v	continuer
bn:00084594v	partir
bn:00084594v	poursuivre
bn:00084594v	procéder
bn:00084594v	progresser
bn:00084595v	assurer
bn:00084595v	effectuer
bn:00084595v	mener
bn:00084595v	mettre
bn:00084595v	réaliser
bn:00084597v	transporter
bn:00084601v	entraîner
bn:00084601v	tirer
bn:00084601v	traîner
bn:00084601v	transporter
bn:00084606v	creuser
bn:00084606v	graver
bn:00084606v	sculpter
bn:00084607v	sculpter
bn:00084608v	découper
bn:00084611v	diviser
bn:00084611v	partager
bn:00084611v	répartir
bn:00084611v	séparer
bn:00084614v	examiner
bn:00084615v	envelopper
bn:00084618v	encaisser
bn:00084624v	jeter
bn:00084624v	mettre
bn:00084624v	projeter
bn:00084627v	jeter
bn:00084627v	lancer
bn:00084627v	projeter
bn:00084629v	dériver
bn:00084629v	dévier
bn:00084629v	errer
bn:00084629v	parcourir
bn:00084629v	promener
bn:00084629v	vagabonder
bn:00084631v	être
bn:00084631v	expulser
bn:00084631v	jeter
bn:00084631v	projeter
bn:00084631v	verser
bn:00084632v	obtenir
bn:00084633v	dire
bn:00084633v	exposer
bn:00084633v	exprimer
bn:00084633v	formuler
bn:00084633v	mettre
bn:00084633v	parler
bn:00084633v	poser
bn:00084633v	présenter
bn:00084634v	abandonner
bn:00084634v	débarrasser
bn:00084634v	éliminer
bn:00084634v	expulser
bn:00084634v	jeter
bn:00084635v	déprimer
bn:00084638v	corriger
bn:00084641v	émasculer
bn:00084645v	cataloguer
bn:00084646v	cataloguer
bn:00084648v	catapulter
bn:00084649v	catapulter
bn:00084651v	arrêter
bn:00084651v	attraper
bn:00084651v	prendre
bn:00084651v	surprendre
bn:00084651v	trouver
bn:00084652v	capturer
bn:00084652v	être
bn:00084652v	saisir
bn:00084652v	surprendre
bn:00084653v	attraper
bn:00084653v	avoir
bn:00084653v	cueillir
bn:00084653v	devoir
bn:00084653v	être
bn:00084653v	frapper
bn:00084653v	surprendre
bn:00084654v	attraper
bn:00084654v	avoir
bn:00084654v	emparer
bn:00084654v	prendre
bn:00084654v	saisir
bn:00084655v	attacher
bn:00084655v	fixer
bn:00084655v	prendre
bn:00084656v	prendre
bn:00084657v	avoir
bn:00084658v	rattraper
bn:00084658v	rejoindre
bn:00084659v	capter
bn:00084659v	saisir
bn:00084661v	entendre
bn:00084662v	observer
bn:00084662v	prendre
bn:00084662v	regarder
bn:00084662v	voir
bn:00084663v	prendre
bn:00084664v	attraper
bn:00084664v	trébucher
bn:00084665v	avoir
bn:00084665v	obtenir
bn:00084665v	saisir
bn:00084666v	attraper
bn:00084676v	apercevoir
bn:00084679v	déclencher
bn:00084684v	coucher
bn:00084684v	dormir
bn:00084685v	rattraper
bn:00084687v	compenser
bn:00084687v	rattraper
bn:00084690v	catégoriser
bn:00084692v	approvisionner
bn:00084692v	assurer
bn:00084692v	donner
bn:00084692v	exercer
bn:00084692v	fournir
bn:00084692v	permettre
bn:00084692v	pourvoir
bn:00084699v	avoir
bn:00084699v	causer
bn:00084699v	commettre
bn:00084699v	constituer
bn:00084699v	créer
bn:00084699v	effectuer
bn:00084699v	entraîner
bn:00084699v	être
bn:00084699v	faire
bn:00084699v	former
bn:00084699v	laisser
bn:00084699v	poser
bn:00084699v	produire
bn:00084699v	provoquer
bn:00084699v	réaliser
bn:00084699v	rendre
bn:00084699v	servir
bn:00084699v	susciter
bn:00084699v	transformer
bn:00084700v	aller
bn:00084700v	avoir
bn:00084700v	causer
bn:00084700v	commettre
bn:00084700v	contenir
bn:00084700v	donner
bn:00084700v	entraîner
bn:00084700v	être
bn:00084700v	faire
bn:00084700v	forcer
bn:00084700v	inciter
bn:00084700v	induire
bn:00084700v	obtenir
bn:00084700v	provoquer
bn:00084700v	rendre
bn:00084700v	stimuler
bn:00084708v	gambader
bn:00084709v	croasser
bn:00084710v	abandonner
bn:00084710v	arrêter
bn:00084710v	cesser
bn:00084710v	interrompre
bn:00084710v	licencier
bn:00084710v	quitter
bn:00084710v	stopper
bn:00084711v	arrêter
bn:00084711v	cesser
bn:00084711v	finir
bn:00084711v	terminer
bn:00084712v	accorder
bn:00084712v	céder
bn:00084712v	concéder
bn:00084713v	abandonner
bn:00084713v	céder
bn:00084713v	livrer
bn:00084714v	célébrer
bn:00084714v	observer
bn:00084714v	respecter
bn:00084715v	célébrer
bn:00084715v	fêter
bn:00084716v	célébrer
bn:00084718v	cimenter
bn:00084723v	réprimander
bn:00084725v	centrer
bn:00084725v	concentrer
bn:00084726v	centrer
bn:00084726v	concentrer
bn:00084726v	focaliser
bn:00084730v	centraliser
bn:00084730v	concentrer
bn:00084731v	centrifuger
bn:00084733v	dire
bn:00084733v	penser
bn:00084733v	réfléchir
bn:00084736v	certifier
bn:00084737v	autoriser
bn:00084737v	certifier
bn:00084738v	approuver
bn:00084741v	irriter
bn:00084744v	gratter
bn:00084746v	marchander
bn:00084746v	négocier
bn:00084747v	bavarder
bn:00084747v	discuter
bn:00084755v	dessiner
bn:00084755v	esquisser
bn:00084756v	décrocher
bn:00084758v	contester
bn:00084758v	défier
bn:00084758v	disputer
bn:00084759v	défier
bn:00084760v	contester
bn:00084761v	contester
bn:00084766v	défendre
bn:00084769v	changer
bn:00084769v	évoluer
bn:00084769v	modifier
bn:00084769v	passer
bn:00084769v	transformer
bn:00084770v	changer
bn:00084770v	commuter
bn:00084771v	changer
bn:00084772v	changer
bn:00084772v	convertir
bn:00084772v	échanger
bn:00084773v	changer
bn:00084773v	échanger
bn:00084774v	changer
bn:00084774v	transférer
bn:00084777v	détourner
bn:00084777v	inverser
bn:00084777v	pencher
bn:00084777v	renverser
bn:00084777v	tourner
bn:00084784v	changer
bn:00084784v	déplacer
bn:00084784v	passer
bn:00084784v	tourner
bn:00084785v	convertir
bn:00084785v	passer
bn:00084785v	transformer
bn:00084787v	détourner
bn:00084787v	devenir
bn:00084787v	orienter
bn:00084787v	passer
bn:00084787v	retourner
bn:00084787v	tourne
bn:00084787v	tourner
bn:00084787v	transformer
bn:00084790v	transférer
bn:00084790v	transmettre
bn:00084792v	désigner
bn:00084792v	diriger
bn:00084792v	guider
bn:00084792v	manœuvrer
bn:00084792v	mener
bn:00084792v	orienter
bn:00084792v	pointer
bn:00084795v	scander
bn:00084800v	caractériser
bn:00084801v	caractériser
bn:00084803v	accuser
bn:00084803v	déposer
bn:00084803v	facturer
bn:00084804v	accuser
bn:00084805v	charger
bn:00084807v	envoyer
bn:00084808v	confier
bn:00084813v	pointer
bn:00084824v	tenter
bn:00084825v	tracer
bn:00084826v	tracer
bn:00084828v	affréter
bn:00084828v	recruter
bn:00084830v	louer
bn:00084830v	prendre
bn:00084831v	chasser
bn:00084831v	chercher
bn:00084831v	poursuivre
bn:00084831v	suivre
bn:00084834v	chasser
bn:00084834v	dissiper
bn:00084834v	repousser
bn:00084837v	apprivoiser
bn:00084839v	claquer
bn:00084845v	avoir
bn:00084846v	arnaquer
bn:00084846v	tromper
bn:00084847v	tricher
bn:00084848v	consulter
bn:00084848v	examiner
bn:00084848v	vérifier
bn:00084849v	examiner
bn:00084849v	vérifier
bn:00084850v	arrêter
bn:00084850v	contenir
bn:00084850v	contrôler
bn:00084850v	freiner
bn:00084850v	maîtriser
bn:00084850v	surveiller
bn:00084853v	freiner
bn:00084856v	discipliner
bn:00084856v	entraîner
bn:00084856v	habituer
bn:00084868v	enregistrer
bn:00084879v	encourager
bn:00084880v	acclamer
bn:00084888v	mâcher
bn:00084888v	ruminer
bn:00084889v	envisager
bn:00084889v	méditer
bn:00084889v	penser
bn:00084889v	réfléchir
bn:00084892v	refroidir
bn:00084893v	rafraîchir
bn:00084893v	refroidir
bn:00084894v	refroidir
bn:00084898v	tinter
bn:00084904v	accorder
bn:00084904v	ajouter
bn:00084904v	contribuer
bn:00084904v	donner
bn:00084916v	entasser
bn:00084918v	étouffer
bn:00084919v	étouffer
bn:00084931v	adopter
bn:00084931v	avoir
bn:00084931v	choisir
bn:00084931v	faire
bn:00084931v	prendre
bn:00084931v	sélectionner
bn:00084931v	soutenir
bn:00084931v	vouloir
bn:00084932v	choisir
bn:00084932v	préférer
bn:00084933v	choisir
bn:00084935v	couper
bn:00084935v	hacher
bn:00084939v	trancher
bn:00084941v	couper
bn:00084942v	découper
bn:00084945v	chorégraphier
bn:00084947v	glousser
bn:00084947v	ricaner
bn:00084947v	rire
bn:00084953v	chroniquer
bn:00084955v	jeter
bn:00084955v	lancer
bn:00084957v	caresser
bn:00084957v	tapoter
bn:00084958v	abandonner
bn:00084958v	renoncer
bn:00084965v	agiter
bn:00084968v	écœurer
bn:00084976v	chiffrer
bn:00084977v	entourer
bn:00084977v	tourner
bn:00084978v	entourer
bn:00084978v	tourner
bn:00084986v	circuler
bn:00084986v	répandre
bn:00084987v	circuler
bn:00084987v	distribuer
bn:00084988v	circuler
bn:00084997v	circonscrire
bn:00084998v	limite
bn:00084998v	limiter
bn:00085002v	contourner
bn:00085002v	éluder
bn:00085002v	esquiver
bn:00085002v	éviter
bn:00085005v	citer
bn:00085005v	mentionner
bn:00085006v	citer
bn:00085007v	citer
bn:00085007v	coter
bn:00085007v	mentionner
bn:00085009v	convoquer
bn:00085012v	éduquer
bn:00085012v	former
bn:00085016v	affirmer
bn:00085016v	dire
bn:00085016v	prétendre
bn:00085016v	revendiquer
bn:00085017v	demander
bn:00085017v	réclamer
bn:00085017v	revendiquer
bn:00085018v	affirmer
bn:00085018v	réclamer
bn:00085018v	revendiquer
bn:00085019v	prendre
bn:00085019v	soutenir
bn:00085021v	grimper
bn:00085021v	lutter
bn:00085025v	fixer
bn:00085025v	serrer
bn:00085026v	clamper
bn:00085028v	claquer
bn:00085033v	applaudir
bn:00085042v	clarifier
bn:00085042v	élucider
bn:00085059v	nettoyer
bn:00085060v	nettoyer
bn:00085061v	nettoyer
bn:00085062v	nettoyer
bn:00085069v	nettoyer
bn:00085072v	nettoyer
bn:00085072v	ranger
bn:00085077v	débarrasser
bn:00085077v	déblayer
bn:00085077v	dégager
bn:00085077v	éclaircir
bn:00085077v	frayer
bn:00085078v	dégager
bn:00085078v	effacer
bn:00085078v	libérer
bn:00085079v	dégager
bn:00085080v	adopter
bn:00085080v	approuver
bn:00085080v	passer
bn:00085081v	compenser
bn:00085082v	dissiper
bn:00085083v	franchir
bn:00085084v	cristalliser
bn:00085084v	débarrasser
bn:00085084v	éclairer
bn:00085084v	illuminer
bn:00085103v	achever
bn:00085103v	finir
bn:00085106v	diviser
bn:00085106v	fendre
bn:00085108v	serrer
bn:00085109v	serrer
bn:00085112v	claquer
bn:00085112v	cliquer
bn:00085113v	cliquer
bn:00085114v	claquer
bn:00085116v	pénétrer
bn:00085119v	culminer
bn:00085119v	terminer
bn:00085120v	escalader
bn:00085120v	gravir
bn:00085120v	grimper
bn:00085120v	lever
bn:00085120v	monter
bn:00085120v	remonter
bn:00085121v	monter
bn:00085122v	augmenter
bn:00085122v	monter
bn:00085122v	prendre
bn:00085125v	augmenter
bn:00085125v	croître
bn:00085125v	monter
bn:00085126v	élever
bn:00085126v	sortir
bn:00085132v	accrocher
bn:00085134v	accrocher
bn:00085134v	tenir
bn:00085135v	tinter
bn:00085138v	couper
bn:00085139v	trotter
bn:00085144v	masquer
bn:00085147v	chronométrer
bn:00085147v	mesurer
bn:00085155v	surcharger
bn:00085162v	clôturer
bn:00085162v	fermer
bn:00085163v	clôturer
bn:00085163v	enfermer
bn:00085163v	fermer
bn:00085163v	terminer
bn:00085164v	clôturer
bn:00085164v	éteindre
bn:00085164v	fermer
bn:00085165v	clore
bn:00085165v	clôturer
bn:00085165v	fermer
bn:00085165v	terminer
bn:00085166v	fermer
bn:00085167v	conclure
bn:00085180v	entourer
bn:00085181v	éteindre
bn:00085183v	écarter
bn:00085183v	exclure
bn:00085188v	coaguler
bn:00085190v	obscurcir
bn:00085207v	agripper
bn:00085207v	attirer
bn:00085207v	saisir
bn:00085207v	serrer
bn:00085212v	coïncider
bn:00085214v	coopter
bn:00085223v	former
bn:00085234v	enduire
bn:00085234v	recouvrir
bn:00085241v	armer
bn:00085242v	pavaner
bn:00085244v	onduler
bn:00085251v	codifier
bn:00085252v	contraindre
bn:00085252v	faire
bn:00085252v	forcer
bn:00085252v	imposer
bn:00085252v	obliger
bn:00085253v	coexister
bn:00085259v	vaciller
bn:00085261v	avoir
bn:00085261v	comprendre
bn:00085261v	connaître
bn:00085261v	ignorer
bn:00085261v	savoir
bn:00085269v	forger
bn:00085269v	inventer
bn:00085271v	coïncider
bn:00085272v	coïncider
bn:00085278v	renverser
bn:00085279v	collaborer
bn:00085279v	coopérer
bn:00085288v	collecter
bn:00085288v	percevoir
bn:00085288v	recueillir
bn:00085288v	récupérer
bn:00085289v	accumuler
bn:00085289v	collecter
bn:00085289v	collectionner
bn:00085289v	cueillir
bn:00085289v	rassembler
bn:00085289v	recueillir
bn:00085289v	réunir
bn:00085290v	collecter
bn:00085290v	collectionner
bn:00085290v	passer
bn:00085290v	ramasser
bn:00085290v	rassembler
bn:00085290v	recueillir
bn:00085293v	atteindre
bn:00085293v	frappe
bn:00085293v	frapper
bn:00085293v	heurter
bn:00085293v	tomber
bn:00085293v	toucher
bn:00085299v	comploter
bn:00085299v	conspirer
bn:00085300v	coloniser
bn:00085302v	colorer
bn:00085302v	colorier
bn:00085303v	colorer
bn:00085303v	teindre
bn:00085304v	teinter
bn:00085309v	peigner
bn:00085310v	fouiller
bn:00085310v	piller
bn:00085310v	saccager
bn:00085311v	coiffer
bn:00085312v	éliminer
bn:00085313v	allier
bn:00085313v	combine
bn:00085313v	combiner
bn:00085313v	réunir
bn:00085314v	combine
bn:00085314v	combiner
bn:00085314v	composer
bn:00085314v	réunir
bn:00085315v	combiner
bn:00085316v	combiner
bn:00085316v	regrouper
bn:00085316v	unir
bn:00085319v	aller
bn:00085319v	approcher
bn:00085319v	arrêter
bn:00085319v	arriver
bn:00085319v	descendre
bn:00085319v	devenir
bn:00085319v	entrer
bn:00085319v	être
bn:00085319v	faire
bn:00085319v	monter
bn:00085319v	parvenir
bn:00085319v	passer
bn:00085319v	provenir
bn:00085319v	suivre
bn:00085319v	venir
bn:00085320v	abattre
bn:00085320v	arriver
bn:00085320v	devenir
bn:00085320v	être
bn:00085320v	faire
bn:00085320v	parvenir
bn:00085320v	passer
bn:00085320v	provenir
bn:00085320v	rendre
bn:00085320v	suivre
bn:00085320v	survenir
bn:00085320v	venir
bn:00085321v	aller
bn:00085321v	arriver
bn:00085321v	devenir
bn:00085321v	être
bn:00085321v	finir
bn:00085321v	parcourir
bn:00085321v	parvenir
bn:00085321v	prendre
bn:00085321v	tirer
bn:00085321v	venir
bn:00085322v	découler
bn:00085322v	être
bn:00085322v	provenir
bn:00085322v	venir
bn:00085323v	être
bn:00085323v	venir
bn:00085325v	venir
bn:00085326v	aller
bn:00085326v	arriver
bn:00085326v	parvenir
bn:00085327v	arriver
bn:00085327v	venir
bn:00085328v	parcourir
bn:00085328v	venir
bn:00085329v	entrer
bn:00085329v	être
bn:00085329v	relever
bn:00085329v	tomber
bn:00085329v	venir
bn:00085330v	être
bn:00085331v	arriver
bn:00085332v	apparaître
bn:00085332v	arriver
bn:00085332v	venir
bn:00085333v	descendre
bn:00085333v	issu
bn:00085334v	causer
bn:00085334v	donner
bn:00085334v	faire
bn:00085337v	apparaître
bn:00085337v	arriver
bn:00085337v	continuer
bn:00085337v	écouler
bn:00085337v	faire
bn:00085337v	passer
bn:00085337v	produire
bn:00085337v	survenir
bn:00085337v	trouver
bn:00085339v	croiser
bn:00085339v	regarder
bn:00085339v	rencontre
bn:00085339v	rencontrer
bn:00085339v	voir
bn:00085342v	ensuivre
bn:00085342v	suivre
bn:00085343v	remplacer
bn:00085343v	succéder
bn:00085343v	suivre
bn:00085348v	revenir
bn:00085349v	rappeler
bn:00085349v	revenir
bn:00085350v	revenir
bn:00085351v	répondre
bn:00085351v	rétorquer
bn:00085351v	revenir
bn:00085352v	précéder
bn:00085354v	hériter
bn:00085354v	obtenir
bn:00085356v	abaisser
bn:00085356v	baisser
bn:00085356v	descendre
bn:00085356v	passer
bn:00085356v	retomber
bn:00085356v	tomber
bn:00085357v	approche
bn:00085357v	descendre
bn:00085357v	tomber
bn:00085358v	écœurer
bn:00085358v	tomber
bn:00085360v	émerger
bn:00085360v	émettre
bn:00085360v	faire
bn:00085360v	sortir
bn:00085363v	arriver
bn:00085363v	entrer
bn:00085363v	introduire
bn:00085363v	monter
bn:00085363v	pénétrer
bn:00085363v	venir
bn:00085364v	placer
bn:00085365v	interposer
bn:00085365v	intervenir
bn:00085366v	classer
bn:00085369v	venir
bn:00085373v	apparaître
bn:00085373v	arriver
bn:00085373v	commencer
bn:00085373v	revenir
bn:00085373v	sortir
bn:00085373v	venir
bn:00085376v	révéler
bn:00085377v	sortir
bn:00085381v	arriver
bn:00085381v	contacter
bn:00085382v	arriver
bn:00085382v	réussir
bn:00085382v	survivre
bn:00085383v	frapper
bn:00085384v	frapper
bn:00085384v	trouver
bn:00085390v	proposer
bn:00085390v	trouver
bn:00085391v	élever
bn:00085391v	lever
bn:00085391v	monter
bn:00085393v	aligner
bn:00085393v	chercher
bn:00085393v	découvrir
bn:00085393v	procurer
bn:00085393v	trouver
bn:00085395v	rassembler
bn:00085398v	calmer
bn:00085398v	consoler
bn:00085398v	réconforter
bn:00085399v	apaiser
bn:00085399v	détendre
bn:00085399v	réconforter
bn:00085399v	soulager
bn:00085400v	commander
bn:00085401v	commande
bn:00085401v	commander
bn:00085401v	contraindre
bn:00085401v	être
bn:00085401v	exiger
bn:00085401v	ordonner
bn:00085402v	disposer
bn:00085404v	contrôler
bn:00085404v	maîtriser
bn:00085404v	régir
bn:00085405v	détourner
bn:00085405v	réquisitionner
bn:00085406v	commémorer
bn:00085406v	marque
bn:00085406v	marquer
bn:00085407v	commémorer
bn:00085409v	commencer
bn:00085409v	démarrer
bn:00085409v	entamer
bn:00085409v	fonder
bn:00085409v	lancer
bn:00085410v	féliciter
bn:00085410v	saluer
bn:00085411v	recommander
bn:00085412v	recommander
bn:00085413v	recommander
bn:00085415v	commenter
bn:00085415v	montrer
bn:00085415v	remarquer
bn:00085415v	signaler
bn:00085415v	souligner
bn:00085422v	compatir
bn:00085423v	commissionner
bn:00085426v	commettre
bn:00085426v	engager
bn:00085426v	perpétrer
bn:00085427v	consacrer
bn:00085427v	dédier
bn:00085427v	donner
bn:00085427v	engager
bn:00085427v	passer
bn:00085428v	confier
bn:00085429v	engager
bn:00085429v	investir
bn:00085429v	mettre
bn:00085435v	communiquer
bn:00085435v	passer
bn:00085435v	transmettre
bn:00085436v	communiquer
bn:00085436v	manifester
bn:00085437v	transmettre
bn:00085443v	commuter
bn:00085445v	commuer
bn:00085445v	transposer
bn:00085446v	commuer
bn:00085448v	compresser
bn:00085448v	comprimer
bn:00085449v	appuyer
bn:00085449v	contracter
bn:00085449v	serrer
bn:00085450v	comparer
bn:00085451v	comparer
bn:00085452v	assimiler
bn:00085452v	comparer
bn:00085452v	égaliser
bn:00085458v	compatir
bn:00085458v	plaindre
bn:00085459v	contraindre
bn:00085459v	obliger
bn:00085459v	tenir
bn:00085461v	compenser
bn:00085462v	indemniser
bn:00085464v	corriger
bn:00085465v	compenser
bn:00085465v	financer
bn:00085465v	payer
bn:00085465v	rembourser
bn:00085468v	concourir
bn:00085468v	concurrencer
bn:00085468v	disputer
bn:00085468v	rivaliser
bn:00085469v	compiler
bn:00085469v	composer
bn:00085471v	plaindre
bn:00085473v	interconnecter
bn:00085474v	compléter
bn:00085475v	achever
bn:00085475v	compléter
bn:00085475v	conclure
bn:00085475v	effectuer
bn:00085475v	finaliser
bn:00085475v	finir
bn:00085475v	terminer
bn:00085476v	compléter
bn:00085476v	remplir
bn:00085477v	accomplir
bn:00085477v	acquitter
bn:00085477v	compléter
bn:00085477v	envoyer
bn:00085477v	remplir
bn:00085477v	terminer
bn:00085478v	réussir
bn:00085479v	remplir
bn:00085483v	compliquer
bn:00085484v	compliquer
bn:00085485v	féliciter
bn:00085487v	composer
bn:00085488v	composer
bn:00085488v	écrire
bn:00085489v	composer
bn:00085489v	dessiner
bn:00085489v	écrire
bn:00085489v	rédiger
bn:00085491v	rédiger
bn:00085493v	aggraver
bn:00085493v	intensifier
bn:00085496v	percevoir
bn:00085497v	couvrir
bn:00085497v	englober
bn:00085498v	composer
bn:00085498v	comprendre
bn:00085498v	constituer
bn:00085499v	composer
bn:00085499v	comprendre
bn:00085499v	constituer
bn:00085499v	contenir
bn:00085499v	incorporer
bn:00085499v	tenir
bn:00085500v	compromettre
bn:00085506v	apprendre
bn:00085506v	mémoriser
bn:00085509v	cache
bn:00085509v	cacher
bn:00085509v	dissimuler
bn:00085509v	masquer
bn:00085511v	admettre
bn:00085511v	avouer
bn:00085511v	concéder
bn:00085511v	donner
bn:00085511v	prétendre
bn:00085511v	reconnaître
bn:00085512v	accorder
bn:00085512v	admettre
bn:00085512v	céder
bn:00085512v	concéder
bn:00085514v	concevoir
bn:00085514v	envisager
bn:00085515v	concevoir
bn:00085516v	envisager
bn:00085516v	imaginer
bn:00085517v	concentrer
bn:00085518v	concentrer
bn:00085519v	concentrer
bn:00085519v	condenser
bn:00085520v	concentrer
bn:00085522v	concerner
bn:00085522v	craindre
bn:00085522v	intéresser
bn:00085522v	occuper
bn:00085522v	préoccuper
bn:00085527v	réconcilier
bn:00085527v	régler
bn:00085528v	conclure
bn:00085528v	penser
bn:00085528v	raisonner
bn:00085529v	conclure
bn:00085530v	conclure
bn:00085530v	déterminer
bn:00085530v	résoudre
bn:00085533v	préparer
bn:00085535v	imaginer
bn:00085544v	condamner
bn:00085544v	décrier
bn:00085544v	dénoncer
bn:00085545v	condamner
bn:00085546v	condamner
bn:00085547v	condamner
bn:00085548v	condamner
bn:00085550v	condenser
bn:00085556v	daigner
bn:00085556v	descendre
bn:00085558v	patronner
bn:00085559v	conditionner
bn:00085560v	conditionner
bn:00085560v	préciser
bn:00085560v	spécifier
bn:00085560v	stipuler
bn:00085564v	tolérer
bn:00085565v	apporter
bn:00085565v	conduire
bn:00085565v	contribuer
bn:00085566v	amener
bn:00085566v	conduire
bn:00085566v	diriger
bn:00085566v	effectuer
bn:00085566v	mener
bn:00085567v	amener
bn:00085567v	avoir
bn:00085567v	conduire
bn:00085567v	devoir
bn:00085567v	diriger
bn:00085567v	emmener
bn:00085567v	faire
bn:00085567v	guider
bn:00085567v	mener
bn:00085567v	ordonner
bn:00085567v	orienter
bn:00085567v	prendre
bn:00085567v	tenir
bn:00085567v	transporter
bn:00085570v	consulter
bn:00085574v	consulter
bn:00085574v	demander
bn:00085575v	avouer
bn:00085575v	confesser
bn:00085577v	confier
bn:00085579v	confiner
bn:00085579v	limiter
bn:00085580v	enfermer
bn:00085580v	retenir
bn:00085581v	retenir
bn:00085582v	détenir
bn:00085582v	être
bn:00085582v	retenir
bn:00085582v	tenir
bn:00085583v	confirmer
bn:00085584v	confirmer
bn:00085585v	confirmer
bn:00085590v	conformer
bn:00085591v	adapter
bn:00085591v	atteindre
bn:00085591v	correspondre
bn:00085591v	remplir
bn:00085591v	répondre
bn:00085591v	satisfaire
bn:00085593v	suivre
bn:00085594v	confondre
bn:00085595v	affronter
bn:00085595v	confronter
bn:00085596v	affronter
bn:00085596v	confronter
bn:00085597v	confronter
bn:00085598v	confronter
bn:00085601v	réfuter
bn:00085604v	coaguler
bn:00085604v	prendre
bn:00085608v	féliciter
bn:00085611v	rassembler
bn:00085612v	conjecturer
bn:00085612v	penser
bn:00085612v	spéculer
bn:00085612v	supposer
bn:00085612v	théoriser
bn:00085613v	assembler
bn:00085613v	joindre
bn:00085613v	rallier
bn:00085613v	rejoindre
bn:00085613v	réunir
bn:00085613v	unir
bn:00085614v	épouser
bn:00085614v	marier
bn:00085614v	remarier
bn:00085615v	conjuguer
bn:00085620v	évanouir
bn:00085621v	épuiser
bn:00085623v	connecter
bn:00085623v	lier
bn:00085623v	relier
bn:00085624v	rejoindre
bn:00085624v	relier
bn:00085625v	connecter
bn:00085625v	relier
bn:00085627v	connecter
bn:00085631v	brancher
bn:00085634v	comploter
bn:00085636v	connoter
bn:00085636v	impliquer
bn:00085636v	insinuer
bn:00085636v	sous-entendre
bn:00085638v	conquérir
bn:00085638v	empêcher
bn:00085638v	freiner
bn:00085638v	inhiber
bn:00085638v	maîtriser
bn:00085638v	réprimer
bn:00085638v	supprimer
bn:00085638v	surmonter
bn:00085638v	vaincre
bn:00085640v	enrôler
bn:00085641v	ordonner
bn:00085644v	conserve
bn:00085644v	conserver
bn:00085644v	entretenir
bn:00085644v	maintenir
bn:00085644v	préserver
bn:00085644v	suivre
bn:00085645v	économiser
bn:00085647v	concerner
bn:00085647v	considérer
bn:00085647v	entendre
bn:00085647v	envisager
bn:00085647v	estime
bn:00085647v	juger
bn:00085647v	observer
bn:00085647v	percevoir
bn:00085647v	regarder
bn:00085647v	tenir
bn:00085647v	voir
bn:00085648v	analyser
bn:00085648v	considérer
bn:00085648v	envisager
bn:00085648v	étudier
bn:00085648v	examiner
bn:00085648v	penser
bn:00085648v	prendre
bn:00085648v	réfléchir
bn:00085648v	tenir
bn:00085649v	agir
bn:00085649v	considérer
bn:00085649v	envisager
bn:00085649v	être
bn:00085649v	examiner
bn:00085649v	penser
bn:00085649v	prendre
bn:00085649v	prévoir
bn:00085649v	réfléchir
bn:00085649v	regarder
bn:00085649v	tenir
bn:00085649v	traiter
bn:00085649v	voir
bn:00085650v	compte
bn:00085650v	compter
bn:00085650v	considérer
bn:00085650v	envisager
bn:00085650v	examiner
bn:00085650v	mesurer
bn:00085650v	peser
bn:00085650v	prendre
bn:00085650v	réfléchir
bn:00085650v	tenir
bn:00085651v	considérer
bn:00085651v	débattre
bn:00085651v	envisager
bn:00085651v	examiner
bn:00085651v	réfléchir
bn:00085652v	considérer
bn:00085652v	contempler
bn:00085652v	envisager
bn:00085652v	regarder
bn:00085653v	examiner
bn:00085653v	observer
bn:00085653v	regarder
bn:00085653v	visiter
bn:00085653v	voir
bn:00085657v	composer
bn:00085657v	consister
bn:00085657v	constituer
bn:00085657v	demeurer
bn:00085657v	habiter
bn:00085657v	résider
bn:00085657v	trouver
bn:00085660v	consolider
bn:00085661v	consolider
bn:00085667v	parsemer
bn:00085670v	constituer
bn:00085670v	faire
bn:00085670v	forme
bn:00085670v	former
bn:00085670v	produire
bn:00085671v	créer
bn:00085671v	établir
bn:00085671v	fonder
bn:00085671v	instaurer
bn:00085671v	instituer
bn:00085675v	restreindre
bn:00085678v	construire
bn:00085678v	créer
bn:00085678v	fabriquer
bn:00085679v	construire
bn:00085682v	reconstituer
bn:00085682v	reconstruire
bn:00085683v	interpréter
bn:00085686v	chercher
bn:00085686v	consulter
bn:00085686v	rechercher
bn:00085686v	référer
bn:00085686v	vérifier
bn:00085688v	consommer
bn:00085689v	avoir
bn:00085689v	consommer
bn:00085689v	être
bn:00085689v	faire
bn:00085689v	ingérer
bn:00085689v	prendre
bn:00085690v	consommer
bn:00085692v	anéantir
bn:00085692v	consommer
bn:00085692v	épuiser
bn:00085694v	consommer
bn:00085695v	achever
bn:00085696v	atteindre
bn:00085696v	contacter
bn:00085696v	joindre
bn:00085696v	parvenir
bn:00085696v	recevoir
bn:00085698v	tenir
bn:00085700v	contaminer
bn:00085701v	contaminer
bn:00085702v	haïr
bn:00085702v	mépriser
bn:00085703v	contempler
bn:00085704v	contempler
bn:00085704v	envisager
bn:00085705v	contempler
bn:00085705v	envisager
bn:00085705v	étudier
bn:00085708v	affirmer
bn:00085708v	postuler
bn:00085708v	prétendre
bn:00085708v	soutenir
bn:00085709v	contester
bn:00085709v	soutenir
bn:00085710v	débrouiller
bn:00085710v	faire
bn:00085710v	gérer
bn:00085710v	pouvoir
bn:00085710v	réussir
bn:00085710v	saisir
bn:00085710v	traiter
bn:00085711v	battre
bn:00085711v	combattre
bn:00085711v	lutter
bn:00085712v	contenter
bn:00085713v	contenter
bn:00085714v	aller
bn:00085714v	avancer
bn:00085714v	continuer
bn:00085714v	durer
bn:00085714v	maintenir
bn:00085714v	passer
bn:00085714v	poursuivre
bn:00085714v	prolonger
bn:00085714v	rester
bn:00085715v	avancer
bn:00085715v	continuer
bn:00085715v	dépasser
bn:00085715v	dire
bn:00085715v	diriger
bn:00085715v	passer
bn:00085715v	procéder
bn:00085716v	garder
bn:00085716v	maintenir
bn:00085716v	poursuivre
bn:00085716v	prolonger
bn:00085716v	rester
bn:00085716v	retenir
bn:00085717v	continuer
bn:00085719v	demeurer
bn:00085719v	être
bn:00085719v	reste
bn:00085719v	rester
bn:00085720v	couvrir
bn:00085720v	étendre
bn:00085720v	recouvrir
bn:00085722v	tordre
bn:00085725v	accepter
bn:00085725v	contracter
bn:00085725v	être
bn:00085726v	avoir
bn:00085726v	engager
bn:00085726v	inscrire
bn:00085726v	signer
bn:00085727v	avoir
bn:00085727v	contracter
bn:00085730v	réduire
bn:00085730v	rétrécir
bn:00085734v	contredire
bn:00085739v	opposer
bn:00085740v	contraster
bn:00085741v	contribuer
bn:00085742v	concevoir
bn:00085742v	destiner
bn:00085742v	planifier
bn:00085742v	prévoir
bn:00085743v	concevoir
bn:00085743v	élaborer
bn:00085743v	forger
bn:00085743v	formuler
bn:00085743v	inventer
bn:00085744v	conduire
bn:00085744v	contrôler
bn:00085744v	diriger
bn:00085744v	exploiter
bn:00085744v	fonctionner
bn:00085744v	manipuler
bn:00085744v	opérer
bn:00085745v	contrôler
bn:00085746v	vérifier
bn:00085749v	réfuter
bn:00085750v	remettre
bn:00085750v	rétablir
bn:00085752v	réunir
bn:00085756v	rejoindre
bn:00085756v	rencontrer
bn:00085760v	converser
bn:00085761v	convertir
bn:00085761v	transformer
bn:00085762v	convertir
bn:00085763v	convertir
bn:00085767v	convaincre
bn:00085769v	avoir
bn:00085769v	exprimer
bn:00085769v	transmettre
bn:00085771v	condamner
bn:00085771v	convaincre
bn:00085776v	bouleverser
bn:00085777v	lancer
bn:00085783v	cuire
bn:00085783v	cuisiner
bn:00085783v	préparer
bn:00085784v	cuire
bn:00085784v	cuisiner
bn:00085784v	préparer
bn:00085784v	réparer
bn:00085785v	cuire
bn:00085785v	cuisiner
bn:00085785v	préparer
bn:00085788v	fabriquer
bn:00085788v	inventer
bn:00085794v	coordonner
bn:00085794v	organiser
bn:00085795v	coordonner
bn:00085799v	affronter
bn:00085799v	répondre
bn:00085799v	satisfaire
bn:00085803v	accoupler
bn:00085804v	copier
bn:00085805v	copier
bn:00085805v	imiter
bn:00085805v	simuler
bn:00085827v	couronner
bn:00085831v	corriger
bn:00085835v	corréler
bn:00085837v	correspondre
bn:00085838v	correspondre
bn:00085839v	constituer
bn:00085839v	présenter
bn:00085839v	représenter
bn:00085840v	corroborer
bn:00085841v	corroder
bn:00085842v	rouiller
bn:00085845v	gâcher
bn:00085847v	étinceler
bn:00085851v	coûter
bn:00085851v	être
bn:00085856v	tousser
bn:00085859v	compter
bn:00085860v	compter
bn:00085860v	importer
bn:00085861v	compter
bn:00085862v	compte
bn:00085863v	compter
bn:00085871v	contrer
bn:00085872v	contrer
bn:00085873v	affaiblir
bn:00085873v	miner
bn:00085873v	saper
bn:00085874v	contre-attaquer
bn:00085875v	opposer
bn:00085877v	transposer
bn:00085889v	compenser
bn:00085890v	associer
bn:00085890v	assortir
bn:00085890v	correspondre
bn:00085890v	jumeler
bn:00085891v	coupler
bn:00085892v	associer
bn:00085892v	jumeler
bn:00085894v	charger
bn:00085894v	circuler
bn:00085894v	couler
bn:00085894v	écouler
bn:00085894v	partir
bn:00085896v	courtiser
bn:00085897v	courtiser
bn:00085897v	rechercher
bn:00085903v	couvrir
bn:00085903v	recouvrir
bn:00085904v	couvrir
bn:00085904v	recouvrir
bn:00085905v	couvrir
bn:00085905v	verser
bn:00085906v	couvrir
bn:00085906v	croiser
bn:00085906v	franchir
bn:00085906v	parcourir
bn:00085906v	traverser
bn:00085907v	couvrir
bn:00085907v	dire
bn:00085908v	couvrir
bn:00085909v	couvrir
bn:00085910v	masquer
bn:00085911v	couvrir
bn:00085912v	couvrir
bn:00085913v	assurer
bn:00085913v	couvrir
bn:00085918v	envelopper
bn:00085924v	convoiter
bn:00085926v	blottir
bn:00085927v	ramper
bn:00085931v	leurrer
bn:00085931v	tromper
bn:00085937v	craquer
bn:00085937v	éclater
bn:00085938v	craquer
bn:00085938v	éclater
bn:00085940v	craquer
bn:00085941v	briser
bn:00085941v	craquer
bn:00085949v	crépiter
bn:00085951v	bercer
bn:00085961v	entraver
bn:00085964v	broyer
bn:00085964v	grincer
bn:00085966v	zigzaguer
bn:00085975v	écraser
bn:00085975v	retentir
bn:00085976v	écraser
bn:00085976v	retentir
bn:00085989v	convoiter
bn:00085991v	glisser
bn:00085991v	ramper
bn:00085998v	craquer
bn:00085998v	grincer
bn:00085998v	hurler
bn:00086001v	enlever
bn:00086004v	froisser
bn:00086004v	plisser
bn:00086008v	agir
bn:00086008v	assurer
bn:00086008v	avoir
bn:00086008v	bâtir
bn:00086008v	commettre
bn:00086008v	constituer
bn:00086008v	construire
bn:00086008v	créer
bn:00086008v	devenir
bn:00086008v	devoir
bn:00086008v	donner
bn:00086008v	effectuer
bn:00086008v	élaborer
bn:00086008v	établir
bn:00086008v	être
bn:00086008v	fabriquer
bn:00086008v	faire
bn:00086008v	former
bn:00086008v	laisser
bn:00086008v	mettre
bn:00086008v	obtenir
bn:00086008v	offrir
bn:00086008v	prendre
bn:00086008v	préparer
bn:00086008v	produire
bn:00086008v	réaliser
bn:00086008v	rendre
bn:00086008v	tirer
bn:00086008v	transformer
bn:00086009v	créer
bn:00086009v	générer
bn:00086010v	créer
bn:00086010v	établir
bn:00086012v	avoir
bn:00086012v	créer
bn:00086012v	devenir
bn:00086012v	fabriquer
bn:00086012v	faire
bn:00086012v	réaliser
bn:00086013v	avoir
bn:00086013v	concevoir
bn:00086013v	créer
bn:00086013v	fabriquer
bn:00086013v	faire
bn:00086013v	obtenir
bn:00086013v	préparer
bn:00086013v	produire
bn:00086013v	provoquer
bn:00086013v	réaliser
bn:00086013v	rendre
bn:00086017v	accréditer
bn:00086017v	attribuer
bn:00086017v	créditer
bn:00086018v	créditer
bn:00086019v	créditer
bn:00086024v	incinérer
bn:00086036v	interdire
bn:00086038v	pincer
bn:00086039v	rétrécir
bn:00086040v	paralyser
bn:00086042v	griller
bn:00086046v	critiquer
bn:00086048v	examiner
bn:00086050v	grogner
bn:00086050v	murmurer
bn:00086057v	chantonner
bn:00086057v	fredonner
bn:00086058v	couper
bn:00086059v	faire
bn:00086062v	apparaître
bn:00086062v	surgir
bn:00086065v	couper
bn:00086065v	croiser
bn:00086065v	intersecter
bn:00086065v	traverser
bn:00086067v	couvrir
bn:00086067v	engendrer
bn:00086067v	enjamber
bn:00086067v	traverser
bn:00086075v	inscrire
bn:00086081v	barrer
bn:00086081v	rayer
bn:00086081v	supprimer
bn:00086086v	accroupir
bn:00086087v	exulter
bn:00086090v	entasser
bn:00086090v	rassembler
bn:00086090v	serrer
bn:00086091v	entasser
bn:00086092v	entasser
bn:00086093v	pousser
bn:00086095v	couronner
bn:00086098v	crucifier
bn:00086108v	carier
bn:00086114v	écraser
bn:00086114v	oppresser
bn:00086114v	réprimer
bn:00086115v	compresser
bn:00086115v	écraser
bn:00086115v	presser
bn:00086116v	écraser
bn:00086118v	coincer
bn:00086120v	écraser
bn:00086122v	pleurer
bn:00086127v	cristalliser
bn:00086129v	cristalliser
bn:00086134v	blottir
bn:00086134v	nicher
bn:00086137v	rappeler
bn:00086137v	remémorer
bn:00086141v	cueillir
bn:00086141v	ramasser
bn:00086143v	culminer
bn:00086147v	cultiver
bn:00086154v	limiter
bn:00086154v	réduire
bn:00086154v	restreindre
bn:00086157v	fumer
bn:00086160v	recroqueviller
bn:00086161v	recroqueviller
bn:00086168v	insulter
bn:00086168v	jurer
bn:00086168v	maudire
bn:00086169v	excommunier
bn:00086173v	couper
bn:00086173v	dévier
bn:00086173v	tourner
bn:00086178v	couper
bn:00086178v	découper
bn:00086178v	réduire
bn:00086178v	trancher
bn:00086178v	traverser
bn:00086179v	couper
bn:00086182v	découper
bn:00086183v	couper
bn:00086184v	avoir
bn:00086184v	couper
bn:00086184v	émettre
bn:00086184v	faire
bn:00086185v	couper
bn:00086186v	sauter
bn:00086201v	éteindre
bn:00086205v	ignorer
bn:00086205v	mépriser
bn:00086205v	négliger
bn:00086205v	snober
bn:00086207v	rationaliser
bn:00086210v	arrêter
bn:00086210v	couper
bn:00086211v	diluer
bn:00086215v	traverser
bn:00086216v	couper
bn:00086220v	cingler
bn:00086220v	lacérer
bn:00086220v	trancher
bn:00086221v	réduire
bn:00086221v	renverser
bn:00086223v	tondre
bn:00086224v	abattre
bn:00086224v	frapper
bn:00086224v	tomber
bn:00086229v	creuser
bn:00086229v	enfoncer
bn:00086229v	fouiller
bn:00086229v	retourner
bn:00086230v	couper
bn:00086231v	arrêter
bn:00086232v	découper
bn:00086235v	interrompre
bn:00086249v	tamponner
bn:00086259v	jouer
bn:00086260v	endiguer
bn:00086261v	blesser
bn:00086261v	endommager
bn:00086267v	étouffer
bn:00086268v	humecter
bn:00086268v	humidifier
bn:00086271v	danser
bn:00086272v	danser
bn:00086277v	balancer
bn:00086277v	pendre
bn:00086277v	suspendre
bn:00086278v	balancer
bn:00086279v	oser
bn:00086280v	ose
bn:00086280v	oser
bn:00086281v	défier
bn:00086281v	oser
bn:00086282v	assombrir
bn:00086282v	obscurcir
bn:00086286v	voleter
bn:00086287v	courir
bn:00086289v	briser
bn:00086289v	défoncer
bn:00086289v	fracasser
bn:00086291v	décourager
bn:00086291v	effrayer
bn:00086296v	dater
bn:00086297v	dater
bn:00086298v	sortir
bn:00086298v	voir
bn:00086301v	remonter
bn:00086305v	attarder
bn:00086306v	retarder
bn:00086309v	rêvasser
bn:00086309v	rêver
bn:00086317v	affaiblir
bn:00086332v	agir
bn:00086332v	faire
bn:00086332v	traiter
bn:00086333v	traiter
bn:00086333v	vendre
bn:00086334v	faire
bn:00086334v	traiter
bn:00086335v	traiter
bn:00086339v	suspendre
bn:00086341v	débattre
bn:00086342v	débattre
bn:00086343v	affaiblir
bn:00086351v	débuter
bn:00086357v	verser
bn:00086362v	décomposer
bn:00086364v	décélérer
bn:00086364v	ralentir
bn:00086366v	décentraliser
bn:00086370v	décider
bn:00086370v	déterminer
bn:00086371v	décider
bn:00086371v	déterminer
bn:00086378v	déclamer
bn:00086378v	réciter
bn:00086380v	déclarer
bn:00086380v	proclamer
bn:00086381v	affirmer
bn:00086381v	déclarer
bn:00086381v	juger
bn:00086382v	déclarer
bn:00086389v	décliner
bn:00086389v	détériorer
bn:00086389v	diminuer
bn:00086390v	refuser
bn:00086390v	rejeter
bn:00086391v	décliner
bn:00086391v	refuser
bn:00086392v	baisser
bn:00086392v	diminuer
bn:00086400v	pourrir
bn:00086403v	détendre
bn:00086417v	atténuer
bn:00086417v	diminuer
bn:00086417v	réduire
bn:00086418v	diminuer
bn:00086418v	réduire
bn:00086419v	décréter
bn:00086420v	décider
bn:00086420v	décréter
bn:00086420v	juger
bn:00086420v	statuer
bn:00086430v	découler
bn:00086430v	déduire
bn:00086430v	dériver
bn:00086430v	obtenir
bn:00086430v	tirer
bn:00086431v	déduire
bn:00086432v	déduire
bn:00086432v	soustraire
bn:00086433v	déduire
bn:00086433v	retenir
bn:00086435v	avoir
bn:00086435v	considérer
bn:00086435v	être
bn:00086435v	juger
bn:00086435v	soutenir
bn:00086435v	tenir
bn:00086442v	intensifier
bn:00086444v	détourner
bn:00086448v	battre
bn:00086448v	submerger
bn:00086448v	surmonter
bn:00086448v	vaincre
bn:00086449v	défaire
bn:00086449v	rejeter
bn:00086449v	tuer
bn:00086449v	vaincre
bn:00086450v	déserter
bn:00086452v	défendre
bn:00086452v	soutenir
bn:00086453v	défendre
bn:00086454v	défendre
bn:00086455v	battre
bn:00086455v	combattre
bn:00086455v	défendre
bn:00086455v	lutter
bn:00086455v	opposer
bn:00086456v	représenter
bn:00086459v	annuler
bn:00086459v	différer
bn:00086459v	reporter
bn:00086459v	retarder
bn:00086463v	ternir
bn:00086464v	définir
bn:00086464v	délimiter
bn:00086464v	spécifier
bn:00086465v	définir
bn:00086466v	définir
bn:00086467v	définir
bn:00086468v	déterminer
bn:00086468v	établir
bn:00086468v	fixer
bn:00086468v	préciser
bn:00086468v	spécifier
bn:00086478v	distraire
bn:00086480v	détériorer
bn:00086480v	endommager
bn:00086480v	entacher
bn:00086487v	couvrir
bn:00086490v	défier
bn:00086490v	résister
bn:00086490v	supporter
bn:00086491v	défier
bn:00086491v	refuser
bn:00086491v	rejeter
bn:00086491v	résister
bn:00086494v	détériorer
bn:00086497v	dégrader
bn:00086498v	rabaisser
bn:00086514v	retarder
bn:00086515v	retarder
bn:00086515v	tarder
bn:00086516v	retarder
bn:00086517v	déléguer
bn:00086519v	enchanter
bn:00086519v	plaire
bn:00086519v	ravir
bn:00086519v	satisfaire
bn:00086520v	aimer
bn:00086520v	apprécier
bn:00086520v	profiter
bn:00086520v	réjouir
bn:00086521v	captiver
bn:00086521v	enchanter
bn:00086521v	transporter
bn:00086522v	sous-tendre
bn:00086525v	décrire
bn:00086525v	dessiner
bn:00086525v	retracer
bn:00086525v	tracer
bn:00086530v	avoir
bn:00086530v	donner
bn:00086530v	livrer
bn:00086530v	présenter
bn:00086530v	prononcer
bn:00086531v	délivrer
bn:00086531v	distribuer
bn:00086531v	livrer
bn:00086531v	rendre
bn:00086532v	avoir
bn:00086532v	livrer
bn:00086532v	remettre
bn:00086533v	accoucher
bn:00086533v	délivrer
bn:00086533v	libérer
bn:00086533v	sauver
bn:00086533v	secourir
bn:00086534v	livrer
bn:00086535v	avoir
bn:00086535v	rendre
bn:00086537v	racheter
bn:00086537v	sauver
bn:00086542v	envahir
bn:00086542v	inonder
bn:00086542v	submerger
bn:00086543v	submerger
bn:00086546v	demande
bn:00086546v	demander
bn:00086546v	exiger
bn:00086546v	réclamer
bn:00086547v	demander
bn:00086547v	exiger
bn:00086554v	désarmer
bn:00086557v	afficher
bn:00086557v	démontrer
bn:00086557v	exposer
bn:00086557v	illustrer
bn:00086557v	indiquer
bn:00086557v	montre
bn:00086557v	montrer
bn:00086557v	offrir
bn:00086557v	paraître
bn:00086557v	poser
bn:00086557v	présente
bn:00086557v	présenter
bn:00086557v	projeter
bn:00086557v	représenter
bn:00086557v	révéler
bn:00086560v	démocratiser
bn:00086561v	démocratiser
bn:00086563v	démolir
bn:00086564v	détruire
bn:00086567v	confirmer
bn:00086567v	démontrer
bn:00086567v	établir
bn:00086567v	indiquer
bn:00086567v	montre
bn:00086567v	montrer
bn:00086567v	prouver
bn:00086567v	révéler
bn:00086568v	manifester
bn:00086568v	marcher
bn:00086585v	désigner
bn:00086585v	nommer
bn:00086586v	désigner
bn:00086586v	indiquer
bn:00086587v	dénoter
bn:00086587v	désigner
bn:00086587v	indiquer
bn:00086587v	référer
bn:00086588v	dénoncer
bn:00086591v	démentir
bn:00086591v	nier
bn:00086591v	refuser
bn:00086592v	nier
bn:00086592v	renier
bn:00086593v	dénier
bn:00086593v	priver
bn:00086593v	refuser
bn:00086593v	rejeter
bn:00086594v	nier
bn:00086594v	priver
bn:00086594v	refuser
bn:00086594v	rejeter
bn:00086598v	réduire
bn:00086600v	aller
bn:00086600v	disparaître
bn:00086600v	être
bn:00086600v	partir
bn:00086601v	écarter
bn:00086601v	varier
bn:00086602v	commencer
bn:00086602v	décoller
bn:00086602v	envoler
bn:00086602v	partir
bn:00086602v	retirer
bn:00086603v	partir
bn:00086603v	quitter
bn:00086604v	partir
bn:00086604v	quitter
bn:00086606v	dépendre
bn:00086607v	dépendre
bn:00086610v	dépersonnaliser
bn:00086611v	décrire
bn:00086611v	dépeindre
bn:00086611v	illustrer
bn:00086611v	indiquer
bn:00086611v	montre
bn:00086611v	montrer
bn:00086611v	présenter
bn:00086611v	représenter
bn:00086612v	décrire
bn:00086612v	dépeindre
bn:00086612v	établir
bn:00086612v	représenter
bn:00086613v	décrire
bn:00086613v	dépeindre
bn:00086613v	représenter
bn:00086616v	déplorer
bn:00086617v	déployer
bn:00086619v	arracher
bn:00086622v	jurer
bn:00086624v	exiler
bn:00086625v	destituer
bn:00086626v	coincer
bn:00086626v	déposer
bn:00086626v	enfoncer
bn:00086626v	loger
bn:00086626v	mettre
bn:00086627v	déposer
bn:00086627v	situer
bn:00086632v	déprimer
bn:00086636v	dépouiller
bn:00086636v	priver
bn:00086636v	retirer
bn:00086637v	priver
bn:00086642v	éradiquer
bn:00086652v	acquérir
bn:00086652v	dériver
bn:00086652v	gagner
bn:00086652v	obtenir
bn:00086652v	prendre
bn:00086652v	recevoir
bn:00086652v	tirer
bn:00086652v	trouver
bn:00086653v	découler
bn:00086653v	dériver
bn:00086653v	être
bn:00086653v	tirer
bn:00086654v	découler
bn:00086654v	dériver
bn:00086654v	être
bn:00086663v	décrire
bn:00086663v	identifier
bn:00086663v	nommer
bn:00086664v	apercevoir
bn:00086664v	déceler
bn:00086664v	remarquer
bn:00086664v	repérer
bn:00086665v	profaner
bn:00086666v	intégrer
bn:00086666v	mêler
bn:00086670v	mérite
bn:00086670v	mériter
bn:00086673v	concevoir
bn:00086673v	destiner
bn:00086674v	concevoir
bn:00086674v	planifier
bn:00086675v	concevoir
bn:00086675v	planifier
bn:00086675v	prévoir
bn:00086679v	désigner
bn:00086679v	faire
bn:00086679v	indiquer
bn:00086679v	montre
bn:00086679v	montrer
bn:00086679v	pointer
bn:00086680v	condamner
bn:00086680v	destiner
bn:00086680v	vouer
bn:00086681v	destiner
bn:00086681v	prévoir
bn:00086682v	désirer
bn:00086682v	souhaiter
bn:00086682v	vouloir
bn:00086683v	désirer
bn:00086683v	espérer
bn:00086683v	souhaiter
bn:00086684v	souhaiter
bn:00086685v	dévaster
bn:00086689v	dépêcher
bn:00086689v	envoyer
bn:00086689v	expédier
bn:00086690v	dépouiller
bn:00086690v	fouiller
bn:00086690v	saccager
bn:00086698v	détruire
bn:00086699v	détruire
bn:00086699v	gâcher
bn:00086699v	ruiner
bn:00086704v	détacher
bn:00086708v	avoir
bn:00086708v	constater
bn:00086708v	découvrir
bn:00086708v	détecter
bn:00086708v	observer
bn:00086708v	remarque
bn:00086708v	remarquer
bn:00086708v	rester
bn:00086708v	retrouver
bn:00086708v	surprendre
bn:00086708v	trouver
bn:00086709v	déconseiller
bn:00086709v	décourager
bn:00086709v	dissuader
bn:00086710v	dissuader
bn:00086712v	détériorer
bn:00086713v	déterminer
bn:00086713v	façonner
bn:00086713v	influencer
bn:00086713v	réguler
bn:00086714v	avancer
bn:00086714v	décider
bn:00086714v	déterminer
bn:00086714v	donner
bn:00086714v	établir
bn:00086714v	fixe
bn:00086714v	fixer
bn:00086715v	déterminer
bn:00086716v	déterminer
bn:00086716v	installer
bn:00086716v	régler
bn:00086717v	détester
bn:00086717v	haïr
bn:00086717v	mépriser
bn:00086718v	décongeler
bn:00086718v	dégeler
bn:00086718v	fondre
bn:00086733v	développer
bn:00086733v	pousser
bn:00086734v	développer
bn:00086734v	élaborer
bn:00086734v	évoluer
bn:00086735v	développer
bn:00086735v	formuler
bn:00086736v	développer
bn:00086736v	éduquer
bn:00086736v	entraîner
bn:00086736v	former
bn:00086736v	préparer
bn:00086737v	développer
bn:00086738v	développer
bn:00086739v	développer
bn:00086739v	moderniser
bn:00086740v	développer
bn:00086741v	développer
bn:00086742v	développer
bn:00086742v	être
bn:00086749v	détourner
bn:00086753v	concevoir
bn:00086753v	organiser
bn:00086753v	préparer
bn:00086761v	accorder
bn:00086761v	attribuer
bn:00086761v	avoir
bn:00086761v	consacrer
bn:00086761v	devoir
bn:00086761v	donner
bn:00086761v	laisser
bn:00086761v	prêter
bn:00086761v	rendre
bn:00086763v	dévorer
bn:00086766v	diagnostiquer
bn:00086767v	diagnostiquer
bn:00086769v	représenter
bn:00086769v	tracer
bn:00086770v	composer
bn:00086778v	dicter
bn:00086778v	ordonner
bn:00086778v	prescrire
bn:00086779v	dicter
bn:00086781v	secouer
bn:00086781v	trembler
bn:00086782v	jouer
bn:00086783v	mourir
bn:00086784v	mourir
bn:00086793v	affirmer
bn:00086793v	persister
bn:00086793v	porter
bn:00086793v	prévaloir
bn:00086794v	disparaître
bn:00086797v	différer
bn:00086797v	distinguer
bn:00086798v	différer
bn:00086799v	différencier
bn:00086799v	distinguer
bn:00086799v	séparer
bn:00086800v	caractériser
bn:00086800v	différencier
bn:00086800v	distinguer
bn:00086800v	marque
bn:00086800v	marquer
bn:00086806v	couvrir
bn:00086806v	déployer
bn:00086806v	diffuser
bn:00086806v	étaler
bn:00086806v	étendre
bn:00086806v	propager
bn:00086807v	diffus
bn:00086807v	envahir
bn:00086807v	imprégner
bn:00086807v	pénétrer
bn:00086808v	creuser
bn:00086808v	enfoncer
bn:00086813v	piquer
bn:00086813v	pousser
bn:00086816v	explorer
bn:00086818v	déterrer
bn:00086819v	digérer
bn:00086820v	digérer
bn:00086829v	écarter
bn:00086832v	dilater
bn:00086833v	développer
bn:00086833v	élaborer
bn:00086833v	expliquer
bn:00086833v	exposer
bn:00086834v	caler
bn:00086834v	procrastiner
bn:00086834v	retarder
bn:00086843v	dîner
bn:00086849v	plonger
bn:00086849v	tremper
bn:00086851v	tomber
bn:00086852v	plonger
bn:00086855v	sombrer
bn:00086865v	demande
bn:00086865v	diriger
bn:00086865v	ordonner
bn:00086866v	diriger
bn:00086866v	mettre
bn:00086867v	diriger
bn:00086868v	diriger
bn:00086868v	envoyer
bn:00086868v	faire
bn:00086868v	lancer
bn:00086868v	mettre
bn:00086868v	renvoyer
bn:00086869v	raconter
bn:00086870v	organiser
bn:00086871v	désactiver
bn:00086872v	handicaper
bn:00086873v	détromper
bn:00086877v	empêcher
bn:00086877v	interdire
bn:00086877v	proscrire
bn:00086877v	rejeter
bn:00086879v	disparaître
bn:00086880v	disparaître
bn:00086883v	décevoir
bn:00086884v	désapprouver
bn:00086885v	désapprouver
bn:00086885v	rejeter
bn:00086892v	séparer
bn:00086894v	dissoudre
bn:00086895v	dissoudre
bn:00086901v	payer
bn:00086903v	déshabiller
bn:00086904v	arriver
bn:00086904v	discerner
bn:00086904v	distinguer
bn:00086904v	reconnaître
bn:00086905v	démonter
bn:00086906v	couper
bn:00086906v	sectionner
bn:00086907v	décharger
bn:00086907v	déverser
bn:00086908v	libérer
bn:00086909v	décharger
bn:00086910v	tirer
bn:00086911v	éjecter
bn:00086911v	libérer
bn:00086912v	décharger
bn:00086912v	déposer
bn:00086913v	tirer
bn:00086915v	vider
bn:00086922v	bouleverser
bn:00086922v	contrarier
bn:00086923v	déconnecter
bn:00086924v	déconnecter
bn:00086926v	interrompre
bn:00086930v	décourager
bn:00086931v	discuter
bn:00086933v	apercevoir
bn:00086933v	apprendre
bn:00086933v	découvrir
bn:00086933v	entendre
bn:00086933v	observer
bn:00086933v	relever
bn:00086933v	rencontrer
bn:00086933v	savoir
bn:00086933v	voir
bn:00086934v	constater
bn:00086934v	découvrir
bn:00086934v	repérer
bn:00086934v	trouver
bn:00086935v	constater
bn:00086935v	découvrir
bn:00086935v	déterminer
bn:00086935v	remarquer
bn:00086935v	révéler
bn:00086935v	trouver
bn:00086936v	découvrir
bn:00086937v	discréditer
bn:00086939v	distinguer
bn:00086942v	discuter
bn:00086943v	refuser
bn:00086943v	rejeter
bn:00086944v	débarrasser
bn:00086944v	libérer
bn:00086949v	démêler
bn:00086951v	dégager
bn:00086951v	retirer
bn:00086952v	débarrasser
bn:00086954v	arranger
bn:00086954v	démêler
bn:00086958v	répandre
bn:00086960v	déguiser
bn:00086961v	dégoûter
bn:00086962v	servir
bn:00086966v	décourager
bn:00086966v	démoraliser
bn:00086973v	renier
bn:00086974v	désintégrer
bn:00086976v	exhumer
bn:00086983v	aimer
bn:00086983v	détester
bn:00086986v	déloger
bn:00086986v	libérer
bn:00086987v	déplacer
bn:00086988v	abaisser
bn:00086988v	démolir
bn:00086990v	démembrer
bn:00086991v	jeter
bn:00086991v	rejeter
bn:00086992v	envoyer
bn:00086992v	renvoyer
bn:00086995v	descendre
bn:00086996v	désobéir
bn:00087000v	renier
bn:00087000v	répudier
bn:00087004v	abandonner
bn:00087004v	épargner
bn:00087004v	renoncer
bn:00087005v	dispenser
bn:00087005v	renoncer
bn:00087007v	disperser
bn:00087007v	éparpiller
bn:00087007v	saupoudrer
bn:00087008v	disperser
bn:00087008v	dissiper
bn:00087010v	déplacer
bn:00087012v	avancer
bn:00087012v	bouger
bn:00087012v	changer
bn:00087012v	déménager
bn:00087012v	déplacer
bn:00087012v	écouler
bn:00087012v	faire
bn:00087012v	transporter
bn:00087013v	afficher
bn:00087013v	démontrer
bn:00087013v	déployer
bn:00087013v	exposer
bn:00087013v	exprimer
bn:00087013v	montrer
bn:00087013v	offrir
bn:00087013v	présenter
bn:00087013v	révéler
bn:00087016v	disposer
bn:00087017v	disposer
bn:00087019v	qualifier
bn:00087023v	disqualifier
bn:00087025v	ignorer
bn:00087025v	négliger
bn:00087027v	perturber
bn:00087032v	protester
bn:00087032v	résister
bn:00087037v	dissiper
bn:00087040v	dissoudre
bn:00087047v	dépasser
bn:00087051v	distiller
bn:00087051v	extraire
bn:00087052v	distiller
bn:00087054v	distiller
bn:00087054v	purifier
bn:00087056v	déformer
bn:00087056v	falsifier
bn:00087057v	déformer
bn:00087063v	déployer
bn:00087063v	disperser
bn:00087063v	disséminer
bn:00087063v	distribuer
bn:00087063v	étaler
bn:00087063v	étendre
bn:00087063v	ouvrir
bn:00087063v	propager
bn:00087063v	répandre
bn:00087063v	répartir
bn:00087064v	distribuer
bn:00087065v	distribuer
bn:00087069v	échelonner
bn:00087071v	méfier
bn:00087071v	soupçonner
bn:00087072v	contrarier
bn:00087072v	déranger
bn:00087072v	perturber
bn:00087072v	préoccuper
bn:00087072v	troubler
bn:00087073v	perturber
bn:00087073v	toucher
bn:00087073v	troubler
bn:00087074v	déranger
bn:00087074v	interrompre
bn:00087076v	différencier
bn:00087076v	diviser
bn:00087076v	séparer
bn:00087087v	plonger
bn:00087087v	précipiter
bn:00087088v	plonger
bn:00087091v	diverger
bn:00087096v	détourner
bn:00087098v	diviser
bn:00087099v	diviser
bn:00087099v	séparer
bn:00087100v	diviser
bn:00087100v	séparer
bn:00087101v	diviser
bn:00087101v	séparer
bn:00087104v	divorcer
bn:00087106v	accomplir
bn:00087106v	agir
bn:00087106v	apprêter
bn:00087106v	arriver
bn:00087106v	avoir
bn:00087106v	causer
bn:00087106v	commettre
bn:00087106v	créer
bn:00087106v	devoir
bn:00087106v	donner
bn:00087106v	écrire
bn:00087106v	effectuer
bn:00087106v	entraîner
bn:00087106v	entreprendre
bn:00087106v	établir
bn:00087106v	être
bn:00087106v	étudier
bn:00087106v	exercer
bn:00087106v	faire
bn:00087106v	finir
bn:00087106v	fonder
bn:00087106v	imposer
bn:00087106v	obtenir
bn:00087106v	organiser
bn:00087106v	porter
bn:00087106v	pratiquer
bn:00087106v	prendre
bn:00087106v	présenter
bn:00087106v	produire
bn:00087106v	réaliser
bn:00087106v	remplir
bn:00087106v	rendre
bn:00087106v	suffire
bn:00087106v	tenir
bn:00087106v	tirer
bn:00087107v	accomplir
bn:00087107v	causer
bn:00087107v	danser
bn:00087107v	effectuer
bn:00087107v	exécuter
bn:00087107v	faire
bn:00087107v	interpréter
bn:00087107v	jouer
bn:00087107v	mener
bn:00087107v	performer
bn:00087107v	prendre
bn:00087107v	réaliser
bn:00087107v	remplir
bn:00087107v	rendre
bn:00087108v	accomplir
bn:00087108v	donner
bn:00087108v	effectuer
bn:00087108v	exécuter
bn:00087108v	faire
bn:00087108v	prendre
bn:00087108v	réaliser
bn:00087108v	rendre
bn:00087109v	exercer
bn:00087109v	faire
bn:00087109v	pratiquer
bn:00087109v	travailler
bn:00087110v	créer
bn:00087110v	devoir
bn:00087110v	fabriquer
bn:00087110v	faire
bn:00087110v	réaliser
bn:00087110v	transformer
bn:00087111v	purger
bn:00087112v	gérer
bn:00087112v	prendre
bn:00087115v	éliminer
bn:00087115v	supprimer
bn:00087116v	gérer
bn:00087116v	traiter
bn:00087118v	descendre
bn:00087118v	éliminer
bn:00087118v	liquider
bn:00087118v	tuer
bn:00087128v	employer
bn:00087128v	travailler
bn:00087129v	accoster
bn:00087137v	documenter
bn:00087138v	documenter
bn:00087139v	esquive
bn:00087139v	éviter
bn:00087149v	résider
bn:00087150v	abriter
bn:00087150v	loger
bn:00087151v	dominer
bn:00087151v	prédominer
bn:00087151v	prévaloir
bn:00087151v	régner
bn:00087152v	dominer
bn:00087153v	dominer
bn:00087153v	maîtriser
bn:00087154v	éclipser
bn:00087156v	donner
bn:00087156v	offrir
bn:00087162v	endormir
bn:00087163v	doser
bn:00087169v	doubler
bn:00087170v	doubler
bn:00087174v	dupliquer
bn:00087174v	répéter
bn:00087174v	reproduire
bn:00087189v	doute
bn:00087189v	douter
bn:00087190v	douter
bn:00087196v	imbiber
bn:00087198v	doter
bn:00087200v	abattre
bn:00087201v	affiner
bn:00087201v	perfectionner
bn:00087202v	dégrader
bn:00087202v	rétrograder
bn:00087204v	minimiser
bn:00087209v	somnoler
bn:00087210v	rédiger
bn:00087211v	enrôler
bn:00087211v	recruter
bn:00087212v	entraîner
bn:00087212v	tirer
bn:00087212v	traîner
bn:00087213v	balayer
bn:00087215v	suivre
bn:00087215v	traîner
bn:00087216v	prendre
bn:00087216v	tirer
bn:00087226v	épuiser
bn:00087230v	dramatiser
bn:00087234v	attirer
bn:00087234v	entraîner
bn:00087234v	forcer
bn:00087234v	obtenir
bn:00087234v	passer
bn:00087234v	retirer
bn:00087234v	tendre
bn:00087234v	tirer
bn:00087235v	être
bn:00087235v	puiser
bn:00087235v	recevoir
bn:00087235v	récolter
bn:00087235v	tirer
bn:00087236v	allonger
bn:00087236v	avoir
bn:00087236v	comprendre
bn:00087236v	donner
bn:00087236v	effectuer
bn:00087236v	élaborer
bn:00087236v	établir
bn:00087236v	faire
bn:00087236v	porter
bn:00087236v	prendre
bn:00087236v	réaliser
bn:00087236v	tirer
bn:00087237v	dégainer
bn:00087237v	dessiner
bn:00087237v	prendre
bn:00087237v	retirer
bn:00087237v	sortir
bn:00087237v	tirer
bn:00087238v	avoir
bn:00087238v	dessiner
bn:00087239v	être
bn:00087239v	extraire
bn:00087239v	puiser
bn:00087240v	être
bn:00087240v	puiser
bn:00087240v	tirer
bn:00087241v	avoir
bn:00087241v	donner
bn:00087243v	retirer
bn:00087244v	obtenir
bn:00087245v	attirer
bn:00087246v	retirer
bn:00087247v	rédiger
bn:00087248v	dessiner
bn:00087249v	avoir
bn:00087256v	faire
bn:00087256v	passer
bn:00087257v	égaliser
bn:00087266v	retirer
bn:00087267v	reculer
bn:00087267v	retirer
bn:00087271v	arriver
bn:00087274v	étendre
bn:00087274v	prolonger
bn:00087276v	obtenir
bn:00087276v	susciter
bn:00087277v	extraire
bn:00087277v	sortir
bn:00087280v	redresser
bn:00087284v	craindre
bn:00087284v	peur
bn:00087284v	redouter
bn:00087285v	rêver
bn:00087288v	submerger
bn:00087291v	habiller
bn:00087292v	habiller
bn:00087293v	habiller
bn:00087294v	habiller
bn:00087295v	préparer
bn:00087305v	couler
bn:00087308v	dévier
bn:00087308v	tromper
bn:00087308v	vagabonder
bn:00087317v	entraîner
bn:00087318v	pratiquer
bn:00087321v	boire
bn:00087322v	boire
bn:00087322v	saluer
bn:00087325v	couler
bn:00087325v	dégouliner
bn:00087325v	ruisseler
bn:00087325v	tomber
bn:00087327v	avoir
bn:00087327v	conduire
bn:00087327v	emmener
bn:00087327v	enfoncer
bn:00087327v	être
bn:00087327v	faire
bn:00087327v	parcourir
bn:00087327v	passer
bn:00087327v	piloter
bn:00087327v	prendre
bn:00087327v	rouler
bn:00087328v	aller
bn:00087328v	avoir
bn:00087328v	conduire
bn:00087328v	emmener
bn:00087328v	être
bn:00087328v	partir
bn:00087328v	rendre
bn:00087328v	rouler
bn:00087329v	conduire
bn:00087329v	emmener
bn:00087329v	envoyer
bn:00087329v	faire
bn:00087329v	passer
bn:00087329v	pousser
bn:00087329v	repousser
bn:00087330v	avoir
bn:00087330v	chasser
bn:00087330v	enfoncer
bn:00087330v	porter
bn:00087330v	pousser
bn:00087330v	propulser
bn:00087331v	pousser
bn:00087332v	contraindre
bn:00087332v	pousser
bn:00087333v	conduire
bn:00087335v	pousser
bn:00087335v	repousser
bn:00087348v	repousser
bn:00087364v	abandonner
bn:00087364v	baisser
bn:00087364v	déposer
bn:00087364v	jeter
bn:00087364v	lâcher
bn:00087364v	laisser
bn:00087364v	larguer
bn:00087364v	sortir
bn:00087364v	tomber
bn:00087365v	baisser
bn:00087365v	déposer
bn:00087365v	descendre
bn:00087365v	lâcher
bn:00087365v	laisser
bn:00087365v	lancer
bn:00087365v	larguer
bn:00087365v	tomber
bn:00087366v	chuter
bn:00087366v	descendre
bn:00087366v	diminuer
bn:00087366v	tomber
bn:00087367v	couler
bn:00087367v	mettre
bn:00087367v	tomber
bn:00087368v	supprimer
bn:00087368v	tomber
bn:00087369v	laisser
bn:00087370v	abandonner
bn:00087371v	perdre
bn:00087372v	consacrer
bn:00087372v	dépenser
bn:00087373v	baisser
bn:00087376v	manquer
bn:00087376v	négliger
bn:00087382v	écrire
bn:00087387v	perdre
bn:00087387v	reculer
bn:00087393v	noyer
bn:00087393v	submerger
bn:00087394v	noyer
bn:00087395v	noyer
bn:00087396v	noyer
bn:00087401v	essuyer
bn:00087401v	sécher
bn:00087402v	dessécher
bn:00087402v	sécher
bn:00087402v	tarir
bn:00087410v	surnommer
bn:00087411v	doubler
bn:00087413v	baisser
bn:00087413v	esquiver
bn:00087414v	éviter
bn:00087417v	atténuer
bn:00087418v	atténuer
bn:00087419v	lasser
bn:00087422v	déposer
bn:00087422v	déverser
bn:00087422v	jeter
bn:00087422v	renverser
bn:00087422v	verser
bn:00087436v	épousseter
bn:00087441v	avoir
bn:00087441v	être
bn:00087441v	habiter
bn:00087441v	passer
bn:00087441v	peupler
bn:00087441v	résider
bn:00087441v	vivre
bn:00087445v	décliner
bn:00087445v	diminuer
bn:00087446v	teindre
bn:00087449v	dynamiter
bn:00087452v	avoir
bn:00087452v	gagner
bn:00087452v	mériter
bn:00087452v	obtenir
bn:00087456v	abaisser
bn:00087458v	relâcher
bn:00087459v	céder
bn:00087459v	donner
bn:00087460v	consommer
bn:00087460v	dévorer
bn:00087460v	manger
bn:00087461v	manger
bn:00087462v	manger
bn:00087462v	nourrir
bn:00087464v	ronger
bn:00087465v	éroder
bn:00087468v	dévorer
bn:00087468v	terminer
bn:00087474v	répéter
bn:00087474v	résonner
bn:00087475v	résonner
bn:00087475v	retentir
bn:00087475v	sonner
bn:00087476v	rappeler
bn:00087477v	éclipser
bn:00087478v	économiser
bn:00087479v	tourbillonner
bn:00087483v	édifier
bn:00087484v	éditer
bn:00087487v	éduquer
bn:00087488v	effacer
bn:00087491v	créer
bn:00087491v	effectuer
bn:00087491v	générer
bn:00087491v	réaliser
bn:00087492v	effectuer
bn:00087494v	mousser
bn:00087496v	verser
bn:00087497v	écouler
bn:00087499v	éliminer
bn:00087502v	encourager
bn:00087502v	inciter
bn:00087502v	pousser
bn:00087512v	élaborer
bn:00087512v	résoudre
bn:00087513v	avancer
bn:00087513v	dépasser
bn:00087513v	échapper
bn:00087513v	écouler
bn:00087513v	passer
bn:00087514v	prendre
bn:00087514v	reprendre
bn:00087517v	élire
bn:00087518v	choisir
bn:00087527v	élever
bn:00087530v	éliminer
bn:00087531v	écarter
bn:00087531v	éliminer
bn:00087535v	allonger
bn:00087535v	étendre
bn:00087535v	étirer
bn:00087537v	échapper
bn:00087543v	libérer
bn:00087544v	émanciper
bn:00087551v	aventurer
bn:00087554v	encastrer
bn:00087554v	être
bn:00087554v	implanter
bn:00087554v	incruster
bn:00087554v	intégrer
bn:00087554v	planter
bn:00087556v	incarner
bn:00087561v	apparaître
bn:00087561v	émerger
bn:00087561v	sortir
bn:00087562v	apparaître
bn:00087562v	émerger
bn:00087563v	émerger
bn:00087564v	émigrer
bn:00087565v	émettre
bn:00087566v	pousser
bn:00087566v	proférer
bn:00087568v	empaler
bn:00087571v	comprendre
bn:00087571v	sympathiser
bn:00087572v	souligner
bn:00087576v	embaucher
bn:00087576v	employer
bn:00087576v	engager
bn:00087576v	impliquer
bn:00087577v	doter
bn:00087578v	vider
bn:00087579v	vider
bn:00087582v	émuler
bn:00087582v	imiter
bn:00087587v	permettre
bn:00087588v	adopter
bn:00087588v	décréter
bn:00087588v	ordonner
bn:00087588v	promulguer
bn:00087593v	entourer
bn:00087593v	joindre
bn:00087594v	faire
bn:00087594v	insérer
bn:00087594v	introduire
bn:00087594v	mettre
bn:00087597v	confronter
bn:00087597v	rencontrer
bn:00087598v	recevoir
bn:00087598v	rencontrer
bn:00087599v	prendre
bn:00087599v	rencontrer
bn:00087600v	encourager
bn:00087600v	inciter
bn:00087600v	proposer
bn:00087601v	encourager
bn:00087605v	envahir
bn:00087606v	incruster
bn:00087608v	arrêter
bn:00087608v	clore
bn:00087608v	finir
bn:00087608v	lever
bn:00087608v	pouvoir
bn:00087608v	terminer
bn:00087609v	cesser
bn:00087609v	terminer
bn:00087611v	finir
bn:00087611v	terminer
bn:00087612v	compromettre
bn:00087612v	menacer
bn:00087612v	mettre
bn:00087613v	exposer
bn:00087615v	chercher
bn:00087615v	efforcer
bn:00087615v	essayer
bn:00087617v	avoir
bn:00087617v	durer
bn:00087617v	endurer
bn:00087617v	passer
bn:00087617v	perdurer
bn:00087617v	survivre
bn:00087617v	tenir
bn:00087617v	vivre
bn:00087618v	avoir
bn:00087618v	endurer
bn:00087618v	être
bn:00087618v	souffrir
bn:00087618v	subir
bn:00087619v	offrir
bn:00087619v	user
bn:00087620v	durer
bn:00087620v	passer
bn:00087623v	déconcerter
bn:00087626v	appliquer
bn:00087626v	imposer
bn:00087628v	engager
bn:00087628v	impliquer
bn:00087628v	occuper
bn:00087628v	poursuivre
bn:00087628v	suivre
bn:00087629v	engager
bn:00087630v	engager
bn:00087631v	faire
bn:00087631v	mener
bn:00087632v	recruter
bn:00087633v	verrouiller
bn:00087636v	graver
bn:00087636v	inscrire
bn:00087640v	engloutir
bn:00087641v	accroître
bn:00087641v	améliorer
bn:00087641v	augmenter
bn:00087641v	élever
bn:00087641v	rehausser
bn:00087641v	renforcer
bn:00087642v	améliorer
bn:00087642v	enrichir
bn:00087642v	renforcer
bn:00087644v	dire
bn:00087644v	enjoindre
bn:00087644v	ordonner
bn:00087644v	parler
bn:00087645v	apprécier
bn:00087645v	bénéficier
bn:00087645v	jouir
bn:00087645v	profiter
bn:00087646v	adorer
bn:00087646v	aimer
bn:00087646v	apprécier
bn:00087646v	profiter
bn:00087647v	profiter
bn:00087648v	enrouler
bn:00087648v	entrelacer
bn:00087648v	tresser
bn:00087649v	agrandir
bn:00087649v	élargir
bn:00087650v	agrandir
bn:00087650v	élargir
bn:00087652v	engager
bn:00087652v	enrôler
bn:00087655v	enquête
bn:00087655v	enquêter
bn:00087656v	interroger
bn:00087656v	penser
bn:00087656v	renseigner
bn:00087657v	enrager
bn:00087658v	enrichir
bn:00087662v	admettre
bn:00087662v	enrôler
bn:00087662v	entrer
bn:00087662v	inscrire
bn:00087662v	présenter
bn:00087662v	recruter
bn:00087662v	rejoindre
bn:00087670v	piéger
bn:00087671v	aboutir
bn:00087671v	ensuivre
bn:00087671v	partir
bn:00087671v	résulter
bn:00087672v	dire
bn:00087672v	entraîner
bn:00087672v	être
bn:00087672v	impliquer
bn:00087672v	signifier
bn:00087673v	entraîner
bn:00087673v	impliquer
bn:00087677v	entamer
bn:00087677v	entrer
bn:00087677v	inscrire
bn:00087677v	participer
bn:00087678v	entrer
bn:00087678v	figurer
bn:00087679v	consigner
bn:00087679v	déposer
bn:00087679v	enregistrer
bn:00087679v	entrer
bn:00087679v	inscrire
bn:00087679v	noter
bn:00087681v	insérer
bn:00087681v	introduire
bn:00087682v	accueillir
bn:00087682v	divertir
bn:00087682v	recevoir
bn:00087683v	flirter
bn:00087683v	penser
bn:00087683v	réfléchir
bn:00087684v	abriter
bn:00087684v	considérer
bn:00087684v	défendre
bn:00087684v	détenir
bn:00087684v	entretenir
bn:00087684v	être
bn:00087684v	maintenir
bn:00087684v	nourrir
bn:00087684v	soutenir
bn:00087685v	attribuer
bn:00087685v	conférer
bn:00087685v	introniser
bn:00087689v	attirer
bn:00087689v	inciter
bn:00087689v	tenter
bn:00087690v	autoriser
bn:00087691v	intituler
bn:00087694v	retrancher
bn:00087695v	confier
bn:00087695v	laisser
bn:00087696v	unir
bn:00087699v	détailler
bn:00087699v	énumérer
bn:00087700v	empoisonner
bn:00087701v	apercevoir
bn:00087701v	comprendre
bn:00087701v	considérer
bn:00087701v	envisager
bn:00087701v	imaginer
bn:00087701v	penser
bn:00087701v	percevoir
bn:00087701v	visualiser
bn:00087701v	voir
bn:00087702v	envisager
bn:00087702v	prévoir
bn:00087703v	envier
bn:00087704v	incarner
bn:00087706v	correspondre
bn:00087706v	égaler
bn:00087706v	rivaliser
bn:00087710v	équiper
bn:00087711v	équiper
bn:00087712v	éradiquer
bn:00087712v	extirper
bn:00087713v	effacer
bn:00087714v	construire
bn:00087714v	ériger
bn:00087714v	établir
bn:00087714v	installer
bn:00087714v	lever
bn:00087714v	préparer
bn:00087717v	glisser
bn:00087721v	intensifier
bn:00087723v	échapper
bn:00087724v	échapper
bn:00087724v	éviter
bn:00087724v	passer
bn:00087724v	sortir
bn:00087727v	secouer
bn:00087728v	éviter
bn:00087728v	renoncer
bn:00087729v	escorter
bn:00087731v	essayer
bn:00087731v	examiner
bn:00087731v	tenter
bn:00087731v	tester
bn:00087732v	constituer
bn:00087732v	créer
bn:00087732v	donner
bn:00087732v	établir
bn:00087732v	fonder
bn:00087732v	implanter
bn:00087732v	installer
bn:00087732v	lancer
bn:00087732v	mettre
bn:00087733v	avoir
bn:00087733v	déposer
bn:00087733v	établir
bn:00087733v	faire
bn:00087733v	mettre
bn:00087733v	poser
bn:00087734v	avoir
bn:00087734v	donner
bn:00087734v	établir
bn:00087735v	établir
bn:00087735v	installer
bn:00087736v	apprécier
bn:00087736v	respecter
bn:00087736v	valoriser
bn:00087737v	réfléchir
bn:00087737v	réputer
bn:00087756v	européaniser
bn:00087757v	évacuer
bn:00087758v	évacuer
bn:00087763v	juger
bn:00087766v	évaporer
bn:00087769v	niveler
bn:00087777v	dire
bn:00087777v	révéler
bn:00087778v	exprimer
bn:00087778v	manifester
bn:00087778v	montre
bn:00087778v	montrer
bn:00087782v	suggérer
bn:00087783v	évoluer
bn:00087784v	exagérer
bn:00087785v	exalter
bn:00087785v	glorifier
bn:00087787v	examiner
bn:00087788v	approfondir
bn:00087788v	examiner
bn:00087788v	sonder
bn:00087789v	examiner
bn:00087790v	exaspérer
bn:00087793v	dépasser
bn:00087793v	excéder
bn:00087793v	transcender
bn:00087794v	dépasser
bn:00087794v	dominer
bn:00087794v	surmonter
bn:00087795v	dépasser
bn:00087795v	surpasser
bn:00087796v	dépasser
bn:00087796v	ressortir
bn:00087796v	surpasser
bn:00087798v	exclure
bn:00087798v	négliger
bn:00087798v	omettre
bn:00087800v	changer
bn:00087800v	échanger
bn:00087802v	remplacer
bn:00087802v	substituer
bn:00087803v	effacer
bn:00087806v	enthousiasmer
bn:00087806v	exciter
bn:00087806v	susciter
bn:00087807v	exciter
bn:00087807v	stimuler
bn:00087808v	agiter
bn:00087808v	stimuler
bn:00087808v	susciter
bn:00087809v	stimuler
bn:00087811v	exclamer
bn:00087811v	proclamer
bn:00087811v	promulguer
bn:00087812v	bloquer
bn:00087812v	exclure
bn:00087813v	exclure
bn:00087815v	torturer
bn:00087815v	tourmenter
bn:00087816v	torturer
bn:00087817v	pardonner
bn:00087818v	excuser
bn:00087819v	excuse
bn:00087819v	excuser
bn:00087819v	expliquer
bn:00087820v	exécuter
bn:00087821v	exécuter
bn:00087823v	diriger
bn:00087825v	illustrer
bn:00087825v	représenter
bn:00087826v	décrire
bn:00087826v	illustrer
bn:00087827v	exempter
bn:00087827v	libérer
bn:00087829v	exercer
bn:00087830v	exercer
bn:00087830v	travailler
bn:00087831v	exercer
bn:00087831v	travailler
bn:00087832v	exercer
bn:00087832v	maintenir
bn:00087833v	exercer
bn:00087839v	épuiser
bn:00087839v	sape
bn:00087841v	manifester
bn:00087841v	montrer
bn:00087841v	présenter
bn:00087842v	défiler
bn:00087843v	encourager
bn:00087843v	exhorter
bn:00087843v	inciter
bn:00087843v	insister
bn:00087843v	pousser
bn:00087843v	préconiser
bn:00087843v	presser
bn:00087843v	prier
bn:00087844v	exister
bn:00087844v	subsister
bn:00087844v	survivre
bn:00087844v	vivre
bn:00087845v	descendre
bn:00087845v	faire
bn:00087845v	partir
bn:00087845v	quitter
bn:00087845v	retirer
bn:00087845v	sortir
bn:00087847v	exorciser
bn:00087848v	élargir
bn:00087848v	étendre
bn:00087849v	élargir
bn:00087849v	étendre
bn:00087850v	agrandir
bn:00087850v	élargir
bn:00087850v	étendre
bn:00087851v	étendre
bn:00087855v	accélérer
bn:00087857v	expulser
bn:00087857v	jeter
bn:00087859v	consacrer
bn:00087859v	dépenser
bn:00087859v	déployer
bn:00087859v	utiliser
bn:00087861v	avoir
bn:00087861v	connaître
bn:00087861v	éprouver
bn:00087861v	être
bn:00087861v	expérimenter
bn:00087861v	passer
bn:00087861v	ressentir
bn:00087861v	traverser
bn:00087861v	vivre
bn:00087862v	avoir
bn:00087862v	connaître
bn:00087862v	éprouver
bn:00087862v	expérimenter
bn:00087862v	savoir
bn:00087862v	vivre
bn:00087863v	arriver
bn:00087863v	avoir
bn:00087863v	devenir
bn:00087863v	devoir
bn:00087863v	éprouver
bn:00087863v	être
bn:00087863v	expérimenter
bn:00087863v	faire
bn:00087863v	obtenir
bn:00087863v	passer
bn:00087863v	prendre
bn:00087863v	recevoir
bn:00087863v	ressentir
bn:00087863v	saisir
bn:00087863v	subir
bn:00087863v	tirer
bn:00087863v	vivre
bn:00087864v	éprouver
bn:00087864v	penser
bn:00087864v	ressentir
bn:00087864v	sentir
bn:00087864v	vivre
bn:00087865v	avoir
bn:00087865v	être
bn:00087865v	faire
bn:00087865v	recevoir
bn:00087866v	expérimenter
bn:00087868v	expirer
bn:00087869v	expliquer
bn:00087870v	expliquer
bn:00087878v	exploiter
bn:00087879v	exploiter
bn:00087881v	explorer
bn:00087881v	rechercher
bn:00087882v	explorer
bn:00087883v	explorer
bn:00087885v	exporter
bn:00087888v	exposer
bn:00087889v	découvrir
bn:00087889v	exposer
bn:00087892v	exposer
bn:00087894v	dire
bn:00087894v	exprimer
bn:00087894v	produire
bn:00087894v	prononcer
bn:00087895v	exprimer
bn:00087901v	moquer
bn:00087901v	rire
bn:00087903v	étendre
bn:00087903v	tendre
bn:00087903v	tenir
bn:00087905v	aller
bn:00087905v	conduire
bn:00087905v	dépasser
bn:00087905v	étendre
bn:00087905v	faire
bn:00087905v	mener
bn:00087905v	passer
bn:00087905v	prolonger
bn:00087906v	étendre
bn:00087906v	offrir
bn:00087906v	renforcer
bn:00087907v	déployer
bn:00087907v	étendre
bn:00087907v	tendre
bn:00087908v	offrir
bn:00087908v	prolonger
bn:00087909v	allonger
bn:00087909v	étendre
bn:00087909v	étirer
bn:00087909v	tendre
bn:00087910v	déployer
bn:00087910v	étendre
bn:00087910v	étirer
bn:00087910v	tendre
bn:00087917v	atteindre
bn:00087917v	étendre
bn:00087917v	frôler
bn:00087918v	atténuer
bn:00087920v	exterminer
bn:00087922v	éteindre
bn:00087925v	extorquer
bn:00087927v	tirer
bn:00087930v	déduire
bn:00087930v	extrapoler
bn:00087930v	généraliser
bn:00087931v	extrapoler
bn:00087940v	examiner
bn:00087940v	observer
bn:00087940v	regarder
bn:00087950v	aide
bn:00087950v	aider
bn:00087950v	contribuer
bn:00087958v	estomper
bn:00087959v	estomper
bn:00087959v	pâlir
bn:00087962v	ennuyer
bn:00087962v	épuiser
bn:00087962v	fatiguer
bn:00087966v	devenir
bn:00087966v	échouer
bn:00087966v	manquer
bn:00087966v	négliger
bn:00087966v	partir
bn:00087966v	parvenir
bn:00087966v	réussir
bn:00087966v	tomber
bn:00087967v	échouer
bn:00087967v	réussir
bn:00087976v	détacher
bn:00087976v	retomber
bn:00087976v	tomber
bn:00087977v	devenir
bn:00087977v	effondrer
bn:00087977v	passer
bn:00087977v	tomber
bn:00087978v	tomber
bn:00087978v	venir
bn:00087979v	abattre
bn:00087979v	tomber
bn:00087980v	tomber
bn:00087981v	tomber
bn:00087982v	tomber
bn:00087983v	succomber
bn:00087983v	tomber
bn:00087984v	effondrer
bn:00087984v	tomber
bn:00087985v	revenir
bn:00087994v	accrocher
bn:00087994v	pendre
bn:00088003v	retomber
bn:00088004v	retomber
bn:00088006v	recourir
bn:00088013v	adhérer
bn:00088013v	joindre
bn:00088013v	participer
bn:00088013v	rejoindre
bn:00088016v	tomber
bn:00088017v	tomber
bn:00088018v	chuter
bn:00088019v	tomber
bn:00088020v	découler
bn:00088020v	ensuivre
bn:00088020v	résulter
bn:00088020v	succéder
bn:00088020v	suivre
bn:00088022v	tomber
bn:00088026v	faiblir
bn:00088027v	faiblir
bn:00088028v	affamer
bn:00088028v	mourir
bn:00088030v	affamer
bn:00088031v	battre
bn:00088032v	attiser
bn:00088033v	éventer
bn:00088035v	aimer
bn:00088040v	cultiver
bn:00088042v	avoir
bn:00088042v	cultiver
bn:00088042v	élever
bn:00088042v	produire
bn:00088044v	louer
bn:00088046v	fasciner
bn:00088046v	intriguer
bn:00088047v	fasciner
bn:00088047v	saisir
bn:00088048v	façonner
bn:00088052v	attacher
bn:00088052v	établir
bn:00088052v	fixer
bn:00088052v	sécuriser
bn:00088052v	verrouiller
bn:00088053v	attacher
bn:00088053v	fixer
bn:00088055v	contracter
bn:00088055v	resserrer
bn:00088055v	serrer
bn:00088056v	adopter
bn:00088056v	prendre
bn:00088056v	reprendre
bn:00088057v	engraisser
bn:00088060v	favoriser
bn:00088060v	préférer
bn:00088060v	privilégier
bn:00088061v	favoriser
bn:00088061v	préconiser
bn:00088061v	préférer
bn:00088065v	craindre
bn:00088066v	craindre
bn:00088068v	révérer
bn:00088068v	vénérer
bn:00088078v	avoir
bn:00088078v	comporte
bn:00088078v	comporter
bn:00088078v	contenir
bn:00088078v	disposer
bn:00088078v	être
bn:00088078v	faire
bn:00088078v	figurer
bn:00088078v	inclure
bn:00088078v	porter
bn:00088078v	posséder
bn:00088078v	prendre
bn:00088078v	présenter
bn:00088084v	avoir
bn:00088084v	manger
bn:00088084v	nourrir
bn:00088085v	donner
bn:00088085v	manger
bn:00088085v	nourrir
bn:00088085v	offrir
bn:00088086v	alimenter
bn:00088086v	nourrir
bn:00088087v	alimenter
bn:00088087v	entrer
bn:00088088v	nourrir
bn:00088089v	nourrir
bn:00088091v	fertiliser
bn:00088095v	avoir
bn:00088095v	comprendre
bn:00088095v	considérer
bn:00088095v	constater
bn:00088095v	croire
bn:00088095v	découvrir
bn:00088095v	estimer
bn:00088095v	juger
bn:00088095v	penser
bn:00088095v	percevoir
bn:00088095v	ressentir
bn:00088095v	sembler
bn:00088095v	sentir
bn:00088095v	tenir
bn:00088095v	trouver
bn:00088096v	percevoir
bn:00088096v	ressentir
bn:00088096v	sentir
bn:00088097v	ressentir
bn:00088097v	sembler
bn:00088097v	sentir
bn:00088098v	ressentir
bn:00088098v	sentir
bn:00088099v	ressentir
bn:00088099v	sentir
bn:00088100v	ressentir
bn:00088100v	sembler
bn:00088100v	sentir
bn:00088101v	chercher
bn:00088101v	toucher
bn:00088102v	sentir
bn:00088102v	toucher
bn:00088103v	chercher
bn:00088103v	ressentir
bn:00088103v	toucher
bn:00088104v	tâter
bn:00088116v	clôturer
bn:00088121v	résister
bn:00088129v	transporter
bn:00088134v	dépêcher
bn:00088134v	empresser
bn:00088134v	précipiter
bn:00088154v	attraper
bn:00088155v	aligner
bn:00088159v	lutte
bn:00088159v	lutter
bn:00088160v	riposter
bn:00088161v	penser
bn:00088162v	comprendre
bn:00088162v	résoudre
bn:00088164v	déposer
bn:00088164v	enregistrer
bn:00088164v	inscrire
bn:00088165v	limer
bn:00088167v	classer
bn:00088175v	alimenter
bn:00088175v	emplir
bn:00088175v	imprégner
bn:00088175v	occuper
bn:00088175v	remplir
bn:00088176v	remplir
bn:00088177v	occuper
bn:00088177v	remplir
bn:00088178v	accepter
bn:00088178v	assumer
bn:00088178v	avoir
bn:00088178v	combler
bn:00088178v	désigner
bn:00088178v	occuper
bn:00088178v	prendre
bn:00088178v	remplir
bn:00088178v	saisir
bn:00088179v	accomplir
bn:00088179v	combler
bn:00088179v	réaliser
bn:00088179v	remplir
bn:00088179v	répondre
bn:00088179v	satisfaire
bn:00088181v	remplir
bn:00088182v	combler
bn:00088182v	satisfaire
bn:00088183v	plomber
bn:00088184v	remplir
bn:00088185v	combler
bn:00088186v	compléter
bn:00088186v	ombrer
bn:00088187v	remplacer
bn:00088187v	substituer
bn:00088188v	compléter
bn:00088192v	être
bn:00088192v	filmer
bn:00088192v	photographier
bn:00088192v	prendre
bn:00088192v	tourner
bn:00088195v	filtrer
bn:00088196v	filtrer
bn:00088196v	passer
bn:00088199v	parvenir
bn:00088201v	financer
bn:00088204v	avoir
bn:00088204v	localiser
bn:00088204v	retrouver
bn:00088204v	trouver
bn:00088205v	assister
bn:00088205v	avoir
bn:00088205v	considérer
bn:00088205v	constater
bn:00088205v	découvrir
bn:00088205v	observer
bn:00088205v	retrouver
bn:00088205v	surprendre
bn:00088205v	trouver
bn:00088205v	voir
bn:00088206v	retrouver
bn:00088206v	trouver
bn:00088207v	avoir
bn:00088207v	conclure
bn:00088207v	considérer
bn:00088207v	constater
bn:00088207v	juger
bn:00088207v	reconnaître
bn:00088207v	trouver
bn:00088208v	acquérir
bn:00088208v	aller
bn:00088208v	avoir
bn:00088208v	éprouver
bn:00088208v	être
bn:00088208v	faire
bn:00088208v	obtenir
bn:00088208v	prendre
bn:00088208v	présenter
bn:00088208v	profiter
bn:00088208v	recevoir
bn:00088208v	tirer
bn:00088208v	trouver
bn:00088209v	retrouver
bn:00088209v	trouver
bn:00088210v	extraire
bn:00088210v	récupérer
bn:00088210v	regagner
bn:00088210v	reprendre
bn:00088210v	retrouver
bn:00088216v	toucher
bn:00088222v	finir
bn:00088225v	tirer
bn:00088226v	cuire
bn:00088229v	attiser
bn:00088229v	déclencher
bn:00088230v	allumer
bn:00088236v	pêcher
bn:00088240v	adapter
bn:00088240v	ajuster
bn:00088241v	ajuster
bn:00088241v	équiper
bn:00088244v	correspondre
bn:00088245v	attraper
bn:00088245v	avoir
bn:00088245v	chercher
bn:00088245v	devenir
bn:00088245v	être
bn:00088245v	prendre
bn:00088245v	réparer
bn:00088246v	établir
bn:00088246v	fixer
bn:00088247v	fixer
bn:00088248v	fixer
bn:00088250v	mettre
bn:00088250v	préparer
bn:00088255v	tarir
bn:00088270v	encadrer
bn:00088270v	flanquer
bn:00088271v	agiter
bn:00088271v	battre
bn:00088272v	claquer
bn:00088276v	enflammer
bn:00088278v	afficher
bn:00088278v	exhiber
bn:00088280v	briller
bn:00088285v	aplatir
bn:00088285v	écraser
bn:00088291v	enfuir
bn:00088291v	fuir
bn:00088292v	accrocher
bn:00088292v	tremper
bn:00088292v	voler
bn:00088307v	vaciller
bn:00088310v	tromper
bn:00088311v	envoyer
bn:00088311v	jeter
bn:00088311v	lancer
bn:00088311v	projeter
bn:00088312v	jeter
bn:00088314v	jeter
bn:00088314v	lancer
bn:00088314v	retourner
bn:00088315v	déplacer
bn:00088315v	lancer
bn:00088317v	jeter
bn:00088317v	lancer
bn:00088317v	projeter
bn:00088322v	flotter
bn:00088322v	nager
bn:00088323v	flotter
bn:00088332v	affluer
bn:00088333v	entailler
bn:00088333v	fouetter
bn:00088334v	inonder
bn:00088343v	patauger
bn:00088343v	tituber
bn:00088344v	patauger
bn:00088347v	prospérer
bn:00088348v	bafouer
bn:00088349v	affluer
bn:00088349v	aller
bn:00088349v	couler
bn:00088349v	écouler
bn:00088365v	agiter
bn:00088378v	envoler
bn:00088378v	sauter
bn:00088378v	voler
bn:00088379v	envoler
bn:00088379v	voler
bn:00088380v	voler
bn:00088381v	voler
bn:00088384v	voler
bn:00088397v	ouvrir
bn:00088403v	affiner
bn:00088404v	concentrer
bn:00088411v	plier
bn:00088411v	retrousser
bn:00088412v	incorporer
bn:00088421v	être
bn:00088421v	suivre
bn:00088422v	ensuivre
bn:00088422v	suivre
bn:00088423v	être
bn:00088423v	longer
bn:00088423v	suivre
bn:00088424v	suivre
bn:00088425v	suivre
bn:00088426v	suivre
bn:00088427v	retracer
bn:00088427v	suivre
bn:00088427v	tracer
bn:00088428v	garder
bn:00088428v	observer
bn:00088428v	regarder
bn:00088428v	suivre
bn:00088428v	surveiller
bn:00088428v	voir
bn:00088429v	suivre
bn:00088429v	tenir
bn:00088433v	poursuivre
bn:00088445v	attendre
bn:00088445v	traîner
bn:00088454v	empêcher
bn:00088454v	éviter
bn:00088454v	exclure
bn:00088454v	prévenir
bn:00088455v	contraindre
bn:00088455v	forcer
bn:00088455v	obliger
bn:00088455v	pousser
bn:00088456v	appuyer
bn:00088456v	avancer
bn:00088456v	déplacer
bn:00088456v	forcer
bn:00088456v	glisser
bn:00088456v	obliger
bn:00088456v	pousser
bn:00088456v	pouvoir
bn:00088456v	propulser
bn:00088456v	repousser
bn:00088457v	forcer
bn:00088457v	imposer
bn:00088458v	forcer
bn:00088458v	obliger
bn:00088459v	forcer
bn:00088463v	creuser
bn:00088467v	saisir
bn:00088469v	abandonner
bn:00088469v	perdre
bn:00088469v	renoncer
bn:00088470v	souligner
bn:00088477v	forger
bn:00088480v	façonner
bn:00088480v	forger
bn:00088480v	former
bn:00088481v	oublier
bn:00088482v	laisser
bn:00088482v	oublier
bn:00088483v	pardonner
bn:00088488v	créer
bn:00088488v	forme
bn:00088488v	former
bn:00088488v	organiser
bn:00088489v	forme
bn:00088489v	former
bn:00088489v	provenir
bn:00088490v	façonner
bn:00088490v	faire
bn:00088490v	former
bn:00088491v	faire
bn:00088491v	former
bn:00088491v	imprimer
bn:00088494v	valider
bn:00088506v	envoyer
bn:00088506v	transmettre
bn:00088509v	encourager
bn:00088509v	favoriser
bn:00088509v	promouvoir
bn:00088524v	fractionner
bn:00088531v	encadrer
bn:00088538v	fraterniser
bn:00088544v	libérer
bn:00088544v	perdre
bn:00088544v	relâcher
bn:00088545v	libérer
bn:00088545v	sortir
bn:00088546v	abandonner
bn:00088546v	céder
bn:00088546v	renoncer
bn:00088553v	figer
bn:00088554v	geler
bn:00088555v	geler
bn:00088556v	congeler
bn:00088557v	geler
bn:00088557v	suspendre
bn:00088559v	congeler
bn:00088573v	rénover
bn:00088575v	inquiéter
bn:00088576v	inquiéter
bn:00088582v	effrayer
bn:00088587v	grésiller
bn:00088592v	glacer
bn:00088599v	froncer
bn:00088607v	frire
bn:00088611v	alimenter
bn:00088614v	accomplir
bn:00088614v	assurer
bn:00088614v	remplir
bn:00088614v	satisfaire
bn:00088619v	fulminer
bn:00088622v	tâtonner
bn:00088629v	agir
bn:00088629v	aller
bn:00088629v	diriger
bn:00088629v	faire
bn:00088629v	fonctionner
bn:00088629v	gérer
bn:00088629v	opérer
bn:00088629v	travailler
bn:00088630v	fonctionner
bn:00088630v	servir
bn:00088630v	suffire
bn:00088640v	enrouler
bn:00088641v	licencier
bn:00088643v	alimenter
bn:00088643v	apporter
bn:00088643v	approvisionner
bn:00088643v	assurer
bn:00088643v	équiper
bn:00088643v	fournir
bn:00088643v	munir
bn:00088643v	offrir
bn:00088643v	partir
bn:00088643v	permettre
bn:00088643v	pourvoir
bn:00088643v	prévoir
bn:00088643v	procurer
bn:00088643v	rendre
bn:00088646v	fondre
bn:00088650v	materner
bn:00088654v	bâillonner
bn:00088656v	plaisanter
bn:00088659v	gagner
bn:00088666v	surprendre
bn:00088673v	emprisonner
bn:00088676v	garer
bn:00088677v	jardiner
bn:00088688v	taillader
bn:00088689v	haleter
bn:00088693v	comprendre
bn:00088694v	rassembler
bn:00088698v	décrocher
bn:00088698v	lever
bn:00088698v	prendre
bn:00088698v	ramasser
bn:00088698v	rassembler
bn:00088698v	récupérer
bn:00088698v	relever
bn:00088698v	soulever
bn:00088705v	contempler
bn:00088705v	fixer
bn:00088705v	regarder
bn:00088708v	adapter
bn:00088708v	axer
bn:00088724v	abandonner
bn:00088724v	apporter
bn:00088724v	avoir
bn:00088724v	donner
bn:00088724v	former
bn:00088724v	fournir
bn:00088724v	générer
bn:00088724v	offrir
bn:00088724v	rendre
bn:00088725v	générer
bn:00088732v	gesticuler
bn:00088733v	aller
bn:00088733v	amener
bn:00088733v	avoir
bn:00088733v	chercher
bn:00088733v	commencer
bn:00088733v	disposer
bn:00088733v	enlever
bn:00088733v	entraîner
bn:00088733v	être
bn:00088733v	faire
bn:00088733v	inclure
bn:00088733v	laisser
bn:00088733v	obtenir
bn:00088733v	permettre
bn:00088733v	ramener
bn:00088733v	rendre
bn:00088733v	réussir
bn:00088733v	tenir
bn:00088733v	trouver
bn:00088734v	avoir
bn:00088734v	faire
bn:00088734v	marquer
bn:00088734v	obtenir
bn:00088734v	réussir
bn:00088735v	avoir
bn:00088735v	parvenir
bn:00088735v	recevoir
bn:00088736v	assurer
bn:00088736v	atteindre
bn:00088736v	avoir
bn:00088736v	créer
bn:00088736v	devenir
bn:00088736v	devoir
bn:00088736v	donner
bn:00088736v	effectuer
bn:00088736v	établir
bn:00088736v	être
bn:00088736v	faire
bn:00088736v	former
bn:00088736v	mettre
bn:00088736v	nommer
bn:00088736v	obliger
bn:00088736v	offrir
bn:00088736v	prendre
bn:00088736v	présenter
bn:00088736v	rendre
bn:00088736v	réussir
bn:00088736v	tirer
bn:00088736v	transformer
bn:00088737v	obtenir
bn:00088745v	avoir
bn:00088745v	souffrir
bn:00088745v	subir
bn:00088746v	observer
bn:00088750v	entendre
bn:00088754v	récupérer
bn:00088754v	regagner
bn:00088754v	retrouver
bn:00088759v	avaler
bn:00088759v	déglutir
bn:00088759v	noter
bn:00088760v	écrire
bn:00088760v	noter
bn:00088761v	commencer
bn:00088761v	partir
bn:00088762v	arrêter
bn:00088762v	prendre
bn:00088762v	rendre
bn:00088763v	entrer
bn:00088764v	entrer
bn:00088765v	entrer
bn:00088767v	descendre
bn:00088769v	envoyer
bn:00088769v	renvoyer
bn:00088769v	transmettre
bn:00088773v	envoyer
bn:00088776v	décoller
bn:00088779v	partir
bn:00088779v	retirer
bn:00088779v	sortir
bn:00088780v	sortir
bn:00088782v	maîtriser
bn:00088782v	surmonter
bn:00088783v	débarrasser
bn:00088783v	éliminer
bn:00088783v	lever
bn:00088783v	supprimer
bn:00088786v	maîtriser
bn:00088788v	passer
bn:00088789v	arriver
bn:00088789v	atteindre
bn:00088789v	avoir
bn:00088789v	effectuer
bn:00088789v	faire
bn:00088789v	parvenir
bn:00088789v	réaliser
bn:00088790v	arriver
bn:00088790v	faire
bn:00088791v	rencontrer
bn:00088791v	retrouver
bn:00088791v	réunir
bn:00088792v	lever
bn:00088792v	réveiller
bn:00088794v	empirer
bn:00088798v	hanter
bn:00088798v	obséder
bn:00088803v	accorder
bn:00088803v	avoir
bn:00088803v	donner
bn:00088803v	offrir
bn:00088805v	glousser
bn:00088805v	ricaner
bn:00088808v	boiter
bn:00088814v	accorder
bn:00088814v	apporter
bn:00088814v	attribuer
bn:00088814v	avoir
bn:00088814v	causer
bn:00088814v	donner
bn:00088814v	doter
bn:00088814v	être
bn:00088814v	faire
bn:00088814v	fournir
bn:00088814v	mettre
bn:00088814v	offrir
bn:00088814v	poser
bn:00088814v	prendre
bn:00088814v	prêter
bn:00088814v	procurer
bn:00088815v	accorder
bn:00088815v	avoir
bn:00088815v	consacrer
bn:00088815v	donner
bn:00088815v	être
bn:00088815v	fournir
bn:00088815v	offrir
bn:00088815v	remettre
bn:00088815v	rendre
bn:00088815v	vouer
bn:00088816v	avoir
bn:00088816v	donner
bn:00088816v	être
bn:00088816v	faire
bn:00088816v	fournir
bn:00088816v	prendre
bn:00088816v	présenter
bn:00088816v	rendre
bn:00088816v	transmettre
bn:00088817v	accorder
bn:00088817v	attribuer
bn:00088817v	donner
bn:00088817v	faire
bn:00088817v	offrir
bn:00088817v	ordonner
bn:00088817v	payer
bn:00088817v	prêter
bn:00088817v	rendre
bn:00088817v	transmettre
bn:00088818v	avoir
bn:00088818v	dérouler
bn:00088818v	devoir
bn:00088818v	donner
bn:00088818v	effectuer
bn:00088818v	faire
bn:00088818v	lancer
bn:00088818v	mener
bn:00088818v	offrir
bn:00088818v	organiser
bn:00088818v	présenter
bn:00088818v	tenir
bn:00088819v	avoir
bn:00088819v	donner
bn:00088819v	faire
bn:00088819v	jeter
bn:00088819v	lancer
bn:00088819v	porter
bn:00088819v	pousser
bn:00088820v	apporter
bn:00088820v	céder
bn:00088820v	donner
bn:00088820v	offrir
bn:00088821v	apporter
bn:00088821v	communiquer
bn:00088821v	donner
bn:00088821v	fournir
bn:00088821v	laisser
bn:00088821v	offrir
bn:00088821v	prendre
bn:00088821v	transmettre
bn:00088822v	avoir
bn:00088822v	donner
bn:00088822v	jeter
bn:00088823v	avoir
bn:00088823v	pousser
bn:00088824v	avoir
bn:00088824v	donner
bn:00088824v	offrir
bn:00088824v	sacrifier
bn:00088825v	atteindre
bn:00088825v	avoir
bn:00088825v	céder
bn:00088825v	confier
bn:00088825v	donner
bn:00088825v	passer
bn:00088825v	remettre
bn:00088825v	tendre
bn:00088825v	transmettre
bn:00088826v	administrer
bn:00088826v	donner
bn:00088827v	attribuer
bn:00088827v	décerner
bn:00088827v	donner
bn:00088827v	présenter
bn:00088827v	prononcer
bn:00088828v	accorder
bn:00088828v	donner
bn:00088829v	donner
bn:00088847v	donner
bn:00088849v	récompenser
bn:00088849v	rembourser
bn:00088849v	rendre
bn:00088850v	donner
bn:00088854v	devoir
bn:00088854v	remercier
bn:00088858v	abandonner
bn:00088858v	démissionner
bn:00088858v	renoncer
bn:00088859v	abandonner
bn:00088859v	rendre
bn:00088859v	renoncer
bn:00088860v	abandonner
bn:00088861v	exprimer
bn:00088862v	accueillir
bn:00088862v	céder
bn:00088869v	regarder
bn:00088870v	regarder
bn:00088871v	balayer
bn:00088871v	examiner
bn:00088871v	scruter
bn:00088872v	fixer
bn:00088881v	briller
bn:00088881v	scintiller
bn:00088882v	briller
bn:00088884v	récolte
bn:00088884v	récolter
bn:00088884v	recueillir
bn:00088885v	glisser
bn:00088889v	apercevoir
bn:00088889v	entrevoir
bn:00088895v	glorifier
bn:00088898v	glorifier
bn:00088903v	briller
bn:00088905v	coller
bn:00088911v	mordiller
bn:00088911v	ronger
bn:00088912v	aller
bn:00088912v	avancer
bn:00088912v	bouger
bn:00088912v	circuler
bn:00088912v	continuer
bn:00088912v	courir
bn:00088912v	décaler
bn:00088912v	déménager
bn:00088912v	déplacer
bn:00088912v	diriger
bn:00088912v	disparaître
bn:00088912v	être
bn:00088912v	faire
bn:00088912v	marcher
bn:00088912v	mettre
bn:00088912v	mouvoir
bn:00088912v	parcourir
bn:00088912v	partir
bn:00088912v	passer
bn:00088912v	prendre
bn:00088912v	promener
bn:00088912v	retourner
bn:00088912v	rouler
bn:00088912v	suivre
bn:00088912v	tourner
bn:00088912v	traverser
bn:00088912v	venir
bn:00088912v	voyager
bn:00088913v	agir
bn:00088913v	aller
bn:00088913v	avancer
bn:00088913v	continuer
bn:00088913v	dépasser
bn:00088913v	diriger
bn:00088913v	être
bn:00088913v	faire
bn:00088913v	mettre
bn:00088913v	parcourir
bn:00088913v	partir
bn:00088913v	passer
bn:00088913v	poursuivre
bn:00088913v	prendre
bn:00088913v	procéder
bn:00088913v	progresser
bn:00088913v	suivre
bn:00088913v	traverser
bn:00088914v	aller
bn:00088914v	être
bn:00088915v	aller
bn:00088915v	dire
bn:00088915v	étendre
bn:00088915v	être
bn:00088915v	passer
bn:00088915v	suivre
bn:00088916v	aller
bn:00088916v	être
bn:00088916v	partir
bn:00088916v	parvenir
bn:00088916v	passer
bn:00088916v	poursuivre
bn:00088917v	disparaître
bn:00088917v	partir
bn:00088918v	aller
bn:00088918v	passer
bn:00088919v	faire
bn:00088919v	résonner
bn:00088919v	retentir
bn:00088919v	sonner
bn:00088920v	disparaître
bn:00088920v	faire
bn:00088921v	parcourir
bn:00088921v	passer
bn:00088924v	faire
bn:00088927v	conduire
bn:00088927v	mener
bn:00088932v	avancer
bn:00088932v	passer
bn:00088932v	transmettre
bn:00088932v	traverser
bn:00088933v	chercher
bn:00088933v	poursuivre
bn:00088934v	continuer
bn:00088935v	suivre
bn:00088938v	pivoter
bn:00088938v	tourner
bn:00088939v	aller
bn:00088939v	laisser
bn:00088939v	partir
bn:00088939v	quitter
bn:00088939v	repartir
bn:00088939v	sortir
bn:00088940v	remonter
bn:00088940v	retourner
bn:00088941v	remettre
bn:00088941v	reprendre
bn:00088943v	gâter
bn:00088944v	dépasser
bn:00088944v	passer
bn:00088944v	traverser
bn:00088948v	couler
bn:00088948v	déposer
bn:00088948v	descendre
bn:00088948v	monter
bn:00088948v	tomber
bn:00088954v	espérer
bn:00088957v	rentrer
bn:00088959v	exploser
bn:00088963v	sortir
bn:00088964v	sortir
bn:00088965v	disparaître
bn:00088967v	examiner
bn:00088968v	parcourir
bn:00088968v	traverser
bn:00088972v	élever
bn:00088973v	encourager
bn:00088973v	inciter
bn:00088973v	stimuler
bn:00088974v	aiguillonner
bn:00088976v	taquiner
bn:00088977v	glousser
bn:00088990v	diriger
bn:00088990v	gouverner
bn:00088990v	ordonner
bn:00088990v	régir
bn:00088990v	réglementer
bn:00088991v	gouverner
bn:00088991v	régir
bn:00088992v	diriger
bn:00088992v	dominer
bn:00088992v	gouverner
bn:00088992v	régir
bn:00088992v	régner
bn:00088995v	emparer
bn:00088995v	prendre
bn:00088995v	saisir
bn:00089002v	accorder
bn:00089002v	classer
bn:00089002v	évaluer
bn:00089002v	noter
bn:00089002v	placer
bn:00089006v	diplômer
bn:00089006v	obtenir
bn:00089007v	diplômer
bn:00089016v	prendre
bn:00089016v	saisir
bn:00089017v	accrocher
bn:00089017v	agripper
bn:00089017v	attraper
bn:00089017v	saisir
bn:00089017v	tenir
bn:00089026v	gratter
bn:00089026v	racler
bn:00089027v	contenter
bn:00089027v	satisfaire
bn:00089028v	céder
bn:00089037v	graisser
bn:00089039v	accueillir
bn:00089039v	reconnaître
bn:00089039v	saluer
bn:00089040v	accueillir
bn:00089040v	saluer
bn:00089041v	accueillir
bn:00089041v	saluer
bn:00089042v	accueillir
bn:00089047v	grimacer
bn:00089048v	sourire
bn:00089053v	agripper
bn:00089053v	saisir
bn:00089053v	serrer
bn:00089058v	gémir
bn:00089058v	plaindre
bn:00089060v	former
bn:00089060v	préparer
bn:00089070v	ancrer
bn:00089079v	regrouper
bn:00089082v	avoir
bn:00089082v	devenir
bn:00089082v	élever
bn:00089082v	être
bn:00089082v	grandir
bn:00089083v	aggraver
bn:00089083v	augmenter
bn:00089083v	avoir
bn:00089083v	croître
bn:00089083v	développer
bn:00089083v	devenir
bn:00089083v	être
bn:00089083v	grandir
bn:00089084v	avoir
bn:00089084v	croître
bn:00089084v	développer
bn:00089084v	grandir
bn:00089084v	pousse
bn:00089084v	pousser
bn:00089085v	cultiver
bn:00089085v	pousser
bn:00089085v	produire
bn:00089086v	avoir
bn:00089086v	grandir
bn:00089086v	mûrir
bn:00089089v	grandir
bn:00089090v	grogner
bn:00089090v	gronder
bn:00089096v	gronder
bn:00089096v	rugir
bn:00089097v	grogner
bn:00089099v	garantir
bn:00089100v	assurer
bn:00089100v	entreprendre
bn:00089101v	garantir
bn:00089102v	garder
bn:00089102v	protéger
bn:00089102v	veiller
bn:00089103v	garder
bn:00089103v	protéger
bn:00089105v	croire
bn:00089105v	deviner
bn:00089105v	imaginer
bn:00089105v	juger
bn:00089105v	penser
bn:00089105v	supposer
bn:00089106v	deviner
bn:00089106v	risquer
bn:00089106v	supposer
bn:00089107v	deviner
bn:00089107v	juger
bn:00089112v	guide
bn:00089112v	guider
bn:00089112v	orienter
bn:00089113v	guider
bn:00089115v	avaler
bn:00089126v	couler
bn:00089126v	jaillir
bn:00089136v	boire
bn:00089137v	être
bn:00089137v	pivoter
bn:00089137v	tourner
bn:00089140v	utiliser
bn:00089148v	héler
bn:00089149v	appeler
bn:00089154v	arrêter
bn:00089154v	cesser
bn:00089154v	suspendre
bn:00089159v	frapper
bn:00089159v	marteler
bn:00089161v	gêner
bn:00089168v	transmettre
bn:00089172v	manipuler
bn:00089173v	manier
bn:00089173v	manipuler
bn:00089178v	accrocher
bn:00089178v	pendre
bn:00089178v	planer
bn:00089178v	suspendre
bn:00089179v	accrocher
bn:00089179v	pendre
bn:00089179v	suspendre
bn:00089180v	pendre
bn:00089181v	baisser
bn:00089181v	pendre
bn:00089182v	peser
bn:00089192v	attendre
bn:00089192v	insister
bn:00089192v	persister
bn:00089196v	raccrocher
bn:00089197v	raccrocher
bn:00089198v	aspirer
bn:00089198v	désirer
bn:00089199v	arriver
bn:00089199v	produire
bn:00089199v	tomber
bn:00089199v	trouver
bn:00089199v	venir
bn:00089200v	arriver
bn:00089200v	matérialiser
bn:00089200v	passer
bn:00089200v	produire
bn:00089201v	haranguer
bn:00089203v	abriter
bn:00089207v	durcir
bn:00089211v	habituer
bn:00089215v	endommager
bn:00089219v	concilier
bn:00089219v	réconcilier
bn:00089220v	atteler
bn:00089221v	exploiter
bn:00089232v	induire
bn:00089232v	précipiter
bn:00089232v	stimuler
bn:00089235v	éclore
bn:00089238v	transporter
bn:00089239v	hanter
bn:00089240v	accepter
bn:00089240v	accueillir
bn:00089240v	avoir
bn:00089240v	comporter
bn:00089240v	contenir
bn:00089240v	détenir
bn:00089240v	devoir
bn:00089240v	disposer
bn:00089240v	distinguer
bn:00089240v	donner
bn:00089240v	être
bn:00089240v	faire
bn:00089240v	laisser
bn:00089240v	obtenir
bn:00089240v	passer
bn:00089240v	porter
bn:00089240v	posséder
bn:00089240v	prendre
bn:00089240v	recevoir
bn:00089240v	retenir
bn:00089240v	tenir
bn:00089241v	avoir
bn:00089241v	détenir
bn:00089241v	disposer
bn:00089241v	éprouver
bn:00089241v	être
bn:00089241v	posséder
bn:00089242v	accueillir
bn:00089242v	avoir
bn:00089242v	devoir
bn:00089242v	être
bn:00089243v	avoir
bn:00089244v	avoir
bn:00089244v	devoir
bn:00089244v	être
bn:00089245v	avoir
bn:00089245v	souffrir
bn:00089246v	avoir
bn:00089246v	obtenir
bn:00089246v	percevoir
bn:00089246v	prendre
bn:00089246v	recevoir
bn:00089246v	subir
bn:00089247v	avoir
bn:00089247v	emmener
bn:00089250v	dire
bn:00089250v	entendre
bn:00089250v	signifier
bn:00089250v	vouloir
bn:00089252v	arborer
bn:00089252v	avoir
bn:00089252v	passer
bn:00089252v	porter
bn:00089252v	vêtir
bn:00089254v	vendre
bn:00089259v	conduire
bn:00089259v	diriger
bn:00089260v	animer
bn:00089260v	diriger
bn:00089260v	mener
bn:00089261v	conduire
bn:00089261v	diriger
bn:00089261v	entraîner
bn:00089261v	mener
bn:00089262v	diriger
bn:00089271v	guérir
bn:00089271v	réparer
bn:00089272v	guérir
bn:00089274v	accumuler
bn:00089274v	amonceler
bn:00089274v	empiler
bn:00089274v	entasser
bn:00089276v	empiler
bn:00089277v	écouter
bn:00089277v	entendre
bn:00089277v	voir
bn:00089278v	entendre
bn:00089279v	entendre
bn:00089280v	écoute
bn:00089280v	écouter
bn:00089282v	chauffer
bn:00089284v	réchauffer
bn:00089286v	pousser
bn:00089287v	lancer
bn:00089288v	hisser
bn:00089295v	écouter
bn:00089302v	augmenter
bn:00089302v	croître
bn:00089303v	accroître
bn:00089308v	empêcher
bn:00089309v	aider
bn:00089309v	servir
bn:00089312v	aider
bn:00089318v	harceler
bn:00089322v	vénérer
bn:00089323v	hésiter
bn:00089324v	arrêter
bn:00089324v	faire
bn:00089324v	hésiter
bn:00089329v	hiberner
bn:00089332v	cacher
bn:00089340v	entraver
bn:00089342v	évoquer
bn:00089342v	suggérer
bn:00089343v	siffler
bn:00089346v	atteindre
bn:00089346v	frappe
bn:00089346v	frapper
bn:00089347v	envoyer
bn:00089347v	frapper
bn:00089347v	toucher
bn:00089348v	atteindre
bn:00089348v	frapper
bn:00089348v	toucher
bn:00089349v	abattre
bn:00089349v	frapper
bn:00089349v	tirer
bn:00089349v	toucher
bn:00089350v	frapper
bn:00089350v	rencontrer
bn:00089350v	trouver
bn:00089351v	marquer
bn:00089352v	attaquer
bn:00089352v	frapper
bn:00089354v	frapper
bn:00089360v	étudier
bn:00089368v	accumuler
bn:00089368v	stocker
bn:00089372v	entraver
bn:00089376v	engager
bn:00089381v	hisser
bn:00089381v	soulever
bn:00089383v	hisser
bn:00089384v	avoir
bn:00089384v	conserver
bn:00089384v	considérer
bn:00089384v	continuer
bn:00089384v	détenir
bn:00089384v	entretenir
bn:00089384v	être
bn:00089384v	exercer
bn:00089384v	faire
bn:00089384v	garder
bn:00089384v	maintenir
bn:00089384v	observer
bn:00089384v	prendre
bn:00089384v	protéger
bn:00089384v	remplir
bn:00089384v	respecter
bn:00089384v	rester
bn:00089384v	retenir
bn:00089384v	suivre
bn:00089384v	tenir
bn:00089385v	accrocher
bn:00089385v	avoir
bn:00089385v	contenir
bn:00089385v	maintenir
bn:00089385v	porter
bn:00089385v	retenir
bn:00089385v	saisir
bn:00089385v	supporter
bn:00089385v	tenir
bn:00089386v	conserver
bn:00089386v	détenir
bn:00089386v	faire
bn:00089386v	garder
bn:00089386v	occuper
bn:00089386v	retenir
bn:00089386v	tenir
bn:00089387v	contenir
bn:00089387v	lever
bn:00089387v	maintenir
bn:00089387v	retenir
bn:00089387v	soutenir
bn:00089387v	tenant
bn:00089388v	rester
bn:00089388v	tenir
bn:00089389v	prédominer
bn:00089389v	prévaloir
bn:00089389v	régner
bn:00089389v	tenir
bn:00089390v	considérer
bn:00089391v	contenir
bn:00089392v	retenir
bn:00089400v	empêcher
bn:00089400v	garder
bn:00089400v	maîtriser
bn:00089400v	restreindre
bn:00089400v	retenir
bn:00089401v	attendre
bn:00089407v	avoir
bn:00089407v	conserver
bn:00089407v	empêcher
bn:00089407v	garder
bn:00089407v	maintenir
bn:00089407v	mettre
bn:00089410v	réserver
bn:00089411v	attendre
bn:00089411v	résister
bn:00089411v	tenir
bn:00089412v	tenir
bn:00089420v	arrêter
bn:00089427v	crier
bn:00089439v	homogénéiser
bn:00089443v	perfectionner
bn:00089449v	honorer
bn:00089449v	récompenser
bn:00089454v	accrocher
bn:00089462v	huer
bn:00089462v	klaxonner
bn:00089465v	bondir
bn:00089465v	sauter
bn:00089465v	sautiller
bn:00089466v	sauter
bn:00089472v	espérer
bn:00089474v	mettre
bn:00089488v	chasser
bn:00089488v	tracer
bn:00089489v	abriter
bn:00089489v	contenir
bn:00089489v	héberger
bn:00089489v	loger
bn:00089492v	flotter
bn:00089493v	planer
bn:00089494v	planer
bn:00089495v	flotter
bn:00089496v	gémir
bn:00089496v	hurler
bn:00089496v	retentir
bn:00089496v	rugir
bn:00089498v	gronder
bn:00089498v	murmurer
bn:00089498v	rugir
bn:00089503v	renifler
bn:00089506v	dominer
bn:00089508v	fredonner
bn:00089511v	humaniser
bn:00089512v	humilier
bn:00089517v	recroqueviller
bn:00089521v	chasser
bn:00089521v	chercher
bn:00089521v	retrouver
bn:00089521v	traquer
bn:00089527v	franchir
bn:00089528v	foncer
bn:00089528v	lancer
bn:00089528v	projeter
bn:00089531v	accélérer
bn:00089531v	dépêcher
bn:00089531v	hâter
bn:00089531v	précipiter
bn:00089532v	précipiter
bn:00089533v	blesser
bn:00089534v	nuire
bn:00089535v	souffrir
bn:00089538v	taire
bn:00089539v	calmer
bn:00089565v	hypnotiser
bn:00089574v	identifier
bn:00089574v	situer
bn:00089575v	identifier
bn:00089575v	nommer
bn:00089576v	identifier
bn:00089577v	identifier
bn:00089578v	identifier
bn:00089581v	allumer
bn:00089581v	enflammer
bn:00089582v	ignorer
bn:00089584v	allumer
bn:00089584v	éclairer
bn:00089584v	illuminer
bn:00089586v	illustrer
bn:00089587v	illustrer
bn:00089593v	imiter
bn:00089596v	enfoncer
bn:00089596v	immerger
bn:00089596v	lancer
bn:00089596v	plonger
bn:00089597v	plonger
bn:00089602v	clouer
bn:00089610v	altérer
bn:00089614v	pousser
bn:00089614v	propulser
bn:00089621v	mettre
bn:00089623v	impliquer
bn:00089625v	impliquer
bn:00089625v	nécessiter
bn:00089626v	importer
bn:00089628v	signifier
bn:00089629v	insister
bn:00089630v	imposer
bn:00089630v	lever
bn:00089630v	prélever
bn:00089636v	impressionner
bn:00089637v	imposer
bn:00089637v	impressionner
bn:00089642v	emprisonner
bn:00089646v	inaugurer
bn:00089652v	incarner
bn:00089654v	inciser
bn:00089655v	inciter
bn:00089655v	provoquer
bn:00089660v	comprendre
bn:00089660v	contenir
bn:00089660v	inclure
bn:00089661v	comprendre
bn:00089661v	inclure
bn:00089662v	inclure
bn:00089663v	incorporer
bn:00089663v	intégrer
bn:00089666v	accroître
bn:00089666v	agrandir
bn:00089666v	augmenter
bn:00089666v	croître
bn:00089666v	grandir
bn:00089667v	accroître
bn:00089667v	augmenter
bn:00089668v	incuber
bn:00089669v	inculquer
bn:00089670v	avoir
bn:00089670v	encourir
bn:00089678v	indexer
bn:00089681v	indiquer
bn:00089682v	indiquer
bn:00089682v	proposer
bn:00089682v	suggérer
bn:00089683v	inculper
bn:00089686v	personnaliser
bn:00089690v	induire
bn:00089692v	asseoir
bn:00089692v	incorporer
bn:00089693v	initier
bn:00089704v	infecter
bn:00089705v	contaminer
bn:00089708v	comprendre
bn:00089709v	envahir
bn:00089709v	infester
bn:00089712v	infiltrer
bn:00089713v	infiltrer
bn:00089715v	traverser
bn:00089717v	enflammer
bn:00089722v	fléchir
bn:00089724v	dire
bn:00089724v	informer
bn:00089726v	dénoncer
bn:00089731v	réitérer
bn:00089731v	répéter
bn:00089733v	habiter
bn:00089736v	hériter
bn:00089739v	entraver
bn:00089743v	amorcer
bn:00089743v	commencer
bn:00089743v	déclencher
bn:00089743v	fonder
bn:00089743v	initier
bn:00089743v	lancer
bn:00089743v	provenir
bn:00089744v	initier
bn:00089746v	injecter
bn:00089747v	injecter
bn:00089751v	blesser
bn:00089751v	endommager
bn:00089755v	incruster
bn:00089759v	innover
bn:00089759v	introduire
bn:00089769v	insérer
bn:00089773v	insister
bn:00089776v	examiner
bn:00089776v	inspecter
bn:00089777v	inspecter
bn:00089777v	visiter
bn:00089778v	inspirer
bn:00089779v	inciter
bn:00089779v	inspirer
bn:00089779v	pousser
bn:00089783v	épaissir
bn:00089784v	épaissir
bn:00089785v	installer
bn:00089785v	monter
bn:00089786v	installer
bn:00089791v	apprendre
bn:00089791v	enseigner
bn:00089791v	indiquer
bn:00089791v	instruire
bn:00089792v	instruire
bn:00089799v	isoler
bn:00089800v	isoler
bn:00089801v	assurer
bn:00089802v	intégrer
bn:00089804v	compter
bn:00089804v	destiner
bn:00089804v	entendre
bn:00089804v	envisager
bn:00089804v	être
bn:00089804v	parler
bn:00089804v	penser
bn:00089804v	prévoir
bn:00089804v	signifier
bn:00089804v	viser
bn:00089804v	vouloir
bn:00089805v	destiner
bn:00089805v	dire
bn:00089805v	entendre
bn:00089805v	envisager
bn:00089805v	être
bn:00089805v	parler
bn:00089805v	penser
bn:00089805v	signifier
bn:00089805v	viser
bn:00089805v	vouloir
bn:00089806v	désigner
bn:00089806v	dire
bn:00089806v	entendre
bn:00089806v	indiquer
bn:00089806v	représenter
bn:00089806v	signifier
bn:00089808v	interagir
bn:00089810v	arrêter
bn:00089810v	intercepter
bn:00089814v	intéresser
bn:00089815v	intéresser
bn:00089816v	gêner
bn:00089816v	interférer
bn:00089817v	ingérer
bn:00089817v	interférer
bn:00089817v	intervenir
bn:00089818v	intérioriser
bn:00089819v	verrouiller
bn:00089825v	enfermer
bn:00089825v	engager
bn:00089836v	interposer
bn:00089837v	interpréter
bn:00089838v	interpréter
bn:00089838v	rendre
bn:00089839v	interpréter
bn:00089839v	représenter
bn:00089840v	interpréter
bn:00089840v	traduire
bn:00089841v	comprendre
bn:00089841v	interpréter
bn:00089841v	traduire
bn:00089842v	concerner
bn:00089842v	lier
bn:00089845v	interroger
bn:00089852v	avoir
bn:00089852v	interroger
bn:00089852v	interviewer
bn:00089853v	interviewer
bn:00089854v	interviewer
bn:00089855v	entrelacer
bn:00089855v	tisser
bn:00089856v	suggérer
bn:00089858v	intimider
bn:00089861v	introduire
bn:00089862v	présenter
bn:00089869v	envahir
bn:00089872v	enfler
bn:00089872v	gonfler
bn:00089874v	envahir
bn:00089874v	occuper
bn:00089884v	inverser
bn:00089884v	renverser
bn:00089885v	étudier
bn:00089885v	examiner
bn:00089885v	explorer
bn:00089889v	attirer
bn:00089889v	inviter
bn:00089889v	tenter
bn:00089890v	inviter
bn:00089891v	accueillir
bn:00089891v	faire
bn:00089891v	recevoir
bn:00089891v	saisir
bn:00089893v	concerner
bn:00089893v	engager
bn:00089893v	impliquer
bn:00089894v	impliquer
bn:00089905v	repasser
bn:00089906v	régler
bn:00089909v	abreuver
bn:00089909v	irriguer
bn:00089909v	pleurer
bn:00089909v	saliver
bn:00089911v	irriter
bn:00089916v	isoler
bn:00089917v	isoler
bn:00089921v	alimenter
bn:00089921v	délivrer
bn:00089921v	distribuer
bn:00089921v	émettre
bn:00089921v	fournir
bn:00089921v	publier
bn:00089922v	émettre
bn:00089922v	lancer
bn:00089922v	publier
bn:00089924v	gratter
bn:00089931v	piquer
bn:00089933v	débiter
bn:00089941v	entasser
bn:00089944v	tinter
bn:00089951v	parcourir
bn:00089951v	voyager
bn:00089958v	arracher
bn:00089958v	tirer
bn:00089959v	tirer
bn:00089960v	tressaillir
bn:00089961v	plaisanter
bn:00089962v	plaisanter
bn:00089967v	tortiller
bn:00089968v	abandonner
bn:00089968v	quitter
bn:00089969v	fouiller
bn:00089969v	soulever
bn:00089978v	divaguer
bn:00089983v	joindre
bn:00089983v	rejoindre
bn:00089991v	glisser
bn:00089991v	pousser
bn:00089992v	noter
bn:00089993v	voyager
bn:00089994v	parcourir
bn:00089994v	voyager
bn:00089996v	réjouir
bn:00089997v	être
bn:00089999v	secouer
bn:00089999v	trembler
bn:00090000v	évaluer
bn:00090000v	juger
bn:00090001v	déclarer
bn:00090008v	mélanger
bn:00090010v	bondir
bn:00090010v	sauter
bn:00090010v	sursauter
bn:00090010v	traverser
bn:00090011v	sauter
bn:00090014v	lancer
bn:00090018v	passer
bn:00090018v	sauter
bn:00090022v	abandonner
bn:00090024v	justifier
bn:00090024v	mériter
bn:00090025v	justifier
bn:00090027v	dépasser
bn:00090028v	juxtaposer
bn:00090030v	assommer
bn:00090033v	conserver
bn:00090033v	empêcher
bn:00090033v	entraver
bn:00090033v	éviter
bn:00090033v	garder
bn:00090033v	prendre
bn:00090033v	protéger
bn:00090033v	tenir
bn:00090034v	garder
bn:00090034v	tenir
bn:00090035v	conserver
bn:00090035v	garder
bn:00090035v	observer
bn:00090035v	réaliser
bn:00090035v	rester
bn:00090035v	suivre
bn:00090035v	tenir
bn:00090036v	garder
bn:00090036v	tenir
bn:00090037v	conserver
bn:00090037v	prendre
bn:00090037v	tenir
bn:00090038v	garder
bn:00090039v	conserver
bn:00090039v	entretenir
bn:00090039v	garder
bn:00090039v	maintenir
bn:00090039v	rester
bn:00090039v	soutenir
bn:00090039v	tenir
bn:00090040v	conserver
bn:00090047v	conserver
bn:00090049v	retenir
bn:00090051v	maîtriser
bn:00090051v	réprimer
bn:00090051v	soumettre
bn:00090059v	reculer
bn:00090069v	continuer
bn:00090069v	maintenir
bn:00090069v	suivre
bn:00090070v	continuer
bn:00090070v	maintenir
bn:00090070v	soutenir
bn:00090070v	tenir
bn:00090084v	botter
bn:00090085v	ruer
bn:00090095v	commencer
bn:00090096v	soulever
bn:00090098v	abattre
bn:00090098v	détruire
bn:00090098v	taire
bn:00090098v	tuer
bn:00090099v	éradiquer
bn:00090119v	frapper
bn:00090119v	taper
bn:00090121v	masser
bn:00090123v	agenouiller
bn:00090125v	appeler
bn:00090125v	sonner
bn:00090127v	tricoter
bn:00090129v	frapper
bn:00090133v	déduire
bn:00090134v	détruire
bn:00090141v	connaître
bn:00090141v	reconnaître
bn:00090141v	savoir
bn:00090142v	comprendre
bn:00090142v	connaître
bn:00090142v	savoir
bn:00090143v	avoir
bn:00090143v	connaître
bn:00090143v	reconnaître
bn:00090143v	savoir
bn:00090144v	connaître
bn:00090150v	étiqueter
bn:00090151v	étiqueter
bn:00090151v	marquer
bn:00090152v	marquer
bn:00090159v	lacérer
bn:00090161v	disparaître
bn:00090161v	manque
bn:00090161v	manquer
bn:00090161v	rater
bn:00090165v	charger
bn:00090171v	laminer
bn:00090179v	atterrir
bn:00090179v	poser
bn:00090180v	débarquer
bn:00090180v	déposer
bn:00090185v	languir
bn:00090186v	chevaucher
bn:00090187v	lécher
bn:00090194v	retomber
bn:00090194v	sombrer
bn:00090200v	fouetter
bn:00090205v	verrouiller
bn:00090214v	déclencher
bn:00090214v	lancer
bn:00090215v	lancer
bn:00090216v	lancer
bn:00090216v	plonger
bn:00090219v	baigner
bn:00090219v	laver
bn:00090221v	laver
bn:00090222v	laver
bn:00090223v	prodiguer
bn:00090224v	accorder
bn:00090224v	approcher
bn:00090224v	classer
bn:00090224v	consacrer
bn:00090224v	déposer
bn:00090224v	disposer
bn:00090224v	dresser
bn:00090224v	envoyer
bn:00090224v	faire
bn:00090224v	fixer
bn:00090224v	imposer
bn:00090224v	installer
bn:00090224v	mettre
bn:00090224v	passer
bn:00090224v	placer
bn:00090224v	poser
bn:00090224v	positionner
bn:00090224v	remettre
bn:00090225v	déposer
bn:00090225v	mettre
bn:00090225v	poser
bn:00090226v	jeter
bn:00090226v	poser
bn:00090226v	tendre
bn:00090227v	pondre
bn:00090228v	imposer
bn:00090229v	conserver
bn:00090229v	économiser
bn:00090231v	risquer
bn:00090232v	monter
bn:00090232v	organiser
bn:00090232v	préparer
bn:00090234v	poser
bn:00090234v	présente
bn:00090234v	présenter
bn:00090237v	superposer
bn:00090243v	aboutir
bn:00090243v	conduire
bn:00090243v	donner
bn:00090243v	entraîner
bn:00090243v	laisser
bn:00090243v	mener
bn:00090244v	amener
bn:00090244v	conduire
bn:00090244v	entraîner
bn:00090244v	mener
bn:00090245v	amener
bn:00090245v	conduire
bn:00090245v	laisser
bn:00090245v	mener
bn:00090245v	pousser
bn:00090246v	faire
bn:00090246v	mener
bn:00090247v	conduire
bn:00090247v	mener
bn:00090247v	précéder
bn:00090250v	tromper
bn:00090251v	avoir
bn:00090255v	divulguer
bn:00090259v	appuyer
bn:00090259v	pencher
bn:00090260v	appuyer
bn:00090262v	adosser
bn:00090262v	reposer
bn:00090263v	adosser
bn:00090266v	apprendre
bn:00090266v	avoir
bn:00090266v	diriger
bn:00090266v	étudier
bn:00090266v	lire
bn:00090266v	prendre
bn:00090267v	louer
bn:00090268v	louer
bn:00090271v	abandonner
bn:00090271v	laisser
bn:00090271v	partir
bn:00090271v	quitter
bn:00090272v	laisser
bn:00090272v	rester
bn:00090273v	laisser
bn:00090274v	laisser
bn:00090274v	rester
bn:00090275v	laisser
bn:00090275v	rester
bn:00090276v	laisser
bn:00090276v	quitter
bn:00090278v	cesser
bn:00090280v	quitter
bn:00090283v	enseigner
bn:00090285v	lorgner
bn:00090286v	adopter
bn:00090286v	légiférer
bn:00090286v	prononcer
bn:00090289v	prêter
bn:00090290v	prêter
bn:00090291v	allonger
bn:00090293v	atténuer
bn:00090293v	calmer
bn:00090294v	faire
bn:00090294v	laisser
bn:00090294v	obtenir
bn:00090294v	permettre
bn:00090295v	laisser
bn:00090297v	libérer
bn:00090297v	relâcher
bn:00090298v	lâcher
bn:00090298v	laisser
bn:00090299v	laisser
bn:00090300v	lâcher
bn:00090313v	recruter
bn:00090317v	libéraliser
bn:00090321v	allonger
bn:00090321v	coucher
bn:00090321v	être
bn:00090321v	gésir
bn:00090321v	reposer
bn:00090321v	trouver
bn:00090322v	allonger
bn:00090322v	coucher
bn:00090322v	être
bn:00090322v	gésir
bn:00090322v	mentir
bn:00090322v	reposer
bn:00090322v	trouver
bn:00090323v	allonger
bn:00090323v	être
bn:00090324v	mentir
bn:00090325v	être
bn:00090325v	incomber
bn:00090325v	reposer
bn:00090325v	résider
bn:00090326v	allonger
bn:00090334v	porter
bn:00090334v	sortir
bn:00090334v	soulever
bn:00090335v	lever
bn:00090336v	élever
bn:00090339v	élever
bn:00090350v	décoller
bn:00090351v	prendre
bn:00090355v	allumer
bn:00090362v	aimer
bn:00090362v	apprécier
bn:00090362v	préférer
bn:00090362v	souhaiter
bn:00090362v	trouver
bn:00090362v	vouloir
bn:00090363v	aimer
bn:00090363v	apprécier
bn:00090364v	aimer
bn:00090364v	apprécier
bn:00090369v	chauffer
bn:00090371v	boiter
bn:00090372v	aligner
bn:00090372v	border
bn:00090373v	border
bn:00090378v	aligner
bn:00090382v	attarder
bn:00090382v	persister
bn:00090383v	rester
bn:00090397v	énumérer
bn:00090397v	lister
bn:00090397v	répertorier
bn:00090398v	énumérer
bn:00090398v	lister
bn:00090398v	répertorier
bn:00090400v	écoute
bn:00090400v	écouter
bn:00090401v	écouter
bn:00090405v	joncher
bn:00090406v	joncher
bn:00090408v	avoir
bn:00090408v	savoir
bn:00090408v	traverser
bn:00090408v	vivre
bn:00090411v	vivre
bn:00090415v	revivre
bn:00090422v	placer
bn:00090422v	situer
bn:00090423v	localiser
bn:00090423v	repérer
bn:00090423v	révéler
bn:00090423v	trouver
bn:00090424v	localiser
bn:00090424v	repérer
bn:00090424v	situer
bn:00090424v	trouver
bn:00090425v	localiser
bn:00090425v	placer
bn:00090425v	situer
bn:00090426v	installer
bn:00090426v	placer
bn:00090427v	enfermer
bn:00090427v	fermer
bn:00090427v	verrouiller
bn:00090428v	bloquer
bn:00090428v	verrouiller
bn:00090430v	enfermer
bn:00090430v	mettre
bn:00090430v	verrouiller
bn:00090433v	enfermer
bn:00090435v	fermer
bn:00090435v	verrouiller
bn:00090436v	loger
bn:00090437v	occuper
bn:00090448v	envisager
bn:00090448v	être
bn:00090448v	examiner
bn:00090448v	jeter
bn:00090448v	regarder
bn:00090448v	vérifier
bn:00090448v	voir
bn:00090449v	paraître
bn:00090449v	ressembler
bn:00090449v	sembler
bn:00090450v	chercher
bn:00090450v	explorer
bn:00090450v	fouiller
bn:00090450v	regarder
bn:00090451v	jeter
bn:00090453v	surplomber
bn:00090454v	garder
bn:00090454v	occuper
bn:00090460v	chercher
bn:00090460v	demander
bn:00090460v	fouiller
bn:00090460v	prévoir
bn:00090460v	rechercher
bn:00090460v	solliciter
bn:00090461v	attendre
bn:00090462v	ressembler
bn:00090462v	sembler
bn:00090463v	observer
bn:00090463v	regarder
bn:00090464v	regarder
bn:00090464v	surveiller
bn:00090472v	desserrer
bn:00090472v	détacher
bn:00090473v	détendre
bn:00090482v	dépouiller
bn:00090485v	perdre
bn:00090486v	perdre
bn:00090487v	perdre
bn:00090488v	égarer
bn:00090488v	perdre
bn:00090489v	disparaître
bn:00090489v	perdre
bn:00090490v	perdre
bn:00090491v	perdre
bn:00090492v	perdre
bn:00090493v	manquer
bn:00090493v	rater
bn:00090502v	abaisser
bn:00090502v	diminuer
bn:00090502v	réduire
bn:00090503v	baisser
bn:00090504v	aimer
bn:00090505v	aimer
bn:00090507v	sous-estimer
bn:00090514v	traîner
bn:00090519v	déjeuner
bn:00090523v	rôder
bn:00090530v	lyophiliser
bn:00090547v	magnétiser
bn:00090548v	envoyer
bn:00090548v	préparer
bn:00090552v	confirmer
bn:00090552v	maintenir
bn:00090554v	avoir
bn:00090554v	faire
bn:00090554v	forcer
bn:00090554v	obliger
bn:00090555v	être
bn:00090555v	faire
bn:00090556v	confectionner
bn:00090556v	fabriquer
bn:00090556v	faire
bn:00090556v	réaliser
bn:00090557v	assurer
bn:00090557v	faire
bn:00090557v	prendre
bn:00090558v	devoir
bn:00090558v	être
bn:00090558v	faire
bn:00090559v	devoir
bn:00090559v	faire
bn:00090560v	nommer
bn:00090560v	rendre
bn:00090561v	faire
bn:00090561v	réaliser
bn:00090563v	faire
bn:00090564v	être
bn:00090564v	monter
bn:00090564v	prendre
bn:00090571v	faire
bn:00090571v	travailler
bn:00090583v	pisser
bn:00090583v	soulager
bn:00090583v	uriner
bn:00090585v	assurer
bn:00090590v	passer
bn:00090593v	arriver
bn:00090598v	refaire
bn:00090601v	économiser
bn:00090601v	éviter
bn:00090601v	sauver
bn:00090602v	composer
bn:00090602v	créer
bn:00090602v	fabriquer
bn:00090616v	gérer
bn:00090616v	mener
bn:00090616v	superviser
bn:00090621v	fonctionner
bn:00090621v	opérer
bn:00090631v	multiplier
bn:00090632v	manipuler
bn:00090633v	manipuler
bn:00090634v	manipuler
bn:00090641v	cartographier
bn:00090653v	défiler
bn:00090653v	marcher
bn:00090654v	marcher
bn:00090655v	marcher
bn:00090658v	mariner
bn:00090659v	marque
bn:00090659v	marquer
bn:00090660v	marquer
bn:00090661v	constater
bn:00090661v	noter
bn:00090661v	remarque
bn:00090661v	remarquer
bn:00090661v	souligner
bn:00090662v	marquer
bn:00090663v	marquer
bn:00090663v	strier
bn:00090664v	donner
bn:00090664v	établir
bn:00090664v	fixer
bn:00090665v	marquer
bn:00090666v	ponctuer
bn:00090670v	commercialiser
bn:00090673v	abandonner
bn:00090673v	bloquer
bn:00090675v	marier
bn:00090678v	mobiliser
bn:00090682v	admirer
bn:00090682v	étonner
bn:00090686v	masquer
bn:00090688v	déguiser
bn:00090692v	massacrer
bn:00090693v	masser
bn:00090696v	apparier
bn:00090696v	assortir
bn:00090696v	correspondre
bn:00090696v	égaler
bn:00090698v	affronter
bn:00090698v	opposer
bn:00090703v	mûrir
bn:00090707v	marmonner
bn:00090707v	murmurer
bn:00090709v	maximiser
bn:00090710v	maximiser
bn:00090711v	signifier
bn:00090713v	serpenter
bn:00090714v	mesure
bn:00090714v	mesurer
bn:00090715v	mesurer
bn:00090716v	mesurer
bn:00090717v	être
bn:00090717v	qualifier
bn:00090725v	rencontrer
bn:00090726v	rencontrer
bn:00090726v	retrouver
bn:00090726v	voir
bn:00090727v	connaître
bn:00090727v	trouver
bn:00090728v	rencontrer
bn:00090733v	fondre
bn:00090736v	fondre
bn:00090740v	constater
bn:00090740v	dire
bn:00090740v	mentionner
bn:00090740v	noter
bn:00090740v	observer
bn:00090740v	remarque
bn:00090740v	remarquer
bn:00090744v	commercer
bn:00090744v	commercialiser
bn:00090744v	échanger
bn:00090745v	fondre
bn:00090745v	fusionner
bn:00090745v	réunir
bn:00090745v	unifier
bn:00090745v	unir
bn:00090755v	métaboliser
bn:00090759v	transformer
bn:00090759v	transmuter
bn:00090761v	mesurer
bn:00090767v	lamenter
bn:00090774v	émigrer
bn:00090774v	migrer
bn:00090779v	militer
bn:00090781v	exploiter
bn:00090793v	déranger
bn:00090793v	faire
bn:00090794v	importer
bn:00090795v	occuper
bn:00090796v	extraire
bn:00090804v	minimiser
bn:00090805v	avoir
bn:00090809v	refléter
bn:00090815v	abuser
bn:00090835v	confondre
bn:00090852v	manquer
bn:00090853v	manquer
bn:00090853v	rater
bn:00090854v	manquer
bn:00090854v	rater
bn:00090854v	regretter
bn:00090855v	manquer
bn:00090856v	disparaître
bn:00090869v	mélanger
bn:00090870v	mélanger
bn:00090876v	modeler
bn:00090877v	façonner
bn:00090877v	modeler
bn:00090878v	poser
bn:00090883v	moderniser
bn:00090884v	modifier
bn:00090885v	modifier
bn:00090887v	régler
bn:00090887v	réguler
bn:00090892v	molester
bn:00090897v	surveiller
bn:00090900v	monopoliser
bn:00090901v	monopoliser
bn:00090909v	éponger
bn:00090911v	battre
bn:00090926v	modifier
bn:00090926v	varier
bn:00090934v	monter
bn:00090935v	monter
bn:00090936v	lancer
bn:00090936v	monter
bn:00090940v	déplorer
bn:00090940v	pleurer
bn:00090941v	pleurer
bn:00090943v	dire
bn:00090943v	exprimer
bn:00090943v	parler
bn:00090943v	prononcer
bn:00090946v	avancer
bn:00090946v	bouger
bn:00090946v	déplacer
bn:00090946v	mouvoir
bn:00090946v	passer
bn:00090946v	rapprocher
bn:00090946v	traverser
bn:00090947v	déménager
bn:00090947v	déplacer
bn:00090947v	partir
bn:00090948v	diriger
bn:00090948v	mettre
bn:00090948v	passer
bn:00090949v	pousser
bn:00090950v	bouger
bn:00090952v	être
bn:00090952v	tourner
bn:00090955v	emménager
bn:00090955v	intervenir
bn:00090960v	écarter
bn:00090960v	retirer
bn:00090960v	sortir
bn:00090962v	franchir
bn:00090962v	transiter
bn:00090962v	traverser
bn:00090972v	étouffer
bn:00090972v	réprimer
bn:00090972v	suffoquer
bn:00090977v	multiplier
bn:00090978v	reproduire
bn:00090983v	murmurer
bn:00091002v	clouer
bn:00091003v	clouer
bn:00091004v	déterminer
bn:00091004v	identifier
bn:00091004v	souligner
bn:00091005v	réduire
bn:00091005v	spécifier
bn:00091006v	nommer
bn:00091010v	narrer
bn:00091011v	déclarer
bn:00091011v	dire
bn:00091011v	informer
bn:00091011v	parler
bn:00091011v	raconter
bn:00091011v	rapporter
bn:00091011v	relater
bn:00091012v	rétrécir
bn:00091012v	spécialiser
bn:00091017v	nationaliser
bn:00091024v	guider
bn:00091027v	nécessiter
bn:00091028v	demander
bn:00091028v	devoir
bn:00091028v	falloir
bn:00091028v	nécessiter
bn:00091028v	rechercher
bn:00091028v	souhaiter
bn:00091028v	vouloir
bn:00091031v	neutraliser
bn:00091032v	négliger
bn:00091037v	négocier
bn:00091038v	hennir
bn:00091042v	nicher
bn:00091043v	nicher
bn:00091054v	neutraliser
bn:00091064v	pincer
bn:00091072v	acquiescer
bn:00091072v	hocher
bn:00091073v	acquiescer
bn:00091073v	hocher
bn:00091078v	nommer
bn:00091079v	proposer
bn:00091094v	découper
bn:00091094v	entailler
bn:00091096v	constater
bn:00091096v	noter
bn:00091096v	observer
bn:00091096v	remarquer
bn:00091097v	noter
bn:00091097v	observer
bn:00091098v	nourrir
bn:00091098v	soutenir
bn:00091101v	pousser
bn:00091101v	stimuler
bn:00091105v	soigner
bn:00091107v	entretenir
bn:00091112v	obéir
bn:00091112v	respecter
bn:00091114v	objecter
bn:00091114v	opposer
bn:00091119v	observer
bn:00091124v	acquérir
bn:00091124v	avoir
bn:00091124v	obtenir
bn:00091127v	causer
bn:00091131v	attendre
bn:00091131v	avoir
bn:00091131v	contenir
bn:00091131v	durer
bn:00091131v	nécessiter
bn:00091131v	prendre
bn:00091134v	offenser
bn:00091135v	offrir
bn:00091135v	présenter
bn:00091135v	proposer
bn:00091136v	donner
bn:00091136v	offrir
bn:00091136v	proposer
bn:00091137v	donner
bn:00091137v	offrir
bn:00091137v	proposer
bn:00091137v	tendre
bn:00091138v	offrir
bn:00091138v	proposer
bn:00091139v	offrir
bn:00091139v	proposer
bn:00091140v	présenter
bn:00091142v	fournir
bn:00091146v	officier
bn:00091153v	reluquer
bn:00091155v	crier
bn:00091157v	infiltrer
bn:00091165v	entrouvrir
bn:00091165v	ouvrir
bn:00091166v	commencer
bn:00091166v	inaugurer
bn:00091166v	ouvrir
bn:00091167v	ouvrir
bn:00091168v	commencer
bn:00091168v	ouvrir
bn:00091169v	écarter
bn:00091169v	étaler
bn:00091169v	étendre
bn:00091169v	ouvrir
bn:00091170v	ouvrir
bn:00091171v	ouvrir
bn:00091172v	ouvrir
bn:00091173v	ouvrir
bn:00091175v	initier
bn:00091175v	ouvrir
bn:00091177v	devenir
bn:00091177v	diriger
bn:00091177v	exploiter
bn:00091177v	faire
bn:00091177v	fonctionner
bn:00091177v	gérer
bn:00091177v	opérer
bn:00091177v	tenir
bn:00091178v	opérer
bn:00091180v	opposer
bn:00091181v	réagir
bn:00091182v	persécuter
bn:00091188v	orbiter
bn:00091188v	tourner
bn:00091192v	commander
bn:00091193v	ordonner
bn:00091194v	ordonner
bn:00091195v	organiser
bn:00091196v	organiser
bn:00091197v	désigner
bn:00091197v	diriger
bn:00091197v	orienter
bn:00091197v	pointer
bn:00091198v	orienter
bn:00091199v	orienter
bn:00091201v	adapter
bn:00091207v	vibrer
bn:00091210v	ossifier
bn:00091223v	surpasser
bn:00091234v	survivre
bn:00091238v	surpasser
bn:00091249v	dépasser
bn:00091249v	distancer
bn:00091273v	surcharger
bn:00091282v	submerger
bn:00091282v	surmonter
bn:00091292v	surestimer
bn:00091296v	surexposer
bn:00091300v	suralimenter
bn:00091307v	dépasser
bn:00091307v	franchir
bn:00091307v	passer
bn:00091307v	traverser
bn:00091308v	surchauffer
bn:00091311v	chevaucher
bn:00091311v	recouvrir
bn:00091312v	chevaucher
bn:00091318v	négliger
bn:00091320v	anéantir
bn:00091331v	annuler
bn:00091331v	renverser
bn:00091339v	dépasser
bn:00091340v	dépasser
bn:00091347v	étaler
bn:00091347v	étendre
bn:00091347v	répandre
bn:00091348v	dépasser
bn:00091354v	retourner
bn:00091355v	révolutionner
bn:00091360v	devoir
bn:00091361v	devoir
bn:00091362v	devoir
bn:00091371v	mesurer
bn:00091374v	emballer
bn:00091374v	remplir
bn:00091375v	remplir
bn:00091377v	bourrer
bn:00091387v	appeler
bn:00091389v	peindre
bn:00091390v	peindre
bn:00091391v	peindre
bn:00091400v	trembler
bn:00091419v	défiler
bn:00091428v	paraphraser
bn:00091428v	reformuler
bn:00091433v	gracier
bn:00091436v	éplucher
bn:00091437v	couper
bn:00091437v	tailler
bn:00091439v	garer
bn:00091440v	garer
bn:00091442v	parodier
bn:00091444v	répéter
bn:00091446v	diviser
bn:00091446v	séparer
bn:00091448v	partager
bn:00091451v	participer
bn:00091452v	préciser
bn:00091452v	spécialiser
bn:00091458v	consacrer
bn:00091458v	dépenser
bn:00091458v	écouler
bn:00091458v	passer
bn:00091459v	adopter
bn:00091461v	passer
bn:00091463v	disparaître
bn:00091467v	transmettre
bn:00091468v	reléguer
bn:00091468v	soumettre
bn:00091469v	essuyer
bn:00091469v	nettoyer
bn:00091475v	assembler
bn:00091475v	rafistoler
bn:00091475v	rapiécer
bn:00091477v	réparer
bn:00091479v	breveter
bn:00091483v	contrôler
bn:00091483v	patrouiller
bn:00091485v	fréquenter
bn:00091485v	parrainer
bn:00091485v	soutenir
bn:00091491v	gratter
bn:00091493v	dépenser
bn:00091493v	encaisser
bn:00091493v	financer
bn:00091493v	payer
bn:00091493v	régler
bn:00091493v	rémunérer
bn:00091493v	verser
bn:00091494v	payer
bn:00091495v	rendre
bn:00091496v	payer
bn:00091505v	sonner
bn:00091507v	picorer
bn:00091512v	décoller
bn:00091519v	regarder
bn:00091527v	pénaliser
bn:00091527v	punir
bn:00091529v	pénétrer
bn:00091534v	peupler
bn:00091536v	poivrer
bn:00091539v	promener
bn:00091541v	percher
bn:00091541v	reposer
bn:00091550v	accomplir
bn:00091550v	effectuer
bn:00091550v	exécuter
bn:00091550v	faire
bn:00091550v	fonctionner
bn:00091550v	jouer
bn:00091550v	réaliser
bn:00091550v	remplir
bn:00091550v	rendre
bn:00091551v	exécuter
bn:00091551v	interpréter
bn:00091551v	jouer
bn:00091560v	perpétuer
bn:00091562v	persister
bn:00091562v	reste
bn:00091562v	rester
bn:00091564v	transpirer
bn:00091565v	persuader
bn:00091568v	examiner
bn:00091572v	caresser
bn:00091575v	pétrifier
bn:00091581v	philosopher
bn:00091585v	photographier
bn:00091585v	tirer
bn:00091590v	choisir
bn:00091590v	trier
bn:00091597v	arracher
bn:00091597v	cueillir
bn:00091597v	enlever
bn:00091597v	tirer
bn:00091599v	décrocher
bn:00091599v	prendre
bn:00091599v	ramasser
bn:00091599v	soulever
bn:00091600v	chercher
bn:00091600v	prendre
bn:00091600v	récupérer
bn:00091601v	attraper
bn:00091602v	prendre
bn:00091602v	ramasser
bn:00091603v	avoir
bn:00091603v	capter
bn:00091603v	recevoir
bn:00091603v	saisir
bn:00091604v	reprendre
bn:00091605v	draguer
bn:00091611v	pique-niquer
bn:00091615v	percer
bn:00091623v	marquer
bn:00091633v	poser
bn:00091634v	épingler
bn:00091637v	piéger
bn:00091652v	abattre
bn:00091652v	fusiller
bn:00091652v	tirer
bn:00091652v	tuer
bn:00091653v	crier
bn:00091671v	pivoter
bn:00091673v	mettre
bn:00091673v	placer
bn:00091674v	passer
bn:00091675v	placer
bn:00091676v	localiser
bn:00091677v	envoyer
bn:00091677v	poster
bn:00091677v	stationner
bn:00091682v	poser
bn:00091682v	reposer
bn:00091683v	lever
bn:00091683v	placer
bn:00091685v	envisager
bn:00091685v	planifier
bn:00091685v	prévoir
bn:00091686v	raboter
bn:00091687v	effleurer
bn:00091692v	planter
bn:00091696v	éclabousser
bn:00091708v	faire
bn:00091708v	jouer
bn:00091709v	jouer
bn:00091710v	jouer
bn:00091711v	amuser
bn:00091711v	jouer
bn:00091712v	jouer
bn:00091713v	jouer
bn:00091714v	apporter
bn:00091714v	jouer
bn:00091715v	jouer
bn:00091716v	jouer
bn:00091716v	occuper
bn:00091717v	jouer
bn:00091718v	faire
bn:00091719v	jouer
bn:00091720v	jouer
bn:00091721v	jouer
bn:00091723v	jouer
bn:00091723v	mettre
bn:00091724v	jouer
bn:00091741v	implorer
bn:00091741v	plaider
bn:00091741v	supplier
bn:00091742v	plaider
bn:00091742v	prétexter
bn:00091743v	plaider
bn:00091744v	plaider
bn:00091745v	plaire
bn:00091749v	engager
bn:00091749v	promettre
bn:00091755v	comploter
bn:00091755v	planifier
bn:00091757v	labourer
bn:00091758v	labourer
bn:00091776v	saccager
bn:00091784v	braconner
bn:00091785v	pocher
bn:00091786v	empocher
bn:00091800v	signaler
bn:00091800v	souligner
bn:00091805v	empoisonner
bn:00091810v	frapper
bn:00091813v	polariser
bn:00091814v	polariser
bn:00091815v	polariser
bn:00091821v	lisser
bn:00091821v	polir
bn:00091838v	regrouper
bn:00091841v	éclater
bn:00091866v	dépeindre
bn:00091866v	représenter
bn:00091867v	présenter
bn:00091868v	pose
bn:00091868v	poser
bn:00091868v	présente
bn:00091868v	présenter
bn:00091870v	affirmer
bn:00091870v	avancer
bn:00091870v	déclarer
bn:00091870v	exprimer
bn:00091870v	formuler
bn:00091870v	soumettre
bn:00091871v	postuler
bn:00091872v	placer
bn:00091872v	positionner
bn:00091873v	avoir
bn:00091873v	posséder
bn:00091875v	afficher
bn:00091875v	poster
bn:00091876v	mettre
bn:00091876v	publier
bn:00091877v	poster
bn:00091878v	afficher
bn:00091882v	installer
bn:00091882v	ranger
bn:00091892v	abattre
bn:00091892v	descendre
bn:00091892v	plonger
bn:00091893v	heurter
bn:00091897v	couler
bn:00091897v	verser
bn:00091898v	affluer
bn:00091898v	déverser
bn:00091898v	grouiller
bn:00091899v	couler
bn:00091899v	déverser
bn:00091899v	ruisseler
bn:00091900v	déverser
bn:00091902v	répandre
bn:00091902v	verser
bn:00091905v	pulvériser
bn:00091908v	alimenter
bn:00091912v	pratiquer
bn:00091912v	répéter
bn:00091913v	louer
bn:00091921v	prier
bn:00091922v	prêcher
bn:00091926v	précéder
bn:00091928v	précipiter
bn:00091929v	précipiter
bn:00091941v	proclamer
bn:00091949v	préférer
bn:00091968v	préoccuper
bn:00091970v	préparer
bn:00091972v	entraîner
bn:00091972v	former
bn:00091979v	monter
bn:00091979v	offrir
bn:00091979v	organiser
bn:00091979v	présente
bn:00091979v	présenter
bn:00091979v	réaliser
bn:00091980v	présente
bn:00091980v	présenter
bn:00091980v	remettre
bn:00091980v	soumettre
bn:00091983v	conserver
bn:00091983v	économiser
bn:00091983v	enregistrer
bn:00091983v	préserver
bn:00091983v	sauvegarder
bn:00091983v	sauver
bn:00091985v	présider
bn:00091986v	appuyer
bn:00091986v	presser
bn:00091987v	imposer
bn:00091987v	presser
bn:00091988v	contraindre
bn:00091988v	presser
bn:00091989v	presse
bn:00092001v	supposer
bn:00092002v	supposer
bn:00092006v	prévaloir
bn:00092006v	triompher
bn:00092015v	frissonner
bn:00092015v	picoter
bn:00092023v	imprimer
bn:00092023v	publier
bn:00092032v	traiter
bn:00092033v	traiter
bn:00092035v	réaliser
bn:00092035v	travailler
bn:00092036v	exécuter
bn:00092036v	servir
bn:00092037v	proclamer
bn:00092039v	acheter
bn:00092039v	acquérir
bn:00092039v	assurer
bn:00092039v	garantir
bn:00092039v	obtenir
bn:00092039v	procurer
bn:00092039v	sécuriser
bn:00092040v	prétendre
bn:00092040v	professer
bn:00092041v	prétendre
bn:00092041v	professer
bn:00092051v	programmer
bn:00092052v	programmer
bn:00092053v	projeter
bn:00092054v	projeter
bn:00092055v	projeter
bn:00092056v	projeter
bn:00092057v	projeter
bn:00092058v	proposer
bn:00092065v	promettre
bn:00092066v	promettre
bn:00092069v	promulguer
bn:00092077v	poser
bn:00092077v	renforcer
bn:00092077v	soutenir
bn:00092083v	propager
bn:00092083v	répandre
bn:00092087v	prophétiser
bn:00092095v	poursuivre
bn:00092096v	poursuivre
bn:00092103v	protéger
bn:00092104v	protéger
bn:00092105v	protester
bn:00092109v	prouver
bn:00092109v	révéler
bn:00092110v	prouver
bn:00092111v	augmenter
bn:00092115v	prévoir
bn:00092118v	inciter
bn:00092118v	provoquer
bn:00092119v	patrouiller
bn:00092119v	rôder
bn:00092122v	cracher
bn:00092123v	écrire
bn:00092123v	publier
bn:00092131v	tirer
bn:00092135v	gonfler
bn:00092136v	gonfler
bn:00092138v	tirer
bn:00092142v	briser
bn:00092142v	déchirer
bn:00092148v	retirer
bn:00092154v	grouiller
bn:00092165v	pomper
bn:00092174v	percer
bn:00092184v	purifier
bn:00092194v	prétendre
bn:00092197v	plisser
bn:00092204v	consacrer
bn:00092204v	envoyer
bn:00092204v	exercer
bn:00092204v	faire
bn:00092204v	mettre
bn:00092204v	passer
bn:00092204v	placer
bn:00092204v	ranger
bn:00092204v	remettre
bn:00092204v	soumettre
bn:00092211v	remettre
bn:00092211v	remplacer
bn:00092211v	replacer
bn:00092212v	soumettre
bn:00092213v	rebuter
bn:00092214v	mettre
bn:00092215v	allumer
bn:00092215v	mettre
bn:00092218v	donner
bn:00092219v	éteindre
bn:00092226v	travailler
bn:00092227v	fournir
bn:00092238v	cancaner
bn:00092243v	qualifier
bn:00092244v	limiter
bn:00092244v	préciser
bn:00092244v	qualifier
bn:00092244v	restreindre
bn:00092257v	réprimer
bn:00092261v	demander
bn:00092261v	interroger
bn:00092265v	étonner
bn:00092265v	interroger
bn:00092267v	aiguiser
bn:00092274v	tester
bn:00092280v	courir
bn:00092300v	émettre
bn:00092300v	rayonner
bn:00092301v	rayonner
bn:00092330v	pleuvoir
bn:00092332v	augmenter
bn:00092332v	élever
bn:00092332v	lever
bn:00092332v	porter
bn:00092332v	relever
bn:00092333v	poser
bn:00092333v	pousser
bn:00092333v	soulever
bn:00092334v	avoir
bn:00092334v	créer
bn:00092334v	lever
bn:00092334v	rassembler
bn:00092334v	récolter
bn:00092334v	recueillir
bn:00092343v	ressusciter
bn:00092346v	arroser
bn:00092360v	aller
bn:00092378v	juger
bn:00092379v	ratifier
bn:00092379v	signe
bn:00092379v	signer
bn:00092387v	claquer
bn:00092388v	secouer
bn:00092403v	réapparaître
bn:00092405v	rentrer
bn:00092408v	réinterpréter
bn:00092413v	reprendre
bn:00092415v	atteindre
bn:00092415v	attraper
bn:00092415v	étendre
bn:00092415v	passer
bn:00092415v	tendre
bn:00092416v	aspirer
bn:00092416v	efforcer
bn:00092416v	forcer
bn:00092416v	lutter
bn:00092416v	tendre
bn:00092421v	réagir
bn:00092421v	répondre
bn:00092422v	réagir
bn:00092423v	réactiver
bn:00092424v	lire
bn:00092425v	déclarer
bn:00092425v	dire
bn:00092425v	indiquer
bn:00092425v	lire
bn:00092426v	lire
bn:00092426v	prononcer
bn:00092427v	lire
bn:00092428v	interpréter
bn:00092428v	lire
bn:00092429v	avoir
bn:00092429v	comprendre
bn:00092429v	considérer
bn:00092429v	dire
bn:00092429v	être
bn:00092429v	interpréter
bn:00092429v	lire
bn:00092429v	prendre
bn:00092429v	supposer
bn:00092430v	enregistrer
bn:00092430v	lire
bn:00092430v	montrer
bn:00092435v	réadapter
bn:00092435v	réajuster
bn:00092439v	réaffirmer
bn:00092443v	comprendre
bn:00092443v	constater
bn:00092443v	observer
bn:00092443v	percevoir
bn:00092443v	réaliser
bn:00092443v	rendre
bn:00092443v	voir
bn:00092450v	cabrer
bn:00092450v	dresser
bn:00092455v	réarranger
bn:00092455v	réorganiser
bn:00092456v	raisonner
bn:00092458v	rassembler
bn:00092458v	remonter
bn:00092459v	réévaluer
bn:00092460v	transférer
bn:00092461v	rassurer
bn:00092467v	rebeller
bn:00092469v	rediffuser
bn:00092470v	repousser
bn:00092470v	snober
bn:00092471v	reconstruire
bn:00092473v	contester
bn:00092473v	réfuter
bn:00092473v	répliquer
bn:00092478v	récapituler
bn:00092481v	retrouver
bn:00092482v	retrouver
bn:00092490v	accueillir
bn:00092490v	recevoir
bn:00092491v	accueillir
bn:00092491v	recevoir
bn:00092492v	recevoir
bn:00092498v	recharger
bn:00092502v	réciter
bn:00092504v	reprendre
bn:00092508v	reclasser
bn:00092513v	reconnaître
bn:00092524v	réconcilier
bn:00092525v	reconditionner
bn:00092527v	explorer
bn:00092530v	reconsidérer
bn:00092530v	réexaminer
bn:00092533v	reconstruire
bn:00092534v	redonner
bn:00092534v	restaurer
bn:00092534v	rétablir
bn:00092537v	reconvertir
bn:00092539v	recopier
bn:00092540v	enregistrer
bn:00092541v	enregistrer
bn:00092543v	récupérer
bn:00092548v	recruter
bn:00092553v	répéter
bn:00092553v	reproduire
bn:00092558v	réutiliser
bn:00092568v	redéfinir
bn:00092578v	redécouvrir
bn:00092580v	redistribuer
bn:00092582v	redoubler
bn:00092588v	réduire
bn:00092589v	réduire
bn:00092590v	réduire
bn:00092591v	réduire
bn:00092592v	diminuer
bn:00092592v	réduire
bn:00092593v	réduire
bn:00092594v	réduire
bn:00092595v	réduire
bn:00092605v	sentir
bn:00092610v	réélire
bn:00092613v	renforcer
bn:00092614v	rétablir
bn:00092618v	examiner
bn:00092618v	réexaminer
bn:00092618v	réviser
bn:00092618v	revoir
bn:00092618v	vérifier
bn:00092621v	appeler
bn:00092621v	référer
bn:00092622v	référer
bn:00092622v	renvoyer
bn:00092635v	refléter
bn:00092635v	témoigner
bn:00092636v	réfléchir
bn:00092636v	refléter
bn:00092637v	briller
bn:00092637v	réfléchir
bn:00092637v	refléter
bn:00092637v	resplendir
bn:00092647v	réformer
bn:00092657v	ravitailler
bn:00092663v	renouveler
bn:00092665v	restaurer
bn:00092665v	rétablir
bn:00092670v	revitaliser
bn:00092674v	enregistrer
bn:00092674v	inscrire
bn:00092675v	enregistrer
bn:00092675v	inscrire
bn:00092681v	retourner
bn:00092681v	revenir
bn:00092683v	regretter
bn:00092684v	regretter
bn:00092685v	regretter
bn:00092686v	regretter
bn:00092687v	regrouper
bn:00092687v	réorganiser
bn:00092694v	réhabiliter
bn:00092698v	ressasser
bn:00092703v	régner
bn:00092705v	rembourser
bn:00092710v	renouer
bn:00092710v	renouveler
bn:00092711v	récompenser
bn:00092711v	renforcer
bn:00092712v	réinstaller
bn:00092713v	réintégrer
bn:00092723v	refuser
bn:00092723v	rejeter
bn:00092725v	rejoindre
bn:00092733v	lier
bn:00092733v	raconter
bn:00092733v	rapporter
bn:00092734v	rapporter
bn:00092736v	assouplir
bn:00092736v	détendre
bn:00092736v	relâcher
bn:00092736v	relaxer
bn:00092738v	relayer
bn:00092740v	réapprendre
bn:00092741v	avoir
bn:00092741v	libérer
bn:00092742v	libérer
bn:00092742v	sécréter
bn:00092743v	céder
bn:00092744v	assumer
bn:00092744v	prendre
bn:00092744v	relever
bn:00092745v	économiser
bn:00092745v	épargner
bn:00092745v	éviter
bn:00092745v	préserver
bn:00092745v	récupérer
bn:00092745v	sauver
bn:00092746v	soulager
bn:00092747v	soulager
bn:00092756v	demeurer
bn:00092756v	être
bn:00092756v	reposer
bn:00092756v	reste
bn:00092756v	rester
bn:00092756v	subsister
bn:00092757v	demeurer
bn:00092757v	être
bn:00092757v	reste
bn:00092757v	rester
bn:00092759v	être
bn:00092759v	résister
bn:00092759v	rester
bn:00092759v	supporter
bn:00092759v	tenir
bn:00092761v	renvoyer
bn:00092762v	remarier
bn:00092763v	penser
bn:00092763v	rappeler
bn:00092763v	retenir
bn:00092763v	souvenir
bn:00092764v	rappeler
bn:00092764v	remémorer
bn:00092764v	souvenir
bn:00092765v	commémorer
bn:00092765v	souvenir
bn:00092770v	rappeler
bn:00092772v	annuler
bn:00092779v	protester
bn:00092780v	remonter
bn:00092783v	déplacer
bn:00092783v	éliminer
bn:00092783v	emporter
bn:00092783v	enlever
bn:00092783v	extraire
bn:00092783v	lever
bn:00092783v	poser
bn:00092783v	prendre
bn:00092783v	retirer
bn:00092783v	supprimer
bn:00092784v	destituer
bn:00092784v	enlever
bn:00092784v	retirer
bn:00092785v	retirer
bn:00092785v	transférer
bn:00092787v	renommer
bn:00092789v	rendre
bn:00092791v	réintégrer
bn:00092791v	remettre
bn:00092791v	rendre
bn:00092791v	répondre
bn:00092791v	restituer
bn:00092791v	retourner
bn:00092799v	rouvrir
bn:00092802v	réorganiser
bn:00092811v	rembourser
bn:00092812v	répéter
bn:00092812v	reprendre
bn:00092813v	repousser
bn:00092816v	remplacer
bn:00092817v	remplacer
bn:00092817v	supplanter
bn:00092818v	replanter
bn:00092823v	présenter
bn:00092823v	rapporter
bn:00092823v	signaler
bn:00092824v	présenter
bn:00092824v	rapporter
bn:00092825v	rapporter
bn:00092825v	signaler
bn:00092826v	signaler
bn:00092829v	reposer
bn:00092837v	être
bn:00092837v	représenter
bn:00092837v	symboliser
bn:00092838v	représenter
bn:00092839v	représenter
bn:00092840v	représenter
bn:00092848v	réprouver
bn:00092850v	reproduire
bn:00092854v	rejeter
bn:00092857v	demander
bn:00092857v	solliciter
bn:00092859v	demander
bn:00092859v	réquisitionner
bn:00092861v	relire
bn:00092866v	reprogrammer
bn:00092869v	rechercher
bn:00092876v	ressembler
bn:00092878v	réserver
bn:00092879v	réserver
bn:00092880v	réinitialiser
bn:00092884v	remodeler
bn:00092896v	résoudre
bn:00092897v	résoudre
bn:00092902v	répondre
bn:00092903v	être
bn:00092903v	incomber
bn:00092903v	poser
bn:00092903v	reposer
bn:00092903v	rester
bn:00092904v	reposer
bn:00092905v	reposer
bn:00092908v	rendre
bn:00092909v	réapprovisionner
bn:00092911v	limiter
bn:00092911v	restreindre
bn:00092914v	reprendre
bn:00092915v	reprendre
bn:00092916v	résumer
bn:00092921v	raviver
bn:00092923v	ranimer
bn:00092923v	raviver
bn:00092926v	vendre
bn:00092928v	conserver
bn:00092928v	retenir
bn:00092931v	riposter
bn:00092934v	repenser
bn:00092941v	retirer
bn:00092947v	réviser
bn:00092950v	retoucher
bn:00092951v	retracer
bn:00092955v	retraduire
bn:00092969v	rentrer
bn:00092969v	renvoyer
bn:00092969v	reprendre
bn:00092969v	retourner
bn:00092969v	revenir
bn:00092971v	renvoyer
bn:00092971v	retourner
bn:00092974v	réunifier
bn:00092975v	réunifier
bn:00092975v	réunir
bn:00092977v	intensifier
bn:00092988v	réviser
bn:00092991v	raviver
bn:00092997v	réécrire
bn:00093008v	cribler
bn:00093013v	aller
bn:00093013v	chevaucher
bn:00093013v	monte
bn:00093013v	monter
bn:00093013v	rouler
bn:00093014v	chevaucher
bn:00093014v	monte
bn:00093014v	monter
bn:00093014v	rouler
bn:00093015v	rouler
bn:00093035v	truquer
bn:00093046v	résonner
bn:00093049v	laver
bn:00093055v	effilocher
bn:00093058v	monter
bn:00093058v	remonter
bn:00093066v	crier
bn:00093066v	rugir
bn:00093066v	tonner
bn:00093069v	griller
bn:00093069v	rôtir
bn:00093070v	dévaliser
bn:00093070v	piller
bn:00093070v	voler
bn:00093072v	balancer
bn:00093072v	osciller
bn:00093072v	secouer
bn:00093076v	lancer
bn:00093076v	marcher
bn:00093076v	retourner
bn:00093076v	rouler
bn:00093076v	tomber
bn:00093076v	tourner
bn:00093077v	rouler
bn:00093077v	tourner
bn:00093078v	onduler
bn:00093078v	rouler
bn:00093079v	rouler
bn:00093081v	enrouler
bn:00093081v	envelopper
bn:00093081v	rouler
bn:00093082v	tourner
bn:00093083v	rouler
bn:00093084v	rouler
bn:00093092v	rouler
bn:00093107v	couvrir
bn:00093113v	installer
bn:00093120v	alterner
bn:00093134v	contourner
bn:00093134v	tourner
bn:00093137v	rassembler
bn:00093143v	ramer
bn:00093144v	frotter
bn:00093144v	masser
bn:00093166v	écarter
bn:00093168v	fouiller
bn:00093170v	aller
bn:00093170v	courir
bn:00093170v	diriger
bn:00093170v	durer
bn:00093170v	fuir
bn:00093170v	partir
bn:00093170v	passer
bn:00093171v	courir
bn:00093172v	faire
bn:00093172v	fonctionner
bn:00093174v	effectuer
bn:00093175v	courir
bn:00093177v	faire
bn:00093178v	porter
bn:00093180v	faire
bn:00093181v	courir
bn:00093187v	échapper
bn:00093191v	renverser
bn:00093196v	épuiser
bn:00093200v	coudre
bn:00093200v	recoudre
bn:00093202v	précipiter
bn:00093211v	bruire
bn:00093226v	protéger
bn:00093226v	sauvegarder
bn:00093229v	naviguer
bn:00093229v	partir
bn:00093229v	voler
bn:00093230v	balayer
bn:00093230v	naviguer
bn:00093231v	naviguer
bn:00093235v	saliver
bn:00093244v	saluer
bn:00093245v	saluer
bn:00093251v	échantillonner
bn:00093251v	essayer
bn:00093251v	goûter
bn:00093252v	sanctionner
bn:00093254v	poncer
bn:00093272v	saturer
bn:00093276v	promener
bn:00093279v	économiser
bn:00093280v	épargner
bn:00093280v	préserver
bn:00093280v	sauver
bn:00093281v	écrire
bn:00093282v	goûter
bn:00093283v	savourer
bn:00093287v	affirmer
bn:00093287v	annoncer
bn:00093287v	déclarer
bn:00093287v	dire
bn:00093287v	énoncer
bn:00093287v	expliquer
bn:00093287v	exprimer
bn:00093287v	formuler
bn:00093287v	indiquer
bn:00093287v	informer
bn:00093287v	parler
bn:00093287v	prononcer
bn:00093287v	raconter
bn:00093288v	dire
bn:00093288v	supposer
bn:00093289v	dire
bn:00093290v	dire
bn:00093300v	peser
bn:00093317v	scanner
bn:00093317v	scruter
bn:00093318v	scruter
bn:00093331v	disperser
bn:00093332v	étendre
bn:00093332v	répandre
bn:00093336v	prévoir
bn:00093336v	programmer
bn:00093337v	prévoir
bn:00093341v	former
bn:00093341v	instruire
bn:00093351v	saisir
bn:00093360v	frotter
bn:00093360v	récurer
bn:00093362v	froncer
bn:00093363v	griffonner
bn:00093368v	érafler
bn:00093368v	frôler
bn:00093368v	gratter
bn:00093368v	graver
bn:00093368v	rayer
bn:00093372v	crier
bn:00093374v	filtrer
bn:00093374v	tester
bn:00093375v	filtrer
bn:00093375v	sélectionner
bn:00093378v	protéger
bn:00093390v	récurer
bn:00093394v	évaluer
bn:00093394v	examiner
bn:00093394v	scruter
bn:00093402v	sculpter
bn:00093405v	sceller
bn:00093406v	sceller
bn:00093407v	sceller
bn:00093412v	chercher
bn:00093412v	fouiller
bn:00093413v	asseoir
bn:00093414v	installer
bn:00093419v	retirer
bn:00093425v	séculariser
bn:00093426v	garantir
bn:00093430v	observer
bn:00093430v	traverser
bn:00093430v	vit
bn:00093430v	voir
bn:00093431v	consulter
bn:00093431v	rencontrer
bn:00093431v	voir
bn:00093432v	voir
bn:00093433v	découvrir
bn:00093433v	rendre
bn:00093433v	visiter
bn:00093433v	voir
bn:00093434v	voir
bn:00093435v	voir
bn:00093436v	voir
bn:00093447v	semer
bn:00093452v	chercher
bn:00093452v	demander
bn:00093452v	rechercher
bn:00093452v	solliciter
bn:00093452v	souhaiter
bn:00093455v	chercher
bn:00093455v	rechercher
bn:00093461v	osciller
bn:00093464v	séparer
bn:00093469v	emparer
bn:00093469v	saisir
bn:00093472v	vendre
bn:00093473v	vendre
bn:00093474v	vendre
bn:00093475v	vendre
bn:00093485v	émettre
bn:00093485v	envoyer
bn:00093486v	envoyer
bn:00093486v	expédier
bn:00093486v	renvoyer
bn:00093489v	envoyer
bn:00093494v	sensibiliser
bn:00093501v	séparer
bn:00093502v	séquencer
bn:00093509v	servir
bn:00093510v	faire
bn:00093510v	servir
bn:00093511v	desservir
bn:00093511v	servir
bn:00093512v	desservir
bn:00093512v	servir
bn:00093513v	servir
bn:00093518v	faire
bn:00093518v	fixer
bn:00093518v	remettre
bn:00093519v	fixer
bn:00093519v	monter
bn:00093519v	sertir
bn:00093520v	régler
bn:00093526v	allumer
bn:00093527v	réserver
bn:00093527v	suspendre
bn:00093528v	retarder
bn:00093534v	créer
bn:00093534v	établir
bn:00093534v	organiser
bn:00093535v	déposer
bn:00093535v	installer
bn:00093536v	calmer
bn:00093537v	installer
bn:00093537v	peupler
bn:00093539v	installer
bn:00093552v	ombrager
bn:00093560v	ébranler
bn:00093563v	serrer
bn:00093573v	partager
bn:00093574v	partager
bn:00093575v	partager
bn:00093578v	aiguiser
bn:00093579v	aiguiser
bn:00093580v	affûter
bn:00093584v	briser
bn:00093584v	éclater
bn:00093587v	raser
bn:00093588v	tailler
bn:00093591v	couper
bn:00093591v	tailler
bn:00093607v	protéger
bn:00093612v	déplacer
bn:00093612v	transférer
bn:00093614v	changer
bn:00093625v	briller
bn:00093626v	resplendir
bn:00093639v	frémir
bn:00093639v	frissonner
bn:00093640v	frémir
bn:00093640v	frissonner
bn:00093640v	grelotter
bn:00093668v	raccourcir
bn:00093668v	réduire
bn:00093672v	porter
bn:00093676v	crier
bn:00093679v	bousculer
bn:00093679v	pousser
bn:00093680v	enfoncer
bn:00093680v	plonger
bn:00093682v	apparaître
bn:00093682v	indiquer
bn:00093682v	manifester
bn:00093682v	montre
bn:00093682v	montrer
bn:00093683v	apparaître
bn:00093683v	montre
bn:00093683v	montrer
bn:00093683v	présenter
bn:00093684v	afficher
bn:00093684v	indiquer
bn:00093684v	montre
bn:00093684v	montrer
bn:00093684v	passer
bn:00093685v	conduire
bn:00093688v	arroser
bn:00093689v	doucher
bn:00093693v	flétrir
bn:00093693v	réduire
bn:00093693v	rétrécir
bn:00093698v	hausser
bn:00093721v	filtrer
bn:00093724v	soupirer
bn:00093725v	soupirer
bn:00093726v	apercevoir
bn:00093731v	signer
bn:00093731v	souscrire
bn:00093732v	signer
bn:00093738v	inscrire
bn:00093740v	signifier
bn:00093752v	mijoter
bn:00093755v	simplifier
bn:00093756v	pécher
bn:00093757v	chanter
bn:00093757v	interpréter
bn:00093758v	chanter
bn:00093760v	siffler
bn:00093762v	brûler
bn:00093765v	désigner
bn:00093769v	couler
bn:00093769v	enfoncer
bn:00093770v	couler
bn:00093770v	enfoncer
bn:00093770v	tomber
bn:00093773v	siroter
bn:00093776v	asseoir
bn:00093776v	être
bn:00093777v	asseoir
bn:00093777v	être
bn:00093778v	asseoir
bn:00093778v	être
bn:00093779v	asseoir
bn:00093779v	siéger
bn:00093789v	veiller
bn:00093805v	glisser
bn:00093808v	déraper
bn:00093808v	glisser
bn:00093809v	frôler
bn:00093812v	survoler
bn:00093824v	longer
bn:00093836v	ralentir
bn:00093846v	claquer
bn:00093846v	frapper
bn:00093846v	taper
bn:00093867v	espionner
bn:00093867v	fouiner
bn:00093870v	trancher
bn:00093875v	déraper
bn:00093875v	glisser
bn:00093876v	glisser
bn:00093882v	glisser
bn:00093882v	voler
bn:00093883v	glisser
bn:00093884v	glisser
bn:00093891v	enfiler
bn:00093893v	fendre
bn:00093897v	frapper
bn:00093899v	renverser
bn:00093900v	éclabousser
bn:00093910v	ralentir
bn:00093919v	frapper
bn:00093929v	sentir
bn:00093930v	flairer
bn:00093930v	sentir
bn:00093931v	sentir
bn:00093934v	sourire
bn:00093939v	fumer
bn:00093941v	couver
bn:00093944v	lisser
bn:00093947v	entourer
bn:00093947v	étouffer
bn:00093960v	serpenter
bn:00093963v	grogner
bn:00093964v	claquer
bn:00093966v	arracher
bn:00093966v	attraper
bn:00093966v	prendre
bn:00093966v	saisir
bn:00093972v	glisser
bn:00093973v	moquer
bn:00093977v	ricaner
bn:00093978v	renifler
bn:00093978v	sentir
bn:00093986v	renifler
bn:00093989v	neiger
bn:00093998v	tremper
bn:00094002v	planer
bn:00094005v	sangloter
bn:00094008v	dégriser
bn:00094009v	socialiser
bn:00094019v	adoucir
bn:00094026v	souder
bn:00094048v	aspirer
bn:00094051v	absorber
bn:00094053v	dire
bn:00094053v	exprimer
bn:00094053v	résonner
bn:00094053v	sembler
bn:00094053v	sonner
bn:00094054v	sembler
bn:00094054v	sonner
bn:00094056v	résonner
bn:00094056v	vocaliser
bn:00094058v	entonner
bn:00094066v	semer
bn:00094077v	épargner
bn:00094089v	aborder
bn:00094089v	discuter
bn:00094089v	exprimer
bn:00094089v	parler
bn:00094090v	parler
bn:00094090v	prononcer
bn:00094100v	spécialiser
bn:00094104v	spéculer
bn:00094106v	accélérer
bn:00094108v	épeler
bn:00094108v	orthographier
bn:00094109v	écrire
bn:00094113v	énoncer
bn:00094115v	dépenser
bn:00094115v	déployer
bn:00094116v	pimenter
bn:00094117v	pimenter
bn:00094123v	parler
bn:00094125v	tourner
bn:00094140v	cracher
bn:00094140v	recracher
bn:00094141v	asperger
bn:00094141v	éclabousser
bn:00094157v	éponger
bn:00094165v	parrainer
bn:00094184v	pulvériser
bn:00094194v	déployer
bn:00094194v	étaler
bn:00094204v	encourager
bn:00094204v	stimuler
bn:00094206v	aiguillonner
bn:00094224v	appuyer
bn:00094224v	presser
bn:00094224v	resserrer
bn:00094224v	serrer
bn:00094230v	plisser
bn:00094234v	retourner
bn:00094234v	serpenter
bn:00094234v	tordre
bn:00094234v	tortiller
bn:00094238v	stabiliser
bn:00094240v	empiler
bn:00094250v	colorer
bn:00094250v	teinter
bn:00094251v	teindre
bn:00094251v	teinter
bn:00094259v	retarder
bn:00094264v	marteler
bn:00094264v	taper
bn:00094264v	trépigner
bn:00094265v	estampiller
bn:00094266v	marquer
bn:00094268v	écraser
bn:00094275v	arrêter
bn:00094275v	dresser
bn:00094275v	être
bn:00094275v	lever
bn:00094275v	mettre
bn:00094275v	poser
bn:00094275v	rester
bn:00094275v	tenir
bn:00094276v	être
bn:00094276v	rester
bn:00094276v	situer
bn:00094276v	tenir
bn:00094277v	mettre
bn:00094277v	opposer
bn:00094277v	rester
bn:00094277v	tenir
bn:00094278v	être
bn:00094278v	situer
bn:00094278v	tenir
bn:00094279v	être
bn:00094280v	résister
bn:00094280v	rester
bn:00094281v	être
bn:00094283v	reculer
bn:00094284v	rester
bn:00094288v	arrêter
bn:00094289v	lever
bn:00094292v	standardiser
bn:00094298v	regarder
bn:00094300v	commencer
bn:00094300v	démarrer
bn:00094301v	commencer
bn:00094301v	prendre
bn:00094301v	reprendre
bn:00094302v	commencer
bn:00094307v	arrêter
bn:00094307v	être
bn:00094307v	rester
bn:00094307v	terminer
bn:00094308v	être
bn:00094308v	rester
bn:00094311v	loger
bn:00094314v	voler
bn:00094315v	voler
bn:00094331v	guider
bn:00094332v	découler
bn:00094332v	provenir
bn:00094337v	avancer
bn:00094337v	faire
bn:00094338v	avancer
bn:00094338v	marcher
bn:00094345v	piétiner
bn:00094347v	stériliser
bn:00094359v	piquer
bn:00094361v	raidir
bn:00094362v	raidir
bn:00094362v	renforcer
bn:00094373v	remuer
bn:00094374v	émouvoir
bn:00094374v	toucher
bn:00094397v	arrêter
bn:00094398v	arrêter
bn:00094398v	empêcher
bn:00094400v	conserver
bn:00094400v	emmagasiner
bn:00094400v	entreposer
bn:00094400v	ranger
bn:00094400v	stocker
bn:00094406v	enjamber
bn:00094408v	mitrailler
bn:00094409v	redresser
bn:00094410v	redresser
bn:00094411v	redresser
bn:00094413v	tendre
bn:00094414v	lutter
bn:00094418v	étouffer
bn:00094418v	étrangler
bn:00094425v	stratifier
bn:00094426v	stratifier
bn:00094431v	éparpiller
bn:00094431v	joncher
bn:00094434v	flotter
bn:00094435v	ruisseler
bn:00094439v	renforcer
bn:00094441v	étendre
bn:00094441v	étirer
bn:00094442v	étirer
bn:00094442v	faire
bn:00094442v	tendre
bn:00094444v	étirer
bn:00094453v	frappe
bn:00094453v	frapper
bn:00094453v	heurter
bn:00094454v	sonner
bn:00094455v	sortir
bn:00094456v	frapper
bn:00094484v	caresser
bn:00094491v	structurer
bn:00094492v	lutter
bn:00094493v	gratter
bn:00094501v	étudier
bn:00094502v	bourrer
bn:00094502v	remplir
bn:00094507v	trébucher
bn:00094511v	freiner
bn:00094513v	appeler
bn:00094520v	soumettre
bn:00094521v	soumettre
bn:00094523v	présenter
bn:00094523v	soumettre
bn:00094528v	sublimer
bn:00094535v	submerger
bn:00094537v	soumettre
bn:00094538v	avoir
bn:00094538v	porter
bn:00094538v	prendre
bn:00094538v	recevoir
bn:00094538v	soumettre
bn:00094538v	subir
bn:00094538v	supporter
bn:00094545v	souscrire
bn:00094546v	soutenir
bn:00094547v	abonner
bn:00094547v	prendre
bn:00094551v	subventionner
bn:00094556v	sous-titrer
bn:00094565v	aspirer
bn:00094565v	sucer
bn:00094566v	aspirer
bn:00094573v	souffrir
bn:00094573v	subir
bn:00094574v	souffrir
bn:00094575v	souffrir
bn:00094589v	appeler
bn:00094589v	convoquer
bn:00094590v	bronzer
bn:00094591v	séparer
bn:00094607v	ajouter
bn:00094607v	compléter
bn:00094609v	supplier
bn:00094612v	soutenir
bn:00094612v	subvenir
bn:00094624v	supposer
bn:00094625v	soupçonner
bn:00094625v	supposer
bn:00094626v	surmonter
bn:00094627v	surprendre
bn:00094628v	surprendre
bn:00094630v	examiner
bn:00094630v	observer
bn:00094630v	surveiller
bn:00094634v	suspendre
bn:00094635v	suspendre
bn:00094637v	maintenir
bn:00094641v	envelopper
bn:00094646v	retirer
bn:00094650v	changer
bn:00094650v	échanger
bn:00094655v	balancer
bn:00094655v	bouger
bn:00094655v	osciller
bn:00094655v	vaciller
bn:00094663v	balancer
bn:00094663v	brandir
bn:00094664v	emporter
bn:00094665v	emporter
bn:00094675v	nager
bn:00094678v	balancer
bn:00094678v	brandir
bn:00094680v	basculer
bn:00094683v	swinguer
bn:00094687v	retourner
bn:00094689v	retourner
bn:00094689v	tourbillonner
bn:00094689v	tourner
bn:00094689v	tournoyer
bn:00094692v	allumer
bn:00094692v	tourner
bn:00094700v	compatir
bn:00094700v	sympathiser
bn:00094702v	synchroniser
bn:00094713v	synthétiser
bn:00094716v	systématiser
bn:00094717v	tabuler
bn:00094722v	adopter
bn:00094722v	affronter
bn:00094722v	entreprendre
bn:00094724v	marquer
bn:00094730v	avoir
bn:00094730v	être
bn:00094730v	faire
bn:00094730v	franchir
bn:00094730v	mener
bn:00094730v	prendre
bn:00094730v	tenir
bn:00094731v	avoir
bn:00094731v	emmener
bn:00094731v	emporter
bn:00094731v	être
bn:00094731v	faire
bn:00094731v	obtenir
bn:00094731v	prendre
bn:00094731v	retirer
bn:00094732v	avoir
bn:00094732v	emmener
bn:00094732v	faire
bn:00094732v	prendre
bn:00094733v	accepter
bn:00094733v	adopter
bn:00094733v	avoir
bn:00094733v	éprouver
bn:00094733v	faire
bn:00094733v	passer
bn:00094733v	prendre
bn:00094733v	renfermer
bn:00094734v	attraper
bn:00094734v	prendre
bn:00094735v	devoir
bn:00094735v	être
bn:00094735v	prendre
bn:00094736v	prendre
bn:00094746v	profiter
bn:00094748v	éliminer
bn:00094748v	enlever
bn:00094748v	retirer
bn:00094748v	sortir
bn:00094748v	soustraire
bn:00094749v	éloigner
bn:00094749v	prendre
bn:00094754v	veiller
bn:00094755v	prendre
bn:00094758v	accueillir
bn:00094758v	recueillir
bn:00094768v	enlever
bn:00094770v	envoler
bn:00094771v	enlever
bn:00094776v	défaire
bn:00094776v	enlever
bn:00094776v	retirer
bn:00094776v	sortir
bn:00094777v	prendre
bn:00094778v	sortir
bn:00094792v	aborder
bn:00094792v	reprendre
bn:00094793v	aborder
bn:00094793v	commencer
bn:00094793v	prendre
bn:00094794v	prendre
bn:00094811v	tarauder
bn:00094813v	tapoter
bn:00094832v	goûter
bn:00094836v	imposer
bn:00094836v	taxer
bn:00094839v	habituer
bn:00094841v	arracher
bn:00094841v	déchiqueter
bn:00094841v	déchirer
bn:00094843v	arracher
bn:00094855v	téléviser
bn:00094862v	annoncer
bn:00094862v	déclarer
bn:00094862v	dire
bn:00094862v	expliquer
bn:00094862v	indiquer
bn:00094862v	informer
bn:00094862v	parler
bn:00094862v	raconter
bn:00094862v	révéler
bn:00094863v	dire
bn:00094863v	indiquer
bn:00094863v	prouver
bn:00094878v	appeler
bn:00094878v	qualifier
bn:00094881v	terrifier
bn:00094885v	terroriser
bn:00094894v	attacher
bn:00094902v	atténuer
bn:00094902v	éclaircir
bn:00094904v	éclaircir
bn:00094906v	penser
bn:00094907v	penser
bn:00094914v	penser
bn:00094914v	réfléchir
bn:00094927v	menacer
bn:00094928v	menacer
bn:00094929v	émouvoir
bn:00094931v	battre
bn:00094934v	avoir
bn:00094934v	jeter
bn:00094934v	lancer
bn:00094934v	projeter
bn:00094935v	jeter
bn:00094936v	avoir
bn:00094936v	jeter
bn:00094943v	imposer
bn:00094943v	pousser
bn:00094955v	lier
bn:00094956v	nouer
bn:00094961v	lier
bn:00094964v	tendre
bn:00094969v	chronométrer
bn:00094984v	basculer
bn:00094984v	incliner
bn:00094986v	tomber
bn:00094990v	tisser
bn:00095009v	sonner
bn:00095032v	basculer
bn:00095032v	renverser
bn:00095032v	tomber
bn:00095040v	toucher
bn:00095041v	toucher
bn:00095042v	aborder
bn:00095042v	toucher
bn:00095043v	toucher
bn:00095044v	effleurer
bn:00095047v	aborder
bn:00095049v	visiter
bn:00095058v	suivre
bn:00095060v	commercer
bn:00095060v	échanger
bn:00095061v	échanger
bn:00095067v	entraîner
bn:00095073v	piétiner
bn:00095074v	piétiner
bn:00095078v	transcrire
bn:00095079v	transcrire
bn:00095085v	transférer
bn:00095086v	transférer
bn:00095086v	transplanter
bn:00095087v	transférer
bn:00095088v	transposer
bn:00095089v	transformer
bn:00095090v	transformer
bn:00095090v	transmuter
bn:00095091v	traduire
bn:00095091v	transformer
bn:00095106v	translater
bn:00095115v	transpirer
bn:00095121v	transporter
bn:00095127v	piéger
bn:00095130v	rendre
bn:00095130v	visiter
bn:00095134v	marcher
bn:00095149v	trembler
bn:00095165v	déclencher
bn:00095172v	tripler
bn:00095186v	trotter
bn:00095214v	tirer
bn:00095219v	tomber
bn:00095233v	avoir
bn:00095233v	détourner
bn:00095233v	diriger
bn:00095233v	être
bn:00095233v	retourner
bn:00095233v	tourne
bn:00095233v	tourner
bn:00095233v	virer
bn:00095234v	tourner
bn:00095235v	devoir
bn:00095236v	retourner
bn:00095237v	avoir
bn:00095238v	tourner
bn:00095239v	devenir
bn:00095252v	détourner
bn:00095260v	produire
bn:00095288v	tordre
bn:00095289v	enrouler
bn:00095313v	défaire
bn:00095313v	délacer
bn:00095325v	démasquer
bn:00095350v	sous-estimer
bn:00095351v	sous-estimer
bn:00095365v	soutenir
bn:00095375v	comprendre
bn:00095375v	croire
bn:00095378v	défaire
bn:00095379v	défaire
bn:00095386v	découvrir
bn:00095386v	déterrer
bn:00095389v	révéler
bn:00095400v	réunir
bn:00095400v	unir
bn:00095405v	universaliser
bn:00095410v	libérer
bn:00095412v	déverrouiller
bn:00095412v	ouvrir
bn:00095414v	déverrouiller
bn:00095421v	dérouler
bn:00095423v	déchiffrer
bn:00095424v	dévisser
bn:00095425v	dévisser
bn:00095431v	dégainer
bn:00095442v	dévoiler
bn:00095448v	monter
bn:00095449v	mettre
bn:00095449v	moderniser
bn:00095450v	mettre
bn:00095454v	améliorer
bn:00095459v	défendre
bn:00095459v	soutenir
bn:00095465v	bouleverser
bn:00095465v	perturber
bn:00095471v	urbaniser
bn:00095480v	valider
bn:00095482v	évaluer
bn:00095489v	varier
bn:00095503v	voiler
bn:00095516v	vérifier
bn:00095531v	inquiéter
bn:00095531v	préoccuper
bn:00095561v	exprimer
bn:00095572v	adopter
bn:00095572v	voter
bn:00095573v	voter
bn:00095574v	voter
bn:00095578v	garantir
bn:00095581v	accorder
bn:00095582v	jurer
bn:00095588v	enfoncer
bn:00095593v	attendre
bn:00095594v	servir
bn:00095595v	réveiller
bn:00095597v	aller
bn:00095597v	faire
bn:00095597v	marche
bn:00095597v	marcher
bn:00095597v	partir
bn:00095597v	promener
bn:00095600v	marcher
bn:00095601v	marcher
bn:00095611v	sortir
bn:00095616v	murer
bn:00095617v	frapper
bn:00095625v	diminuer
bn:00095627v	rechercher
bn:00095627v	vouloir
bn:00095628v	vouloir
bn:00095636v	réchauffer
bn:00095639v	chauffer
bn:00095640v	réchauffer
bn:00095641v	échauffer
bn:00095642v	alerter
bn:00095642v	avertir
bn:00095663v	gaspiller
bn:00095663v	perdre
bn:00095665v	guetter
bn:00095665v	observer
bn:00095665v	regarder
bn:00095665v	suivre
bn:00095665v	surveiller
bn:00095665v	voir
bn:00095667v	abreuver
bn:00095668v	pleurer
bn:00095671v	atténuer
bn:00095681v	cirer
bn:00095682v	affaiblir
bn:00095683v	affaiblir
bn:00095686v	arborer
bn:00095687v	avoir
bn:00095687v	user
bn:00095688v	arborer
bn:00095688v	porter
bn:00095691v	avancer
bn:00095701v	peser
bn:00095705v	accueillir
bn:00095705v	ravir
bn:00095706v	accueillir
bn:00095707v	souder
bn:00095714v	humecter
bn:00095714v	mouiller
bn:00095733v	gémir
bn:00095734v	battre
bn:00095734v	fouetter
bn:00095747v	chuchoter
bn:00095747v	murmurer
bn:00095748v	siffler
bn:00095749v	siffler
bn:00095750v	siffler
bn:00095754v	blanchir
bn:00095769v	élargir
bn:00095770v	élargir
bn:00095774v	vouloir
bn:00095777v	gagner
bn:00095777v	obtenir
bn:00095777v	prévaloir
bn:00095777v	remporter
bn:00095789v	cligner
bn:00095795v	essuyer
bn:00095796v	câbler
bn:00095797v	câbler
bn:00095802v	aimer
bn:00095802v	demander
bn:00095802v	désirer
bn:00095802v	souhaiter
bn:00095802v	vouloir
bn:00095803v	aimer
bn:00095803v	souhaiter
bn:00095804v	souhaiter
bn:00095804v	vouloir
bn:00095805v	souhaiter
bn:00095806v	assister
bn:00095806v	voir
bn:00095812v	faire
bn:00095812v	fonctionner
bn:00095812v	œuvrer
bn:00095812v	travailler
bn:00095813v	travailler
bn:00095814v	travailler
bn:00095815v	faire
bn:00095823v	travailler
bn:00095826v	élaborer
bn:00095826v	régler
bn:00095827v	résoudre
bn:00095829v	craindre
bn:00095829v	inquiet
bn:00095829v	inquiéter
bn:00095832v	adorer
bn:00095836v	emballer
bn:00095836v	enrouler
bn:00095836v	envelopper
bn:00095847v	écrire
bn:00095847v	inscrire
bn:00095847v	noter
bn:00095847v	rédiger
bn:00095848v	écrire
bn:00095849v	écrire
bn:00095864v	aboyer
bn:00095864v	japper
bn:00095868v	bailler
bn:00095868v	bâiller
bn:00095872v	livrer
bn:00095879v	zipper
bn:00095886a	nul
bn:00095886a	zéro
bn:00095887a	certain
bn:00095887a	même
bn:00095887a	premier
bn:00095887a	seul
bn:00095890a	cent
bn:00095898a	dixième
bn:00095904a	onzième
bn:00095910a	douzième
bn:00095916a	treizième
bn:00095928a	quinzième
bn:00095940a	dix-septième
bn:00095944a	dix-huitième
bn:00095945a	19
bn:00095948a	dix-neuvième
bn:00095949a	premier
bn:00095955a	vingtième
bn:00095974a	autre
bn:00095974a	deuxième
bn:00095974a	second
bn:00095976a	tridimensionnel
bn:00095981a	trentième
bn:00096000a	troisième
bn:00096026a	quatrième
bn:00096032a	cinquantième
bn:00096043a	cinquième
bn:00096059a	sixième
bn:00096074a	septième
bn:00096089a	huitième
bn:00096090a	neuf
bn:00096092a	quatre-vingt-dix
bn:00096104a	neuvième
bn:00096106a	super
bn:00096124a	bref
bn:00096127a	abdominal
bn:00096133a	aberrant
bn:00096133a	déviant
bn:00096135a	odieux
bn:00096135a	repoussant
bn:00096136a	constant
bn:00096136a	durable
bn:00096139a	abject
bn:00096139a	bas
bn:00096139a	misérable
bn:00096151a	capable
bn:00096152a	capable
bn:00096158a	anormal
bn:00096164a	odieux
bn:00096165a	horrible
bn:00096165a	indicible
bn:00096165a	terrible
bn:00096168a	maternel
bn:00096169a	primitif
bn:00096169a	primordial
bn:00096171a	infructueux
bn:00096185a	étranger
bn:00096186a	abrupt
bn:00096186a	brusque
bn:00096187a	abrupt
bn:00096187a	brusque
bn:00096188a	brusque
bn:00096188a	vif
bn:00096192a	absent
bn:00096195a	absolu
bn:00096196a	absolu
bn:00096196a	pur
bn:00096196a	simple
bn:00096196a	total
bn:00096196a	vrai
bn:00096197a	absolu
bn:00096208a	captivant
bn:00096208a	fascinant
bn:00096212a	abstrait
bn:00096213a	abstrait
bn:00096217a	absurde
bn:00096218a	absurde
bn:00096218a	ridicule
bn:00096219a	abondant
bn:00096224a	bourdonnant
bn:00096228a	académique
bn:00096228a	universitaire
bn:00096229a	académique
bn:00096230a	académique
bn:00096230a	pédant
bn:00096246a	acceptable
bn:00096248a	satisfaisant
bn:00096256a	abordable
bn:00096273a	conséquent
bn:00096273a	résultant
bn:00096279a	concordant
bn:00096290a	cumulatif
bn:00096292a	fidèle
bn:00096292a	précis
bn:00096293a	exact
bn:00096293a	précis
bn:00096295a	accusateur
bn:00096298a	habituel
bn:00096299a	habituel
bn:00096305a	acerbe
bn:00096306a	acide
bn:00096306a	amer
bn:00096347a	acoustique
bn:00096355a	aigri
bn:00096355a	amer
bn:00096355a	vif
bn:00096357a	acrobatique
bn:00096357a	gymnastique
bn:00096366a	général
bn:00096366a	grand
bn:00096366a	large
bn:00096366a	vaste
bn:00096369a	intérimaire
bn:00096382a	actif
bn:00096383a	actif
bn:00096384a	actif
bn:00096385a	actif
bn:00096386a	actif
bn:00096387a	actif
bn:00096388a	actif
bn:00096389a	actif
bn:00096397a	effectif
bn:00096397a	réel
bn:00096398a	réel
bn:00096398a	véritable
bn:00096399a	authentique
bn:00096399a	effectif
bn:00096399a	littéral
bn:00096399a	réel
bn:00096399a	véritable
bn:00096400a	factuel
bn:00096400a	réel
bn:00096404a	acéré
bn:00096404a	aiguisé
bn:00096404a	pointu
bn:00096404a	tranchant
bn:00096407a	aigu
bn:00096408a	aigu
bn:00096409a	aiguisé
bn:00096409a	incisif
bn:00096409a	pénétrant
bn:00096409a	vif
bn:00096414a	impromptu
bn:00096421a	catégorique
bn:00096421a	inexorable
bn:00096421a	inflexible
bn:00096424a	adaptable
bn:00096433a	linéaire
bn:00096444a	nasal
bn:00096445a	bon
bn:00096445a	compétent
bn:00096445a	expert
bn:00096445a	habile
bn:00096446a	adéquat
bn:00096446a	adéquate
bn:00096446a	suffisant
bn:00096447a	adéquat
bn:00096447a	suffisant
bn:00096449a	capable
bn:00096455a	adjacent
bn:00096455a	prochain
bn:00096455a	suivant
bn:00096455a	voisin
bn:00096456a	adjacent
bn:00096458a	adjectival
bn:00096461a	adjoint
bn:00096461a	assistant
bn:00096474a	administratif
bn:00096475a	admirable
bn:00096476a	admirable
bn:00096478a	admissible
bn:00096485a	adolescent
bn:00096494a	agréable
bn:00096515a	adulte
bn:00096520a	extraconjugal
bn:00096526a	avancé
bn:00096527a	avancé
bn:00096528a	avancé
bn:00096529a	avancé
bn:00096529a	moderne
bn:00096530a	avancé
bn:00096532a	avancé
bn:00096533a	avancé
bn:00096535a	avantageux
bn:00096541a	aventureux
bn:00096543a	adverbial
bn:00096545a	défavorable
bn:00096562a	éternel
bn:00096566a	éthéré
bn:00096582a	médical
bn:00096583a	esthétique
bn:00096584a	esthétique
bn:00096591a	affable
bn:00096591a	cordial
bn:00096595a	émouvant
bn:00096595a	poignant
bn:00096597a	affectueux
bn:00096597a	chaleureux
bn:00096597a	tendre
bn:00096598a	afférent
bn:00096611a	douloureux
bn:00096612a	riche
bn:00096629a	africain
bn:00096640a	béant
bn:00096642a	séculaire
bn:00096644a	âgé
bn:00096644a	vieux
bn:00096658a	global
bn:00096660a	agressif
bn:00096662a	belliqueux
bn:00096664a	agile
bn:00096664a	rapide
bn:00096670a	scintillant
bn:00096671a	lumineux
bn:00096680a	atroce
bn:00096694a	agricole
bn:00096705a	malade
bn:00096707a	personnel
bn:00096707a	propre
bn:00096719a	aéroporté
bn:00096720a	aéré
bn:00096721a	stupide
bn:00096728a	apparenté
bn:00096728a	semblable
bn:00096755a	alerte
bn:00096755a	attentif
bn:00096765a	algérien
bn:00096773a	étranger
bn:00096774a	étranger
bn:00096774a	exotique
bn:00096776a	anomique
bn:00096777a	éloigné
bn:00096782a	même
bn:00096782a	semblable
bn:00096782a	similaire
bn:00096783a	nutritif
bn:00096787a	vif
bn:00096787a	vivant
bn:00096788a	vivant
bn:00096789a	animé
bn:00096793a	alcalin
bn:00096798a	tout
bn:00096799a	tout
bn:00096800a	complet
bn:00096803a	essentiel
bn:00096804a	omniscient
bn:00096816a	fini
bn:00096817a	bon
bn:00096857a	admissible
bn:00096862a	séduisant
bn:00096869a	seul
bn:00096870a	seul
bn:00096870a	solitaire
bn:00096871a	seul
bn:00096872a	unique
bn:00096890a	thérapeutique
bn:00096893a	alternatif
bn:00096893a	alterné
bn:00096894a	alternatif
bn:00096898a	alternatif
bn:00096911a	alvéolaire
bn:00096919a	amateur
bn:00096921a	amoureux
bn:00096922a	romantique
bn:00096924a	stupéfait
bn:00096925a	étonnant
bn:00096925a	incroyable
bn:00096926a	incroyable
bn:00096926a	surprenant
bn:00096929a	ambré
bn:00096934a	ambigu
bn:00096934a	équivoque
bn:00096935a	ambigu
bn:00096936a	ambigu
bn:00096938a	ambitieux
bn:00096939a	ambitieux
bn:00096939a	stimulant
bn:00096963a	américain
bn:00096964a	américain
bn:00096965a	indien
bn:00096972a	aimable
bn:00096973a	amiable
bn:00097000a	suffisant
bn:00097001a	abondant
bn:00097002a	important
bn:00097006a	amusant
bn:00097006a	comique
bn:00097006a	drôle
bn:00097020a	anémique
bn:00097021a	anaérobie
bn:00097030a	analeptique
bn:00097034a	analogue
bn:00097039a	analytique
bn:00097040a	analytique
bn:00097060a	anatomique
bn:00097063a	ancestral
bn:00097066a	ancien
bn:00097067a	ancien
bn:00097071a	andin
bn:00097090a	angélique
bn:00097092a	doux
bn:00097099a	anglican
bn:00097103a	anglo-saxon
bn:00097107a	coléreux
bn:00097107a	furieux
bn:00097108a	furieux
bn:00097113a	angulaire
bn:00097114a	anguleux
bn:00097115a	anhydre
bn:00097119a	animal
bn:00097119a	charnel
bn:00097119a	sensuel
bn:00097128a	anionique
bn:00097142a	dévastateur
bn:00097143a	dévastateur
bn:00097147a	agaçant
bn:00097148a	annuel
bn:00097153a	anormal
bn:00097154a	anonyme
bn:00097155a	anonyme
bn:00097165a	autre
bn:00097174a	hostile
bn:00097191a	antérieur
bn:00097192a	préalable
bn:00097206a	anthropomorphe
bn:00097208a	anti
bn:00097212a	antisémite
bn:00097219a	fantastique
bn:00097219a	grotesque
bn:00097223a	anticipé
bn:00097257a	antique
bn:00097258a	ancien
bn:00097258a	antique
bn:00097260a	antiseptique
bn:00097261a	antiseptique
bn:00097269a	antithétique
bn:00097270a	antithyroïdien
bn:00097283a	anxieux
bn:00097291a	indifférent
bn:00097318a	apocalyptique
bn:00097323a	apocryphe
bn:00097341a	apostolique
bn:00097342a	papal
bn:00097348a	effrayant
bn:00097350a	apparent
bn:00097350a	clair
bn:00097350a	évident
bn:00097350a	simple
bn:00097351a	apparent
bn:00097354a	attrayant
bn:00097368a	louable
bn:00097372a	applicable
bn:00097382a	pertinent
bn:00097385a	appréciable
bn:00097389a	compréhensible
bn:00097389a	intelligible
bn:00097396a	prochain
bn:00097398a	approprié
bn:00097401a	approximatif
bn:00097409a	intelligent
bn:00097417a	aqueux
bn:00097424a	arable
bn:00097433a	arbitraire
bn:00097436a	arboricole
bn:00097439a	bucolique
bn:00097442a	condescendant
bn:00097444a	malicieux
bn:00097446a	archéologique
bn:00097448a	primitif
bn:00097461a	architectural
bn:00097465a	arctique
bn:00097466a	glacial
bn:00097467a	ardent
bn:00097467a	fervent
bn:00097467a	passionner
bn:00097470a	ardu
bn:00097470a	dur
bn:00097477a	argenté
bn:00097488a	éveillé
bn:00097493a	aristocratique
bn:00097493a	doux
bn:00097494a	aristotélicien
bn:00097496a	armé
bn:00097505a	blindé
bn:00097517a	excité
bn:00097521a	absolu
bn:00097521a	pur
bn:00097521a	total
bn:00097523a	sensationnel
bn:00097526a	arrogant
bn:00097531a	artériel
bn:00097532a	artériolaire
bn:00097545a	articulé
bn:00097548a	artificiel
bn:00097549a	artificiel
bn:00097549a	guindé
bn:00097552a	artistique
bn:00097553a	artistique
bn:00097564a	dominant
bn:00097565a	ascendant
bn:00097565a	montant
bn:00097567a	vérifiable
bn:00097581a	honteux
bn:00097582a	livide
bn:00097588a	oblique
bn:00097590a	engourdi
bn:00097599a	ouvert
bn:00097605a	déclaratif
bn:00097622a	assorti
bn:00097622a	divers
bn:00097622a	mixte
bn:00097623a	différent
bn:00097623a	divers
bn:00097625a	fictif
bn:00097639a	astéroïdale
bn:00097646a	stupéfiant
bn:00097649a	astral
bn:00097654a	astronomique
bn:00097655a	astronomique
bn:00097657a	acerbe
bn:00097657a	astucieux
bn:00097657a	perspicace
bn:00097657a	sagace
bn:00097657a	vif
bn:00097660a	asymétrique
bn:00097663a	asymptotique
bn:00097668a	perplexe
bn:00097671a	disponible
bn:00097672a	imminent
bn:00097675a	contradictoire
bn:00097677a	confus
bn:00097686a	athée
bn:00097691a	athlétique
bn:00097691a	sportif
bn:00097694a	atlantique
bn:00097695a	atmosphérique
bn:00097696a	atomique
bn:00097697a	atomique
bn:00097697a	nucléaire
bn:00097709a	monstrueux
bn:00097710a	effrayant
bn:00097710a	effroyable
bn:00097710a	horrible
bn:00097710a	terrible
bn:00097711a	atrophique
bn:00097730a	attique
bn:00097733a	attirant
bn:00097733a	attractif
bn:00097733a	attrayant
bn:00097734a	attractif
bn:00097734a	attrayant
bn:00097736a	attribuable
bn:00097736a	imputable
bn:00097741a	atypique
bn:00097745a	nu
bn:00097748a	courageux
bn:00097752a	audible
bn:00097762a	grand
bn:00097762a	noble
bn:00097763a	vénérable
bn:00097768a	fleuri
bn:00097769a	doré
bn:00097782a	austère
bn:00097782a	sévère
bn:00097783a	sévère
bn:00097793a	authentique
bn:00097793a	fiable
bn:00097794a	authentique
bn:00097794a	véritable
bn:00097797a	autoritaire
bn:00097798a	autoritaire
bn:00097799a	autoritaire
bn:00097800a	classique
bn:00097807a	péremptoire
bn:00097823a	automatique
bn:00097824a	automatique
bn:00097826a	automobile
bn:00097828a	autonome
bn:00097829a	indépendant
bn:00097829a	souverain
bn:00097831a	autonome
bn:00097844a	auxiliaire
bn:00097844a	supplémentaire
bn:00097846a	accessible
bn:00097846a	disponible
bn:00097850a	avide
bn:00097854a	moyen
bn:00097855a	moyen
bn:00097855a	ordinaire
bn:00097855a	simple
bn:00097856a	moyen
bn:00097857a	moyen
bn:00097858a	modal
bn:00097859a	médian
bn:00097879a	conscient
bn:00097884a	fatigué
bn:00097890a	effrayant
bn:00097890a	horrible
bn:00097890a	terrible
bn:00097891a	désagréable
bn:00097891a	méchant
bn:00097894a	embarrassant
bn:00097894a	gênant
bn:00097897a	maladroit
bn:00097898a	embarrassant
bn:00097907a	axial
bn:00097912a	axiomatique
bn:00097912a	évident
bn:00097938a	arrière
bn:00097943a	consécutif
bn:00097954a	arrière
bn:00097959a	bactérien
bn:00097966a	grave
bn:00097966a	intense
bn:00097966a	mauvais
bn:00097967a	grand
bn:00097969a	mauvais
bn:00097974a	spéculatif
bn:00097980a	impoli
bn:00097981a	pointilleux
bn:00097982a	déconcertant
bn:00097982a	épineux
bn:00097984a	ample
bn:00097992a	équilibré
bn:00097995a	chauve
bn:00097999a	menaçant
bn:00098000a	inquiétant
bn:00098000a	menaçant
bn:00098000a	sinistre
bn:00098003a	sphérique
bn:00098013a	banal
bn:00098021a	génial
bn:00098021a	grand
bn:00098029a	minuscule
bn:00098029a	petit
bn:00098042a	brutal
bn:00098042a	cruel
bn:00098042a	féroce
bn:00098042a	sauvage
bn:00098042a	vicieux
bn:00098046a	mordant
bn:00098049a	rare
bn:00098053a	simple
bn:00098055a	désolé
bn:00098055a	morne
bn:00098057a	simple
bn:00098073a	impressionnant
bn:00098073a	majestueux
bn:00098073a	noble
bn:00098074a	baroque
bn:00098090a	immoral
bn:00098091a	méchant
bn:00098091a	mesquin
bn:00098098a	timide
bn:00098100a	fondamental
bn:00098101a	basique
bn:00098101a	fondamental
bn:00098115a	basophile
bn:00098116a	grave
bn:00098116a	profond
bn:00098117a	factice
bn:00098117a	faux
bn:00098117a	fictif
bn:00098117a	frauduleux
bn:00098123a	sentimental
bn:00098139a	grivois
bn:00098151a	rayonnant
bn:00098152a	souriant
bn:00098164a	brut
bn:00098171a	beau
bn:00098171a	bel
bn:00098171a	magnifique
bn:00098174a	décent
bn:00098187a	rauque
bn:00098187a	robuste
bn:00098197a	premier
bn:00098199a	miteux
bn:00098199a	sombre
bn:00098202a	comportemental
bn:00098211a	tardif
bn:00098213a	belge
bn:00098214a	crédible
bn:00098224a	bien-aimé
bn:00098224a	cher
bn:00098224a	chéri
bn:00098226a	souterrain
bn:00098242a	philanthropique
bn:00098243a	bénéfique
bn:00098243a	bon
bn:00098246a	bienveillant
bn:00098246a	compréhensif
bn:00098274a	meilleur
bn:00098282a	meilleur
bn:00098282a	préférable
bn:00098283a	meilleur
bn:00098286a	beau
bn:00098286a	bel
bn:00098292a	captivant
bn:00098293a	indubitable
bn:00098303a	biblique
bn:00098305a	bibliographique
bn:00098312a	ivre
bn:00098340a	fourchu
bn:00098342a	grand
bn:00098342a	gros
bn:00098342a	important
bn:00098342a	large
bn:00098342a	nombreux
bn:00098342a	vaste
bn:00098343a	grand
bn:00098343a	important
bn:00098344a	grand
bn:00098345a	éminent
bn:00098345a	grand
bn:00098345a	proéminent
bn:00098351a	beau
bn:00098351a	bel
bn:00098351a	généreux
bn:00098351a	libéral
bn:00098352a	gravide
bn:00098363a	vaniteux
bn:00098369a	bilatéral
bn:00098377a	bilingue
bn:00098394a	bimoléculaire
bn:00098402a	contraignant
bn:00098404a	binomial
bn:00098408a	biochimique
bn:00098416a	biographique
bn:00098417a	biologique
bn:00098421a	biomédical
bn:00098445a	panoramique
bn:00098461a	amer
bn:00098462a	amer
bn:00098463a	acharné
bn:00098477a	bizarre
bn:00098477a	excentrique
bn:00098477a	extrême
bn:00098480a	noir
bn:00098481a	noir
bn:00098483a	morne
bn:00098483a	sombre
bn:00098484a	sombre
bn:00098485a	désastreux
bn:00098485a	sombre
bn:00098487a	noir
bn:00098488a	sombre
bn:00098490a	noir
bn:00098491a	honteux
bn:00098521a	fade
bn:00098523a	lisse
bn:00098523a	poli
bn:00098523a	suave
bn:00098524a	vierge
bn:00098532a	blasphématoire
bn:00098543a	flagrant
bn:00098544a	bruyant
bn:00098550a	flou
bn:00098562a	aveugle
bn:00098564a	aveugle
bn:00098571a	joyeux
bn:00098578a	blond
bn:00098581a	rouge
bn:00098582a	cauchemardesque
bn:00098604a	venteux
bn:00098606a	bleu
bn:00098612a	bleu
bn:00098616a	ouvrier
bn:00098629a	abrupt
bn:00098633a	direct
bn:00098633a	franc
bn:00098633a	honnête
bn:00098649a	somatique
bn:00098654a	boueux
bn:00098658a	indiscipliné
bn:00098661a	audacieux
bn:00098662a	audacieux
bn:00098662a	gros
bn:00098681a	maigre
bn:00098683a	cadavérique
bn:00098683a	émacié
bn:00098683a	hagard
bn:00098683a	maigre
bn:00098683a	osseux
bn:00098684a	osseux
bn:00098691a	florissant
bn:00098691a	prospère
bn:00098694a	néandertalien
bn:00098697a	infructueux
bn:00098697a	vain
bn:00098698a	obséquieux
bn:00098703a	borderline
bn:00098703a	marginal
bn:00098708a	ennuyeux
bn:00098708a	lassant
bn:00098714a	broussailleux
bn:00098744a	bouffant
bn:00098748a	rocheux
bn:00098761a	borné
bn:00098763a	impoli
bn:00098764a	démesuré
bn:00098771a	bovin
bn:00098776a	féroce
bn:00098783a	enfantin
bn:00098794a	frais
bn:00098794a	rafraîchissant
bn:00098794a	vif
bn:00098803a	impétueux
bn:00098805a	fou
bn:00098805a	morbide
bn:00098807a	brillant
bn:00098807a	intelligent
bn:00098824a	tapageur
bn:00098825a	voyant
bn:00098827a	courageux
bn:00098828a	gai
bn:00098828a	joyeux
bn:00098829a	puissant
bn:00098831a	brésilien
bn:00098850a	cassant
bn:00098854a	bref
bn:00098854a	court
bn:00098855a	bref
bn:00098857a	brillant
bn:00098857a	clair
bn:00098857a	lumineux
bn:00098857a	vif
bn:00098858a	éclatant
bn:00098858a	lumineux
bn:00098859a	brillant
bn:00098859a	intelligent
bn:00098860a	lumineux
bn:00098860a	vif
bn:00098864a	brillant
bn:00098866a	prometteur
bn:00098870a	brillant
bn:00098870a	superbe
bn:00098871a	brillant
bn:00098871a	magnifique
bn:00098872a	brillant
bn:00098882a	britannique
bn:00098883a	britannique
bn:00098887a	grand
bn:00098887a	large
bn:00098887a	vaste
bn:00098888a	grand
bn:00098888a	large
bn:00098889a	général
bn:00098890a	plein
bn:00098891a	grand
bn:00098891a	vaste
bn:00098893a	libéral
bn:00098905a	énorme
bn:00098905a	gigantesque
bn:00098905a	grand
bn:00098905a	immense
bn:00098905a	vaste
bn:00098909a	brisé
bn:00098909a	cassé
bn:00098916a	confus
bn:00098931a	bronchique
bn:00098939a	méditatif
bn:00098942a	brun
bn:00098942a	brunâtre
bn:00098942a	marron
bn:00098957a	brumeux
bn:00098979a	rigide
bn:00098985a	budgétaire
bn:00098994a	inhérent
bn:00098994a	intégral
bn:00098994a	intégrant
bn:00098994a	intégré
bn:00099001a	convexe
bn:00099003a	volumineux
bn:00099015a	rustique
bn:00099022a	maladroit
bn:00099023a	flottant
bn:00099024a	léger
bn:00099024a	vif
bn:00099030a	bureaucratique
bn:00099057a	animé
bn:00099064a	sanguinolent
bn:00099067a	onctueux
bn:00099069a	sobre
bn:00099079a	révolu
bn:00099082a	tortueux
bn:00099104a	ingénieux
bn:00099104a	intelligent
bn:00099120a	délibéré
bn:00099142a	insensible
bn:00099145a	calme
bn:00099147a	thermique
bn:00099152a	calorimétrique
bn:00099173a	canadien
bn:00099202a	tubulaire
bn:00099215a	capable
bn:00099215a	compétent
bn:00099216a	capable
bn:00099217a	capable
bn:00099227a	capitaliste
bn:00099228a	capitaliste
bn:00099258a	cardinal
bn:00099258a	central
bn:00099258a	clé
bn:00099258a	essentiel
bn:00099258a	fondamental
bn:00099263a	cardiovasculaire
bn:00099266a	insouciant
bn:00099268a	attentif
bn:00099268a	minutieux
bn:00099268a	prudent
bn:00099268a	soigneux
bn:00099270a	délibéré
bn:00099273a	négligent
bn:00099274a	imprudent
bn:00099301a	cartésien
bn:00099313a	individuel
bn:00099327a	décontracté
bn:00099327a	occasionnel
bn:00099328a	décontracté
bn:00099329a	décontracté
bn:00099330a	occasionnel
bn:00099331a	superficiel
bn:00099359a	catastrophique
bn:00099359a	ruineux
bn:00099361a	transmissible
bn:00099370a	catégorique
bn:00099380a	catholique
bn:00099396a	causal
bn:00099400a	corrosif
bn:00099402a	prudent
bn:00099403a	conservateur
bn:00099407a	incessant
bn:00099411a	célèbre
bn:00099411a	fameux
bn:00099411a	notable
bn:00099414a	céleste
bn:00099415a	céleste
bn:00099426a	celtique
bn:00099426a	gaélique
bn:00099436a	central
bn:00099441a	central
bn:00099452a	sensoriel
bn:00099460a	céramique
bn:00099464a	cérébral
bn:00099465a	cérébral
bn:00099474a	certain
bn:00099474a	précis
bn:00099475a	certain
bn:00099475a	sûr
bn:00099476a	certain
bn:00099477a	certain
bn:00099517a	changer
bn:00099521a	constant
bn:00099523a	changeant
bn:00099526a	chaotique
bn:00099527a	chaotique
bn:00099532a	caractéristique
bn:00099533a	indéfinissable
bn:00099540a	caritatif
bn:00099541a	charitable
bn:00099542a	charmant
bn:00099543a	magique
bn:00099553a	bavard
bn:00099556a	nationaliste
bn:00099560a	mauvais
bn:00099564a	joyeux
bn:00099565a	entraînant
bn:00099566a	réconfortant
bn:00099568a	ensoleillé
bn:00099568a	gai
bn:00099568a	gay
bn:00099568a	joyeux
bn:00099577a	chimique
bn:00099578a	chimique
bn:00099583a	chéri
bn:00099583a	précieux
bn:00099594a	chic
bn:00099594a	élégant
bn:00099594a	intelligent
bn:00099598a	essentiel
bn:00099598a	principal
bn:00099602a	enfantin
bn:00099602a	puéril
bn:00099604a	enfantin
bn:00099605a	enfantin
bn:00099605a	simple
bn:00099609a	glacial
bn:00099614a	chinois
bn:00099616a	vermillon
bn:00099626a	chevaleresque
bn:00099627a	chevaleresque
bn:00099634a	premier
bn:00099634a	prime
bn:00099644a	exigeant
bn:00099652a	chorégraphique
bn:00099655a	chrétien
bn:00099656a	chrétien
bn:00099665a	chromatographique
bn:00099672a	potelé
bn:00099677a	trapu
bn:00099679a	churchillien
bn:00099684a	tumultueux
bn:00099694a	cinématographique
bn:00099702a	arrondi
bn:00099702a	circulaire
bn:00099702a	rond
bn:00099708a	environnant
bn:00099712a	limité
bn:00099713a	circonspect
bn:00099725a	civil
bn:00099725a	civique
bn:00099727a	civil
bn:00099728a	courtois
bn:00099733a	civil
bn:00099734a	civilisé
bn:00099736a	vêtir
bn:00099740a	insistant
bn:00099742a	humide
bn:00099743a	clandestin
bn:00099743a	secret
bn:00099753a	classique
bn:00099754a	hellénique
bn:00099758a	distinctif
bn:00099775a	lourd
bn:00099776a	propre
bn:00099777a	pur
bn:00099778a	clair
bn:00099778a	léger
bn:00099778a	propre
bn:00099779a	propre
bn:00099780a	net
bn:00099787a	sportif
bn:00099791a	net
bn:00099795a	clair
bn:00099796a	innocent
bn:00099802a	clair
bn:00099802a	évident
bn:00099803a	clair
bn:00099804a	clair
bn:00099805a	clair
bn:00099808a	clair
bn:00099815a	précis
bn:00099827a	administratif
bn:00099838a	clinique
bn:00099839a	clinique
bn:00099853a	monastique
bn:00099856a	clonique
bn:00099857a	proche
bn:00099858a	étroit
bn:00099858a	proche
bn:00099859a	proche
bn:00099860a	attentif
bn:00099860a	minutieux
bn:00099861a	fidèle
bn:00099861a	proche
bn:00099876a	fermé
bn:00099877a	fermé
bn:00099878a	fermé
bn:00099879a	fermé
bn:00099891a	dernier
bn:00099898a	nébuleux
bn:00099898a	nuageux
bn:00099900a	trouble
bn:00099903a	sirupeux
bn:00099911a	maladroit
bn:00099916a	concomitant
bn:00099916a	concurrent
bn:00099928a	grossier
bn:00099929a	grossier
bn:00099929a	vulgaire
bn:00099932a	granulaire
bn:00099932a	granuleux
bn:00099936a	côtier
bn:00099937a	côtier
bn:00099941a	coaxial
bn:00099943a	transparent
bn:00099949a	farfelu
bn:00099949a	idiot
bn:00099949a	ridicule
bn:00099949a	stupide
bn:00099953a	arrogant
bn:00099970a	cohérent
bn:00099971a	cohérent
bn:00099974a	cohésif
bn:00099981a	froid
bn:00099981a	glacial
bn:00099982a	froid
bn:00099983a	froid
bn:00099988a	glacial
bn:00099989a	froid
bn:00099989a	inhumain
bn:00099995a	impartial
bn:00100003a	pliable
bn:00100009a	payable
bn:00100012a	collectif
bn:00100020a	colloïdal
bn:00100021a	conversationnel
bn:00100021a	familier
bn:00100023a	colombien
bn:00100024a	colonial
bn:00100034a	coloré
bn:00100035a	coloré
bn:00100037a	coloré
bn:00100038a	coloré
bn:00100042a	colossal
bn:00100042a	immense
bn:00100042a	prodigieux
bn:00100064a	mangeable
bn:00100066a	cométaire
bn:00100067a	confortable
bn:00100068a	confortable
bn:00100071a	prospère
bn:00100073a	consolant
bn:00100073a	réconfortant
bn:00100075a	comique
bn:00100076a	dominant
bn:00100080a	proportionnel
bn:00100081a	commercial
bn:00100082a	commercial
bn:00100090a	commun
bn:00100090a	courant
bn:00100091a	commun
bn:00100091a	courant
bn:00100091a	ordinaire
bn:00100092a	commun
bn:00100092a	mutuel
bn:00100093a	commun
bn:00100093a	courant
bn:00100093a	fréquent
bn:00100093a	habituel
bn:00100094a	courant
bn:00100095a	ordinaire
bn:00100100a	courant
bn:00100102a	communautaire
bn:00100103a	communal
bn:00100105a	communicationnel
bn:00100106a	communicatif
bn:00100108a	communiste
bn:00100117a	comparable
bn:00100118a	comparable
bn:00100121a	comparatif
bn:00100122a	relatif
bn:00100126a	compatible
bn:00100131a	rémunérateur
bn:00100133a	compétent
bn:00100134a	compétent
bn:00100136a	compétitif
bn:00100136a	concurrentiel
bn:00100137a	compétitif
bn:00100137a	concurrentiel
bn:00100138a	militant
bn:00100144a	complet
bn:00100144a	entier
bn:00100144a	total
bn:00100145a	complet
bn:00100148a	complexe
bn:00100150a	complexe
bn:00100150a	compliqué
bn:00100151a	flatteur
bn:00100152a	gratuit
bn:00100152a	libre
bn:00100162a	complet
bn:00100162a	exhaustif
bn:00100162a	global
bn:00100171a	compulsif
bn:00100173a	obligatoire
bn:00100179a	concave
bn:00100184a	prétentieux
bn:00100184a	vaniteux
bn:00100185a	concevable
bn:00100194a	conceptuel
bn:00100199a	concerté
bn:00100199a	coopératif
bn:00100202a	concis
bn:00100203a	définitif
bn:00100203a	dernier
bn:00100203a	final
bn:00100203a	ultime
bn:00100204a	concluant
bn:00100206a	concret
bn:00100210a	répréhensible
bn:00100213a	conditionnel
bn:00100223a	confédéré
bn:00100224a	confiant
bn:00100225a	sûr
bn:00100227a	confidentiel
bn:00100231a	confiant
bn:00100236a	contraignant
bn:00100240a	positif
bn:00100243a	confluent
bn:00100251a	confus
bn:00100252a	confus
bn:00100255a	déroutant
bn:00100255a	perplexe
bn:00100261a	congénital
bn:00100263a	congestif
bn:00100273a	hypothétique
bn:00100275a	conjugal
bn:00100278a	conjugué
bn:00100298a	consciencieux
bn:00100301a	conscient
bn:00100302a	conscient
bn:00100303a	conscient
bn:00100306a	successif
bn:00100307a	consécutif
bn:00100309a	unanime
bn:00100312a	conservateur
bn:00100313a	conservateur
bn:00100315a	considérable
bn:00100315a	grand
bn:00100315a	important
bn:00100316a	attentif
bn:00100318a	cohérent
bn:00100318a	compatible
bn:00100318a	conforme
bn:00100318a	constant
bn:00100319a	reproductible
bn:00100320a	uniforme
bn:00100326a	consonantique
bn:00100329a	visible
bn:00100331a	constant
bn:00100341a	constructif
bn:00100348a	magistral
bn:00100359a	contemporain
bn:00100360a	contemporain
bn:00100361a	actuel
bn:00100361a	contemporain
bn:00100362a	méprisable
bn:00100363a	méprisant
bn:00100364a	content
bn:00100370a	contigu
bn:00100370a	immédiat
bn:00100373a	continental
bn:00100380a	constant
bn:00100383a	continu
bn:00100385a	continu
bn:00100386a	continu
bn:00100391a	contractuel
bn:00100392a	contradictoire
bn:00100398a	contraire
bn:00100399a	contraire
bn:00100400a	capricieux
bn:00100402a	contrasté
bn:00100407a	artificiel
bn:00100415a	commode
bn:00100415a	pratique
bn:00100416a	conventionnel
bn:00100417a	conventionnel
bn:00100418a	conventionnel
bn:00100420a	conventionnel
bn:00100420a	schématique
bn:00100421a	conventionnel
bn:00100433a	convaincant
bn:00100434a	convivial
bn:00100436a	convulsif
bn:00100441a	frais
bn:00100441a	froid
bn:00100441a	glacé
bn:00100442a	froid
bn:00100447a	coopératif
bn:00100484a	corporatif
bn:00100487a	corporel
bn:00100490a	correct
bn:00100490a	exact
bn:00100491a	bon
bn:00100491a	correct
bn:00100492a	correct
bn:00100502a	correspondant
bn:00100503a	correspondant
bn:00100519a	cortical
bn:00100526a	casher
bn:00100528a	décoratif
bn:00100530a	cosmique
bn:00100536a	général
bn:00100536a	universel
bn:00100544a	coûteux
bn:00100545a	cher
bn:00100545a	coûteux
bn:00100547a	chaleureux
bn:00100547a	confortable
bn:00100561a	incalculable
bn:00100561a	innombrable
bn:00100569a	courtois
bn:00100577a	couvert
bn:00100582a	lâche
bn:00100585a	modeste
bn:00100588a	intime
bn:00100591a	idiot
bn:00100594a	astucieux
bn:00100594a	rusé
bn:00100596a	montagneux
bn:00100600a	branlant
bn:00100609a	fou
bn:00100610a	fou
bn:00100611a	fou
bn:00100617a	crémeux
bn:00100622a	créatif
bn:00100623a	créatif
bn:00100626a	crédible
bn:00100628a	honorable
bn:00100649a	criminel
bn:00100661a	handicapé
bn:00100662a	invalidant
bn:00100663a	aigu
bn:00100663a	croquant
bn:00100663a	net
bn:00100663a	vif
bn:00100668a	concis
bn:00100672a	critique
bn:00100673a	critique
bn:00100674a	critique
bn:00100675a	crucial
bn:00100675a	essentiel
bn:00100675a	vital
bn:00100676a	crucial
bn:00100677a	critique
bn:00100679a	guttural
bn:00100687a	croisé
bn:00100687a	transversal
bn:00100687a	transverse
bn:00100697a	transversal
bn:00100709a	bondé
bn:00100716a	crucial
bn:00100716a	important
bn:00100717a	crucial
bn:00100721a	brut
bn:00100721a	grossier
bn:00100722a	grossier
bn:00100722a	vulgaire
bn:00100724a	primitif
bn:00100725a	brut
bn:00100726a	friable
bn:00100728a	écrasé
bn:00100729a	écrasant
bn:00100736a	flagrant
bn:00100740a	énigmatique
bn:00100740a	impénétrable
bn:00100740a	mystérieux
bn:00100744a	transparent
bn:00100745a	lucide
bn:00100750a	cubain
bn:00100753a	cubiste
bn:00100761a	culturel
bn:00100762a	culturel
bn:00100762a	ethnique
bn:00100763a	culturel
bn:00100766a	lourd
bn:00100772a	joli
bn:00100783a	amusant
bn:00100783a	curieux
bn:00100783a	drôle
bn:00100783a	étrange
bn:00100783a	particulier
bn:00100784a	curieux
bn:00100787a	bouclé
bn:00100790a	actuel
bn:00100790a	courant
bn:00100791a	curriculaire
bn:00100795a	fichu
bn:00100802a	courbé
bn:00100813a	habituel
bn:00100828a	mignon
bn:00100846a	cylindrique
bn:00100849a	cynique
bn:00100876a	délicat
bn:00100877a	délicat
bn:00100884a	préjudiciable
bn:00100889a	fichu
bn:00100889a	foutu
bn:00100889a	maudire
bn:00100892a	humide
bn:00100895a	dangereux
bn:00100896a	dangereux
bn:00100896a	grave
bn:00100896a	sérieux
bn:00100897a	danois
bn:00100899a	élégant
bn:00100899a	enjoué
bn:00100900a	marbré
bn:00100902a	sombre
bn:00100903a	foncé
bn:00100903a	noir
bn:00100903a	sombre
bn:00100904a	noir
bn:00100904a	sombre
bn:00100906a	maussade
bn:00100906a	morose
bn:00100907a	obscur
bn:00100914a	vert
bn:00100915a	basané
bn:00100927a	expérimental
bn:00100939a	groggy
bn:00100942a	éblouissant
bn:00100948a	mort
bn:00100949a	mort
bn:00100951a	mort
bn:00100956a	stagnant
bn:00100966a	vrai
bn:00100969a	mortel
bn:00100970a	létal
bn:00100971a	virulent
bn:00100972a	mortel
bn:00100974a	impassible
bn:00100974a	inexpressif
bn:00100975a	sourd
bn:00100980a	assourdissant
bn:00100981a	bon
bn:00100981a	cher
bn:00101000a	agréable
bn:00101000a	décent
bn:00101000a	gentil
bn:00101000a	sympa
bn:00101006a	trompeur
bn:00101007a	trompeur
bn:00101009a	déterminant
bn:00101014a	décisif
bn:00101030a	réduit
bn:00101037a	dévoué
bn:00101040a	déductible
bn:00101041a	déductif
bn:00101043a	profond
bn:00101044a	profond
bn:00101045a	profond
bn:00101047a	profond
bn:00101048a	profond
bn:00101048a	riche
bn:00101049a	profond
bn:00101057a	frit
bn:00101064a	creux
bn:00101070a	frustré
bn:00101071a	défectueux
bn:00101072a	défectueux
bn:00101075a	défendable
bn:00101077a	nu
bn:00101078a	défensif
bn:00101083a	déficient
bn:00101084a	insuffisant
bn:00101087a	définissable
bn:00101090a	certain
bn:00101090a	définitif
bn:00101090a	précis
bn:00101091a	définitif
bn:00101092a	définitif
bn:00101099a	habile
bn:00101110a	sec
bn:00101121a	délicat
bn:00101122a	délicat
bn:00101123a	délicat
bn:00101123a	fragile
bn:00101124a	délicat
bn:00101125a	délicat
bn:00101126a	délicat
bn:00101128a	charmant
bn:00101128a	délicieux
bn:00101137a	frénétique
bn:00101144a	somptueux
bn:00101146a	exigeant
bn:00101147a	humiliant
bn:00101148a	démocratique
bn:00101149a	démocrate
bn:00101149a	démocratique
bn:00101150a	populaire
bn:00101154a	démoniaque
bn:00101155a	démontrable
bn:00101172a	confessionnel
bn:00101177a	dense
bn:00101179a	dense
bn:00101180a	ennuyeux
bn:00101180a	stupide
bn:00101181a	dentaire
bn:00101185a	départemental
bn:00101186a	fiable
bn:00101187a	fiable
bn:00101187a	honnête
bn:00101189a	bon
bn:00101192a	dépendant
bn:00101201a	déplorable
bn:00101202a	misérable
bn:00101211a	moqueur
bn:00101221a	descendant
bn:00101224a	descriptif
bn:00101230a	méritant
bn:00101236a	désirable
bn:00101236a	souhaitable
bn:00101241a	désespéré
bn:00101247a	vil
bn:00101249a	vindicatif
bn:00101259a	destructeur
bn:00101262a	détachable
bn:00101263a	isolé
bn:00101268a	détaillé
bn:00101268a	minutieux
bn:00101269a	détectable
bn:00101270a	détectable
bn:00101289a	sous-développé
bn:00101292a	diabolique
bn:00101294a	sournois
bn:00101296a	dévoué
bn:00101299a	dévoué
bn:00101309a	diachronique
bn:00101313a	diagnostique
bn:00101314a	symptomatique
bn:00101315a	diagonal
bn:00101316a	diagonalisable
bn:00101323a	polaire
bn:00101329a	diatomique
bn:00101346a	alimentaire
bn:00101347a	autre
bn:00101347a	différent
bn:00101348a	autre
bn:00101348a	différent
bn:00101349a	différent
bn:00101350a	différent
bn:00101352a	différentiable
bn:00101354a	différentiel
bn:00101356a	différencié
bn:00101358a	difficile
bn:00101358a	dur
bn:00101365a	diffus
bn:00101367a	digestible
bn:00101368a	digestif
bn:00101375a	digne
bn:00101378a	tangentiel
bn:00101382a	assidu
bn:00101386a	sombre
bn:00101387a	flou
bn:00101387a	pâle
bn:00101387a	sombre
bn:00101390a	simple
bn:00101391a	dimensionnel
bn:00101394a	réduit
bn:00101398a	boueux
bn:00101405a	diplomatique
bn:00101406a	diplomatique
bn:00101411a	direct
bn:00101412a	direct
bn:00101413a	direct
bn:00101424a	directionnel
bn:00101429a	sale
bn:00101431a	sale
bn:00101440a	handicapé
bn:00101448a	décevant
bn:00101454a	sceptique
bn:00101457a	discernable
bn:00101458a	discernable
bn:00101459a	évident
bn:00101459a	observable
bn:00101467a	discipliné
bn:00101468a	discipliné
bn:00101473a	déconcertant
bn:00101496a	discret
bn:00101496a	distinct
bn:00101497a	discrétionnaire
bn:00101507a	hautain
bn:00101508a	pathologique
bn:00101515a	insatisfait
bn:00101516a	fatigué
bn:00101517a	dégoûtant
bn:00101517a	sale
bn:00101519a	ébouriffé
bn:00101520a	malhonnête
bn:00101528a	indifférent
bn:00101535a	isolé
bn:00101541a	antipatriotique
bn:00101546a	désobéissant
bn:00101550a	désordonné
bn:00101551a	chaotique
bn:00101554a	disparate
bn:00101558a	dispersé
bn:00101560a	mécontent
bn:00101566a	disproportionné
bn:00101571a	inquiet
bn:00101577a	tumultueux
bn:00101580a	clivant
bn:00101580a	divisive
bn:00101583a	dissemblable
bn:00101586a	séparable
bn:00101592a	féminin
bn:00101593a	distal
bn:00101595a	éloigné
bn:00101595a	lointain
bn:00101596a	éloigné
bn:00101597a	éloigné
bn:00101597a	lointain
bn:00101598a	éloigné
bn:00101598a	reculé
bn:00101601a	distinct
bn:00101602a	distinct
bn:00101602a	net
bn:00101603a	distinctif
bn:00101603a	typique
bn:00101604a	distinct
bn:00101604a	distinguable
bn:00101605a	éminent
bn:00101606a	prestigieux
bn:00101614a	affligeant
bn:00101614a	inquiétant
bn:00101614a	perturbant
bn:00101614a	troublant
bn:00101617a	distributif
bn:00101620a	agité
bn:00101626a	divergent
bn:00101628a	divers
bn:00101629a	divers
bn:00101630a	divers
bn:00101637a	divin
bn:00101638a	divin
bn:00101639a	divin
bn:00101641a	divin
bn:00101649a	vertigineux
bn:00101653a	docile
bn:00101657a	doctrinaire
bn:00101658a	doctrinal
bn:00101662a	sénile
bn:00101665a	épuisé
bn:00101669a	dogmatique
bn:00101680a	domestique
bn:00101680a	intérieur
bn:00101680a	national
bn:00101681a	domestique
bn:00101682a	domestique
bn:00101687a	dominant
bn:00101692a	dominateur
bn:00101700a	parti
bn:00101705a	malheureux
bn:00101723a	double
bn:00101724a	double
bn:00101725a	double
bn:00101741a	douteux
bn:00101741a	incertain
bn:00101742a	douteux
bn:00101742a	dubitatif
bn:00101744a	sceptique
bn:00101753a	descendant
bn:00101762a	baissé
bn:00101764a	pelucheux
bn:00101778a	morne
bn:00101778a	terne
bn:00101779a	terne
bn:00101782a	venteux
bn:00101786a	épuisant
bn:00101787a	dramatique
bn:00101787a	spectaculaire
bn:00101788a	dramatique
bn:00101788a	frappant
bn:00101788a	spectaculaire
bn:00101793a	radical
bn:00101795a	long
bn:00101800a	onirique
bn:00101801a	rêveur
bn:00101802a	langoureux
bn:00101802a	languissant
bn:00101808a	chic
bn:00101822a	énergique
bn:00101836a	ivre
bn:00101837a	ivre
bn:00101839a	assécher
bn:00101839a	sec
bn:00101840a	ironique
bn:00101840a	sec
bn:00101867a	légitime
bn:00101871a	doux
bn:00101872a	ennuyeux
bn:00101872a	terne
bn:00101873a	terne
bn:00101874a	étouffé
bn:00101874a	sourd
bn:00101875a	terne
bn:00101900a	correspondant
bn:00101901a	durable
bn:00101905a	sombre
bn:00101908a	néerlandais
bn:00101916a	mourant
bn:00101917a	dynamique
bn:00101930a	avide
bn:00101930a	désireux
bn:00101930a	enthousiaste
bn:00101930a	impatient
bn:00101935a	ancien
bn:00101935a	antérieur
bn:00101935a	anticipé
bn:00101935a	initial
bn:00101935a	précoce
bn:00101935a	premier
bn:00101935a	primitif
bn:00101935a	rapide
bn:00101936a	anticipé
bn:00101936a	initial
bn:00101936a	précoce
bn:00101936a	premier
bn:00101937a	ancien
bn:00101937a	antérieur
bn:00101937a	premier
bn:00101937a	primitif
bn:00101938a	premier
bn:00101939a	premier
bn:00101944a	sérieux
bn:00101944a	sincère
bn:00101956a	terreux
bn:00101957a	terreux
bn:00101967a	oriental
bn:00101973a	facile
bn:00101973a	simple
bn:00101974a	facile
bn:00101975a	facile
bn:00101976a	naturel
bn:00101988a	exubérant
bn:00101988a	vif
bn:00101990a	ecclésiastique
bn:00101997a	authentique
bn:00101997a	véritable
bn:00101998a	éclectique
bn:00102001a	économique
bn:00102002a	économique
bn:00102003a	économique
bn:00102006a	économique
bn:00102007a	extatique
bn:00102021a	nerveux
bn:00102025a	éditorial
bn:00102029a	éducatif
bn:00102030a	éducatif
bn:00102038a	effectif
bn:00102038a	efficace
bn:00102039a	efficace
bn:00102040a	efficace
bn:00102041a	effectif
bn:00102042a	effectif
bn:00102044a	légal
bn:00102048a	efficace
bn:00102049a	efficace
bn:00102056a	ovale
bn:00102066a	élaboré
bn:00102068a	élastique
bn:00102069a	élastique
bn:00102069a	flexible
bn:00102074a	ancien
bn:00102075a	aîné
bn:00102076a	étrange
bn:00102081a	électoral
bn:00102083a	électrique
bn:00102086a	électrique
bn:00102087a	électrisant
bn:00102087a	excitant
bn:00102093a	électromagnétique
bn:00102099a	électronique
bn:00102102a	électrostatique
bn:00102103a	élégant
bn:00102108a	élémentaire
bn:00102111a	élémentaire
bn:00102111a	simple
bn:00102113a	géant
bn:00102113a	gigantesque
bn:00102113a	grand
bn:00102114a	élevé
bn:00102115a	élevé
bn:00102123a	éligible
bn:00102132a	allongé
bn:00102133a	éloquent
bn:00102134a	insaisissable
bn:00102135a	insaisissable
bn:00102136a	subtil
bn:00102142a	embarrassant
bn:00102142a	gênant
bn:00102147a	emblématique
bn:00102147a	symbolique
bn:00102158a	élevé
bn:00102158a	haut
bn:00102158a	supérieur
bn:00102159a	élevé
bn:00102161a	émotionnel
bn:00102162a	émotionnel
bn:00102163a	émotionnel
bn:00102166a	énergique
bn:00102171a	empirique
bn:00102176a	vide
bn:00102177a	creux
bn:00102177a	vide
bn:00102184a	sublime
bn:00102212a	infini
bn:00102212a	interminable
bn:00102235a	énergétique
bn:00102235a	énergique
bn:00102236a	énergique
bn:00102248a	anglais
bn:00102254a	énigmatique
bn:00102256a	agréable
bn:00102268a	énorme
bn:00102268a	formidable
bn:00102268a	grand
bn:00102268a	immense
bn:00102269a	suivant
bn:00102274a	entreprenant
bn:00102276a	enthousiaste
bn:00102277a	complet
bn:00102277a	entier
bn:00102277a	global
bn:00102277a	plein
bn:00102277a	total
bn:00102277a	tout
bn:00102278a	entier
bn:00102278a	intact
bn:00102278a	tout
bn:00102291a	environnemental
bn:00102295a	enzymatique
bn:00102297a	éosinophile
bn:00102300a	éphémère
bn:00102302a	épique
bn:00102302a	héroïque
bn:00102303a	épique
bn:00102307a	luxueux
bn:00102310a	épidémique
bn:00102315a	épileptique
bn:00102318a	épiphysaire
bn:00102324a	occasionnel
bn:00102335a	placide
bn:00102336a	égal
bn:00102336a	équivalent
bn:00102336a	même
bn:00102356a	équitable
bn:00102362a	droit
bn:00102376a	érotique
bn:00102379a	erratique
bn:00102384a	erroné
bn:00102387a	ancien
bn:00102387a	antérieur
bn:00102388a	érudit
bn:00102388a	savant
bn:00102397a	ésotérique
bn:00102398a	exceptionnel
bn:00102398a	particulier
bn:00102398a	spécial
bn:00102400a	essentiel
bn:00102400a	indispensable
bn:00102401a	essentiel
bn:00102408a	bon
bn:00102408a	respectable
bn:00102417a	éthique
bn:00102418a	éthique
bn:00102419a	éthique
bn:00102425a	étymologique
bn:00102430a	eugénique
bn:00102436a	euphorique
bn:00102438a	eurasien
bn:00102440a	européen
bn:00102445a	évangélique
bn:00102452a	évasif
bn:00102455a	égal
bn:00102458a	régulier
bn:00102463a	éventuel
bn:00102463a	final
bn:00102464a	omniprésent
bn:00102466a	tout
bn:00102467a	tout
bn:00102469a	banal
bn:00102469a	quotidien
bn:00102469a	routinier
bn:00102472a	probant
bn:00102474a	maléfique
bn:00102474a	mauvais
bn:00102475a	vicieux
bn:00102481a	évolutif
bn:00102487a	exact
bn:00102487a	précis
bn:00102489a	austère
bn:00102489a	strict
bn:00102491a	exagéré
bn:00102491a	excessif
bn:00102495a	exceptionnel
bn:00102496a	excellent
bn:00102499a	excédentaire
bn:00102499a	excessif
bn:00102499a	redondant
bn:00102499a	supplémentaire
bn:00102500a	excessif
bn:00102501a	extravagant
bn:00102508a	excité
bn:00102509a	excitant
bn:00102509a	passionnant
bn:00102510a	excitant
bn:00102510a	passionnant
bn:00102511a	exclusif
bn:00102511a	seul
bn:00102521a	exploitable
bn:00102521a	faisable
bn:00102521a	possible
bn:00102521a	réalisable
bn:00102521a	viable
bn:00102523a	exécutif
bn:00102534a	épuisant
bn:00102534a	fatigant
bn:00102535a	approfondi
bn:00102535a	exhaustif
bn:00102542a	existant
bn:00102543a	réel
bn:00102543a	véritable
bn:00102543a	vrai
bn:00102544a	existentiel
bn:00102544a	expérientiel
bn:00102548a	actuel
bn:00102548a	existant
bn:00102549a	existant
bn:00102565a	grand
bn:00102565a	grandiose
bn:00102565a	héroïque
bn:00102570a	opportun
bn:00102576a	cher
bn:00102576a	coûteux
bn:00102577a	expérimenté
bn:00102578a	expérientiel
bn:00102579a	expérimental
bn:00102580a	expérimental
bn:00102586a	interprétable
bn:00102587a	explicatif
bn:00102589a	explicite
bn:00102594a	exploratoire
bn:00102595a	explosif
bn:00102596a	explosif
bn:00102600a	ouvert
bn:00102600a	plein
bn:00102603a	explicite
bn:00102606a	exprimable
bn:00102607a	expressionniste
bn:00102608a	expressif
bn:00102613a	existant
bn:00102617a	approfondi
bn:00102617a	étendu
bn:00102617a	extensif
bn:00102617a	important
bn:00102617a	vaste
bn:00102622a	extérieur
bn:00102624a	extérieur
bn:00102624a	externe
bn:00102625a	extérieur
bn:00102625a	externe
bn:00102626a	extérieur
bn:00102626a	international
bn:00102642a	extralégal
bn:00102645a	superflu
bn:00102646a	étranger
bn:00102647a	étranger
bn:00102649a	extraordinaire
bn:00102651a	extraordinaire
bn:00102654a	extraterrestre
bn:00102655a	extravagant
bn:00102658a	extrême
bn:00102659a	extrême
bn:00102660a	extrême
bn:00102661a	extrême
bn:00102662a	radical
bn:00102670a	luxuriant
bn:00102670a	tumultueux
bn:00102671a	triomphant
bn:00102682a	légendaire
bn:00102683a	fictif
bn:00102684a	mythologique
bn:00102713a	indolent
bn:00102713a	paresseux
bn:00102714a	faible
bn:00102714a	léger
bn:00102715a	léger
bn:00102716a	faible
bn:00102719a	équitable
bn:00102719a	juste
bn:00102720a	raisonnable
bn:00102728a	fidèle
bn:00102730a	traître
bn:00102741a	imparfait
bn:00102746a	faux
bn:00102747a	erroné
bn:00102757a	génétique
bn:00102758a	familier
bn:00102759a	familier
bn:00102760a	intime
bn:00102765a	fantaisiste
bn:00102766a	imaginaire
bn:00102768a	élégant
bn:00102774a	fantastique
bn:00102774a	formidable
bn:00102774a	immense
bn:00102774a	incroyable
bn:00102774a	magnifique
bn:00102774a	merveilleux
bn:00102775a	fantastique
bn:00102776a	fantastique
bn:00102778a	éloigné
bn:00102778a	lointain
bn:00102780a	éloigné
bn:00102784a	lointain
bn:00102786a	réactionnaire
bn:00102797a	fasciste
bn:00102802a	rapide
bn:00102807a	bref
bn:00102807a	rapide
bn:00102818a	minutieux
bn:00102820a	dodu
bn:00102820a	gras
bn:00102820a	gros
bn:00102821a	épais
bn:00102822a	graisseux
bn:00102823a	juteux
bn:00102824a	riche
bn:00102827a	fatal
bn:00102828a	fatal
bn:00102828a	fatidique
bn:00102842a	impeccable
bn:00102845a	favorable
bn:00102846a	favorable
bn:00102847a	favorable
bn:00102848a	amiable
bn:00102848a	amical
bn:00102855a	intrépide
bn:00102868a	fécond
bn:00102869a	fertile
bn:00102869a	prolifique
bn:00102870a	fédéral
bn:00102871a	fédéral
bn:00102872a	fédéral
bn:00102875a	faible
bn:00102881a	heureux
bn:00102882a	félin
bn:00102884a	femelle
bn:00102884a	féminin
bn:00102886a	féminin
bn:00102895a	sauvage
bn:00102901a	féroce
bn:00102904a	ferromagnétique
bn:00102905a	fertile
bn:00102909a	festif
bn:00102911a	séduisant
bn:00102912a	fétide
bn:00102912a	nauséabond
bn:00102914a	féodal
bn:00102918a	fébrile
bn:00102918a	fiévreux
bn:00102920a	rare
bn:00102934a	plastique
bn:00102935a	fictif
bn:00102938a	petit
bn:00102938a	trivial
bn:00102943a	féroce
bn:00102943a	véhément
bn:00102944a	ardent
bn:00102944a	enflammé
bn:00102948a	figuratif
bn:00102965a	immonde
bn:00102965a	sale
bn:00102969a	définitif
bn:00102969a	dernier
bn:00102969a	final
bn:00102969a	net
bn:00102970a	définitif
bn:00102971a	financier
bn:00102971a	fiscal
bn:00102973a	fin
bn:00102974a	noble
bn:00102977a	poudreux
bn:00102985a	pointilleux
bn:00102997a	ferme
bn:00102997a	inébranlable
bn:00102997a	solide
bn:00102997a	stable
bn:00102998a	ferme
bn:00102998a	solide
bn:00102999a	ferme
bn:00103000a	ferme
bn:00103000a	rigoureux
bn:00103000a	solide
bn:00103004a	ferme
bn:00103006a	premier
bn:00103007a	inaugural
bn:00103007a	premier
bn:00103008a	premier
bn:00103014a	direct
bn:00103017a	bizarre
bn:00103017a	douteux
bn:00103017a	drôle
bn:00103017a	étrange
bn:00103017a	suspect
bn:00103023a	bon
bn:00103024a	bon
bn:00103024a	prêt
bn:00103025a	bon
bn:00103031a	approprié
bn:00103032a	approprié
bn:00103040a	fixe
bn:00103041a	figé
bn:00103042a	figé
bn:00103058a	plan
bn:00103058a	plat
bn:00103059a	plan
bn:00103059a	plat
bn:00103061a	plat
bn:00103076a	aplati
bn:00103081a	impeccable
bn:00103088a	rapide
bn:00103089a	fugitif
bn:00103089a	momentané
bn:00103097a	flexible
bn:00103098a	flexible
bn:00103099a	flexible
bn:00103105a	fragile
bn:00103110a	impudent
bn:00103110a	insolent
bn:00103113a	flottant
bn:00103118a	laineux
bn:00103122a	floral
bn:00103125a	florentin
bn:00103127a	rubicond
bn:00103134a	lisse
bn:00103135a	fluide
bn:00103139a	fluorescent
bn:00103143a	rouge
bn:00103154a	focal
bn:00103170a	folliculaire
bn:00103171a	suivant
bn:00103172a	prochain
bn:00103172a	suivant
bn:00103173a	suivant
bn:00103178a	téméraire
bn:00103179a	insensé
bn:00103180a	infaillible
bn:00103191a	interdire
bn:00103202a	précédent
bn:00103205a	étranger
bn:00103206a	étranger
bn:00103210a	judiciaire
bn:00103213a	prévisible
bn:00103216a	oublieux
bn:00103223a	formel
bn:00103224a	formel
bn:00103224a	officiel
bn:00103225a	formel
bn:00103232a	ancien
bn:00103232a	antérieur
bn:00103232a	premier
bn:00103233a	ancien
bn:00103233a	antérieur
bn:00103233a	précédent
bn:00103236a	redoutable
bn:00103248a	chanceux
bn:00103248a	fortuné
bn:00103249a	fortuné
bn:00103251a	avancé
bn:00103251a	avant
bn:00103263a	quadruple
bn:00103282a	fragile
bn:00103283a	fragmentaire
bn:00103285a	fragile
bn:00103285a	frêle
bn:00103291a	frénétique
bn:00103299a	gratuit
bn:00103299a	libre
bn:00103300a	libre
bn:00103301a	libre
bn:00103316a	distinct
bn:00103321a	français
bn:00103323a	maniaque
bn:00103324a	fréquent
bn:00103325a	fréquent
bn:00103326a	frais
bn:00103326a	neuf
bn:00103326a	nouveau
bn:00103327a	nouveau
bn:00103327a	récent
bn:00103328a	frais
bn:00103328a	nouveau
bn:00103329a	frais
bn:00103340a	freudien
bn:00103344a	accueillant
bn:00103344a	amical
bn:00103344a	sympathique
bn:00103349a	glacé
bn:00103355a	marginal
bn:00103358a	frivole
bn:00103359a	premier
bn:00103360a	frontal
bn:00103374a	gelé
bn:00103378a	fructueux
bn:00103381a	frustrant
bn:00103391a	bon
bn:00103391a	complet
bn:00103391a	plein
bn:00103392a	complet
bn:00103392a	plein
bn:00103392a	total
bn:00103393a	plein
bn:00103394a	plein
bn:00103395a	bon
bn:00103395a	grand
bn:00103395a	tout
bn:00103396a	large
bn:00103416a	fonctionnel
bn:00103417a	fonctionnel
bn:00103419a	opérationnel
bn:00103419a	utilisable
bn:00103424a	fondamental
bn:00103424a	rudimentaire
bn:00103425a	fondamental
bn:00103426a	fondamentaliste
bn:00103430a	fongique
bn:00103444a	furtif
bn:00103448a	vain
bn:00103449a	futur
bn:00103450a	futur
bn:00103451a	futur
bn:00103451a	prochain
bn:00103466a	courageux
bn:00103467a	fier
bn:00103467a	majestueux
bn:00103472a	galvanique
bn:00103472a	voltaïque
bn:00103487a	gazeux
bn:00103493a	gastro-intestinal
bn:00103500a	gai
bn:00103500a	jovial
bn:00103500a	joyeux
bn:00103501a	gai
bn:00103501a	joyeux
bn:00103502a	gai
bn:00103507a	général
bn:00103508a	général
bn:00103509a	général
bn:00103514a	productif
bn:00103519a	généreux
bn:00103521a	généreux
bn:00103533a	chrétien
bn:00103533a	gentil
bn:00103534a	doux
bn:00103535a	doux
bn:00103535a	paisible
bn:00103536a	léger
bn:00103538a	authentique
bn:00103538a	réel
bn:00103538a	véritable
bn:00103541a	géographique
bn:00103543a	géologique
bn:00103544a	géométrique
bn:00103545a	géométrique
bn:00103560a	allemand
bn:00103565a	teutonique
bn:00103567a	germinal
bn:00103574a	disponible
bn:00103576a	macabre
bn:00103581a	géant
bn:00103581a	gigantesque
bn:00103601a	content
bn:00103601a	heureux
bn:00103602a	heureux
bn:00103606a	prestigieux
bn:00103612a	vitreux
bn:00103623a	brillant
bn:00103623a	luisant
bn:00103624a	mondial
bn:00103625a	glomérulaire
bn:00103627a	glorieux
bn:00103627a	magnifique
bn:00103628a	splendide
bn:00103638a	collant
bn:00103638a	pâteux
bn:00103639a	sombre
bn:00103658a	impie
bn:00103664a	doré
bn:00103672a	bon
bn:00103672a	favorable
bn:00103672a	meilleur
bn:00103672a	utile
bn:00103672a	valide
bn:00103673a	bon
bn:00103674a	bon
bn:00103675a	bon
bn:00103677a	bon
bn:00103678a	bon
bn:00103680a	sérieux
bn:00103682a	salutaire
bn:00103689a	sain
bn:00103689a	salubre
bn:00103691a	respectable
bn:00103695a	magnifique
bn:00103699a	médiéval
bn:00103705a	gracieux
bn:00103709a	bienveillant
bn:00103716a	graduel
bn:00103716a	progressif
bn:00103722a	grammatical
bn:00103727a	pompeux
bn:00103728a	grandiose
bn:00103738a	graphique
bn:00103739a	graphique
bn:00103741a	graphique
bn:00103742a	pictural
bn:00103742a	vif
bn:00103742a	vivant
bn:00103747a	local
bn:00103751a	reconnaissant
bn:00103755a	rugueux
bn:00103756a	gratuit
bn:00103757a	inutile
bn:00103758a	grave
bn:00103758a	sobre
bn:00103758a	solennel
bn:00103763a	gravitationnel
bn:00103764a	gris
bn:00103764a	grisâtre
bn:00103765a	gris
bn:00103777a	gras
bn:00103777a	huileux
bn:00103779a	élevé
bn:00103779a	grand
bn:00103779a	important
bn:00103779a	significatif
bn:00103779a	supérieur
bn:00103780a	formidable
bn:00103780a	grand
bn:00103780a	important
bn:00103781a	grand
bn:00103785a	grec
bn:00103796a	grégaire
bn:00103797a	grégaire
bn:00103803a	inexorable
bn:00103803a	lugubre
bn:00103803a	sévère
bn:00103804a	grisonnant
bn:00103809a	brut
bn:00103811a	grossier
bn:00103813a	grotesque
bn:00103813a	monstrueux
bn:00103822a	rauque
bn:00103825a	guatémaltèque
bn:00103831a	coupable
bn:00103832a	coupable
bn:00103856a	habitable
bn:00103864a	hémolytique
bn:00103923a	manuscrit
bn:00103931a	malheureux
bn:00103931a	misérable
bn:00103931a	pathétique
bn:00103931a	pauvre
bn:00103933a	heureux
bn:00103933a	joyeux
bn:00103935a	tactile
bn:00103936a	difficile
bn:00103936a	dur
bn:00103937a	dur
bn:00103938a	fort
bn:00103938a	puissant
bn:00103938a	sévère
bn:00103945a	strict
bn:00103947a	dur
bn:00103956a	pratique
bn:00103970a	industrieux
bn:00103970a	travailleur
bn:00103971a	courageux
bn:00103971a	robuste
bn:00103971a	solide
bn:00103973a	insensé
bn:00103975a	inoffensif
bn:00103976a	harmonique
bn:00103980a	harmonieux
bn:00103981a	harmonieux
bn:00103987a	dur
bn:00103987a	sévère
bn:00103988a	rude
bn:00103993a	rapide
bn:00103996a	haineux
bn:00103997a	méchant
bn:00103997a	odieux
bn:00103997a	vil
bn:00104003a	persistant
bn:00104006a	belliqueux
bn:00104008a	noisette
bn:00104023a	sain
bn:00104025a	sain
bn:00104026a	sain
bn:00104027a	intelligent
bn:00104027a	solide
bn:00104027a	sonore
bn:00104033a	encourageant
bn:00104036a	sincère
bn:00104037a	solide
bn:00104041a	chaud
bn:00104045a	providentiel
bn:00104050a	épais
bn:00104050a	lourd
bn:00104051a	dense
bn:00104051a	fort
bn:00104051a	lourd
bn:00104052a	épais
bn:00104052a	lourd
bn:00104053a	lourd
bn:00104054a	lourd
bn:00104060a	sonore
bn:00104078a	hébreu
bn:00104079a	hébraïque
bn:00104085a	hégélien
bn:00104091a	hellénique
bn:00104094a	serviable
bn:00104094a	utile
bn:00104095a	impuissant
bn:00104096a	désemparé
bn:00104096a	impuissant
bn:00104097a	impuissant
bn:00104103a	hémisphérique
bn:00104115a	herculéen
bn:00104116a	herculéen
bn:00104122a	hermétique
bn:00104123a	héroïque
bn:00104126a	hésitant
bn:00104134a	hétérogène
bn:00104143a	hétérozygote
bn:00104153a	scandaleux
bn:00104162a	cher
bn:00104162a	élevé
bn:00104162a	fort
bn:00104162a	grand
bn:00104162a	haut
bn:00104162a	supérieur
bn:00104163a	élevé
bn:00104163a	fort
bn:00104163a	grand
bn:00104163a	haut
bn:00104164a	aigu
bn:00104164a	élevé
bn:00104164a	haut
bn:00104165a	élevé
bn:00104165a	grand
bn:00104196a	supérieur
bn:00104197a	supérieur
bn:00104221a	historique
bn:00104223a	historique
bn:00104224a	historique
bn:00104239a	creux
bn:00104252a	natal
bn:00104253a	interne
bn:00104253a	national
bn:00104262a	simple
bn:00104263a	ordinaire
bn:00104263a	simple
bn:00104264a	simple
bn:00104270a	homérique
bn:00104286a	homogène
bn:00104297a	homosexuel
bn:00104300a	homozygote
bn:00104302a	honnête
bn:00104302a	honorable
bn:00104303a	honnête
bn:00104307a	miel
bn:00104320a	prometteur
bn:00104321a	désespéré
bn:00104328a	horizontal
bn:00104340a	accueillant
bn:00104343a	hostile
bn:00104348a	brûlant
bn:00104348a	chaud
bn:00104350a	acharné
bn:00104350a	ardent
bn:00104350a	chaud
bn:00104351a	vif
bn:00104353a	chaud
bn:00104380a	boudeur
bn:00104381a	furieux
bn:00104384a	humain
bn:00104385a	humain
bn:00104386a	humain
bn:00104389a	humain
bn:00104392a	humaniste
bn:00104393a	humaniste
bn:00104395a	humble
bn:00104395a	modeste
bn:00104395a	petit
bn:00104397a	domestique
bn:00104404a	comique
bn:00104404a	humoristique
bn:00104406a	hongrois
bn:00104407a	avide
bn:00104411a	blessé
bn:00104416a	calme
bn:00104416a	discret
bn:00104419a	hyalin
bn:00104433a	hydrophile
bn:00104434a	hydrophobe
bn:00104446a	hyperactif
bn:00104447a	hyperbolique
bn:00104470a	hypophysaire
bn:00104473a	hypothalamique
bn:00104478a	hystérique
bn:00104500a	idéal
bn:00104501a	idéal
bn:00104505a	identique
bn:00104505a	indiscernable
bn:00104506a	identique
bn:00104506a	même
bn:00104510a	identifiable
bn:00104516a	idiomatique
bn:00104518a	idiosyncratique
bn:00104520a	oisif
bn:00104527a	idyllique
bn:00104533a	ignorant
bn:00104534a	ignorant
bn:00104534a	illettré
bn:00104538a	malade
bn:00104549a	infâme
bn:00104549a	notoire
bn:00104559a	inférentiel
bn:00104562a	illégal
bn:00104564a	illégitime
bn:00104567a	illicite
bn:00104569a	analphabète
bn:00104574a	illusoire
bn:00104575a	illustre
bn:00104576a	imaginatif
bn:00104579a	imitatif
bn:00104580a	immaculé
bn:00104580a	impeccable
bn:00104587a	indifférent
bn:00104588a	immature
bn:00104589a	jeune
bn:00104594a	immédiat
bn:00104594a	proche
bn:00104595a	immédiat
bn:00104596a	immédiat
bn:00104604a	immoral
bn:00104605a	immortel
bn:00104610a	résistant
bn:00104628a	impartial
bn:00104630a	infranchissable
bn:00104631a	impassible
bn:00104633a	impatient
bn:00104635a	innocent
bn:00104643a	impératif
bn:00104646a	imparfait
bn:00104652a	royal
bn:00104655a	temporaire
bn:00104660a	impersonnel
bn:00104661a	impersonnel
bn:00104661a	neutre
bn:00104664a	imperméable
bn:00104667a	impie
bn:00104669a	implacable
bn:00104673a	suggestif
bn:00104674a	implicite
bn:00104676a	sous-jacent
bn:00104680a	important
bn:00104681a	grand
bn:00104681a	important
bn:00104681a	significatif
bn:00104687a	impossible
bn:00104688a	impossible
bn:00104688a	inconcevable
bn:00104688a	inimaginable
bn:00104690a	impuissant
bn:00104693a	impraticable
bn:00104694a	imprécis
bn:00104699a	impressionniste
bn:00104701a	impressionnant
bn:00104703a	improbable
bn:00104703a	probable
bn:00104705a	merveilleux
bn:00104707a	illégal
bn:00104708a	mauvais
bn:00104735a	évident
bn:00104745a	opérationnel
bn:00104756a	inaccessible
bn:00104756a	introuvable
bn:00104757a	inexact
bn:00104758a	inactif
bn:00104759a	inactif
bn:00104762a	passif
bn:00104766a	immobile
bn:00104766a	statique
bn:00104766a	tranquille
bn:00104767a	inadéquat
bn:00104767a	insuffisant
bn:00104775a	inaltérable
bn:00104781a	inapproprié
bn:00104782a	inapproprié
bn:00104788a	inaudible
bn:00104789a	inaugural
bn:00104790a	malheureux
bn:00104795a	incalculable
bn:00104798a	incapable
bn:00104799a	incapable
bn:00104808a	furieux
bn:00104808a	indigné
bn:00104809a	incertain
bn:00104814a	incident
bn:00104815a	accessoire
bn:00104822a	enclin
bn:00104825a	inclusif
bn:00104828a	inconscient
bn:00104833a	entrant
bn:00104844a	incompatible
bn:00104851a	incomplet
bn:00104853a	inexplicable
bn:00104860a	insignifiant
bn:00104862a	négligeable
bn:00104865a	incompatible
bn:00104866a	incohérent
bn:00104872a	positif
bn:00104877a	intégré
bn:00104880a	incorrect
bn:00104880a	mauvais
bn:00104888a	croissant
bn:00104891a	incroyable
bn:00104899a	incurable
bn:00104904a	redevable
bn:00104906a	indécent
bn:00104907a	indécent
bn:00104915a	infatigable
bn:00104917a	indéfendable
bn:00104917a	intenable
bn:00104920a	indéfinissable
bn:00104921a	indescriptible
bn:00104921a	indicible
bn:00104921a	ineffable
bn:00104922a	indécis
bn:00104922a	indéfini
bn:00104922a	indéterminé
bn:00104925a	indélébile
bn:00104926a	indélicat
bn:00104928a	indépendant
bn:00104934a	indéterminé
bn:00104941a	indien
bn:00104944a	indifférent
bn:00104946a	inerte
bn:00104946a	neutre
bn:00104953a	indirect
bn:00104954a	indirect
bn:00104964a	indispensable
bn:00104967a	insoluble
bn:00104969a	indistinct
bn:00104971a	individuel
bn:00104971a	seul
bn:00104971a	simple
bn:00104971a	unique
bn:00104972a	individuel
bn:00104973a	individuel
bn:00104975a	individualiste
bn:00104976a	individualiste
bn:00104991a	indulgent
bn:00104992a	indulgent
bn:00104995a	industriel
bn:00104996a	industriel
bn:00104997a	industriel
bn:00105012a	inéligible
bn:00105014a	inéluctable
bn:00105014a	inévitable
bn:00105018a	infaillible
bn:00105019a	inerte
bn:00105020a	torpide
bn:00105024a	inévitable
bn:00105025a	inévitable
bn:00105027a	inexcusable
bn:00105029a	inépuisable
bn:00105033a	inexpérimenté
bn:00105041a	inextricable
bn:00105042a	infaillible
bn:00105045a	septique
bn:00105046a	infectieux
bn:00105047a	infectieux
bn:00105049a	pathogène
bn:00105055a	inférieur
bn:00105056a	inférieur
bn:00105063a	infertile
bn:00105064a	infini
bn:00105064a	innombrable
bn:00105072a	inflammatoire
bn:00105078a	inflexible
bn:00105079a	intransigeant
bn:00105083a	influent
bn:00105084a	informel
bn:00105085a	informel
bn:00105088a	instructif
bn:00105095a	infrarouge
bn:00105097a	rare
bn:00105098a	innocent
bn:00105110a	inhibiteur
bn:00105110a	répressif
bn:00105112a	inhospitalier
bn:00105115a	inhumain
bn:00105119a	initial
bn:00105119a	premier
bn:00105122a	blessé
bn:00105130a	intérieur
bn:00105130a	interne
bn:00105131a	intérieur
bn:00105131a	interne
bn:00105132a	intérieur
bn:00105132a	interne
bn:00105136a	innocent
bn:00105146a	inopérant
bn:00105150a	inorganique
bn:00105153a	investigateur
bn:00105154a	curieux
bn:00105159a	scrutateur
bn:00105161a	fou
bn:00105161a	insensé
bn:00105177a	insensible
bn:00105180a	terrestre
bn:00105183a	intérieur
bn:00105190a	insignifiant
bn:00105196a	insistant
bn:00105196a	répétitif
bn:00105209a	institutionnel
bn:00105214a	instrumental
bn:00105222a	insurmontable
bn:00105227a	insurmontable
bn:00105230a	intact
bn:00105241a	intellectuel
bn:00105242a	intellectuel
bn:00105243a	intelligent
bn:00105244a	intelligent
bn:00105251a	intense
bn:00105256a	intensif
bn:00105259a	intentionnel
bn:00105269a	intercontinental
bn:00105271a	interministériel
bn:00105272a	interdépendant
bn:00105276a	intéressant
bn:00105280a	intérimaire
bn:00105281a	intérieur
bn:00105286a	interlobulaire
bn:00105288a	intermédiaire
bn:00105289a	intermittent
bn:00105290a	intermoléculaire
bn:00105292a	intérieur
bn:00105292a	interne
bn:00105293a	interne
bn:00105294a	international
bn:00105300a	interpersonnel
bn:00105302a	interprétatif
bn:00105305a	mixte
bn:00105312a	interspécifique
bn:00105313a	interétatique
bn:00105314a	interstellaire
bn:00105315a	interstitiel
bn:00105322a	intime
bn:00105322a	proche
bn:00105333a	intractable
bn:00105348a	complexe
bn:00105350a	intrinsèque
bn:00105352a	introductif
bn:00105355a	introspectif
bn:00105360a	intrusif
bn:00105371a	inestimable
bn:00105372a	invariable
bn:00105373a	invariant
bn:00105376a	inverse
bn:00105385a	invisible
bn:00105388a	attrayant
bn:00105390a	involontaire
bn:00105399a	intérieur
bn:00105406a	ionique
bn:00105419a	irlandais
bn:00105424a	ironique
bn:00105427a	irrationnel
bn:00105430a	inconciliable
bn:00105433a	irréductible
bn:00105434a	irrégulier
bn:00105444a	irrémédiable
bn:00105446a	irréparable
bn:00105450a	irrésistible
bn:00105452a	irrésolu
bn:00105453a	irresponsable
bn:00105456a	irréversible
bn:00105457a	irrévocable
bn:00105470a	isolé
bn:00105474a	isolationniste
bn:00105483a	isotonique
bn:00105484a	isotherme
bn:00105486a	isotonique
bn:00105489a	isotopique
bn:00105490a	isotrope
bn:00105493a	italien
bn:00105501a	jacksonien
bn:00105506a	blasé
bn:00105507a	anguleux
bn:00105516a	japonais
bn:00105523a	jazzy
bn:00105527a	facétieux
bn:00105527a	humoristique
bn:00105531a	juif
bn:00105532a	orthodoxe
bn:00105540a	commun
bn:00105540a	conjoint
bn:00105541a	commun
bn:00105552a	joyeux
bn:00105553a	jeune
bn:00105558a	judiciaire
bn:00105563a	juteux
bn:00105564a	délicieux
bn:00105564a	juteux
bn:00105564a	voluptueux
bn:00105568a	jungien
bn:00105570a	jeune
bn:00105570a	junior
bn:00105570a	subalterne
bn:00105580a	juste
bn:00105584a	saillant
bn:00105585a	juvénile
bn:00105610a	kaki
bn:00105613a	tuable
bn:00105617a	gentil
bn:00105622a	cinétique
bn:00105634a	puissant
bn:00105644a	savant
bn:00105645a	connu
bn:00105648a	coréen
bn:00105685a	charger
bn:00105687a	féminin
bn:00105688a	laïc
bn:00105714a	laotien
bn:00105722a	grand
bn:00105733a	larvaire
bn:00105739a	dernier
bn:00105740a	dernier
bn:00105741a	dernier
bn:00105742a	dernier
bn:00105748a	durable
bn:00105748a	permanent
bn:00105751a	tardif
bn:00105752a	dernier
bn:00105752a	récent
bn:00105754a	tardif
bn:00105758a	latent
bn:00105759a	latent
bn:00105760a	ultérieur
bn:00105763a	dernier
bn:00105765a	latin
bn:00105773a	dernier
bn:00105773a	second
bn:00105779a	lavande
bn:00105788a	légitime
bn:00105792a	laxiste
bn:00105799a	nonchalant
bn:00105799a	paresseux
bn:00105805a	lourd
bn:00105808a	principal
bn:00105808a	stellaire
bn:00105809a	prééminent
bn:00105809a	principal
bn:00105821a	fin
bn:00105821a	maigre
bn:00105821a	mince
bn:00105832a	méfiant
bn:00105834a	gauche
bn:00105835a	restant
bn:00105836a	gauche
bn:00105848a	juridique
bn:00105848a	légal
bn:00105849a	juridique
bn:00105849a	légal
bn:00105850a	judiciaire
bn:00105850a	légal
bn:00105853a	légendaire
bn:00105858a	nombreux
bn:00105859a	législatif
bn:00105860a	législatif
bn:00105861a	légitime
bn:00105862a	légitime
bn:00105862a	logique
bn:00105863a	légitime
bn:00105886a	inférieur
bn:00105886a	moindre
bn:00105891a	moindre
bn:00105896a	calme
bn:00105900a	salace
bn:00105901a	lexical
bn:00105909a	libéral
bn:00105910a	libéral
bn:00105934a	vif
bn:00105937a	allégé
bn:00105937a	léger
bn:00105938a	clair
bn:00105938a	lumineux
bn:00105939a	léger
bn:00105940a	léger
bn:00105941a	léger
bn:00105942a	clair
bn:00105942a	lumineux
bn:00105943a	faible
bn:00105943a	léger
bn:00105944a	léger
bn:00105945a	léger
bn:00105951a	maigre
bn:00105973a	léger
bn:00105977a	semblable
bn:00105977a	tel
bn:00105978a	même
bn:00105981a	probable
bn:00105981a	susceptible
bn:00105982a	probable
bn:00105983a	potentiel
bn:00105999a	limité
bn:00106000a	limité
bn:00106003a	spécial
bn:00106006a	illimité
bn:00106008a	flasque
bn:00106008a	mou
bn:00106008a	souple
bn:00106013a	linéaire
bn:00106019a	linguistique
bn:00106021a	linguistique
bn:00106032a	fondant
bn:00106033a	liquide
bn:00106038a	souple
bn:00106040a	apathique
bn:00106041a	littéral
bn:00106044a	littéraire
bn:00106058a	faible
bn:00106058a	jeune
bn:00106058a	petit
bn:00106060a	jeune
bn:00106060a	petit
bn:00106062a	court
bn:00106062a	petit
bn:00106066a	petit
bn:00106069a	habitable
bn:00106070a	live
bn:00106080a	plein
bn:00106080a	vif
bn:00106080a	vivant
bn:00106088a	vivant
bn:00106089a	vivant
bn:00106090a	vivant
bn:00106091a	survivant
bn:00106100a	réticent
bn:00106101a	répugnant
bn:00106107a	lobulaire
bn:00106108a	local
bn:00106109a	local
bn:00106117a	logique
bn:00106118a	logistique
bn:00106120a	solitaire
bn:00106122a	seul
bn:00106124a	grand
bn:00106124a	long
bn:00106125a	grand
bn:00106125a	haut
bn:00106125a	long
bn:00106126a	long
bn:00106169a	meuble
bn:00106173a	lâche
bn:00106174a	ouvert
bn:00106185a	perdre
bn:00106192a	bruyant
bn:00106192a	sonore
bn:00106201a	adorable
bn:00106201a	charmant
bn:00106201a	joli
bn:00106201a	magnifique
bn:00106201a	ravissant
bn:00106204a	aimant
bn:00106204a	amoureux
bn:00106205a	bas
bn:00106205a	faible
bn:00106205a	inférieur
bn:00106206a	bas
bn:00106206a	inférieur
bn:00106206a	petit
bn:00106207a	bas
bn:00106208a	bas
bn:00106208a	faible
bn:00106209a	bas
bn:00106209a	faible
bn:00106222a	faible
bn:00106223a	subalterne
bn:00106223a	subordonner
bn:00106240a	baissé
bn:00106242a	fidèle
bn:00106242a	loyal
bn:00106243a	patriotique
bn:00106246a	lascif
bn:00106246a	salace
bn:00106250a	chanceux
bn:00106251a	porte-bonheur
bn:00106254a	tiède
bn:00106255a	lombaire
bn:00106257a	luminescent
bn:00106260a	lunaire
bn:00106266a	surprenant
bn:00106287a	lyrique
bn:00106288a	lyrique
bn:00106291a	lyrique
bn:00106318a	magnétique
bn:00106319a	magnétique
bn:00106331a	majestueux
bn:00106332a	grand
bn:00106332a	important
bn:00106332a	majeur
bn:00106332a	principal
bn:00106333a	grand
bn:00106333a	important
bn:00106333a	majeur
bn:00106333a	principal
bn:00106334a	grand
bn:00106334a	important
bn:00106334a	majeur
bn:00106334a	principal
bn:00106336a	majeur
bn:00106347a	maladroit
bn:00106354a	mâle
bn:00106354a	masculin
bn:00106355a	viril
bn:00106362a	malveillant
bn:00106371a	synthétique
bn:00106387a	maniaque
bn:00106391a	multiple
bn:00106408a	nombreux
bn:00106408a	tout
bn:00106411a	multilatéral
bn:00106414a	maint
bn:00106422a	marin
bn:00106422a	marine
bn:00106423a	nautique
bn:00106427a	conjugal
bn:00106432a	commercialisable
bn:00106438a	marocain
bn:00106442a	nubile
bn:00106443a	conjugal
bn:00106448a	martien
bn:00106449a	miraculeux
bn:00106450a	marxiste
bn:00106452a	masculin
bn:00106453a	masculin
bn:00106463a	massif
bn:00106463a	puissant
bn:00106478a	matériel
bn:00106479a	matériel
bn:00106480a	matériel
bn:00106481a	matériel
bn:00106484a	maternel
bn:00106488a	mathématique
bn:00106501a	pragmatique
bn:00106503a	mature
bn:00106504a	mature
bn:00106504a	mûr
bn:00106505a	mature
bn:00106506a	mûr
bn:00106517a	maximal
bn:00106517a	maximum
bn:00106520a	maigre
bn:00106524a	rigide
bn:00106525a	sinueux
bn:00106526a	significatif
bn:00106527a	significatif
bn:00106528a	insignifiant
bn:00106531a	mesurable
bn:00106532a	mesurable
bn:00106539a	mécanique
bn:00106540a	mécanique
bn:00106541a	mécanique
bn:00106544a	mécaniste
bn:00106547a	médiéval
bn:00106554a	médical
bn:00106555a	médical
bn:00106570a	doux
bn:00106584a	mélodique
bn:00106586a	mélodieux
bn:00106587a	mélodramatique
bn:00106592a	mémorable
bn:00106601a	mental
bn:00106602a	mental
bn:00106612a	miséricordieux
bn:00106614a	impitoyable
bn:00106620a	simple
bn:00106626a	méritoire
bn:00106629a	mésentérique
bn:00106642a	désordonné
bn:00106643a	métabolique
bn:00106649a	métallique
bn:00106660a	métaphysique
bn:00106661a	métaphysique
bn:00106666a	météorologique
bn:00106669a	météoritique
bn:00106670a	méthodique
bn:00106671a	méthodiste
bn:00106679a	métropolitain
bn:00106681a	mexicain
bn:00106686a	microbien
bn:00106695a	microscopique
bn:00106705a	bourgeois
bn:00106713a	puissant
bn:00106719a	doux
bn:00106719a	léger
bn:00106720a	doux
bn:00106724a	militaire
bn:00106725a	militaire
bn:00106726a	militaire
bn:00106737a	mimétique
bn:00106748a	insensé
bn:00106755a	minimal
bn:00106755a	minimum
bn:00106760a	ministériel
bn:00106764a	mineur
bn:00106764a	petit
bn:00106765a	mineur
bn:00106765a	secondaire
bn:00106766a	mineur
bn:00106767a	mineur
bn:00106768a	mineur
bn:00106773a	modeste
bn:00106773a	petit
bn:00106773a	réduit
bn:00106784a	spéculaire
bn:00106790a	malheureux
bn:00106790a	misérable
bn:00106792a	erroné
bn:00106801a	disparu
bn:00106801a	manquant
bn:00106811a	mitral
bn:00106816a	errant
bn:00106816a	mobile
bn:00106820a	faux
bn:00106822a	moderne
bn:00106826a	modérer
bn:00106827a	modérer
bn:00106831a	moderne
bn:00106832a	moderne
bn:00106836a	modeste
bn:00106837a	modeste
bn:00106838a	modeste
bn:00106847a	molaire
bn:00106855a	moléculaire
bn:00106857a	important
bn:00106877a	monacal
bn:00106878a	monophonique
bn:00106905a	monotone
bn:00106911a	monstrueux
bn:00106916a	monumental
bn:00106928a	moral
bn:00106930a	moraliste
bn:00106935a	supplémentaire
bn:00106941a	morphémique
bn:00106942a	morphologique
bn:00106944a	morphophonémique
bn:00106945a	mortel
bn:00106957a	minable
bn:00106967a	motivant
bn:00106969a	moteur
bn:00106975a	montagneux
bn:00106976a	montagneux
bn:00106984a	timide
bn:00106989a	mouvant
bn:00106990a	émouvant
bn:00106995a	abondant
bn:00106995a	grand
bn:00106995a	nombreux
bn:00106999a	boueux
bn:00107016a	multidimensionnel
bn:00107028a	multiple
bn:00107040a	silencieux
bn:00107043a	municipal
bn:00107052a	musculaire
bn:00107056a	musical
bn:00107057a	musical
bn:00107063a	moustachu
bn:00107067a	mutationnel
bn:00107069a	muet
bn:00107072a	réciproque
bn:00107075a	mycénien
bn:00107080a	myocardique
bn:00107083a	myope
bn:00107084a	court
bn:00107090a	mystérieux
bn:00107092a	mystique
bn:00107093a	mythique
bn:00107096a	acariâtre
bn:00107098a	naïf
bn:00107104a	brut
bn:00107104a	nu
bn:00107108a	inconnu
bn:00107110a	napoléonien
bn:00107117a	narratif
bn:00107118a	étroit
bn:00107119a	restreindre
bn:00107120a	étroit
bn:00107136a	national
bn:00107137a	national
bn:00107138a	national
bn:00107139a	national
bn:00107140a	national
bn:00107142a	nazi
bn:00107144a	indigène
bn:00107144a	maternel
bn:00107144a	natal
bn:00107144a	natif
bn:00107145a	natal
bn:00107151a	naturel
bn:00107152a	naturel
bn:00107153a	naturel
bn:00107154a	naturel
bn:00107156a	brut
bn:00107159a	réaliste
bn:00107164a	écœurant
bn:00107164a	malade
bn:00107165a	naval
bn:00107171a	nazi
bn:00107176a	voisin
bn:00107177a	élégant
bn:00107177a	grand
bn:00107177a	propre
bn:00107182a	indispensable
bn:00107182a	nécessaire
bn:00107183a	nécessaire
bn:00107190a	nécrotique
bn:00107194a	nécessaire
bn:00107198a	négatif
bn:00107199a	négatif
bn:00107200a	négatif
bn:00107204a	négligent
bn:00107205a	négligeable
bn:00107209a	noir
bn:00107210a	négroïde
bn:00107231a	nerveux
bn:00107237a	net
bn:00107239a	inférieur
bn:00107241a	neuronal
bn:00107249a	neurologique
bn:00107252a	neuromusculaire
bn:00107256a	névrotique
bn:00107262a	neutre
bn:00107267a	neuf
bn:00107267a	nouveau
bn:00107267a	récent
bn:00107268a	nouveau
bn:00107269a	nouveau
bn:00107274a	jeune
bn:00107287a	newtonien
bn:00107292a	agréable
bn:00107292a	beau
bn:00107292a	bel
bn:00107292a	bon
bn:00107292a	gentil
bn:00107292a	joli
bn:00107293a	bel
bn:00107305a	nilpotent
bn:00107322a	noble
bn:00107323a	noble
bn:00107330a	nodulaire
bn:00107334a	bruyant
bn:00107336a	nominal
bn:00107337a	nominal
bn:00107424a	imposable
bn:00107426a	inexistant
bn:00107440a	solitaire
bn:00107485a	transcendant
bn:00107485a	transcendantal
bn:00107499a	apolitique
bn:00107555a	objectif
bn:00107587a	normal
bn:00107587a	traditionnel
bn:00107596a	scandinave
bn:00107603a	nord-coréen
bn:00107610a	septentrional
bn:00107627a	notable
bn:00107627a	remarquable
bn:00107630a	remarquable
bn:00107631a	remarquable
bn:00107636a	spéculatif
bn:00107641a	nucléaire
bn:00107642a	nucléaire
bn:00107646a	nul
bn:00107649a	numérique
bn:00107651a	numérique
bn:00107654a	numineux
bn:00107664a	nutritionnel
bn:00107669a	désagréable
bn:00107678a	oblique
bn:00107681a	inconscient
bn:00107685a	obscène
bn:00107686a	obscur
bn:00107686a	vague
bn:00107687a	inconnu
bn:00107695a	obsolète
bn:00107697a	obstiné
bn:00107706a	évident
bn:00107707a	occasionnel
bn:00107709a	occipital
bn:00107712a	occlusif
bn:00107714a	professionnel
bn:00107729a	oculaire
bn:00107730a	optique
bn:00107730a	visuel
bn:00107732a	impair
bn:00107733a	étrange
bn:00107741a	doux
bn:00107741a	odorant
bn:00107770a	officiel
bn:00107771a	officiel
bn:00107772a	officiel
bn:00107780a	ohmique
bn:00107785a	huileux
bn:00107786a	âgé
bn:00107786a	ancien
bn:00107786a	vieillir
bn:00107786a	vieux
bn:00107787a	ancien
bn:00107787a	vieux
bn:00107788a	vieux
bn:00107791a	antérieur
bn:00107791a	précédent
bn:00107803a	olive
bn:00107811a	olympique
bn:00107818a	omniprésent
bn:00107839a	professionnel
bn:00107862a	unilatéral
bn:00107877a	opaque
bn:00107879a	ouvert
bn:00107880a	ouvert
bn:00107881a	ouvert
bn:00107881a	public
bn:00107882a	ouvert
bn:00107883a	libre
bn:00107884a	ouvert
bn:00107885a	ouvert
bn:00107886a	ouvert
bn:00107887a	ouvert
bn:00107888a	ouvert
bn:00107889a	ouvert
bn:00107896a	ouvert
bn:00107897a	ouvert
bn:00107910a	opératique
bn:00107911a	opérationnel
bn:00107912a	opérationnel
bn:00107913a	opérationnel
bn:00107915a	opérationnel
bn:00107925a	opportuniste
bn:00107927a	autre
bn:00107928a	autre
bn:00107936a	optique
bn:00107937a	optimal
bn:00107938a	optimiste
bn:00107941a	oral
bn:00107945a	orange
bn:00107954a	orbital
bn:00107956a	orchestral
bn:00107963a	ordinaire
bn:00107964a	organique
bn:00107970a	organisationnel
bn:00107976a	oriental
bn:00107979a	initial
bn:00107979a	original
bn:00107980a	initial
bn:00107980a	original
bn:00107981a	original
bn:00107989a	orthodoxe
bn:00107991a	rectangulaire
bn:00107992a	orthographique
bn:00107994a	orthopédique
bn:00108008a	ostentatoire
bn:00108011a	autre
bn:00108012a	autre
bn:00108027a	extérieur
bn:00108042a	éloigné
bn:00108049a	extérieur
bn:00108050a	extérieur
bn:00108054a	sortant
bn:00108058a	pur
bn:00108059a	extérieur
bn:00108060a	extérieur
bn:00108061a	extérieur
bn:00108062a	extérieur
bn:00108063a	éloigné
bn:00108063a	lointain
bn:00108068a	exceptionnel
bn:00108068a	remarquable
bn:00108069a	important
bn:00108069a	proéminent
bn:00108069a	remarquable
bn:00108069a	saillant
bn:00108072a	extérieur
bn:00108083a	global
bn:00108084a	général
bn:00108084a	global
bn:00108119a	accablant
bn:00108119a	écrasant
bn:00108125a	primordial
bn:00108168a	douloureux
bn:00108169a	indolore
bn:00108188a	pâle
bn:00108189a	livide
bn:00108189a	pâle
bn:00108190a	pâle
bn:00108208a	palpable
bn:00108231a	papillaire
bn:00108244a	paradoxal
bn:00108246a	parallèle
bn:00108250a	paramagnétique
bn:00108252a	paramétrique
bn:00108255a	paranoïaque
bn:00108261a	parasympathique
bn:00108264a	excusable
bn:00108274a	parisien
bn:00108276a	parlementaire
bn:00108279a	périlleux
bn:00108279a	précaire
bn:00108280a	paroissial
bn:00108290a	partiel
bn:00108291a	partiel
bn:00108295a	particulier
bn:00108295a	propre
bn:00108295a	spécial
bn:00108295a	spécifique
bn:00108296a	particulier
bn:00108296a	spécifique
bn:00108297a	particulier
bn:00108318a	passif
bn:00108320a	dernier
bn:00108321a	ancien
bn:00108321a	dernier
bn:00108322a	pastel
bn:00108323a	pastel
bn:00108328a	pastoral
bn:00108338a	paternaliste
bn:00108339a	pathétique
bn:00108339a	pitoyable
bn:00108340a	ridicule
bn:00108342a	pathologique
bn:00108343a	pathologique
bn:00108344a	patient
bn:00108346a	patriarcal
bn:00108352a	patristique
bn:00108362a	pacifique
bn:00108363a	pacifique
bn:00108363a	paisible
bn:00108368a	pointu
bn:00108383a	pédagogique
bn:00108392a	pelvien
bn:00108430a	perceptible
bn:00108432a	perceptif
bn:00108433a	perspicace
bn:00108434a	perceptif
bn:00108439a	éternel
bn:00108439a	perpétuel
bn:00108441a	récurrent
bn:00108442a	idéal
bn:00108442a	parfait
bn:00108448a	crevé
bn:00108458a	périodique
bn:00108461a	périphérique
bn:00108462a	périphérique
bn:00108482a	vertical
bn:00108484a	perplexe
bn:00108485a	persistant
bn:00108488a	personnel
bn:00108489a	personnel
bn:00108490a	personnel
bn:00108495a	persuasif
bn:00108496a	pertinent
bn:00108498a	pervers
bn:00108501a	pessimiste
bn:00108520a	pharmacologique
bn:00108530a	philologique
bn:00108531a	philosophique
bn:00108538a	phonémique
bn:00108539a	phonétique
bn:00108541a	phonétique
bn:00108544a	phonologique
bn:00108553a	photographique
bn:00108566a	physique
bn:00108567a	physique
bn:00108568a	physique
bn:00108569a	physique
bn:00108570a	physique
bn:00108574a	physiologique
bn:00108580a	pianistique
bn:00108586a	pictural
bn:00108587a	pittoresque
bn:00108590a	piézoélectrique
bn:00108605a	rose
bn:00108623a	saler
bn:00108633a	résineux
bn:00108635a	impitoyable
bn:00108641a	reconnaissable
bn:00108644a	calme
bn:00108644a	paisible
bn:00108648a	clair
bn:00108649a	uni
bn:00108650a	clair
bn:00108650a	pur
bn:00108654a	plan
bn:00108656a	planétaire
bn:00108657a	terrestre
bn:00108670a	docile
bn:00108671a	platonique
bn:00108674a	plausible
bn:00108676a	jouable
bn:00108680a	agréable
bn:00108681a	agréable
bn:00108683a	content
bn:00108683a	heureux
bn:00108683a	satisfait
bn:00108684a	satisfait
bn:00108685a	agréable
bn:00108685a	plaisant
bn:00108688a	nombreux
bn:00108714a	pluraliste
bn:00108716a	positif
bn:00108724a	pulmonaire
bn:00108730a	poétique
bn:00108731a	poétique
bn:00108734a	poignant
bn:00108737a	pointu
bn:00108742a	prêt
bn:00108746a	polaire
bn:00108750a	polémique
bn:00108753a	polonais
bn:00108754a	raffiné
bn:00108758a	politique
bn:00108759a	politique
bn:00108760a	politique
bn:00108791a	polytonal
bn:00108798a	pauvre
bn:00108799a	pauvre
bn:00108803a	populaire
bn:00108806a	populaire
bn:00108807a	populaire
bn:00108813a	poreux
bn:00108815a	portable
bn:00108817a	pompeux
bn:00108818a	corpulent
bn:00108822a	positif
bn:00108823a	positif
bn:00108824a	positiviste
bn:00108827a	possessif
bn:00108829a	possible
bn:00108830a	éventuel
bn:00108830a	possible
bn:00108830a	potentiel
bn:00108838a	postérieur
bn:00108842a	posthume
bn:00108861a	puissant
bn:00108862a	fort
bn:00108862a	puissant
bn:00108863a	puissant
bn:00108869a	éméché
bn:00108874a	poudreux
bn:00108878a	influent
bn:00108878a	puissant
bn:00108879a	impuissant
bn:00108880a	pratique
bn:00108881a	virtuel
bn:00108901a	instable
bn:00108901a	précaire
bn:00108909a	précédent
bn:00108910a	précieux
bn:00108913a	précis
bn:00108916a	précoce
bn:00108924a	prémonitoire
bn:00108931a	prévisible
bn:00108932a	prédictif
bn:00108938a	préférable
bn:00108943a	préhistorique
bn:00108946a	partial
bn:00108949a	préliminaire
bn:00108959a	premier
bn:00108959a	primordial
bn:00108959a	principal
bn:00108961a	premium
bn:00108965a	prêt
bn:00108967a	prépositionnel
bn:00108970a	prépubère
bn:00108977a	actuel
bn:00108977a	présent
bn:00108978a	présent
bn:00108979a	présentable
bn:00108985a	présidentiel
bn:00108988a	pressant
bn:00108988a	urgent
bn:00108998a	joli
bn:00108999a	joli
bn:00109003a	préventif
bn:00109011a	premier
bn:00109011a	primaire
bn:00109011a	principal
bn:00109012a	premier
bn:00109012a	primaire
bn:00109012a	primordial
bn:00109013a	premier
bn:00109016a	primitif
bn:00109020a	imprimable
bn:00109026a	civil
bn:00109026a	personnel
bn:00109026a	privé
bn:00109034a	pro
bn:00109045a	probable
bn:00109046a	provisoire
bn:00109049a	procédural
bn:00109051a	raffiné
bn:00109059a	productif
bn:00109060a	productif
bn:00109067a	professionnel
bn:00109068a	professionnel
bn:00109069a	professionnel
bn:00109070a	professionnel
bn:00109073a	technique
bn:00109075a	rentable
bn:00109077a	profond
bn:00109078a	profond
bn:00109083a	progressif
bn:00109084a	progressiste
bn:00109096a	prometteur
bn:00109098a	promotionnel
bn:00109104a	enclin
bn:00109114a	adéquat
bn:00109114a	approprié
bn:00109114a	bon
bn:00109114a	légitime
bn:00109114a	naturel
bn:00109114a	propre
bn:00109114a	véritable
bn:00109115a	vrai
bn:00109117a	bon
bn:00109119a	prophétique
bn:00109121a	propice
bn:00109123a	proportionnel
bn:00109125a	proportionnel
bn:00109126a	proportionnel
bn:00109130a	prosodique
bn:00109142a	protecteur
bn:00109146a	protéolytique
bn:00109148a	protestant
bn:00109157a	fier
bn:00109166a	provincial
bn:00109167a	provincial
bn:00109169a	provocateur
bn:00109172a	proximal
bn:00109185a	psychiatrique
bn:00109186a	psychique
bn:00109195a	psychologique
bn:00109196a	psychologique
bn:00109199a	psychopathique
bn:00109203a	psychothérapeutique
bn:00109204a	psychotique
bn:00109211a	public
bn:00109212a	public
bn:00109223a	camus
bn:00109234a	punissable
bn:00109237a	punitif
bn:00109244a	pur
bn:00109245a	pur
bn:00109246a	pur
bn:00109247a	pur
bn:00109255a	pourpre
bn:00109255a	violet
bn:00109269a	intentionnel
bn:00109308a	charlatan
bn:00109315a	pittoresque
bn:00109320a	qualitatif
bn:00109325a	quantitatif
bn:00109328a	querelleur
bn:00109330a	trimestriel
bn:00109343a	discutable
bn:00109345a	prompt
bn:00109345a	rapide
bn:00109347a	vif
bn:00109358a	calme
bn:00109358a	paisible
bn:00109358a	tranquille
bn:00109359a	calme
bn:00109359a	silencieux
bn:00109362a	matelassé
bn:00109368a	chimérique
bn:00109377a	racial
bn:00109378a	racial
bn:00109384a	radial
bn:00109385a	radial
bn:00109391a	radical
bn:00109391a	révolutionnaire
bn:00109397a	radioactif
bn:00109410a	étanche
bn:00109423a	aigre
bn:00109425a	aléatoire
bn:00109430a	fétide
bn:00109437a	rapide
bn:00109438a	rapide
bn:00109440a	rare
bn:00109441a	rare
bn:00109442a	rare
bn:00109452a	rationnel
bn:00109462a	rauque
bn:00109462a	tapageur
bn:00109466a	fou
bn:00109471a	brut
bn:00109473a	douloureux
bn:00109473a	sensible
bn:00109485a	opérationnel
bn:00109485a	prêt
bn:00109485a	rapide
bn:00109486a	prêt
bn:00109487a	prêt
bn:00109488a	prêt
bn:00109494a	authentique
bn:00109494a	réel
bn:00109494a	véritable
bn:00109495a	réel
bn:00109495a	véritable
bn:00109495a	vrai
bn:00109496a	réel
bn:00109496a	tangible
bn:00109496a	véritable
bn:00109501a	réaliste
bn:00109505a	arrière
bn:00109506a	inverse
bn:00109507a	judicieux
bn:00109507a	raisonnable
bn:00109507a	sensé
bn:00109512a	rassurant
bn:00109514a	rebelle
bn:00109521a	dernier
bn:00109521a	récent
bn:00109522a	réceptif
bn:00109536a	reconnaissable
bn:00109546a	récupérable
bn:00109553a	rectangulaire
bn:00109583a	roux
bn:00109588a	réduit
bn:00109601a	raffiné
bn:00109623a	régional
bn:00109624a	régional
bn:00109631a	dommage
bn:00109632a	habituel
bn:00109632a	ordinaire
bn:00109632a	régulier
bn:00109633a	véritable
bn:00109634a	normal
bn:00109634a	régulier
bn:00109635a	régulier
bn:00109636a	habituel
bn:00109637a	ordinaire
bn:00109650a	connexe
bn:00109651a	connexe
bn:00109654a	relativiste
bn:00109657a	détendu
bn:00109659a	pertinent
bn:00109661a	religieux
bn:00109661a	spirituel
bn:00109662a	religieux
bn:00109669a	remarquable
bn:00109669a	unique
bn:00109700a	représentatif
bn:00109701a	représentatif
bn:00109704a	républicain
bn:00109708a	réputé
bn:00109711a	rancunier
bn:00109714a	résident
bn:00109715a	résidentiel
bn:00109716a	résidentiel
bn:00109717a	résiduel
bn:00109725a	résistif
bn:00109727a	résolu
bn:00109736a	respectable
bn:00109738a	respectueux
bn:00109740a	différent
bn:00109740a	divers
bn:00109740a	respectif
bn:00109741a	respiratoire
bn:00109742a	responsable
bn:00109743a	responsable
bn:00109754a	restrictif
bn:00109755a	restrictif
bn:00109763a	réticulé
bn:00109764a	rétinien
bn:00109778a	rétrograde
bn:00109785a	révélateur
bn:00109785a	significatif
bn:00109794a	réversible
bn:00109811a	gratifiant
bn:00109827a	rythmique
bn:00109833a	riche
bn:00109834a	fertile
bn:00109834a	riche
bn:00109836a	riche
bn:00109842a	branlant
bn:00109842a	chancelant
bn:00109842a	tremblant
bn:00109848a	droit
bn:00109849a	bon
bn:00109849a	correct
bn:00109849a	juste
bn:00109868a	légitime
bn:00109871a	rigide
bn:00109872a	rigide
bn:00109874a	rigoureux
bn:00109874a	strict
bn:00109875a	rigoureux
bn:00109896a	rôtir
bn:00109906a	dur
bn:00109913a	romain
bn:00109914a	romain
bn:00109917a	roumain
bn:00109919a	romantique
bn:00109941a	circulaire
bn:00109947a	approximatif
bn:00109947a	difficile
bn:00109947a	rugueux
bn:00109948a	coriace
bn:00109948a	rude
bn:00109959a	rond
bn:00109964a	arrondi
bn:00109969a	royal
bn:00109970a	royal
bn:00109978a	rudimentaire
bn:00109981a	robuste
bn:00109981a	rugueux
bn:00109982a	difficile
bn:00109982a	rude
bn:00109989a	galopant
bn:00109997a	rural
bn:00109998a	rural
bn:00110004a	russe
bn:00110036a	triste
bn:00110044a	sadique
bn:00110046a	prudent
bn:00110046a	sûr
bn:00110047a	sûr
bn:00110056a	vendable
bn:00110063a	salivaire
bn:00110064a	cireux
bn:00110064a	maladif
bn:00110075a	même
bn:00110075a	pareil
bn:00110076a	même
bn:00110076a	semblable
bn:00110076a	similaire
bn:00110077a	identique
bn:00110077a	même
bn:00110084a	sain
bn:00110114a	satirique
bn:00110115a	satisfaisant
bn:00110116a	satisfait
bn:00110136a	écailleux
bn:00110156a	dispersé
bn:00110158a	pittoresque
bn:00110166a	schizophrénique
bn:00110168a	schizophrène
bn:00110169a	savant
bn:00110170a	scolaire
bn:00110171a	scolastique
bn:00110175a	scientifique
bn:00110176a	scientifique
bn:00110210a	sculptural
bn:00110228a	sordide
bn:00110234a	opportun
bn:00110235a	saisonnier
bn:00110237a	vétéran
bn:00110237a	vieux
bn:00110247a	secondaire
bn:00110253a	secret
bn:00110254a	secret
bn:00110267a	mondain
bn:00110269a	sécuriser
bn:00110270a	sûr
bn:00110272a	sobre
bn:00110273a	sédentaire
bn:00110277a	visible
bn:00110287a	segmental
bn:00110289a	sismique
bn:00110292a	sélectif
bn:00110308a	autonome
bn:00110319a	spontané
bn:00110333a	suffisant
bn:00110340a	auto-suffisant
bn:00110345a	égoïste
bn:00110347a	sémantique
bn:00110396a	translucide
bn:00110398a	sénatorial
bn:00110401a	principal
bn:00110401a	senior
bn:00110403a	sensationnel
bn:00110409a	sensible
bn:00110410a	sensible
bn:00110412a	sensoriel
bn:00110415a	sensuel
bn:00110416a	sensoriel
bn:00110423a	différent
bn:00110423a	distinct
bn:00110423a	séparer
bn:00110444a	grave
bn:00110444a	sérieux
bn:00110445a	grave
bn:00110445a	lourd
bn:00110445a	sérieux
bn:00110449a	sérologique
bn:00110454a	utile
bn:00110471a	intense
bn:00110471a	sévère
bn:00110472a	rigoureux
bn:00110486a	sexuel
bn:00110487a	sexuel
bn:00110488a	sensuel
bn:00110495a	spectral
bn:00110500a	tremblant
bn:00110516a	aigu
bn:00110516a	strident
bn:00110518a	tranchant
bn:00110543a	blindé
bn:00110544a	mouvant
bn:00110549a	brillant
bn:00110558a	ferré
bn:00110561a	bref
bn:00110561a	court
bn:00110562a	court
bn:00110605a	sicilien
bn:00110607a	latéral
bn:00110620a	important
bn:00110620a	significatif
bn:00110620a	substantiel
bn:00110621a	significatif
bn:00110624a	calme
bn:00110624a	silencieux
bn:00110625a	compris
bn:00110634a	argenté
bn:00110635a	argenté
bn:00110645a	argenté
bn:00110647a	même
bn:00110647a	similaire
bn:00110649a	facile
bn:00110649a	simple
bn:00110656a	simpliste
bn:00110658a	sincère
bn:00110660a	méchant
bn:00110668a	célibataire
bn:00110679a	seul
bn:00110693a	sinusoïdal
bn:00110707a	squelettique
bn:00110711a	habile
bn:00110711a	qualifié
bn:00110738a	endormi
bn:00110738a	somnolent
bn:00110742a	fin
bn:00110742a	mince
bn:00110742a	svelte
bn:00110743a	effilé
bn:00110743a	fin
bn:00110743a	mince
bn:00110743a	ténu
bn:00110745a	maigre
bn:00110752a	coulissant
bn:00110756a	glissant
bn:00110767a	lent
bn:00110768a	lent
bn:00110772a	lent
bn:00110772a	paresseux
bn:00110775a	somnolent
bn:00110777a	lourd
bn:00110784a	petit
bn:00110789a	intelligent
bn:00110803a	fluide
bn:00110803a	lisse
bn:00110815a	suffocant
bn:00110834a	douillet
bn:00110836a	croissant
bn:00110837a	sobre
bn:00110842a	social
bn:00110843a	social
bn:00110844a	mondain
bn:00110844a	social
bn:00110845a	social
bn:00110849a	socialiste
bn:00110854a	sociologique
bn:00110858a	doux
bn:00110858a	mou
bn:00110859a	doux
bn:00110860a	doux
bn:00110879a	solaire
bn:00110887a	solide
bn:00110888a	solide
bn:00110889a	massif
bn:00110889a	plein
bn:00110889a	solide
bn:00110890a	homogène
bn:00110890a	solide
bn:00110891a	dense
bn:00110891a	solide
bn:00110894a	solide
bn:00110905a	soluble
bn:00110911a	certain
bn:00110912a	certain
bn:00110913a	certain
bn:00110939a	bon
bn:00110939a	raisonnable
bn:00110939a	sain
bn:00110939a	solide
bn:00110940a	solide
bn:00110963a	méridional
bn:00110963a	sudiste
bn:00110964a	méridional
bn:00110970a	souverain
bn:00110970a	suprême
bn:00110971a	soviétique
bn:00110975a	spatial
bn:00110978a	espagnol
bn:00110982a	pétillant
bn:00110984a	clairsemé
bn:00110995a	particulier
bn:00110995a	spécial
bn:00110996a	particulier
bn:00110996a	spécial
bn:00110997a	professionnel
bn:00110997a	spécialisé
bn:00111001a	précis
bn:00111001a	spécifique
bn:00111002a	précis
bn:00111002a	spécifique
bn:00111007a	spectaculaire
bn:00111008a	spectral
bn:00111016a	sphérique
bn:00111042a	spirituel
bn:00111043a	spirituel
bn:00111045a	viscéral
bn:00111056a	spongieux
bn:00111059a	sporadique
bn:00111063a	sportif
bn:00111084a	carré
bn:00111087a	direct
bn:00111087a	simple
bn:00111095a	carré
bn:00111098a	trapu
bn:00111107a	stabilisateur
bn:00111108a	stable
bn:00111109a	stable
bn:00111122a	périmé
bn:00111129a	forfaitaire
bn:00111129a	standard
bn:00111130a	standard
bn:00111131a	standard
bn:00111135a	debout
bn:00111157a	étonnant
bn:00111157a	saisissant
bn:00111157a	surprenant
bn:00111167a	statistique
bn:00111170a	légal
bn:00111170a	statutaire
bn:00111175a	constant
bn:00111175a	continu
bn:00111175a	stable
bn:00111185a	escarpé
bn:00111185a	raide
bn:00111195a	stéréo
bn:00111201a	sternal
bn:00111207a	collant
bn:00111209a	rigide
bn:00111210a	corsé
bn:00111235a	ennuyeux
bn:00111236a	stoïcien
bn:00111236a	stoïque
bn:00111256a	houleux
bn:00111262a	droit
bn:00111262a	hétéro
bn:00111264a	droit
bn:00111277a	direct
bn:00111281a	étrange
bn:00111281a	inhabituel
bn:00111282a	étrange
bn:00111282a	étranger
bn:00111285a	stratégique
bn:00111286a	stratégique
bn:00111306a	filandreux
bn:00111306a	nerveux
bn:00111312a	fort
bn:00111312a	puissant
bn:00111312a	solide
bn:00111312a	vif
bn:00111313a	fort
bn:00111321a	structurel
bn:00111322a	structurel
bn:00111323a	structurel
bn:00111324a	structurel
bn:00111333a	studieux
bn:00111342a	stupide
bn:00111344a	dur
bn:00111347a	stylistique
bn:00111359a	subconscient
bn:00111370a	subjectif
bn:00111381a	sous-marin
bn:00111382a	sous-marin
bn:00111392a	suivant
bn:00111392a	ultérieur
bn:00111396a	substantiel
bn:00111406a	suburbain
bn:00111408a	suivant
bn:00111411a	tel
bn:00111415a	soudain
bn:00111417a	souffrant
bn:00111418a	suffisant
bn:00111427a	adapté
bn:00111445a	hâlé
bn:00111451a	super
bn:00111458a	superficiel
bn:00111465a	supérieur
bn:00111466a	supérieur
bn:00111476a	surnaturel
bn:00111482a	supersonique
bn:00111483a	ultrasonique
bn:00111483a	ultrasonore
bn:00111484a	superstitieux
bn:00111502a	suprême
bn:00111503a	suprême
bn:00111505a	sûr
bn:00111512a	superficiel
bn:00111524a	surprenant
bn:00111525a	susceptible
bn:00111537a	suédois
bn:00111540a	doux
bn:00111540a	sucrer
bn:00111541a	doux
bn:00111542a	doux
bn:00111553a	suisse
bn:00111563a	symbolique
bn:00111564a	symbolique
bn:00111565a	symétrique
bn:00111566a	sympathique
bn:00111567a	sympathique
bn:00111570a	symphonique
bn:00111577a	synchrone
bn:00111591a	synonyme
bn:00111596a	syntaxique
bn:00111603a	syrien
bn:00111605a	systématique
bn:00111629a	talismanique
bn:00111630a	grand
bn:00111630a	haut
bn:00111642a	tangible
bn:00111684a	technique
bn:00111685a	technique
bn:00111685a	technologique
bn:00111688a	technologique
bn:00111695a	télégraphique
bn:00111704a	terrestre
bn:00111712a	temporel
bn:00111719a	défendable
bn:00111721a	tendre
bn:00111723a	tendre
bn:00111730a	ténébreux
bn:00111760a	terrifiant
bn:00111761a	territorial
bn:00111795a	théâtral
bn:00111796a	théâtral
bn:00111799a	théiste
bn:00111800a	thématique
bn:00111805a	théologique
bn:00111806a	théorique
bn:00111810a	thérapeutique
bn:00111814a	thermodynamique
bn:00111818a	thermométrique
bn:00111824a	corpulent
bn:00111824a	costaud
bn:00111824a	épais
bn:00111825a	épais
bn:00111826a	épais
bn:00111841a	voleur
bn:00111843a	fin
bn:00111859a	approfondi
bn:00111859a	minutieux
bn:00111890a	économe
bn:00111890a	vigoureux
bn:00111904a	tonitruant
bn:00111911a	tibétain
bn:00111913a	picotant
bn:00111923a	serrer
bn:00111924a	serrer
bn:00111925a	serrer
bn:00111930a	carrelé
bn:00111951a	fatigué
bn:00111952a	titanesque
bn:00111968a	tolérant
bn:00111972a	tonal
bn:00111973a	tonal
bn:00111992a	premier
bn:00111992a	supérieur
bn:00111997a	topique
bn:00112002a	topographique
bn:00112005a	déchiré
bn:00112013a	sinueux
bn:00112018a	totalitaire
bn:00112019a	totémique
bn:00112025a	coriace
bn:00112025a	difficile
bn:00112025a	ferme
bn:00112025a	rude
bn:00112025a	solide
bn:00112026a	dur
bn:00112032a	toxique
bn:00112043a	traditionnel
bn:00112044a	traditionnel
bn:00112046a	tragique
bn:00112047a	tragique
bn:00112088a	traître
bn:00112100a	tribal
bn:00112104a	tricolore
bn:00112128a	triomphant
bn:00112137a	tropical
bn:00112143a	problématique
bn:00112146a	véritable
bn:00112146a	vrai
bn:00112147a	fidèle
bn:00112147a	véritable
bn:00112162a	digne
bn:00112163a	sincère
bn:00112164a	éprouvant
bn:00112187a	turc
bn:00112216a	typique
bn:00112218a	typographique
bn:00112223a	laid
bn:00112229a	ultime
bn:00112230a	final
bn:00112230a	ultime
bn:00112235a	ultramoderne
bn:00112237a	ultraviolet
bn:00112254a	incapable
bn:00112255a	incapable
bn:00112258a	inacceptable
bn:00112266a	inexplicable
bn:00112291a	indifférent
bn:00112304a	inchangé
bn:00112345a	indépendant
bn:00112349a	inattrayant
bn:00112354a	indisponible
bn:00112420a	incertain
bn:00112428a	incontesté
bn:00112429a	inchangeable
bn:00112430a	inchangé
bn:00112464a	inconfortable
bn:00112468a	inhabituel
bn:00112468a	rare
bn:00112482a	indifférent
bn:00112485a	inconditionnel
bn:00112497a	inconscient
bn:00112499a	inconscient
bn:00112501a	inconstitutionnel
bn:00112511a	incontrôlable
bn:00112553a	indemne
bn:00112568a	indéniable
bn:00112571a	incertain
bn:00112592a	défavorisé
bn:00112596a	compréhensif
bn:00112604a	indésirable
bn:00112632a	inexploré
bn:00112657a	imbuvable
bn:00112658a	excessif
bn:00112658a	injustifié
bn:00112659a	injustifié
bn:00112665a	agité
bn:00112668a	gâcheur
bn:00112668a	gaspilleur
bn:00112698a	inégal
bn:00112714a	inattendu
bn:00112718a	inexpliqué
bn:00112719a	inexpliqué
bn:00112727a	injuste
bn:00112731a	inconnu
bn:00112740a	défavorable
bn:00112766a	inoubliable
bn:00112770a	malheureux
bn:00112770a	regrettable
bn:00112813a	malheureux
bn:00112813a	mécontent
bn:00112816a	indemne
bn:00112821a	malsain
bn:00112843a	uniforme
bn:00112849a	intact
bn:00112865a	intact
bn:00112882a	involontaire
bn:00112884a	involontaire
bn:00112899a	unique
bn:00112908a	uni
bn:00112909a	monovalent
bn:00112913a	universaliste
bn:00112919a	méchant
bn:00112923a	inconnu
bn:00112924a	inconnu
bn:00112939a	improbable
bn:00112939a	probable
bn:00112975a	indubitable
bn:00112990a	inutile
bn:00113004a	invisible
bn:00113008a	inoccupé
bn:00113012a	officieux
bn:00113057a	désagréable
bn:00113060a	impopulaire
bn:00113067a	imprévisible
bn:00113076a	modeste
bn:00113101a	inédit
bn:00113118a	irréel
bn:00113120a	irréaliste
bn:00113124a	méconnaissable
bn:00113170a	illimité
bn:00113190a	insatisfaisant
bn:00113192a	insaturé
bn:00113248a	droit
bn:00113248a	vertical
bn:00113268a	instable
bn:00113269a	instable
bn:00113283a	atone
bn:00113290a	infructueux
bn:00113292a	inadapté
bn:00113316a	sauvage
bn:00113355a	faux
bn:00113366a	atypique
bn:00113366a	inhabituel
bn:00113366a	rare
bn:00113367a	inhabituel
bn:00113377a	indésirable
bn:00113385a	célibataire
bn:00113399a	indigne
bn:00113406a	haut
bn:00113423a	haut
bn:00113423a	supérieur
bn:00113424a	supérieur
bn:00113435a	amont
bn:00113439a	urbain
bn:00113440a	urbain
bn:00113446a	urinaire
bn:00113452a	utilisable
bn:00113455a	utile
bn:00113456a	utilitaire
bn:00113457a	inutile
bn:00113459a	habituel
bn:00113459a	ordinaire
bn:00113466a	utopique
bn:00113474a	vacant
bn:00113486a	valable
bn:00113486a	valide
bn:00113489a	précieux
bn:00113490a	précieux
bn:00113501a	variable
bn:00113502a	différent
bn:00113502a	variable
bn:00113503a	variable
bn:00113509a	divers
bn:00113514a	divers
bn:00113515a	vasculaire
bn:00113531a	velouté
bn:00113536a	vénérable
bn:00113548a	verbal
bn:00113549a	verbal
bn:00113562a	printanier
bn:00113568a	vertébral
bn:00113573a	même
bn:00113573a	propre
bn:00113573a	tout
bn:00113573a	véritable
bn:00113576a	vésiculaire
bn:00113587a	plein
bn:00113587a	vibrant
bn:00113602a	victorien
bn:00113604a	gagnant
bn:00113605a	viennois
bn:00113610a	vif
bn:00113610a	vigoureux
bn:00113611a	vigoureux
bn:00113616a	violent
bn:00113617a	violent
bn:00113618a	violent
bn:00113626a	vierge
bn:00113630a	viril
bn:00113636a	viscoélastique
bn:00113639a	visible
bn:00113648a	vivant
bn:00113653a	vocalique
bn:00113655a	professionnel
bn:00113659a	volatil
bn:00113670a	volumétrique
bn:00113671a	volumineux
bn:00113672a	volontaire
bn:00113674a	votif
bn:00113677a	vulnérable
bn:00113698a	chaud
bn:00113698a	tiède
bn:00113699a	chaleureux
bn:00113699a	chaud
bn:00113710a	méfiant
bn:00113718a	faible
bn:00113718a	léger
bn:00113730a	aqueux
bn:00113737a	faible
bn:00113771a	accueillant
bn:00113774a	bon
bn:00113790a	célèbre
bn:00113790a	connu
bn:00113790a	fameux
bn:00113808a	ouest
bn:00113813a	occidental
bn:00113814a	occidental
bn:00113814a	western
bn:00113818a	humide
bn:00113818a	mouiller
bn:00113818a	tremper
bn:00113830a	blanc
bn:00113831a	blanc
bn:00113852a	complet
bn:00113852a	entier
bn:00113852a	tout
bn:00113854a	sain
bn:00113857a	méchant
bn:00113858a	grand
bn:00113861a	ouvert
bn:00113865a	veuf
bn:00113870a	endiablé
bn:00113870a	sauvage
bn:00113876a	volontaire
bn:00113877a	prêt
bn:00113877a	volontaire
bn:00113897a	hivernal
bn:00113905a	avisé
bn:00113905a	judicieux
bn:00113905a	prudent
bn:00113905a	sage
bn:00113911a	spirituel
bn:00113913a	malheureux
bn:00113922a	boisé
bn:00113933a	fonctionnel
bn:00113936a	professionnel
bn:00113937a	mondial
bn:00113940a	pire
bn:00113944a	pire
bn:00113948a	digne
bn:00113948a	louable
bn:00113959a	mauvais
bn:00113968a	blond
bn:00113968a	jaune
bn:00113978a	béant
bn:00113986a	jaune
bn:00114000a	docile
bn:00114044r	légèrement
bn:00114044r	peu
bn:00114047r	beaucoup
bn:00114047r	bien
bn:00114047r	souvent
bn:00114047r	très
bn:00114047r	vraiment
bn:00114048r	beaucoup
bn:00114048r	souvent
bn:00114048r	trop
bn:00114055r	initialement
bn:00114064r	anormalement
bn:00114065r	à
bn:00114066r	sur
bn:00114073r	à
bn:00114073r	approximativement
bn:00114073r	autour
bn:00114073r	de
bn:00114073r	environ
bn:00114073r	grossièrement
bn:00114073r	près
bn:00114073r	presque
bn:00114073r	vers
bn:00114074r	autour
bn:00114075r	à
bn:00114075r	autour
bn:00114075r	de
bn:00114075r	quelque
bn:00114075r	vers
bn:00114076r	autour
bn:00114076r	de
bn:00114076r	partout
bn:00114078r	de
bn:00114079r	pratiquement
bn:00114079r	près
bn:00114079r	presque
bn:00114079r	quasiment
bn:00114080r	dessus
bn:00114081r	au-dessus
bn:00114081r	dessus
bn:00114082r	surtout
bn:00114084r	honnêtement
bn:00114089r	brusquement
bn:00114089r	soudain
bn:00114089r	soudainement
bn:00114090r	distraitement
bn:00114091r	absolument
bn:00114091r	complètement
bn:00114091r	entièrement
bn:00114091r	parfaitement
bn:00114091r	totalement
bn:00114097r	abondamment
bn:00114099r	académiquement
bn:00114104r	involontairement
bn:00114108r	précisément
bn:00114109r	précisément
bn:00114116r	activement
bn:00114117r	effectivement
bn:00114117r	réellement
bn:00114117r	vraiment
bn:00114118r	effectivement
bn:00114118r	même
bn:00114118r	réellement
bn:00114121r	profondément
bn:00114123r	brusquement
bn:00114128r	spontanément
bn:00114134r	également
bn:00114135r	adéquatement
bn:00114135r	suffisamment
bn:00114139r	admirablement
bn:00114141r	certes
bn:00114152r	délibérément
bn:00114152r	intentionnellement
bn:00114159r	affectueusement
bn:00114165r	après
bn:00114165r	en
bn:00114165r	ensuite
bn:00114165r	tard
bn:00114168r	finalement
bn:00114169r	finalement
bn:00114171r	déjà
bn:00114171r	deuxièmement
bn:00114171r	encore
bn:00114176r	brusquement
bn:00114176r	fortement
bn:00114176r	sévèrement
bn:00114177r	agilement
bn:00114178r	auparavant
bn:00114180r	agréablement
bn:00114182r	avant
bn:00114182r	devant
bn:00114183r	devant
bn:00114190r	tôt
bn:00114196r	malheureusement
bn:00114199r	dehors
bn:00114200r	algébriquement
bn:00114203r	à
bn:00114203r	complètement
bn:00114203r	entièrement
bn:00114203r	totalement
bn:00114203r	tout
bn:00114203r	uniquement
bn:00114210r	soudain
bn:00114210r	soudainement
bn:00114211r	partout
bn:00114211r	tout
bn:00114212r	partout
bn:00114213r	bien
bn:00114214r	bien
bn:00114215r	bien
bn:00114216r	cependant
bn:00114216r	encore
bn:00114216r	même
bn:00114216r	néanmoins
bn:00114216r	pourtant
bn:00114216r	sauf
bn:00114216r	toujours
bn:00114216r	toutefois
bn:00114218r	complètement
bn:00114234r	entièrement
bn:00114234r	exclusivement
bn:00114234r	purement
bn:00114234r	que
bn:00114234r	seulement
bn:00114234r	uniquement
bn:00114235r	uniquement
bn:00114236r	à
bn:00114236r	avec
bn:00114236r	dessus
bn:00114236r	encore
bn:00114236r	sur
bn:00114237r	avec
bn:00114239r	en
bn:00114243r	fort
bn:00114245r	déjà
bn:00114246r	aussi
bn:00114246r	autant
bn:00114246r	également
bn:00114246r	même
bn:00114246r	plus
bn:00114247r	alternativement
bn:00114248r	plutôt
bn:00114250r	que
bn:00114250r	toujours
bn:00114251r	constamment
bn:00114251r	invariablement
bn:00114252r	toujours
bn:00114258r	étonnamment
bn:00114266r	imparfaitement
bn:00114271r	amplement
bn:00114271r	largement
bn:00114272r	entièrement
bn:00114276r	analytiquement
bn:00114278r	anatomiquement
bn:00114281r	alors
bn:00114281r	après
bn:00114281r	ensuite
bn:00114282r	etc.
bn:00114290r	annuellement
bn:00114297r	auparavant
bn:00114297r	déjà
bn:00114297r	préalablement
bn:00114297r	précédemment
bn:00114301r	anxieusement
bn:00114303r	plus
bn:00114306r	où
bn:00114306r	partout
bn:00114307r	rapidement
bn:00114307r	vite
bn:00114309r	dehors
bn:00114309r	outre
bn:00114318r	apparemment
bn:00114318r	censément
bn:00114319r	clairement
bn:00114319r	évidemment
bn:00114319r	manifestement
bn:00114322r	sensiblement
bn:00114324r	convenablement
bn:00114327r	incidemment
bn:00114328r	aléatoirement
bn:00114328r	arbitrairement
bn:00114335r	correctement
bn:00114338r	autour
bn:00114338r	de
bn:00114339r	de
bn:00114341r	de
bn:00114345r	habilement
bn:00114350r	artificiellement
bn:00114354r	à
bn:00114354r	aussi
bn:00114354r	autant
bn:00114354r	comme
bn:00114354r	de
bn:00114354r	également
bn:00114354r	que
bn:00114354r	tant
bn:00114357r	réellement
bn:00114363r	heureusement
bn:00114365r	intrinsèquement
bn:00114369r	alors
bn:00114369r	encore
bn:00114377r	de
bn:00114398r	asymptotiquement
bn:00114402r	simultanément
bn:00114403r	tout
bn:00114409r	fondamentalement
bn:00114417r	enfin
bn:00114417r	finalement
bn:00114418r	encore
bn:00114419r	tranquillement
bn:00114420r	longuement
bn:00114422r	aussitôt
bn:00114422r	directement
bn:00114422r	immédiatement
bn:00114422r	instantanément
bn:00114422r	juste
bn:00114422r	maintenant
bn:00114422r	rapidement
bn:00114423r	auparavant
bn:00114423r	autrefois
bn:00114424r	actuellement
bn:00114424r	désormais
bn:00114424r	maintenant
bn:00114427r	là
bn:00114428r	simultanément
bn:00114431r	occasionnellement
bn:00114431r	parfois
bn:00114435r	sur
bn:00114437r	attentivement
bn:00114438r	magnifiquement
bn:00114447r	autoritairement
bn:00114450r	automatiquement
bn:00114451r	mécaniquement
bn:00114455r	à
bn:00114455r	de
bn:00114455r	loin
bn:00114456r	à
bn:00114456r	de
bn:00114456r	loin
bn:00114457r	à
bn:00114458r	à
bn:00114458r	de
bn:00114458r	loin
bn:00114459r	de
bn:00114463r	extrêmement
bn:00114463r	terriblement
bn:00114464r	horriblement
bn:00114464r	terriblement
bn:00114466r	maladroitement
bn:00114473r	derrière
bn:00114485r	fortement
bn:00114485r	gravement
bn:00114485r	grièvement
bn:00114485r	mal
bn:00114485r	sérieusement
bn:00114485r	sévèrement
bn:00114486r	mal
bn:00114504r	difficilement
bn:00114504r	guère
bn:00114504r	juste
bn:00114504r	même
bn:00114504r	peu
bn:00114504r	presque
bn:00114504r	tout
bn:00114507r	timidement
bn:00114508r	essentiellement
bn:00114508r	fondamentalement
bn:00114512r	à
bn:00114512r	auparavant
bn:00114512r	autrefois
bn:00114512r	avant
bn:00114512r	devant
bn:00114512r	précédemment
bn:00114512r	tôt
bn:00114513r	bientôt
bn:00114513r	dès
bn:00114513r	rapidement
bn:00114513r	tôt
bn:00114513r	vite
bn:00114514r	derrière
bn:00114519r	tard
bn:00114523r	probablement
bn:00114525r	ci-dessous
bn:00114526r	ci-dessous
bn:00114535r	mieux
bn:00114536r	mieux
bn:00114537r	mieux
bn:00114540r	tôt
bn:00114541r	mieux
bn:00114541r	plus
bn:00114546r	au-delà
bn:00114547r	plus
bn:00114568r	progressivement
bn:00114570r	amèrement
bn:00114571r	amèrement
bn:00114584r	béatement
bn:00114585r	joyeusement
bn:00114589r	corporellement
bn:00114593r	audacieusement
bn:00114593r	hardiment
bn:00114600r	infiniment
bn:00114604r	courageusement
bn:00114610r	brièvement
bn:00114611r	brièvement
bn:00114612r	brillamment
bn:00114613r	brillamment
bn:00114614r	vivement
bn:00114616r	généralement
bn:00114616r	largement
bn:00114620r	sauvagement
bn:00114625r	activement
bn:00114626r	bien
bn:00114626r	juste
bn:00114626r	même
bn:00114626r	pour
bn:00114626r	que
bn:00114626r	seulement
bn:00114626r	simplement
bn:00114626r	tout
bn:00114626r	uniquement
bn:00114629r	devant
bn:00114629r	en
bn:00114632r	catégoriquement
bn:00114632r	certainement
bn:00114632r	décidément
bn:00114632r	définitivement
bn:00114632r	résolument
bn:00114632r	très
bn:00114633r	ensuite
bn:00114633r	tard
bn:00114634r	généralement
bn:00114634r	principalement
bn:00114638r	expérimentalement
bn:00114639r	loin
bn:00114645r	naturellement
bn:00114651r	empiriquement
bn:00114660r	calmement
bn:00114663r	franchement
bn:00114663r	honnêtement
bn:00114663r	sincèrement
bn:00114671r	attentivement
bn:00114671r	prudemment
bn:00114671r	soigneusement
bn:00114672r	prudemment
bn:00114672r	soigneusement
bn:00114680r	catastrophiquement
bn:00114681r	catégoriquement
bn:00114681r	clairement
bn:00114687r	constamment
bn:00114689r	centralement
bn:00114694r	certainement
bn:00114694r	certes
bn:00114694r	sûrement
bn:00114699r	caractéristiquement
bn:00114699r	typiquement
bn:00114709r	joyeusement
bn:00114710r	agréablement
bn:00114710r	aimablement
bn:00114712r	chimiquement
bn:00114714r	principalement
bn:00114723r	chronologiquement
bn:00114733r	classiquement
bn:00114736r	proprement
bn:00114739r	clairement
bn:00114740r	clairement
bn:00114740r	manifestement
bn:00114740r	visiblement
bn:00114741r	clairement
bn:00114742r	clairement
bn:00114742r	distinctement
bn:00114743r	astucieusement
bn:00114745r	cliniquement
bn:00114747r	dans
bn:00114747r	de
bn:00114747r	près
bn:00114748r	attentivement
bn:00114748r	près
bn:00114750r	étroitement
bn:00114750r	près
bn:00114751r	intimement
bn:00114756r	grossièrement
bn:00114763r	froidement
bn:00114766r	collectivement
bn:00114766r	conjointement
bn:00114771r	confortablement
bn:00114772r	confortablement
bn:00114775r	comiquement
bn:00114777r	commercialement
bn:00114778r	communément
bn:00114778r	couramment
bn:00114778r	généralement
bn:00114778r	habituellement
bn:00114778r	normalement
bn:00114778r	ordinairement
bn:00114778r	souvent
bn:00114784r	assez
bn:00114784r	comparativement
bn:00114784r	relativement
bn:00114790r	complètement
bn:00114790r	entièrement
bn:00114793r	compulsivement
bn:00114800r	éventuellement
bn:00114801r	conceptuellement
bn:00114804r	concrètement
bn:00114807r	confidentiellement
bn:00114817r	scrupuleusement
bn:00114818r	consciemment
bn:00114822r	alors
bn:00114823r	beaucoup
bn:00114823r	bien
bn:00114823r	considérablement
bn:00114823r	essentiellement
bn:00114823r	substantiellement
bn:00114825r	systématiquement
bn:00114826r	ostensiblement
bn:00114826r	visiblement
bn:00114827r	éminemment
bn:00114830r	constructivement
bn:00114837r	constamment
bn:00114837r	continuellement
bn:00114838r	continuellement
bn:00114838r	continûment
bn:00114848r	commodément
bn:00114848r	opportunément
bn:00114849r	conventionnellement
bn:00114854r	convulsivement
bn:00114855r	calmement
bn:00114859r	chaleureusement
bn:00114869r	aussi
bn:00114869r	évidemment
bn:00114869r	naturellement
bn:00114870r	poliment
bn:00114874r	follement
bn:00114892r	grossièrement
bn:00114893r	cruellement
bn:00114899r	culturellement
bn:00114903r	curieusement
bn:00114903r	étrangement
bn:00114904r	curieusement
bn:00114905r	actuellement
bn:00114910r	sèchement
bn:00114911r	obstinément
bn:00114912r	habituellement
bn:00114917r	quotidiennement
bn:00114923r	périlleusement
bn:00114926r	sombrement
bn:00114935r	légalement
bn:00114945r	trompeusement
bn:00114946r	bien
bn:00114946r	correctement
bn:00114946r	proprement
bn:00114947r	décemment
bn:00114954r	profondément
bn:00114955r	tard
bn:00114957r	profondément
bn:00114967r	délibérément
bn:00114968r	délicatement
bn:00114969r	délicieusement
bn:00114972r	délicieusement
bn:00114980r	manifestement
bn:00114985r	densément
bn:00114987r	fidèlement
bn:00114988r	déplorablement
bn:00114988r	tristement
bn:00114995r	désespérément
bn:00114996r	désespérément
bn:00115010r	graphiquement
bn:00115011r	dialectiquement
bn:00115012r	diamétralement
bn:00115016r	autrement
bn:00115016r	différemment
bn:00115016r	sinon
bn:00115023r	confusément
bn:00115023r	faiblement
bn:00115023r	vaguement
bn:00115029r	directement
bn:00115029r	juste
bn:00115030r	directement
bn:00115031r	directement
bn:00115047r	discrètement
bn:00115080r	douloureusement
bn:00115080r	péniblement
bn:00115086r	divinement
bn:00115088r	doctrinalement
bn:00115094r	bêtement
bn:00115094r	stupidement
bn:00115106r	indubitablement
bn:00115107r	sombrement
bn:00115109r	à
bn:00115109r	vers
bn:00115110r	à
bn:00115110r	vers
bn:00115118r	carrément
bn:00115126r	considérablement
bn:00115127r	dramatiquement
bn:00115142r	dûment
bn:00115147r	ainsi
bn:00115147r	si
bn:00115149r	ardemment
bn:00115149r	avidement
bn:00115150r	avant
bn:00115150r	tôt
bn:00115150r	vite
bn:00115151r	tôt
bn:00115153r	tôt
bn:00115154r	sérieusement
bn:00115154r	sincèrement
bn:00115155r	facilement
bn:00115155r	rapidement
bn:00115156r	facilement
bn:00115157r	bien
bn:00115157r	mieux
bn:00115161r	lentement
bn:00115161r	progressivement
bn:00115168r	économiquement
bn:00115177r	efficacement
bn:00115178r	effectivement
bn:00115180r	efficacement
bn:00115186r	électriquement
bn:00115192r	ailleurs
bn:00115196r	émotionnellement
bn:00115206r	infiniment
bn:00115213r	vigoureusement
bn:00115215r	énormément
bn:00115215r	extrêmement
bn:00115216r	assez
bn:00115216r	beaucoup
bn:00115216r	bien
bn:00115216r	suffisamment
bn:00115226r	également
bn:00115226r	uniformément
bn:00115235r	notamment
bn:00115235r	particulièrement
bn:00115235r	spécialement
bn:00115235r	surtout
bn:00115236r	spécialement
bn:00115239r	éternellement
bn:00115239r	toujours
bn:00115244r	encore
bn:00115244r	même
bn:00115245r	même
bn:00115246r	encore
bn:00115246r	même
bn:00115246r	pourtant
bn:00115250r	équitablement
bn:00115252r	enfin
bn:00115252r	éventuellement
bn:00115252r	finalement
bn:00115253r	jamais
bn:00115253r	parfois
bn:00115253r	que
bn:00115253r	toujours
bn:00115254r	que
bn:00115254r	toujours
bn:00115261r	méchamment
bn:00115266r	bien
bn:00115266r	exactement
bn:00115266r	juste
bn:00115266r	justement
bn:00115266r	précisément
bn:00115266r	que
bn:00115266r	tout
bn:00115267r	précisément
bn:00115268r	précisément
bn:00115271r	extrêmement
bn:00115272r	excellemment
bn:00115272r	magnifiquement
bn:00115273r	exceptionnellement
bn:00115273r	très
bn:00115274r	aussi
bn:00115274r	très
bn:00115274r	trop
bn:00115278r	complètement
bn:00115278r	exhaustivement
bn:00115278r	minutieusement
bn:00115278r	soigneusement
bn:00115285r	explicitement
bn:00115291r	expressément
bn:00115293r	largement
bn:00115298r	généreusement
bn:00115300r	extrêmement
bn:00115307r	facétieusement
bn:00115312r	faiblement
bn:00115313r	assez
bn:00115313r	beaucoup
bn:00115313r	modérément
bn:00115313r	peu
bn:00115313r	plutôt
bn:00115313r	raisonnablement
bn:00115313r	relativement
bn:00115318r	familièrement
bn:00115322r	beaucoup
bn:00115322r	bien
bn:00115322r	loin
bn:00115323r	bien
bn:00115323r	loin
bn:00115324r	bien
bn:00115324r	loin
bn:00115325r	bien
bn:00115325r	loin
bn:00115329r	au-delà
bn:00115329r	davantage
bn:00115329r	encore
bn:00115329r	loin
bn:00115329r	plus
bn:00115330r	loin
bn:00115330r	plus
bn:00115331r	loin
bn:00115335r	rapidement
bn:00115335r	vite
bn:00115336r	bien
bn:00115337r	vite
bn:00115341r	fatalement
bn:00115346r	favorablement
bn:00115359r	férocement
bn:00115360r	ardemment
bn:00115362r	fébrilement
bn:00115368r	enfin
bn:00115368r	finalement
bn:00115369r	financièrement
bn:00115370r	finement
bn:00115371r	magnifiquement
bn:00115373r	bien
bn:00115373r	fermement
bn:00115373r	solidement
bn:00115374r	fermement
bn:00115374r	sûrement
bn:00115375r	fermement
bn:00115375r	fort
bn:00115376r	abord
bn:00115376r	premièrement
bn:00115377r	abord
bn:00115377r	initialement
bn:00115378r	abord
bn:00115379r	abord
bn:00115380r	bien
bn:00115392r	rapidement
bn:00115397r	directement
bn:00115397r	juste
bn:00115403r	tendrement
bn:00115404r	imprudemment
bn:00115418r	largement
bn:00115418r	principalement
bn:00115418r	surtout
bn:00115423r	éternellement
bn:00115427r	formellement
bn:00115427r	officiellement
bn:00115431r	avant
bn:00115434r	avant
bn:00115436r	carrément
bn:00115443r	quatrièmement
bn:00115446r	follement
bn:00115446r	frénétiquement
bn:00115450r	librement
bn:00115452r	fréquemment
bn:00115452r	souvent
bn:00115453r	fraîchement
bn:00115453r	nouvellement
bn:00115453r	récemment
bn:00115454r	effrontément
bn:00115474r	complètement
bn:00115474r	entièrement
bn:00115474r	pleinement
bn:00115474r	totalement
bn:00115476r	entièrement
bn:00115480r	furieusement
bn:00115481r	furieusement
bn:00115483r	encore
bn:00115483r	plus
bn:00115484r	outre
bn:00115485r	furtivement
bn:00115488r	joyeusement
bn:00115495r	généralement
bn:00115498r	généreusement
bn:00115501r	doucement
bn:00115501r	lentement
bn:00115502r	doucement
bn:00115503r	doucement
bn:00115503r	légèrement
bn:00115504r	réellement
bn:00115504r	très
bn:00115504r	véritablement
bn:00115504r	vraiment
bn:00115505r	géographiquement
bn:00115511r	doucement
bn:00115521r	sombrement
bn:00115530r	bien
bn:00115531r	bien
bn:00115531r	complètement
bn:00115531r	parfaitement
bn:00115531r	totalement
bn:00115536r	gracieusement
bn:00115540r	grammaticalement
bn:00115549r	gravement
bn:00115549r	sérieusement
bn:00115553r	beaucoup
bn:00115553r	considérablement
bn:00115553r	fortement
bn:00115553r	grandement
bn:00115553r	très
bn:00115559r	grossièrement
bn:00115560r	grotesquement
bn:00115567r	habituellement
bn:00115576r	mi-chemin
bn:00115590r	fort
bn:00115590r	fortement
bn:00115591r	sérieusement
bn:00115592r	gravement
bn:00115593r	difficilement
bn:00115599r	presque
bn:00115603r	durement
bn:00115605r	hâtivement
bn:00115605r	précipitamment
bn:00115605r	rapidement
bn:00115618r	sainement
bn:00115620r	chaleureusement
bn:00115624r	fortement
bn:00115624r	lourdement
bn:00115624r	pesamment
bn:00115625r	lourdement
bn:00115627r	fortement
bn:00115628r	lourdement
bn:00115635r	ainsi
bn:00115635r	donc
bn:00115638r	désormais
bn:00115639r	ici
bn:00115639r	là
bn:00115640r	ici
bn:00115640r	là
bn:00115641r	ici
bn:00115649r	ici
bn:00115674r	historiquement
bn:00115677r	chez
bn:00115682r	homogènement
bn:00115683r	honorablement
bn:00115696r	cependant
bn:00115696r	toutefois
bn:00115698r	cependant
bn:00115701r	humainement
bn:00115703r	humblement
bn:00115718r	idéalement
bn:00115724r	bêtement
bn:00115728r	sinon
bn:00115742r	directement
bn:00115742r	immédiatement
bn:00115755r	impatiemment
bn:00115756r	impeccablement
bn:00115759r	imperceptiblement
bn:00115768r	incroyablement
bn:00115781r	à
bn:00115781r	de
bn:00115781r	dedans
bn:00115781r	en
bn:00115782r	instantanément
bn:00115811r	autrefois
bn:00115817r	personnellement
bn:00115820r	publiquement
bn:00115822r	secrètement
bn:00115829r	là
bn:00115833r	finalement
bn:00115836r	entre-temps
bn:00115836r	pendant
bn:00115845r	successivement
bn:00115855r	insuffisamment
bn:00115856r	inconsciemment
bn:00115856r	involontairement
bn:00115870r	incomplètement
bn:00115879r	mal
bn:00115880r	progressivement
bn:00115882r	incurablement
bn:00115888r	effectivement
bn:00115888r	réellement
bn:00115888r	vraiment
bn:00115891r	indéfiniment
bn:00115893r	indépendamment
bn:00115900r	indirectement
bn:00115904r	individuellement
bn:00115904r	séparément
bn:00115906r	à
bn:00115906r	dans
bn:00115914r	inévitablement
bn:00115917r	inévitablement
bn:00115917r	nécessairement
bn:00115920r	inexorablement
bn:00115958r	à
bn:00115958r	dans
bn:00115958r	en
bn:00115959r	intérieurement
bn:00115969r	effrontément
bn:00115972r	davantage
bn:00115972r	plus
bn:00115972r	plutôt
bn:00115973r	instinctivement
bn:00115979r	intellectuellement
bn:00115981r	intensément
bn:00115982r	intensivement
bn:00115991r	mondialement
bn:00116004r	inversement
bn:00116017r	irrégulièrement
bn:00116044r	conjointement
bn:00116052r	juste
bn:00116052r	justement
bn:00116052r	que
bn:00116053r	bien
bn:00116053r	juste
bn:00116053r	que
bn:00116053r	simplement
bn:00116053r	tout
bn:00116060r	bien
bn:00116060r	justement
bn:00116061r	vivement
bn:00116064r	assez
bn:00116064r	peu
bn:00116064r	plutôt
bn:00116085r	dernièrement
bn:00116085r	récemment
bn:00116089r	ridiculement
bn:00116091r	légitimement
bn:00116094r	moins
bn:00116098r	légalement
bn:00116104r	moins
bn:00116105r	moins
bn:00116105r	plus
bn:00116110r	généreusement
bn:00116115r	légèrement
bn:00116118r	légèrement
bn:00116119r	doucement
bn:00116119r	légèrement
bn:00116120r	légèrement
bn:00116128r	également
bn:00116134r	linéairement
bn:00116140r	littéralement
bn:00116141r	littéralement
bn:00116143r	guère
bn:00116143r	peu
bn:00116146r	localement
bn:00116150r	logiquement
bn:00116153r	longtemps
bn:00116156r	encore
bn:00116156r	longtemps
bn:00116156r	plus
bn:00116161r	vaguement
bn:00116180r	magnétiquement
bn:00116197r	nettement
bn:00116199r	merveilleusement
bn:00116199r	superbement
bn:00116204r	matériellement
bn:00116207r	mathématiquement
bn:00116211r	éventuellement
bn:00116211r	peut-être
bn:00116211r	possiblement
bn:00116218r	entre-temps
bn:00116218r	pendant
bn:00116223r	médicalement
bn:00116237r	mentalement
bn:00116246r	méthodiquement
bn:00116248r	méticuleusement
bn:00116255r	extrêmement
bn:00116255r	très
bn:00116256r	doucement
bn:00116256r	légèrement
bn:00116263r	miraculeusement
bn:00116264r	misérablement
bn:00116266r	vaguement
bn:00116268r	modestement
bn:00116271r	momentanément
bn:00116272r	momentanément
bn:00116280r	moralement
bn:00116284r	davantage
bn:00116284r	plus
bn:00116284r	que
bn:00116285r	davantage
bn:00116285r	plus
bn:00116286r	assez
bn:00116286r	légèrement
bn:00116286r	peu
bn:00116290r	plus
bn:00116290r	principalement
bn:00116290r	très
bn:00116291r	plus
bn:00116291r	très
bn:00116295r	beaucoup
bn:00116295r	bien
bn:00116295r	très
bn:00116295r	vraiment
bn:00116296r	beaucoup
bn:00116296r	bien
bn:00116296r	souvent
bn:00116296r	très
bn:00116297r	beaucoup
bn:00116311r	silencieusement
bn:00116319r	étroitement
bn:00116323r	naturellement
bn:00116326r	jamais
bn:00116326r	toujours
bn:00116327r	à
bn:00116328r	soigneusement
bn:00116330r	nécessairement
bn:00116331r	nécessairement
bn:00116332r	inutilement
bn:00116338r	unanimement
bn:00116339r	nerveusement
bn:00116345r	ensuite
bn:00116346r	bien
bn:00116346r	joliment
bn:00116348r	ne
bn:00116348r	non
bn:00116348r	pas
bn:00116348r	plus
bn:00116349r	ne
bn:00116349r	pas
bn:00116353r	plus
bn:00116358r	bruyamment
bn:00116359r	nominalement
bn:00116360r	ne
bn:00116360r	non
bn:00116360r	pas
bn:00116377r	notablement
bn:00116377r	notamment
bn:00116377r	remarquablement
bn:00116381r	actuellement
bn:00116381r	alors
bn:00116381r	bien
bn:00116381r	déjà
bn:00116381r	désormais
bn:00116381r	maintenant
bn:00116382r	actuellement
bn:00116382r	aujourd'hui
bn:00116382r	bien
bn:00116382r	désormais
bn:00116382r	maintenant
bn:00116383r	alors
bn:00116383r	maintenant
bn:00116387r	partout
bn:00116387r	pas
bn:00116392r	en
bn:00116403r	à
bn:00116412r	officiellement
bn:00116421r	de
bn:00116422r	pour
bn:00116424r	régulièrement
bn:00116437r	sur-le-champ
bn:00116440r	soudainement
bn:00116445r	successivement
bn:00116447r	que
bn:00116447r	seulement
bn:00116448r	que
bn:00116448r	seulement
bn:00116449r	seulement
bn:00116450r	que
bn:00116455r	ouvertement
bn:00116456r	opérationnellement
bn:00116461r	optiquement
bn:00116467r	oralement
bn:00116468r	organiquement
bn:00116472r	initialement
bn:00116477r	autrement
bn:00116477r	sinon
bn:00116483r	soudainement
bn:00116493r	complètement
bn:00116493r	directement
bn:00116495r	dehors
bn:00116497r	exceptionnellement
bn:00116498r	exceptionnellement
bn:00116498r	remarquablement
bn:00116501r	dessus
bn:00116501r	en
bn:00116502r	dans
bn:00116504r	ici
bn:00116509r	au-dessus
bn:00116511r	beaucoup
bn:00116511r	trop
bn:00116517r	ouvertement
bn:00116527r	manifestement
bn:00116529r	paradoxalement
bn:00116535r	partiellement
bn:00116536r	particulièrement
bn:00116538r	passionnément
bn:00116540r	passivement
bn:00116548r	patiemment
bn:00116551r	paisiblement
bn:00116551r	tranquillement
bn:00116561r	éternellement
bn:00116562r	parfaitement
bn:00116565r	périodiquement
bn:00116575r	personnellement
bn:00116576r	personnellement
bn:00116577r	personnellement
bn:00116578r	personnellement
bn:00116590r	philosophiquement
bn:00116596r	photographiquement
bn:00116599r	physiquement
bn:00116623r	simplement
bn:00116642r	politiquement
bn:00116643r	politiquement
bn:00116647r	pompeusement
bn:00116652r	communément
bn:00116655r	absolument
bn:00116655r	certainement
bn:00116655r	positivement
bn:00116663r	potentiellement
bn:00116668r	pratiquement
bn:00116668r	presque
bn:00116680r	principalement
bn:00116681r	idéalement
bn:00116681r	plus
bn:00116681r	plutôt
bn:00116690r	presto
bn:00116692r	probablement
bn:00116692r	supposément
bn:00116692r	vraisemblablement
bn:00116705r	proportionnellement
bn:00116714r	professionnellement
bn:00116719r	promptement
bn:00116719r	rapidement
bn:00116719r	vite
bn:00116720r	promptement
bn:00116720r	rapidement
bn:00116721r	aussitôt
bn:00116721r	rapidement
bn:00116723r	prophétiquement
bn:00116724r	proportionnellement
bn:00116730r	fièrement
bn:00116752r	purement
bn:00116752r	strictement
bn:00116753r	prétendument
bn:00116753r	supposément
bn:00116760r	qualitativement
bn:00116761r	quantitativement
bn:00116767r	discrètement
bn:00116768r	calmement
bn:00116768r	discrètement
bn:00116768r	doucement
bn:00116768r	silencieusement
bn:00116768r	tranquillement
bn:00116769r	tranquillement
bn:00116771r	assez
bn:00116771r	bien
bn:00116771r	tant
bn:00116771r	tout
bn:00116771r	très
bn:00116772r	assez
bn:00116772r	bien
bn:00116772r	complètement
bn:00116772r	tout
bn:00116772r	très
bn:00116772r	vraiment
bn:00116773r	assez
bn:00116773r	tout
bn:00116780r	radicalement
bn:00116787r	rarement
bn:00116788r	rationnellement
bn:00116789r	beaucoup
bn:00116789r	bien
bn:00116789r	tant
bn:00116789r	tout
bn:00116789r	très
bn:00116789r	vraiment
bn:00116794r	facilement
bn:00116797r	judicieusement
bn:00116797r	raisonnablement
bn:00116801r	imprudemment
bn:00116819r	religieusement
bn:00116838r	résolument
bn:00116843r	respectivement
bn:00116860r	bien
bn:00116860r	directement
bn:00116860r	juste
bn:00116861r	directement
bn:00116861r	juste
bn:00116868r	bien
bn:00116869r	rigoureusement
bn:00116892r	malheureusement
bn:00116892r	tristement
bn:00116893r	tristement
bn:00116894r	en
bn:00116894r	prudemment
bn:00116895r	prudemment
bn:00116895r	sagement
bn:00116910r	scientifiquement
bn:00116918r	deuxièmement
bn:00116922r	secondairement
bn:00116935r	sémantiquement
bn:00116948r	sévèrement
bn:00116949r	sexuellement
bn:00116950r	sexuellement
bn:00116971r	bientôt
bn:00116986r	nettement
bn:00116986r	significativement
bn:00116987r	fortement
bn:00116987r	sensiblement
bn:00116989r	seulement
bn:00116989r	simplement
bn:00116990r	sincèrement
bn:00117002r	habilement
bn:00117025r	lentement
bn:00117027r	vigoureusement
bn:00117036r	subrepticement
bn:00117043r	ainsi
bn:00117043r	alors
bn:00117043r	aussi
bn:00117043r	bien
bn:00117043r	comme
bn:00117043r	si
bn:00117043r	tant
bn:00117043r	tellement
bn:00117043r	tout
bn:00117043r	trop
bn:00117044r	ainsi
bn:00117044r	bien
bn:00117044r	comme
bn:00117044r	donc
bn:00117044r	si
bn:00117045r	ainsi
bn:00117045r	alors
bn:00117045r	comme
bn:00117045r	donc
bn:00117045r	oui
bn:00117045r	tout
bn:00117046r	donc
bn:00117046r	tant
bn:00117046r	tellement
bn:00117047r	aussi
bn:00117047r	ensuite
bn:00117047r	tout
bn:00117048r	ainsi
bn:00117048r	donc
bn:00117053r	socialement
bn:00117059r	doucement
bn:00117060r	solennellement
bn:00117062r	solidement
bn:00117063r	solidement
bn:00117068r	ailleurs
bn:00117069r	parfois
bn:00117070r	parfois
bn:00117073r	grandement
bn:00117093r	spatialement
bn:00117094r	précisément
bn:00117094r	spécifiquement
bn:00117104r	spirituellement
bn:00117106r	spontanément
bn:00117118r	théâtralement
bn:00117126r	statistiquement
bn:00117128r	régulièrement
bn:00117130r	furtivement
bn:00117131r	abruptement
bn:00117137r	rigidement
bn:00117138r	encore
bn:00117138r	maintenant
bn:00117138r	même
bn:00117138r	pourtant
bn:00117138r	toujours
bn:00117154r	strictement
bn:00117156r	remarquablement
bn:00117157r	fort
bn:00117157r	fortement
bn:00117157r	solidement
bn:00117158r	structurellement
bn:00117170r	substantiellement
bn:00117171r	subtilement
bn:00117173r	aussi
bn:00117173r	si
bn:00117173r	tant
bn:00117174r	assez
bn:00117174r	suffisamment
bn:00117179r	superficiellement
bn:00117190r	étonnamment
bn:00117193r	doucement
bn:00117196r	symboliquement
bn:00117205r	syntaxiquement
bn:00117222r	techniquement
bn:00117223r	techniquement
bn:00117225r	technologiquement
bn:00117226r	sèchement
bn:00117233r	temporairement
bn:00117247r	autant
bn:00117250r	alors
bn:00117250r	donc
bn:00117250r	ensuite
bn:00117250r	lors
bn:00117251r	alors
bn:00117251r	ensuite
bn:00117251r	là
bn:00117251r	lors
bn:00117257r	théoriquement
bn:00117258r	théoriquement
bn:00117260r	ici
bn:00117263r	ainsi
bn:00117266r	en
bn:00117283r	troisièmement
bn:00117287r	cependant
bn:00117287r	pourtant
bn:00117287r	toutefois
bn:00117288r	pensivement
bn:00117289r	pensivement
bn:00117297r	de
bn:00117297r	par
bn:00117298r	de
bn:00117299r	de
bn:00117303r	étroitement
bn:00117315r	aujourd'hui
bn:00117317r	ainsi
bn:00117317r	ensemble
bn:00117317r	mutuellement
bn:00117318r	ainsi
bn:00117318r	comme
bn:00117318r	ensemble
bn:00117319r	ensemble
bn:00117320r	ensemble
bn:00117321r	ainsi
bn:00117323r	demain
bn:00117332r	traditionnellement
bn:00117333r	tragiquement
bn:00117342r	transversalement
bn:00117347r	triomphalement
bn:00117361r	généralement
bn:00117361r	habituellement
bn:00117361r	typiquement
bn:00117371r	uniquement
bn:00117393r	inconfortablement
bn:00117398r	inconditionnellement
bn:00117399r	inconsciemment
bn:00117433r	indûment
bn:00117436r	inégalement
bn:00117437r	infailliblement
bn:00117454r	uniformément
bn:00117465r	universellement
bn:00117478r	inutilement
bn:00117480r	discrètement
bn:00117485r	désagréablement
bn:00117522r	sur
bn:00117543r	inutilement
bn:00117559r	très
bn:00117562r	victorieusement
bn:00117565r	violemment
bn:00117566r	pratiquement
bn:00117566r	presque
bn:00117566r	quasiment
bn:00117570r	visiblement
bn:00117571r	visiblement
bn:00117572r	visuellement
bn:00117573r	extrêmement
bn:00117576r	vivement
bn:00117583r	volontairement
bn:00117596r	faiblement
bn:00117602r	étrangement
bn:00117603r	bien
bn:00117603r	largement
bn:00117604r	bien
bn:00117605r	bien
bn:00117606r	bien
bn:00117625r	considérablement
bn:00117625r	largement
bn:00117626r	largement
bn:00117628r	frénétiquement
bn:00117628r	sauvagement
bn:00117629r	sauvagement
bn:00117654r	alors
bn:00117654r	encore
bn:00117654r	pourtant
bn:14866890n	arbitre
