bn:00000004n	0
bn:00000004n	cero
bn:00000005n	1
bn:00000005n	as
bn:00000005n	unidad
bn:00000005n	uno
bn:00000008n	10
bn:00000008n	diez
bn:00000009n	100
bn:00000009n	ciento
bn:00000010n	mil
bn:00000013n	millón
bn:00000017n	11
bn:00000020n	12
bn:00000020n	doce
bn:00000020n	docena
bn:00000024n	catorce
bn:00000027n	Quince
bn:00000052n	diecinueve
bn:00000057n	cincuenta
bn:00000075n	2
bn:00000075n	dos
bn:00000079n	veinte
bn:00000082n	veintidós
bn:00000084n	veintitrés
bn:00000086n	día
bn:00000092n	veintiocho
bn:00000100n	3
bn:00000100n	tres
bn:00000100n	trío
bn:00000104n	treinta
bn:00000111n	4
bn:00000111n	cuatro
bn:00000119n	5
bn:00000119n	cinco
bn:00000123n	cincuenta
bn:00000125n	6
bn:00000125n	seis
bn:00000127n	hora
bn:00000127n	hr
bn:00000129n	7
bn:00000129n	siete
bn:00000133n	8
bn:00000138n	9
bn:00000138n	nueve
bn:00000145n	amperio
bn:00000212n	abandono
bn:00000213n	abandono
bn:00000213n	defección
bn:00000216n	abyección
bn:00000234n	abadía
bn:00000237n	abad
bn:00000237n	Abad
bn:00000249n	abdomen
bn:00000249n	barriga
bn:00000249n	estómago
bn:00000249n	panza
bn:00000249n	vientre
bn:00000266n	secuestrador
bn:00000266n	Secuestrador
bn:00000288n	aberración
bn:00000291n	distorsión
bn:00000300n	conformidad
bn:00000301n	casa
bn:00000317n	capacidad
bn:00000317n	habilidad
bn:00000318n	capacidad
bn:00000318n	habilidad
bn:00000318n	poder
bn:00000318n	talento
bn:00000329n	destete
bn:00000330n	ablación
bn:00000347n	anormalidad
bn:00000350n	irregularidad
bn:00000355n	residencia
bn:00000356n	casa
bn:00000356n	hogar
bn:00000356n	lugar
bn:00000356n	residencia
bn:00000356n	techo
bn:00000356n	vivienda
bn:00000358n	abolición
bn:00000360n	abolicionista
bn:00000367n	nativo
bn:00000372n	aborto
bn:00000388n	Lincoln
bn:00000392n	arañazo
bn:00000397n	abreacción
bn:00000397n	catarsis
bn:00000401n	derogación
bn:00000404n	bola
bn:00000413n	brusquedad
bn:00000415n	rapidez
bn:00000418n	absceso
bn:00000420n	abscisa
bn:00000427n	ausencia
bn:00000428n	ausencia
bn:00000440n	absoluto
bn:00000443n	frecuencia
bn:00000445n	mayoría
bn:00000458n	despotismo
bn:00000459n	dictadura
bn:00000459n	tiranía
bn:00000471n	absorción
bn:00000472n	absorción
bn:00000475n	concentración
bn:00000486n	abstinencia
bn:00000488n	abstracción
bn:00000489n	resumen
bn:00000490n	abstraccionismo
bn:00000494n	razonamiento
bn:00000494n	Razonamiento
bn:00000497n	abstracción
bn:00000498n	abstracción
bn:00000498n	generalización
bn:00000502n	oscuridad
bn:00000503n	profundidad
bn:00000505n	absurdidad
bn:00000505n	absurdo
bn:00000506n	absurdo
bn:00000517n	abundancia
bn:00000520n	abuso
bn:00000521n	insulto
bn:00000534n	abismo
bn:00000551n	académico
bn:00000554n	grado
bn:00000554n	título
bn:00000561n	sesión
bn:00000567n	academia
bn:00000568n	Academia
bn:00000609n	Acapulco
bn:00000628n	aceleración
bn:00000629n	aceleración
bn:00000630n	aceleración
bn:00000632n	acelerador
bn:00000633n	acelerador
bn:00000638n	acento
bn:00000639n	acento
bn:00000639n	énfasis
bn:00000639n	hincapié
bn:00000640n	dialecto
bn:00000641n	acento
bn:00000641n	acentuación
bn:00000641n	énfasis
bn:00000641n	estrés
bn:00000641n	tensión
bn:00000648n	aceptación
bn:00000649n	aceptación
bn:00000649n	adopción
bn:00000650n	aceptación
bn:00000651n	aceptación
bn:00000661n	acceso
bn:00000662n	acceso
bn:00000663n	acceso
bn:00000670n	disponibilidad
bn:00000677n	accesorio
bn:00000678n	accesorio
bn:00000678n	complemento
bn:00000678n	suplemento
bn:00000690n	accidente
bn:00000690n	Accidente
bn:00000691n	accidente
bn:00000694n	lesión
bn:00000703n	elevación
bn:00000704n	honor
bn:00000704n	premio
bn:00000706n	ajuste
bn:00000716n	acompañamiento
bn:00000717n	acompañamiento
bn:00000717n	apoyo
bn:00000718n	complemento
bn:00000719n	escolta
bn:00000722n	cómplice
bn:00000724n	consecución
bn:00000724n	logro
bn:00000724n	rendimiento
bn:00000725n	habilidad
bn:00000726n	acuerdo
bn:00000727n	acuerdo
bn:00000728n	pacto
bn:00000728n	tratado
bn:00000738n	historia
bn:00000738n	Historia
bn:00000738n	relato
bn:00000739n	cuenta
bn:00000739n	historia
bn:00000739n	informe
bn:00000739n	relato
bn:00000740n	cuenta
bn:00000741n	cuenta
bn:00000741n	explicación
bn:00000743n	importancia
bn:00000745n	informe
bn:00000745n	rumor
bn:00000746n	cuenta
bn:00000746n	factura
bn:00000752n	contabilidad
bn:00000753n	contador
bn:00000753n	controlador
bn:00000755n	contabilidad
bn:00000759n	entrada
bn:00000765n	acreditación
bn:00000766n	acreción
bn:00000766n	acumulación
bn:00000772n	acumulación
bn:00000774n	aculturación
bn:00000775n	cultura
bn:00000777n	acumulación
bn:00000777n	colección
bn:00000779n	coleccionista
bn:00000782n	exactitud
bn:00000782n	precisión
bn:00000782n	verdad
bn:00000783n	precisión
bn:00000784n	acusación
bn:00000789n	as
bn:00000790n	as
bn:00000790n	estrella
bn:00000790n	experto
bn:00000790n	genio
bn:00000790n	mago
bn:00000790n	Mago
bn:00000790n	Star
bn:00000790n	virtuoso
bn:00000825n	amargura
bn:00000843n	acetona
bn:00000845n	cetosis
bn:00000849n	vinagre
bn:00000855n	aspirina
bn:00000859n	dolor
bn:00000870n	éxito
bn:00000892n	palidez
bn:00000902n	ácido
bn:00000918n	acidez
bn:00000937n	reconocimiento
bn:00000939n	cotización
bn:00000939n	mención
bn:00000939n	referencia
bn:00000942n	altura
bn:00000942n	cima
bn:00000942n	pico
bn:00000943n	ápice
bn:00000943n	apogeo
bn:00000951n	acólito
bn:00000990n	conocimiento
bn:00000990n	familiaridad
bn:00000991n	conocimiento
bn:00000993n	aquiescencia
bn:00000994n	consentimiento
bn:00001005n	adquisición
bn:00001007n	aprendizaje
bn:00001014n	acre
bn:00001019n	finca
bn:00001019n	tierra
bn:00001035n	acrobacia
bn:00001076n	Acta
bn:00001076n	acto
bn:00001076n	legislación
bn:00001076n	ley
bn:00001076n	Ley
bn:00001077n	acción
bn:00001077n	acto
bn:00001078n	acto
bn:00001078n	Acto
bn:00001079n	acto
bn:00001079n	actuación
bn:00001079n	número
bn:00001079n	rutina
bn:00001092n	actuación
bn:00001112n	actinómetro
bn:00001127n	acción
bn:00001127n	medida
bn:00001128n	acción
bn:00001128n	actividad
bn:00001129n	acción
bn:00001129n	medida
bn:00001130n	acción
bn:00001131n	acción
bn:00001132n	acción
bn:00001133n	mecanismo
bn:00001134n	medida
bn:00001155n	activo
bn:00001170n	activismo
bn:00001172n	actividad
bn:00001173n	actividad
bn:00001176n	actor
bn:00001181n	actriz
bn:00001187n	conciencia
bn:00001187n	realización
bn:00001188n	realidad
bn:00001195n	agudeza
bn:00001227n	anuncio
bn:00001227n	publicidad
bn:00001227n	publicitario
bn:00001236n	proverbio
bn:00001242n	Adán
bn:00001252n	diamante
bn:00001266n	adaptación
bn:00001266n	versión
bn:00001276n	adición
bn:00001279n	complemento
bn:00001279n	suplemento
bn:00001279n	Suplemento
bn:00001293n	adición
bn:00001294n	adición
bn:00001294n	aumento
bn:00001294n	ganancia
bn:00001294n	incremento
bn:00001299n	aditivo
bn:00001302n	dirección
bn:00001303n	dirección
bn:00001304n	discurso
bn:00001305n	dirección
bn:00001339n	adenoma
bn:00001353n	destreza
bn:00001354n	adecuación
bn:00001355n	suficiencia
bn:00001360n	adherencia
bn:00001360n	adhesión
bn:00001362n	discípulo
bn:00001362n	seguidor
bn:00001366n	adhesivo
bn:00001386n	grasa
bn:00001389n	corpulencia
bn:00001395n	adjetivo
bn:00001396n	adjetivo
bn:00001400n	adjudicación
bn:00001402n	adjunto
bn:00001410n	ajuste
bn:00001410n	alteración
bn:00001410n	modificación
bn:00001411n	ajuste
bn:00001412n	asignación
bn:00001413n	asistente
bn:00001413n	ayudante
bn:00001422n	administración
bn:00001422n	disposición
bn:00001423n	administración
bn:00001423n	Administración
bn:00001423n	establecimiento
bn:00001423n	organización
bn:00001424n	administración
bn:00001425n	administración
bn:00001425n	presidencia
bn:00001426n	gobierno
bn:00001426n	Gobierno
bn:00001434n	administrador
bn:00001435n	administrador
bn:00001453n	admiración
bn:00001454n	asombro
bn:00001455n	apreciación
bn:00001456n	admirador
bn:00001456n	partidario
bn:00001456n	protagonista
bn:00001460n	admisión
bn:00001460n	ingreso
bn:00001461n	admisión
bn:00001469n	admonición
bn:00001469n	advertencia
bn:00001469n	aviso
bn:00001472n	ajetreo
bn:00001478n	adolescencia
bn:00001480n	adolescente
bn:00001482n	Hitler
bn:00001488n	Adonis
bn:00001495n	préstamo
bn:00001507n	corticosteroid
bn:00001525n	adulto
bn:00001526n	adulto
bn:00001530n	mujer
bn:00001530n	señora
bn:00001533n	hombre
bn:00001533n	Hombre
bn:00001541n	adúltero
bn:00001544n	adultez
bn:00001544n	madurez
bn:00001548n	avance
bn:00001548n	progresión
bn:00001548n	progreso
bn:00001549n	avance
bn:00001549n	mejora
bn:00001549n	mejoramiento
bn:00001551n	avance
bn:00001551n	progresión
bn:00001551n	progreso
bn:00001557n	progreso
bn:00001557n	Progreso
bn:00001559n	ventaja
bn:00001564n	llegada
bn:00001572n	aventura
bn:00001572n	escapada
bn:00001574n	aventurero
bn:00001575n	explorador
bn:00001579n	adverbio
bn:00001582n	adversario
bn:00001582n	antagonista
bn:00001582n	oponente
bn:00001586n	adversidad
bn:00001589n	publicidad
bn:00001592n	asesoramiento
bn:00001592n	consejo
bn:00001595n	conveniencia
bn:00001598n	asesor
bn:00001598n	consultor
bn:00001602n	defensa
bn:00001603n	defensor
bn:00001603n	proponente
bn:00001604n	abogado
bn:00001617n	egeo
bn:00001617n	Egeo
bn:00001627n	amparo
bn:00001647n	eón
bn:00001657n	aireación
bn:00001661n	antena
bn:00001676n	aeropuerto
bn:00001697n	avión
bn:00001698n	aerosol
bn:00001704n	Esquilo
bn:00001713n	sensibilidad
bn:00001714n	sensación
bn:00001716n	estética
bn:00001734n	algo
bn:00001734n	asunto
bn:00001734n	cosa
bn:00001734n	cuestión
bn:00001734n	materia
bn:00001735n	aventura
bn:00001736n	asunto
bn:00001736n	ocasión
bn:00001737n	duelo
bn:00001738n	asunto
bn:00001740n	afecto
bn:00001744n	afecto
bn:00001755n	afiliación
bn:00001755n	lazo
bn:00001755n	vínculo
bn:00001756n	afiliación
bn:00001760n	afinidad
bn:00001763n	parentesco
bn:00001767n	afirmación
bn:00001785n	opulencia
bn:00001785n	riqueza
bn:00001789n	altercación
bn:00001789n	altercado
bn:00001790n	disturbio
bn:00001793n	pánico
bn:00001793n	terror
bn:00001816n	África
bn:00001861n	popa
bn:00001867n	secuela
bn:00001874n	consecuencia
bn:00001875n	atardecer
bn:00001875n	tarde
bn:00001876n	tarde
bn:00001877n	té
bn:00001880n	postre
bn:00001887n	plata
bn:00001918n	ágata
bn:00001936n	año
bn:00001936n	antigüedad
bn:00001936n	edad
bn:00001936n	Edad
bn:00001936n	Edades
bn:00001936n	mayoría
bn:00001937n	época
bn:00001937n	era
bn:00001937n	siglo
bn:00001938n	edad
bn:00001940n	vejez
bn:00001952n	anciano
bn:00001961n	agencia
bn:00001961n	autoridad
bn:00001961n	departamento
bn:00001961n	oficina
bn:00001961n	Oficina
bn:00001961n	organismo
bn:00001962n	agencia
bn:00001965n	camino
bn:00001965n	forma
bn:00001965n	manera
bn:00001965n	medio
bn:00001965n	método
bn:00001965n	vía
bn:00001967n	agenda
bn:00001967n	calendario
bn:00001967n	cronograma
bn:00001967n	horario
bn:00001967n	programa
bn:00001972n	agente
bn:00001973n	agente
bn:00001974n	agente
bn:00001975n	agente
bn:00001975n	corredor
bn:00001992n	montículo
bn:00001992n	montón
bn:00001992n	pila
bn:00001993n	aglomeración
bn:00001997n	aglutinación
bn:00001998n	aglutinación
bn:00002000n	aglutinina
bn:00002004n	exasperación
bn:00002005n	provocación
bn:00002006n	empeoramiento
bn:00002006n	exacerbación
bn:00002008n	conjunto
bn:00002008n	suma
bn:00002008n	total
bn:00002013n	coleccionista
bn:00002014n	agresión
bn:00002015n	agresividad
bn:00002016n	agresión
bn:00002019n	agresividad
bn:00002021n	agresor
bn:00002021n	atacante
bn:00002022n	agresora
bn:00002030n	fermentación
bn:00002030n	fermento
bn:00002032n	emoción
bn:00002036n	Ancistrodon
bn:00002059n	escepticismo
bn:00002071n	tormento
bn:00002072n	sufrimiento
bn:00002086n	acuerdo
bn:00002086n	comprensión
bn:00002086n	entendimiento
bn:00002087n	acuerdo
bn:00002087n	correspondencia
bn:00002088n	acuerdo
bn:00002088n	arreglo
bn:00002091n	agricultura
bn:00002096n	agricultura
bn:00002132n	aguacate
bn:00002154n	apoyo
bn:00002154n	asistencia
bn:00002154n	ayuda
bn:00002155n	apoyo
bn:00002155n	asistencia
bn:00002155n	ayuda
bn:00002156n	ayuda
bn:00002157n	atención
bn:00002157n	cuidado
bn:00002159n	asistente
bn:00002159n	auxiliar
bn:00002171n	dolencia
bn:00002171n	enfermedad
bn:00002171n	queja
bn:00002178n	efecto
bn:00002178n	fin
bn:00002178n	intención
bn:00002178n	objetivo
bn:00002178n	propósito
bn:00002178n	razón
bn:00002179n	objetivo
bn:00002180n	puntería
bn:00002185n	aire
bn:00002186n	aire
bn:00002187n	aire
bn:00002188n	aire
bn:00002188n	brisa
bn:00002189n	aire
bn:00002189n	ambiente
bn:00002189n	atmósfera
bn:00002191n	melodía
bn:00002191n	tensión
bn:00002208n	ensoñación
bn:00002209n	alvéolo
bn:00002216n	viento
bn:00002237n	anfitriona
bn:00002246n	milla
bn:00002250n	aviación
bn:00002275n	aeronave
bn:00002275n	avión
bn:00002276n	portaaviones
bn:00002293n	difusión
bn:00002295n	ventilación
bn:00002295n	Ventilación
bn:00002306n	piloto
bn:00002315n	pista
bn:00002315n	tira
bn:00002320n	pasillo
bn:00002335n	Alaska
bn:00002355n	aluminio
bn:00002356n	Alabama
bn:00002362n	Irak
bn:00002366n	Marruecos
bn:00002393n	alabastro
bn:00002410n	alarma
bn:00002411n	alarma
bn:00002444n	Albany
bn:00002488n	álbum
bn:00002489n	álbum
bn:00002490n	albúmina
bn:00002519n	alcohol
bn:00002544n	concejal
bn:00002590n	vigilancia
bn:00002612n	Alejandro
bn:00002671n	alga
bn:00002714n	coartada
bn:00002715n	excusa
bn:00002725n	extranjero
bn:00002726n	extraño
bn:00002726n	Extraño
bn:00002730n	alienación
bn:00002731n	distanciamiento
bn:00002740n	alineación
bn:00002740n	alineamiento
bn:00002740n	coalición
bn:00002741n	alineación
bn:00002744n	semejanza
bn:00002745n	sustento
bn:00002749n	alimentación
bn:00002753n	alícuota
bn:00002761n	vida
bn:00002771n	álcali
bn:00002812n	acusación
bn:00002813n	acusación
bn:00002814n	endrino
bn:00002819n	compromiso
bn:00002819n	lealtad
bn:00002822n	alegoría
bn:00002822n	parábola
bn:00002848n	alivio
bn:00002849n	alivio
bn:00002851n	callejón
bn:00002855n	Halloween
bn:00002860n	lazo
bn:00002860n	vínculo
bn:00002869n	cocodrilo
bn:00002870n	cocodrilo
bn:00002910n	asignación
bn:00002911n	asignación
bn:00002931n	asignación
bn:00002932n	asignación
bn:00002946n	alusión
bn:00002952n	depósito
bn:00002952n	sedimentación
bn:00002954n	inundación
bn:00002955n	aliado
bn:00002956n	aliado
bn:00002956n	amigo
bn:00002966n	Creador
bn:00002966n	Divino
bn:00002966n	señor
bn:00002966n	Señor
bn:00003002n	Hawái
bn:00003004n	soledad
bn:00003005n	distancia
bn:00003005n	indiferencia
bn:00003026n	alfa
bn:00003057n	letra
bn:00003101n	perdedor
bn:00003111n	elevación
bn:00003125n	alteración
bn:00003125n	cambio
bn:00003125n	modificación
bn:00003126n	revisión
bn:00003129n	reemplazo
bn:00003132n	alternativa
bn:00003132n	opción
bn:00003138n	malvarrosa
bn:00003142n	altitud
bn:00003158n	altruismo
bn:00003159n	filántropo
bn:00003164n	graduado
bn:00003200n	criada
bn:00003203n	fusión
bn:00003232n	aficionado
bn:00003242n	asombro
bn:00003251n	embajador
bn:00003255n	ámbar
bn:00003255n	dorado
bn:00003263n	ambiente
bn:00003263n	atmósfera
bn:00003266n	ambigüedad
bn:00003267n	ambigüedad
bn:00003268n	alcance
bn:00003268n	ámbito
bn:00003268n	brújula
bn:00003268n	gama
bn:00003268n	oportunidad
bn:00003268n	órbita
bn:00003268n	rango
bn:00003269n	ambición
bn:00003269n	sueño
bn:00003270n	ambición
bn:00003273n	paseo
bn:00003281n	estrado
bn:00003281n	púlpito
bn:00003295n	ambulancia
bn:00003300n	emboscada
bn:00003331n	enmienda
bn:00003332n	enmienda
bn:00003333n	compensación
bn:00003336n	comodidad
bn:00003337n	amento
bn:00003341n	América
bn:00003342n	América
bn:00003343n	americano
bn:00003343n	estadounidense
bn:00003344n	americano
bn:00003357n	búfalo
bn:00003357n	Búfalo
bn:00003365n	Washington
bn:00003418n	indígena
bn:00003418n	indio
bn:00003524n	aminoácido
bn:00003537n	amistad
bn:00003543n	munición
bn:00003601n	cantidad
bn:00003601n	importe
bn:00003601n	monto
bn:00003601n	suma
bn:00003602n	cantidad
bn:00003603n	cantidad
bn:00003603n	medida
bn:00003604n	cantidad
bn:00003604n	monto
bn:00003604n	suma
bn:00003604n	total
bn:00003605n	vanidad
bn:00003631n	anfibología
bn:00003663n	ampliación
bn:00003663n	detalle
bn:00003663n	elaboración
bn:00003664n	ganancia
bn:00003666n	amplificador
bn:00003667n	amplitud
bn:00003686n	Ámsterdam
bn:00003687n	amuleto
bn:00003692n	diversión
bn:00003693n	diversión
bn:00003693n	entretenimiento
bn:00003724n	anabaptista
bn:00003736n	anacronismo
bn:00003737n	anacronismo
bn:00003742n	anaconda
bn:00003750n	anemia
bn:00003752n	culturismo
bn:00003753n	anestesia
bn:00003780n	paralelo
bn:00003786n	analogía
bn:00003787n	analogía
bn:00003792n	analizador
bn:00003793n	análisis
bn:00003794n	análisis
bn:00003795n	análisis
bn:00003801n	analista
bn:00003808n	analiticidad
bn:00003810n	memoria
bn:00003810n	recuerdo
bn:00003832n	anaplasmosis
bn:00003839n	anarquista
bn:00003840n	anarquía
bn:00003864n	anastomosis
bn:00003879n	estructura
bn:00003881n	anatomía
bn:00003882n	anatomía
bn:00003882n	carne
bn:00003882n	cuerpo
bn:00003882n	figura
bn:00003882n	forma
bn:00003883n	anatomía
bn:00003890n	antecedente
bn:00003890n	antepasado
bn:00003893n	ascendencia
bn:00003893n	linaje
bn:00003893n	línea
bn:00003893n	sangre
bn:00003895n	ancla
bn:00003896n	ancla
bn:00003900n	anillo
bn:00003978n	andrena
bn:00003978n	Andrena
bn:00004021n	anécdota
bn:00004059n	tiamina
bn:00004063n	ángel
bn:00004064n	santo
bn:00004065n	patrocinador
bn:00004085n	enfado
bn:00004085n	furia
bn:00004085n	ira
bn:00004086n	ira
bn:00004117n	ángulo
bn:00004118n	enfoque
bn:00004126n	inclinación
bn:00004139n	anglicano
bn:00004147n	angloamericano
bn:00004151n	anglosajón
bn:00004175n	Angustia
bn:00004188n	angustia
bn:00004188n	tormento
bn:00004188n	tortura
bn:00004189n	angustia
bn:00004221n	censura
bn:00004222n	animal
bn:00004222n	bestia
bn:00004222n	criatura
bn:00004230n	pata
bn:00004230n	pie
bn:00004273n	animosidad
bn:00004274n	anión
bn:00004275n	aniónico
bn:00004293n	tobillo
bn:00004315n	Vietnam
bn:00004336n	aniquilación
bn:00004336n	obliteración
bn:00004339n	aniversario
bn:00004350n	nota
bn:00004352n	anuncio
bn:00004352n	proclama
bn:00004352n	proclamación
bn:00004353n	anuncio
bn:00004356n	irritación
bn:00004356n	molestia
bn:00004357n	molestia
bn:00004360n	bromista
bn:00004388n	ánodo
bn:00004415n	anonimato
bn:00004425n	anorexia
bn:00004451n	respuesta
bn:00004452n	respuesta
bn:00004452n	resultado
bn:00004452n	solución
bn:00004453n	respuesta
bn:00004458n	hormiga
bn:00004482n	Antares
bn:00004484n	hormiguero
bn:00004490n	antecedente
bn:00004493n	entrada
bn:00004493n	pasillo
bn:00004493n	vestíbulo
bn:00004498n	antílope
bn:00004500n	antena
bn:00004501n	antena
bn:00004527n	himno
bn:00004545n	flor
bn:00004545n	floración
bn:00004547n	hormiguero
bn:00004583n	antropólogo
bn:00004584n	antropología
bn:00004611n	antisemita
bn:00004612n	antisemitismo
bn:00004622n	tranquilizante
bn:00004629n	anticuerpo
bn:00004630n	broma
bn:00004630n	truco
bn:00004636n	anticipación
bn:00004637n	anticipación
bn:00004637n	expectativa
bn:00004638n	anticipación
bn:00004638n	predicción
bn:00004639n	expectativa
bn:00004644n	anticoagulación
bn:00004665n	antígeno
bn:00004710n	antipatía
bn:00004710n	disgusto
bn:00004732n	Antigüedad
bn:00004742n	antisuero
bn:00004748n	antítesis
bn:00004795n	rana
bn:00004795n	sapo
bn:00004798n	yunque
bn:00004801n	ansiedad
bn:00004802n	ansiedad
bn:00004814n	aorta
bn:00004824n	Apache
bn:00004836n	apartamento
bn:00004836n	Apartamento
bn:00004837n	apartamento
bn:00004840n	indiferencia
bn:00004857n	obturador
bn:00004921n	aplomo
bn:00004945n	apogeo
bn:00004945n	culminación
bn:00004958n	apología
bn:00004959n	apologista
bn:00004960n	disculpa
bn:00004971n	derrame
bn:00004989n	onza
bn:00004992n	boticario
bn:00004992n	farmacia
bn:00004992n	químico
bn:00004993n	farmacia
bn:00004995n	ideal
bn:00004995n	santo
bn:00005004n	aparato
bn:00005004n	sistema
bn:00005007n	ropa
bn:00005011n	horizonte
bn:00005012n	movimiento
bn:00005013n	aparición
bn:00005015n	sombra
bn:00005017n	apelación
bn:00005017n	llamamiento
bn:00005017n	oración
bn:00005017n	súplica
bn:00005018n	atractivo
bn:00005018n	encanto
bn:00005019n	apelación
bn:00005020n	colecta
bn:00005023n	apariencia
bn:00005024n	aparición
bn:00005025n	aparición
bn:00005025n	comparecencia
bn:00005026n	aparición
bn:00005027n	aparición
bn:00005032n	designación
bn:00005033n	extremidad
bn:00005033n	miembro
bn:00005043n	Apéndice
bn:00005047n	apetito
bn:00005053n	aplauso
bn:00005054n	manzana
bn:00005076n	manzano
bn:00005080n	applejack
bn:00005088n	aparato
bn:00005088n	dispositivo
bn:00005090n	aplicabilidad
bn:00005090n	pertinencia
bn:00005091n	solicitante
bn:00005091n	Solicitante
bn:00005092n	aplicación
bn:00005093n	solicitud
bn:00005094n	aplicación
bn:00005100n	solicitud
bn:00005101n	aplicador
bn:00005105n	ingeniería
bn:00005105n	tecnología
bn:00005106n	ingeniero
bn:00005110n	designación
bn:00005110n	nombramiento
bn:00005111n	cita
bn:00005111n	compromiso
bn:00005111n	fecha
bn:00005120n	evaluación
bn:00005121n	estimación
bn:00005123n	tasador
bn:00005125n	agradecimiento
bn:00005125n	apreciación
bn:00005125n	aprecio
bn:00005125n	valoración
bn:00005126n	apreciación
bn:00005126n	gusto
bn:00005128n	apreciación
bn:00005129n	agradecimiento
bn:00005133n	aprensión
bn:00005134n	aprensión
bn:00005134n	comprensión
bn:00005134n	entendimiento
bn:00005136n	arresto
bn:00005137n	aprendiz
bn:00005141n	aproximación
bn:00005141n	ataque
bn:00005141n	enfoque
bn:00005142n	acercamiento
bn:00005142n	aproximación
bn:00005142n	entrada
bn:00005142n	llegada
bn:00005154n	asignación
bn:00005158n	aprobación
bn:00005158n	bendición
bn:00005159n	aprobación
bn:00005160n	aprobación
bn:00005164n	aproximación
bn:00005164n	estimación
bn:00005164n	idea
bn:00005165n	aproximación
bn:00005169n	abril
bn:00005180n	delantal
bn:00005193n	aptitud
bn:00005236n	aquilegia
bn:00005242n	argón
bn:00005242n	Argón
bn:00005244n	Arkansas
bn:00005255n	Egipto
bn:00005266n	Arábigo
bn:00005348n	pérgola
bn:00005361n	arco
bn:00005361n	chispa
bn:00005361n	descarga
bn:00005362n	arco
bn:00005380n	grado
bn:00005384n	arco
bn:00005385n	arco
bn:00005390n	arqueólogo
bn:00005398n	Arcángel
bn:00005399n	arzobispo
bn:00005399n	Arzobispo
bn:00005435n	arquitecto
bn:00005435n	diseñador
bn:00005439n	plan
bn:00005439n	plano
bn:00005441n	arquitectura
bn:00005442n	arquitectura
bn:00005443n	arquitectura
bn:00005449n	archivo
bn:00005457n	primado
bn:00005459n	minuto
bn:00005509n	entusiasmo
bn:00005511n	fervor
bn:00005511n	fuego
bn:00005513n	área
bn:00005513n	lugar
bn:00005513n	país
bn:00005513n	región
bn:00005513n	zona
bn:00005514n	ámbito
bn:00005514n	área
bn:00005515n	área
bn:00005515n	región
bn:00005515n	zona
bn:00005516n	ámbito
bn:00005516n	área
bn:00005516n	arena
bn:00005516n	campo
bn:00005516n	dominio
bn:00005516n	esfera
bn:00005516n	órbita
bn:00005517n	área
bn:00005518n	área
bn:00005518n	extensión
bn:00005518n	superficie
bn:00005532n	estadio
bn:00005597n	argot
bn:00005597n	jerga
bn:00005599n	afirmación
bn:00005599n	argumentación
bn:00005599n	argumento
bn:00005599n	controversia
bn:00005599n	discusión
bn:00005600n	afirmación
bn:00005600n	argumento
bn:00005600n	declaración
bn:00005601n	argumento
bn:00005601n	debate
bn:00005601n	discusión
bn:00005602n	discusión
bn:00005605n	línea
bn:00005628n	arrianismo
bn:00005633n	aridez
bn:00005659n	aristocracia
bn:00005659n	nobleza
bn:00005660n	aristocracia
bn:00005674n	Aristóteles
bn:00005676n	Aritmético
bn:00005684n	Arizona
bn:00005702n	brazo
bn:00005703n	brazo
bn:00005704n	arma
bn:00005705n	brazo
bn:00005706n	departamento
bn:00005706n	rama
bn:00005706n	subdivisión
bn:00005706n	sucursal
bn:00005707n	manga
bn:00005717n	armadillo
bn:00005721n	armamento
bn:00005729n	sillón
bn:00005731n	combate
bn:00005737n	servicio
bn:00005768n	armario
bn:00005769n	armadura
bn:00005778n	tanque
bn:00005787n	inventario
bn:00005791n	axila
bn:00005793n	arma
bn:00005803n	ejército
bn:00005803n	Ejército
bn:00005804n	ejército
bn:00005810n	cuerpo
bn:00005813n	cabaña
bn:00005813n	choza
bn:00005845n	aroma
bn:00005845n	olor
bn:00005845n	rastro
bn:00005846n	aroma
bn:00005846n	olor
bn:00005846n	perfume
bn:00005851n	Voltaire
bn:00005852n	excitación
bn:00005862n	acuerdo
bn:00005862n	arreglo
bn:00005863n	arreglo
bn:00005863n	organización
bn:00005863n	sistema
bn:00005864n	arreglo
bn:00005864n	Arreglo
bn:00005864n	colocación
bn:00005864n	disposición
bn:00005865n	arreglo
bn:00005867n	organizador
bn:00005869n	gama
bn:00005869n	matriz
bn:00005875n	control
bn:00005884n	reserva
bn:00005885n	llegada
bn:00005886n	llegada
bn:00005887n	llegada
bn:00005893n	arrogancia
bn:00005896n	flecha
bn:00005910n	arroyo
bn:00005913n	asiento
bn:00005913n	cola
bn:00005913n	nalga
bn:00005913n	trasero
bn:00005916n	arsénico
bn:00005926n	art
bn:00005926n	arte
bn:00005927n	art
bn:00005927n	arte
bn:00005928n	art
bn:00005928n	arte
bn:00005929n	arte
bn:00005945n	pieza
bn:00005956n	artefacto
bn:00005978n	arteria
bn:00006063n	arteriola
bn:00006073n	artritis
bn:00006121n	artículo
bn:00006122n	artículo
bn:00006123n	artículo
bn:00006123n	cláusula
bn:00006125n	ropa
bn:00006125n	vestimenta
bn:00006128n	convicción
bn:00006129n	mobiliario
bn:00006129n	mueble
bn:00006137n	articulación
bn:00006138n	cadera
bn:00006139n	codo
bn:00006140n	rodilla
bn:00006143n	muñeca
bn:00006143n	Muñeca
bn:00006148n	articulación
bn:00006150n	voz
bn:00006155n	artificio
bn:00006156n	inventor
bn:00006157n	artesano
bn:00006165n	embalse
bn:00006169n	satélite
bn:00006172n	artillería
bn:00006173n	artillería
bn:00006174n	arma
bn:00006174n	artillería
bn:00006178n	artillero
bn:00006182n	artista
bn:00006187n	idioma
bn:00006188n	inocencia
bn:00006195n	artes
bn:00006248n	control
bn:00006248n	dominio
bn:00006253n	ascenso
bn:00006258n	ascenso
bn:00006263n	austeridad
bn:00006305n	ceniza
bn:00006306n	fresno
bn:00006308n	basura
bn:00006329n	Asia
bn:00006344n	búfalo
bn:00006351n	excursus
bn:00006362n	solicitud
bn:00006382n	aspecto
bn:00006382n	faceta
bn:00006383n	aspecto
bn:00006384n	aspecto
bn:00006384n	escena
bn:00006384n	vista
bn:00006384n	Vista
bn:00006386n	cara
bn:00006386n	expresión
bn:00006386n	mirada
bn:00006386n	mueca
bn:00006399n	rigor
bn:00006408n	asfalto
bn:00006417n	asfixia
bn:00006426n	aspirante
bn:00006428n	aspiración
bn:00006430n	inhalación
bn:00006451n	asno
bn:00006461n	asesino
bn:00006466n	asalto
bn:00006466n	ataque
bn:00006467n	asalto
bn:00006473n	análisis
bn:00006473n	verificación
bn:00006479n	reunión
bn:00006481n	conjunto
bn:00006481n	reunión
bn:00006484n	conjunto
bn:00006484n	ensamblaje
bn:00006485n	ensamblaje
bn:00006486n	reunión
bn:00006496n	afirmación
bn:00006502n	juicio
bn:00006503n	tasador
bn:00006504n	activo
bn:00006506n	bastardo
bn:00006506n	desgraciado
bn:00006506n	hijo
bn:00006506n	maldito
bn:00006509n	asiduidad
bn:00006511n	cesionario
bn:00006512n	asignación
bn:00006513n	asignación
bn:00006513n	tarea
bn:00006514n	cesión
bn:00006521n	alumno
bn:00006521n	estudiante
bn:00006522n	asistencia
bn:00006523n	asistente
bn:00006523n	ayuda
bn:00006523n	ayudante
bn:00006531n	asociado
bn:00006531n	Asociado
bn:00006531n	compañero
bn:00006532n	acompañante
bn:00006532n	camarada
bn:00006532n	compañero
bn:00006537n	Protectorado
bn:00006539n	asociación
bn:00006540n	asociación
bn:00006541n	asociación
bn:00006542n	asociación
bn:00006542n	conexión
bn:00006554n	mezcla
bn:00006554n	variedad
bn:00006555n	clasificación
bn:00006558n	premisa
bn:00006558n	suposición
bn:00006558n	supuesto
bn:00006559n	suposición
bn:00006559n	supuesto
bn:00006560n	asunción
bn:00006565n	autoconfianza
bn:00006565n	autoridad
bn:00006565n	certeza
bn:00006565n	confianza
bn:00006565n	seguridad
bn:00006567n	garantía
bn:00006570n	asirio
bn:00006571n	asirio
bn:00006605n	asterisco
bn:00006663n	astronomía
bn:00006667n	astrofísica
bn:00006680n	asimetría
bn:00006690n	bate
bn:00006701n	paz
bn:00006701n	serenidad
bn:00006734n	Atenas
bn:00006747n	atleta
bn:00006752n	campo
bn:00006758n	atletismo
bn:00006759n	atletismo
bn:00006759n	deporte
bn:00006771n	Atlanta
bn:00006772n	Atlanta
bn:00006773n	Atlántico
bn:00006803n	atm
bn:00006803n	atmósfera
bn:00006806n	atmósfera
bn:00006807n	atmósfera
bn:00006808n	clima
bn:00006808n	tiempo
bn:00006814n	átomo
bn:00006815n	mota
bn:00006815n	partícula
bn:00006823n	hidrógeno
bn:00006835n	sodio
bn:00006845n	fósforo
bn:00006846n	azufre
bn:00006847n	cloro
bn:00006847n	Cloro
bn:00006848n	potasio
bn:00006849n	helio
bn:00006850n	calcio
bn:00006854n	cr
bn:00006854n	cromo
bn:00006856n	hierro
bn:00006858n	níquel
bn:00006859n	cobre
bn:00006861n	zinc
bn:00006863n	germanio
bn:00006870n	berilio
bn:00006881n	hojalata
bn:00006883n	yodo
bn:00006886n	bario
bn:00006890n	carbón
bn:00006890n	carbono
bn:00006901n	nitrógeno
bn:00006906n	tungsteno
bn:00006910n	platino
bn:00006911n	oro
bn:00006912n	oxígeno
bn:00006913n	mercurio
bn:00006915n	plomo
bn:00006921n	flúor
bn:00006939n	fragmentación
bn:00006941n	rocío
bn:00006944n	satisfacción
bn:00006979n	atrofia
bn:00006990n	accesorio
bn:00006992n	lazo
bn:00006994n	ataque
bn:00006994n	embestida
bn:00006995n	ataque
bn:00006996n	ataque
bn:00006997n	ataque
bn:00006997n	intento
bn:00006998n	ataque
bn:00007002n	caza
bn:00007006n	logro
bn:00007007n	llegada
bn:00007011n	esfuerzo
bn:00007011n	intento
bn:00007013n	asistencia
bn:00007017n	asistente
bn:00007019n	oyente
bn:00007020n	atención
bn:00007021n	atención
bn:00007022n	atención
bn:00007023n	atención
bn:00007026n	respecto
bn:00007032n	testigo
bn:00007037n	ático
bn:00007037n	desván
bn:00007042n	Ática
bn:00007046n	atuendo
bn:00007046n	traje
bn:00007046n	vestimenta
bn:00007047n	actitud
bn:00007048n	actitud
bn:00007048n	posición
bn:00007048n	postura
bn:00007049n	actitud
bn:00007051n	abogado
bn:00007054n	fiscal
bn:00007054n	Fiscal
bn:00007055n	Fiscal
bn:00007061n	atracción
bn:00007062n	atracción
bn:00007063n	atracción
bn:00007064n	atracción
bn:00007064n	encanto
bn:00007067n	atributo
bn:00007067n	dimensión
bn:00007068n	atributo
bn:00007070n	remordimiento
bn:00007078n	posada
bn:00007080n	berenjena
bn:00007091n	audacia
bn:00007096n	audiencia
bn:00007096n	espectador
bn:00007096n	público
bn:00007097n	audiencia
bn:00007097n	público
bn:00007098n	audiencia
bn:00007099n	consulta
bn:00007099n	entrevista
bn:00007101n	sonido
bn:00007117n	auditoría
bn:00007124n	auditorio
bn:00007134n	sonido
bn:00007140n	agosto
bn:00007146n	cero
bn:00007146n	nada
bn:00007182n	tía
bn:00007184n	halo
bn:00007188n	corona
bn:00007190n	oído
bn:00007190n	oreja
bn:00007205n	amanecer
bn:00007205n	Aurora
bn:00007222n	Austin
bn:00007228n	Australia
bn:00007269n	Viena
bn:00007286n	autenticidad
bn:00007287n	autor
bn:00007287n	autora
bn:00007287n	escritor
bn:00007288n	autor
bn:00007288n	Autor
bn:00007288n	origen
bn:00007292n	autorización
bn:00007292n	mandato
bn:00007293n	autoridad
bn:00007293n	potencia
bn:00007294n	autoridad
bn:00007299n	autoridad
bn:00007299n	gobierno
bn:00007299n	Gobierno
bn:00007299n	régimen
bn:00007300n	autoridad
bn:00007301n	autoridad
bn:00007301n	experto
bn:00007304n	capital
bn:00007306n	autoría
bn:00007306n	composición
bn:00007306n	escritura
bn:00007306n	redacción
bn:00007309n	auto
bn:00007309n	automóvil
bn:00007309n	coche
bn:00007329n	autobús
bn:00007335n	tirano
bn:00007366n	automatización
bn:00007389n	autonomía
bn:00007389n	libertad
bn:00007390n	autosuficiencia
bn:00007393n	autopsia
bn:00007405n	facsímil
bn:00007406n	otoño
bn:00007427n	ayuda
bn:00007434n	avaricia
bn:00007436n	encarnación
bn:00007447n	vía
bn:00007448n	bulevar
bn:00007449n	norma
bn:00007449n	promedio
bn:00007454n	mediocridad
bn:00007468n	pajarera
bn:00007474n	ansiedad
bn:00007481n	pasatiempo
bn:00007485n	evasión
bn:00007485n	evitación
bn:00007496n	adjudicación
bn:00007496n	laudo
bn:00007496n	premio
bn:00007497n	premio
bn:00007498n	conciencia
bn:00007498n	conocimiento
bn:00007498n	consciencia
bn:00007499n	conciencia
bn:00007502n	reverencia
bn:00007505n	lentitud
bn:00007513n	parasol
bn:00007513n	sombrilla
bn:00007517n	hacha
bn:00007520n	rollo
bn:00007520n	voltereta
bn:00007528n	axioma
bn:00007530n	eje
bn:00007533n	bloque
bn:00007536n	eje
bn:00007630n	bebé
bn:00007675n	infancia
bn:00007699n	tabaco
bn:00007702n	soltero
bn:00007727n	espalda
bn:00007727n	lomo
bn:00007732n	portada
bn:00007743n	bosque
bn:00007743n	interior
bn:00007756n	insolencia
bn:00007767n	coraje
bn:00007770n	charla
bn:00007771n	telón
bn:00007772n	retiro
bn:00007781n	antecedente
bn:00007781n	experiencia
bn:00007781n	trasfondo
bn:00007782n	fondo
bn:00007782n	suelo
bn:00007783n	fondo
bn:00007783n	trasfondo
bn:00007784n	fondo
bn:00007785n	fondo
bn:00007786n	ambiente
bn:00007786n	trasfondo
bn:00007797n	apoyo
bn:00007797n	patrocinio
bn:00007797n	respaldo
bn:00007798n	respaldo
bn:00007805n	reserva
bn:00007817n	propina
bn:00007820n	desliz
bn:00007824n	ala
bn:00007824n	bastidor
bn:00007828n	receptor
bn:00007837n	relevo
bn:00007846n	patio
bn:00007847n	tocino
bn:00007854n	bacteria
bn:00007875n	mal
bn:00007875n	maldad
bn:00007884n	desgracia
bn:00007886n	desgracia
bn:00007894n	villano
bn:00007896n	insignia
bn:00007896n	placa
bn:00007912n	gravedad
bn:00007921n	desconcierto
bn:00007922n	bolsa
bn:00007922n	saco
bn:00007923n	bolsa
bn:00007924n	base
bn:00007924n	bolsa
bn:00007925n	bolsa
bn:00007925n	bolso
bn:00007925n	cartera
bn:00007926n	bolsa
bn:00007927n	bolsa
bn:00007927n	maleta
bn:00007940n	equipaje
bn:00007951n	burdel
bn:00007974n	fianza
bn:00007985n	ámbito
bn:00007985n	campo
bn:00007985n	disciplina
bn:00007985n	estudio
bn:00007985n	materia
bn:00007985n	tema
bn:00007998n	anzuelo
bn:00008043n	balance
bn:00008043n	equilibrio
bn:00008044n	equilibrio
bn:00008044n	saldo
bn:00008045n	equilibrio
bn:00008047n	residuo
bn:00008047n	resto
bn:00008051n	simetría
bn:00008052n	contrapeso
bn:00008060n	balance
bn:00008092n	fardo
bn:00008097n	hoguera
bn:00008100n	Bali
bn:00008102n	balinés
bn:00008109n	viga
bn:00008120n	balón
bn:00008120n	bola
bn:00008120n	pelota
bn:00008121n	bala
bn:00008122n	bola
bn:00008122n	esfera
bn:00008123n	baile
bn:00008124n	pelota
bn:00008124n	testículo
bn:00008125n	pelota
bn:00008127n	bulto
bn:00008127n	terrón
bn:00008127n	trozo
bn:00008141n	club
bn:00008153n	balada
bn:00008154n	balada
bn:00008155n	compositor
bn:00008158n	lastre
bn:00008164n	bailarina
bn:00008165n	ballet
bn:00008166n	ballet
bn:00008168n	bailarín
bn:00008187n	globo
bn:00008188n	globo
bn:00008198n	elección
bn:00008198n	votación
bn:00008198n	voto
bn:00008203n	estadio
bn:00008203n	parque
bn:00008213n	ungüento
bn:00008225n	balsamina
bn:00008243n	Baltimore
bn:00008247n	balaustrada
bn:00008247n	barandilla
bn:00008248n	Balzac
bn:00008250n	golpe
bn:00008263n	prohibición
bn:00008267n	cliché
bn:00008268n	plátano
bn:00008279n	banda
bn:00008279n	círculo
bn:00008279n	grupo
bn:00008280n	banda
bn:00008281n	banda
bn:00008282n	banda
bn:00008283n	banda
bn:00008284n	banda
bn:00008285n	banda
bn:00008314n	bandido
bn:00008318n	bandolera
bn:00008326n	ancho
bn:00008333n	golpe
bn:00008335n	emoción
bn:00008336n	éxito
bn:00008341n	petardo
bn:00008351n	chuchería
bn:00008361n	banjo
bn:00008363n	banco
bn:00008363n	orilla
bn:00008364n	banco
bn:00008365n	margen
bn:00008375n	billete
bn:00008375n	factura
bn:00008378n	cheque
bn:00008406n	banquero
bn:00008418n	bancarrota
bn:00008419n	bancarrota
bn:00008424n	bandera
bn:00008424n	estandarte
bn:00008433n	banquete
bn:00008458n	bautista
bn:00008462n	bar
bn:00008462n	barra
bn:00008462n	cantina
bn:00008462n	salón
bn:00008463n	bar
bn:00008463n	barra
bn:00008464n	barra
bn:00008465n	compás
bn:00008466n	reja
bn:00008467n	prevención
bn:00008467n	Prevención
bn:00008472n	pastilla
bn:00008513n	brutalidad
bn:00008532n	barra
bn:00008532n	pesa
bn:00008547n	barbitúrico
bn:00008556n	Shakespeare
bn:00008568n	acuerdo
bn:00008568n	trato
bn:00008572n	comerciante
bn:00008572n	distribuidor
bn:00008572n	vendedor
bn:00008574n	negociación
bn:00008576n	barcaza
bn:00008594n	corteza
bn:00008600n	barman
bn:00008600n	camarero
bn:00008614n	establo
bn:00008614n	granero
bn:00008633n	corral
bn:00008639n	rey
bn:00008667n	baronía
bn:00008671n	barorreceptor
bn:00008674n	barracón
bn:00008679n	bombardeo
bn:00008690n	cañón
bn:00008691n	barril
bn:00008692n	barril
bn:00008700n	tonel
bn:00008705n	desierto
bn:00008705n	páramo
bn:00008710n	barrera
bn:00008713n	barrera
bn:00008714n	barrera
bn:00008714n	obstáculo
bn:00008715n	barrera
bn:00008771n	bajorrelieve
bn:00008781n	base
bn:00008782n	base
bn:00008783n	base
bn:00008784n	base
bn:00008785n	base
bn:00008785n	suelo
bn:00008786n	base
bn:00008786n	fundamento
bn:00008787n	base
bn:00008787n	pedestal
bn:00008787n	soporte
bn:00008793n	raíces
bn:00008793n	raíz
bn:00008793n	tallo
bn:00008803n	corredor
bn:00008804n	béisbol
bn:00008805n	béisbol
bn:00008811n	infield
bn:00008813n	guante
bn:00008821n	referencia
bn:00008824n	sótano
bn:00008838n	fundamento
bn:00008864n	tazón
bn:00008868n	lavabo
bn:00008870n	base
bn:00008872n	canasta
bn:00008872n	cesta
bn:00008873n	canasta
bn:00008873n	cesta
bn:00008889n	baloncesto
bn:00008922n	contrabajista
bn:00008922n	contrabajo
bn:00008937n	moisés
bn:00008944n	tilo
bn:00008947n	floema
bn:00008970n	bastión
bn:00008977n	murciélago
bn:00008984n	lote
bn:00008985n	fortuna
bn:00008985n	masa
bn:00008985n	montón
bn:00008990n	baño
bn:00008991n	baño
bn:00008992n	bañera
bn:00008992n	baño
bn:00008995n	baño
bn:00009007n	bañista
bn:00009014n	bañador
bn:00009019n	albornoz
bn:00009019n	bata
bn:00009020n	baño
bn:00009020n	inodoro
bn:00009041n	bastón
bn:00009041n	batuta
bn:00009052n	bateador
bn:00009054n	batallón
bn:00009062n	ariete
bn:00009064n	batería
bn:00009064n	pila
bn:00009065n	batería
bn:00009070n	bateo
bn:00009077n	alineación
bn:00009078n	batalla
bn:00009078n	combate
bn:00009078n	lucha
bn:00009078n	pelea
bn:00009079n	batalla
bn:00009079n	lucha
bn:00009080n	conflicto
bn:00009080n	lucha
bn:00009183n	campo
bn:00009184n	frente
bn:00009184n	Frente
bn:00009186n	luchador
bn:00009200n	Baviera
bn:00009205n	prostituta
bn:00009206n	obscenidad
bn:00009211n	recriminación
bn:00009212n	bahía
bn:00009213n	bahía
bn:00009233n	Massachusetts
bn:00009248n	bayoneta
bn:00009254n	bazar
bn:00009263n	playa
bn:00009286n	faro
bn:00009291n	gota
bn:00009298n	alguacil
bn:00009313n	haz
bn:00009314n	viga
bn:00009315n	haz
bn:00009316n	haz
bn:00009316n	rayo
bn:00009322n	grano
bn:00009334n	Boston
bn:00009342n	oso
bn:00009361n	barba
bn:00009373n	mensajero
bn:00009373n	portador
bn:00009373n	transportista
bn:00009374n	portador
bn:00009379n	comportamiento
bn:00009379n	porte
bn:00009379n	presencia
bn:00009380n	postura
bn:00009395n	latido
bn:00009395n	pulso
bn:00009396n	ritmo
bn:00009400n	cadencia
bn:00009400n	medida
bn:00009410n	latido
bn:00009419n	galán
bn:00009419n	joven
bn:00009420n	galán
bn:00009423n	parangón
bn:00009435n	belleza
bn:00009439n	belleza
bn:00009440n	belleza
bn:00009459n	Oregón
bn:00009472n	cama
bn:00009472n	lecho
bn:00009473n	cama
bn:00009474n	fondo
bn:00009474n	lecho
bn:00009477n	capa
bn:00009485n	abrigo
bn:00009485n	ropa
bn:00009489n	macizo
bn:00009493n	sábana
bn:00009495n	dormitorio
bn:00009495n	habitación
bn:00009503n	caos
bn:00009516n	dormitorio
bn:00009524n	abeja
bn:00009543n	carne
bn:00009544n	carne
bn:00009545n	queja
bn:00009553n	ganadero
bn:00009584n	Utah
bn:00009586n	diablo
bn:00009586n	Diablo
bn:00009586n	Lucifer
bn:00009589n	cerveza
bn:00009598n	jarra
bn:00009610n	escarabajo
bn:00009616n	padre
bn:00009616n	Padre
bn:00009617n	mendigo
bn:00009627n	mendicidad
bn:00009631n	fundador
bn:00009632n	comienzo
bn:00009632n	inicio
bn:00009632n	principio
bn:00009633n	comienzo
bn:00009633n	inicio
bn:00009633n	principio
bn:00009634n	comienzo
bn:00009634n	inicio
bn:00009634n	principio
bn:00009635n	comienzo
bn:00009635n	fuente
bn:00009635n	origen
bn:00009635n	raíz
bn:00009636n	comienzo
bn:00009652n	nombre
bn:00009653n	nombre
bn:00009654n	comportamiento
bn:00009654n	conducción
bn:00009654n	conducta
bn:00009655n	comportamiento
bn:00009656n	comportamiento
bn:00009656n	conducción
bn:00009656n	conducta
bn:00009663n	monstruo
bn:00009664n	gigante
bn:00009668n	observador
bn:00009676n	existencia
bn:00009676n	ser
bn:00009677n	organismo
bn:00009677n	ser
bn:00009692n	eructo
bn:00009696n	sitio
bn:00009702n	campanario
bn:00009707n	Congo
bn:00009716n	creencia
bn:00009716n	fe
bn:00009717n	creencia
bn:00009717n	impresión
bn:00009717n	noción
bn:00009717n	presentimiento
bn:00009717n	sensación
bn:00009717n	sentimiento
bn:00009719n	creyente
bn:00009720n	fiel
bn:00009727n	campana
bn:00009728n	timbre
bn:00009729n	campana
bn:00009771n	belleza
bn:00009787n	bramido
bn:00009787n	grito
bn:00009787n	rugido
bn:00009800n	ombligo
bn:00009815n	bien
bn:00009815n	pertenencia
bn:00009815n	propiedad
bn:00009819n	amor
bn:00009819n	cariño
bn:00009819n	miel
bn:00009821n	Belsasar
bn:00009822n	correa
bn:00009823n	cinturón
bn:00009824n	cinturón
bn:00009824n	zona
bn:00009834n	desvío
bn:00009838n	presbiterio
bn:00009850n	banco
bn:00009851n	banco
bn:00009852n	banco
bn:00009853n	banco
bn:00009867n	curva
bn:00009867n	giro
bn:00009868n	curva
bn:00009869n	curva
bn:00009870n	pliegue
bn:00009877n	curva
bn:00009892n	bendición
bn:00009897n	ayudante
bn:00009902n	beneficiario
bn:00009904n	beneficio
bn:00009904n	ventaja
bn:00009905n	beneficio
bn:00009905n	bienestar
bn:00009963n	inclinación
bn:00009992n	legado
bn:00009999n	nana
bn:00010002n	duelo
bn:00010004n	iceberg
bn:00010025n	Berlín
bn:00010046n	Bern
bn:00010046n	Berna
bn:00010073n	lugar
bn:00010073n	posición
bn:00010073n	puesto
bn:00010075n	litera
bn:00010086n	sitiador
bn:00010108n	concesión
bn:00010110n	donante
bn:00010113n	beta
bn:00010147n	estupidez
bn:00010147n	insensatez
bn:00010148n	traición
bn:00010152n	compromiso
bn:00010161n	compañero
bn:00010161n	cónyuge
bn:00010161n	esposo
bn:00010161n	pareja
bn:00010161n	socio
bn:00010183n	bebida
bn:00010183n	trago
bn:00010187n	bandada
bn:00010203n	India
bn:00010210n	prejuicio
bn:00010210n	sesgo
bn:00010217n	Biblia
bn:00010217n	Escritura
bn:00010224n	bibliografía
bn:00010228n	bibliotecario
bn:00010238n	bíceps
bn:00010243n	disputa
bn:00010248n	bicicleta
bn:00010258n	ciclista
bn:00010260n	comando
bn:00010260n	consigna
bn:00010260n	mandamiento
bn:00010260n	mandato
bn:00010260n	mando
bn:00010260n	oferta
bn:00010260n	orden
bn:00010266n	postor
bn:00010270n	gallina
bn:00010271n	polluelo
bn:00010281n	puñetazo
bn:00010307n	montón
bn:00010373n	bilis
bn:00010384n	bilharziasis
bn:00010390n	temperamento
bn:00010392n	cuenta
bn:00010392n	ley
bn:00010392n	medida
bn:00010393n	programa
bn:00010394n	volante
bn:00010395n	cartel
bn:00010406n	giro
bn:00010407n	menú
bn:00010411n	acusación
bn:00010422n	nota
bn:00010429n	billetera
bn:00010429n	cartera
bn:00010469n	contenedor
bn:00010483n	atadora
bn:00010489n	unión
bn:00010498n	orgía
bn:00010504n	sencillo
bn:00010509n	binomial
bn:00010511n	bioensayo
bn:00010514n	BW
bn:00010534n	biografía
bn:00010534n	vida
bn:00010543n	biología
bn:00010548n	biólogo
bn:00010558n	biomedicina
bn:00010566n	biofísico
bn:00010569n	biopsia
bn:00010605n	ave
bn:00010605n	pájaro
bn:00010606n	ave
bn:00010607n	dama
bn:00010633n	búho
bn:00010633n	lechuza
bn:00010649n	canción
bn:00010656n	birrefringencia
bn:00010659n	Birmingham
bn:00010660n	Birmingham
bn:00010662n	zumbido
bn:00010663n	nacer
bn:00010663n	nacimiento
bn:00010663n	origen
bn:00010664n	nacimiento
bn:00010665n	Nacimiento
bn:00010671n	anticoncepción
bn:00010672n	anticonceptivo
bn:00010678n	cumpleaños
bn:00010679n	cumpleaños
bn:00010687n	cuna
bn:00010696n	galleta
bn:00010697n	galleta
bn:00010706n	obispo
bn:00010712n	papa
bn:00010712n	Papa
bn:00010726n	fragmento
bn:00010726n	poco
bn:00010727n	fragmento
bn:00010727n	mancha
bn:00010727n	pedazo
bn:00010727n	trozo
bn:00010727n	viruta
bn:00010728n	instante
bn:00010728n	minuto
bn:00010728n	momento
bn:00010728n	segundo
bn:00010729n	pieza
bn:00010730n	bocado
bn:00010732n	bocado
bn:00010746n	tentempié
bn:00010788n	amargura
bn:00010788n	rencor
bn:00010788n	resentimiento
bn:00010805n	campamento
bn:00010805n	campo
bn:00010805n	vivac
bn:00010806n	campamento
bn:00010807n	acampada
bn:00010807n	campamento
bn:00010807n	camping
bn:00010816n	negro
bn:00010816n	negrura
bn:00010816n	oscuridad
bn:00010817n	negrura
bn:00010817n	oscuridad
bn:00010820n	negra
bn:00010820n	negro
bn:00010894n	contratiempo
bn:00010894n	golpe
bn:00010929n	grafito
bn:00010937n	vagón
bn:00011008n	mora
bn:00011012n	pizarra
bn:00011035n	chantajista
bn:00011037n	apagón
bn:00011038n	apagón
bn:00011078n	brizna
bn:00011081n	espada
bn:00011095n	culpa
bn:00011095n	reproche
bn:00011096n	culpa
bn:00011110n	espacio
bn:00011117n	espacio
bn:00011117n	lugar
bn:00011119n	cobija
bn:00011119n	funda
bn:00011119n	manta
bn:00011119n	sábana
bn:00011120n	capa
bn:00011120n	manta
bn:00011120n	manto
bn:00011133n	blasfemia
bn:00011134n	profanación
bn:00011134n	sacrilegio
bn:00011136n	ráfaga
bn:00011174n	resplandor
bn:00011183n	grada
bn:00011193n	hemorragia
bn:00011197n	imperfección
bn:00011198n	mezcla
bn:00011200n	mezcla
bn:00011224n	María
bn:00011225n	bendición
bn:00011240n	tábano
bn:00011241n	compañero
bn:00011241n	hombre
bn:00011241n	muchacho
bn:00011241n	tipo
bn:00011246n	ciego
bn:00011248n	cortina
bn:00011248n	pantalla
bn:00011248n	persiana
bn:00011249n	subterfugio
bn:00011271n	ceguera
bn:00011276n	guiño
bn:00011276n	instante
bn:00011303n	meteorismo
bn:00011305n	mancha
bn:00011308n	bloque
bn:00011308n	manzana
bn:00011309n	cuadra
bn:00011309n	manzana
bn:00011310n	bloque
bn:00011310n	cubo
bn:00011311n	bloque
bn:00011312n	bloque
bn:00011315n	polea
bn:00011327n	bloqueo
bn:00011342n	rubia
bn:00011346n	sangre
bn:00011347n	sangre
bn:00011348n	sanguíneo
bn:00011357n	hermano
bn:00011383n	plasma
bn:00011386n	presión
bn:00011388n	pariente
bn:00011389n	suero
bn:00011394n	transfusión
bn:00011396n	vaso
bn:00011398n	sabueso
bn:00011408n	derramamiento
bn:00011412n	sanguijuela
bn:00011421n	floración
bn:00011421n	florecimiento
bn:00011422n	flor
bn:00011423n	lozanía
bn:00011424n	rubor
bn:00011425n	pico
bn:00011428n	error
bn:00011436n	mancha
bn:00011442n	golpe
bn:00011443n	golpe
bn:00011444n	golpe
bn:00011453n	diente
bn:00011454n	soplador
bn:00011454n	ventilador
bn:00011461n	ventilación
bn:00011468n	explosión
bn:00011469n	arrebato
bn:00011477n	azul
bn:00011479n	azul
bn:00011586n	Kentucky
bn:00011591n	marinero
bn:00011593n	diseño
bn:00011596n	blues
bn:00011602n	acantilado
bn:00011603n	farol
bn:00011614n	mancha
bn:00011621n	bravado
bn:00011628n	contramaestre
bn:00011633n	boa
bn:00011638n	consejo
bn:00011638n	junta
bn:00011638n	Junta
bn:00011639n	tabla
bn:00011639n	tablero
bn:00011639n	tablón
bn:00011640n	tabla
bn:00011660n	embarque
bn:00011663n	pensión
bn:00011672n	jactancia
bn:00011674n	barca
bn:00011674n	barco
bn:00011674n	bote
bn:00011732n	corpiño
bn:00011737n	premonición
bn:00011737n	presentimiento
bn:00011744n	cuerpo
bn:00011745n	conjunto
bn:00011745n	cuerpo
bn:00011745n	organismo
bn:00011746n	cadáver
bn:00011746n	cuerpo
bn:00011747n	cuerpo
bn:00011748n	cuerpo
bn:00011748n	torso
bn:00011749n	conjunto
bn:00011749n	cuerpo
bn:00011750n	conjunto
bn:00011750n	consistencia
bn:00011750n	cuerpo
bn:00011755n	constitución
bn:00011755n	físico
bn:00011766n	agua
bn:00011773n	ghoul
bn:00011779n	peso
bn:00011780n	culturista
bn:00011781n	escolta
bn:00011781n	guardaespaldas
bn:00011807n	fantasma
bn:00011828n	caldera
bn:00011829n	tetera
bn:00011849n	atrevimiento
bn:00011849n	audacia
bn:00011853n	tronco
bn:00011893n	rojo
bn:00011896n	cojín
bn:00011897n	rayo
bn:00011898n	cerrojo
bn:00011899n	pestillo
bn:00011900n	rayo
bn:00011917n	bomba
bn:00011918n	bomba
bn:00011929n	bombardeo
bn:00011933n	Bombay
bn:00011936n	bombardero
bn:00011953n	Bombus
bn:00011963n	epicúreo
bn:00011963n	gourmet
bn:00011968n	Napoleón
bn:00011973n	enlace
bn:00011974n	bono
bn:00011975n	cesto
bn:00011984n	esclavitud
bn:00011999n	hueso
bn:00012000n	hueso
bn:00012001n	marfil
bn:00012010n	médula
bn:00012034n	Bonn
bn:00012035n	sombrero
bn:00012041n	bono
bn:00012042n	incentivo
bn:00012046n	bobo
bn:00012047n	pecho
bn:00012047n	teta
bn:00012048n	televisión
bn:00012048n	televisor
bn:00012052n	trampa
bn:00012053n	obstáculo
bn:00012054n	dinero
bn:00012059n	libro
bn:00012060n	libro
bn:00012060n	volumen
bn:00012061n	libro
bn:00012061n	registro
bn:00012062n	guion
bn:00012062n	libro
bn:00012083n	referencia
bn:00012121n	estantería
bn:00012121n	librería
bn:00012127n	contrato
bn:00012127n	reserva
bn:00012127n	Reserva
bn:00012128n	reserva
bn:00012133n	folleto
bn:00012135n	académico
bn:00012135n	erudito
bn:00012135n	estudiante
bn:00012135n	estudioso
bn:00012140n	estantería
bn:00012146n	estruendo
bn:00012146n	rugido
bn:00012157n	estímulo
bn:00012157n	impulso
bn:00012158n	aumento
bn:00012160n	promotor
bn:00012166n	bota
bn:00012171n	patada
bn:00012179n	cabina
bn:00012180n	cabina
bn:00012180n	establo
bn:00012180n	puesto
bn:00012188n	contrabandista
bn:00012193n	Botín
bn:00012193n	saqueo
bn:00012195n	licor
bn:00012196n	alcohol
bn:00012196n	trago
bn:00012206n	borato
bn:00012212n	Borde
bn:00012212n	frontera
bn:00012213n	frontera
bn:00012213n	margen
bn:00012214n	borde
bn:00012214n	canto
bn:00012232n	aburrimiento
bn:00012232n	tedio
bn:00012256n	distrito
bn:00012262n	prestatario
bn:00012273n	bovino
bn:00012273n	ganado
bn:00012273n	vaca
bn:00012286n	busto
bn:00012287n	pecho
bn:00012289n	corazón
bn:00012293n	capataz
bn:00012293n	jefe
bn:00012294n	jefe
bn:00012295n	jefa
bn:00012321n	vegetación
bn:00012327n	pena
bn:00012327n	problema
bn:00012339n	botella
bn:00012339n	frasco
bn:00012340n	botella
bn:00012355n	sacacorchos
bn:00012361n	cuello
bn:00012365n	fondo
bn:00012366n	base
bn:00012366n	fondo
bn:00012366n	pie
bn:00012369n	carguero
bn:00012399n	rama
bn:00012403n	roca
bn:00012411n	salto
bn:00012412n	rebote
bn:00012417n	borde
bn:00012417n	frontera
bn:00012417n	límite
bn:00012418n	frontera
bn:00012418n	límite
bn:00012419n	límite
bn:00012432n	ramillete
bn:00012432n	ramo
bn:00012434n	Borbón
bn:00012435n	Bourbon
bn:00012441n	burguesía
bn:00012465n	lazo
bn:00012466n	arco
bn:00012467n	proa
bn:00012483n	cuerda
bn:00012493n	cuenco
bn:00012494n	tazón
bn:00012495n	cuenco
bn:00012519n	cuerda
bn:00012524n	caja
bn:00012525n	caja
bn:00012525n	palco
bn:00012526n	caja
bn:00012569n	adolescente
bn:00012569n	chico
bn:00012569n	muchacho
bn:00012569n	niño
bn:00012570n	chico
bn:00012570n	muchacho
bn:00012571n	chico
bn:00012571n	hijo
bn:00012571n	muchacho
bn:00012571n	niño
bn:00012572n	chico
bn:00012580n	infancia
bn:00012580n	niñez
bn:00012591n	burro
bn:00012592n	tipo
bn:00012596n	par
bn:00012596n	pareja
bn:00012597n	par
bn:00012673n	trenza
bn:00012679n	cabeza
bn:00012679n	cerebro
bn:00012680n	cerebro
bn:00012680n	Cerebro
bn:00012680n	cordura
bn:00012680n	ingenio
bn:00012680n	inteligencia
bn:00012680n	mentalidad
bn:00012680n	mente
bn:00012680n	seso
bn:00012681n	cabeza
bn:00012681n	cerebro
bn:00012681n	mente
bn:00012681n	psique
bn:00012682n	cerebro
bn:00012682n	genio
bn:00012686n	acertijo
bn:00012705n	inspiración
bn:00012706n	perspicacia
bn:00012710n	freno
bn:00012724n	freno
bn:00012738n	rama
bn:00012739n	pierna
bn:00012739n	rama
bn:00012749n	ramificación
bn:00012758n	marca
bn:00012760n	marca
bn:00012770n	brandy
bn:00012786n	Brasil
bn:00012789n	latón
bn:00012793n	placa
bn:00012808n	Brassica
bn:00012839n	coraje
bn:00012839n	valentía
bn:00012839n	valor
bn:00012862n	infracción
bn:00012864n	ruptura
bn:00012873n	pan
bn:00012877n	apoyo
bn:00012877n	vida
bn:00012886n	barriga
bn:00012886n	estómago
bn:00012892n	amplitud
bn:00012893n	amplitud
bn:00012893n	ancho
bn:00012893n	anchura
bn:00012896n	interrupción
bn:00012896n	ruptura
bn:00012897n	oportunidad
bn:00012897n	respiro
bn:00012898n	ruptura
bn:00012899n	descanso
bn:00012899n	respiro
bn:00012900n	ruptura
bn:00012901n	pausa
bn:00012907n	interrupción
bn:00012920n	ruptura
bn:00012922n	colapso
bn:00012922n	descomposición
bn:00012922n	dislocación
bn:00012930n	desayuno
bn:00012940n	avance
bn:00012940n	descubrimiento
bn:00012941n	avance
bn:00012943n	desintegración
bn:00012943n	disolución
bn:00012944n	separación
bn:00012950n	pecho
bn:00012960n	esternón
bn:00012965n	aliento
bn:00012965n	respiración
bn:00012966n	aliento
bn:00012966n	respiración
bn:00012967n	espacio
bn:00012968n	pista
bn:00012968n	soplo
bn:00012973n	respiración
bn:00012983n	calzón
bn:00012986n	cepa
bn:00012986n	ganado
bn:00012986n	raza
bn:00012992n	educación
bn:00012993n	crianza
bn:00012995n	procreación
bn:00012995n	Procreación
bn:00013022n	brevedad
bn:00013023n	brevedad
bn:00013043n	soborno
bn:00013047n	ladrillo
bn:00013048n	ladrillo
bn:00013057n	albañil
bn:00013066n	novia
bn:00013074n	novio
bn:00013075n	novio
bn:00013077n	puente
bn:00013078n	puente
bn:00013079n	puente
bn:00013080n	puente
bn:00013081n	bridge
bn:00013097n	rienda
bn:00013102n	escrito
bn:00013104n	maletín
bn:00013112n	bergantín
bn:00013115n	brigadier
bn:00013121n	brillo
bn:00013121n	claridad
bn:00013123n	luminosidad
bn:00013123n	luz
bn:00013130n	brillo
bn:00013130n	esplendor
bn:00013130n	grandeza
bn:00013131n	genialidad
bn:00013132n	esplendor
bn:00013135n	borde
bn:00013142n	entrega
bn:00013142n	envío
bn:00013144n	borde
bn:00013144n	límite
bn:00013159n	cerda
bn:00013160n	cerda
bn:00013173n	Bretaña
bn:00013179n	Londres
bn:00013201n	toffee
bn:00013234n	emisión
bn:00013234n	transmisión
bn:00013235n	programa
bn:00013238n	emisión
bn:00013238n	transmisión
bn:00013247n	ensanchamiento
bn:00013248n	expansión
bn:00013259n	Broadway
bn:00013272n	zapatón
bn:00013281n	dolor
bn:00013281n	pesar
bn:00013283n	corretaje
bn:00013309n	bronquio
bn:00013311n	bronquiolo
bn:00013326n	bronce
bn:00013333n	camada
bn:00013333n	cría
bn:00013333n	prole
bn:00013340n	arroyo
bn:00013347n	Brooklyn
bn:00013367n	alhelí
bn:00013371n	hermano
bn:00013372n	amigo
bn:00013375n	cuñado
bn:00013376n	hermandad
bn:00013378n	Hermandad
bn:00013379n	sindicato
bn:00013380n	caridad
bn:00013389n	frente
bn:00013390n	ceja
bn:00013406n	lignito
bn:00013452n	brucelosis
bn:00013464n	contusión
bn:00013464n	hematoma
bn:00013465n	toro
bn:00013488n	matorral
bn:00013489n	cepillo
bn:00013489n	pincel
bn:00013490n	roce
bn:00013493n	combate
bn:00013493n	encuentro
bn:00013493n	enfrentamiento
bn:00013493n	escaramuza
bn:00013494n	cepillado
bn:00013505n	coyote
bn:00013515n	brutalidad
bn:00013536n	burbuja
bn:00013548n	fuente
bn:00013551n	champán
bn:00013560n	pirata
bn:00013578n	dólar
bn:00013580n	caballete
bn:00013590n	cubo
bn:00013597n	Ohio
bn:00013600n	hebilla
bn:00013602n	escudo
bn:00013609n	ante
bn:00013609n	gamuza
bn:00013623n	campesino
bn:00013625n	brote
bn:00013625n	capullo
bn:00013626n	brote
bn:00013628n	Buda
bn:00013639n	presupuesto
bn:00013640n	presupuesto
bn:00013648n	aficionado
bn:00013648n	amante
bn:00013648n	devoto
bn:00013648n	fanático
bn:00013670n	tampón
bn:00013679n	aparador
bn:00013679n	mostrador
bn:00013685n	bufón
bn:00013685n	payaso
bn:00013686n	payaso
bn:00013687n	payasada
bn:00013687n	travesura
bn:00013697n	insecto
bn:00013712n	corneta
bn:00013716n	corneta
bn:00013719n	constructor
bn:00013722n	edificio
bn:00013723n	construcción
bn:00013724n	construcción
bn:00013726n	unidad
bn:00013744n	bulbo
bn:00013745n	bombilla
bn:00013745n	luz
bn:00013746n	bulbo
bn:00013756n	Bulgaria
bn:00013761n	bulto
bn:00013761n	protuberancia
bn:00013767n	granel
bn:00013767n	mayoría
bn:00013768n	masa
bn:00013768n	volumen
bn:00013774n	toro
bn:00013775n	mierda
bn:00013775n	tontería
bn:00013777n	policía
bn:00013785n	diana
bn:00013807n	bala
bn:00013812n	boletín
bn:00013823n	terquedad
bn:00013838n	alborotador
bn:00013838n	bravucón
bn:00013838n	rufián
bn:00013843n	intimidación
bn:00013848n	muralla
bn:00013851n	vagabundo
bn:00013851n	vago
bn:00013852n	vagabundo
bn:00013853n	holgazán
bn:00013854n	abeja
bn:00013854n	abejorro
bn:00013868n	paleto
bn:00013873n	grupo
bn:00013873n	mechón
bn:00013873n	montón
bn:00013873n	racimo
bn:00013874n	grupo
bn:00013874n	montón
bn:00013874n	multitud
bn:00013874n	pandilla
bn:00013875n	grupo
bn:00013882n	manojo
bn:00013882n	paquete
bn:00013883n	fajo
bn:00013888n	cabaña
bn:00013888n	casita
bn:00013894n	litera
bn:00013896n	disparate
bn:00013896n	sinsentido
bn:00013896n	tontería
bn:00013898n	búnker
bn:00013909n	toque
bn:00013941n	carga
bn:00013941n	peso
bn:00013942n	carga
bn:00013943n	efecto
bn:00013948n	tocador
bn:00013955n	burocracia
bn:00013964n	ladrón
bn:00013967n	robo
bn:00013969n	avena
bn:00013980n	entierro
bn:00013984n	cementerio
bn:00013985n	bóveda
bn:00013998n	parodia
bn:00014000n	Birmania
bn:00014010n	quemadura
bn:00014011n	quemadura
bn:00014018n	quemador
bn:00014023n	quema
bn:00014024n	combustión
bn:00014031n	abrillantador
bn:00014031n	pulimento
bn:00014037n	sepia
bn:00014037n	siena
bn:00014044n	rebaba
bn:00014056n	madriguera
bn:00014065n	bursitis
bn:00014066n	estallido
bn:00014066n	explosión
bn:00014066n	ráfaga
bn:00014067n	descarga
bn:00014067n	explosión
bn:00014067n	salva
bn:00014091n	parada
bn:00014095n	arbusto
bn:00014096n	monte
bn:00014097n	arbusto
bn:00014124n	fanega
bn:00014133n	hillbilly
bn:00014136n	empresa
bn:00014136n	negocio
bn:00014137n	negocio
bn:00014138n	empleo
bn:00014138n	línea
bn:00014138n	negocio
bn:00014138n	ocupación
bn:00014138n	trabajo
bn:00014139n	asunto
bn:00014139n	negocio
bn:00014140n	asunto
bn:00014140n	negocio
bn:00014140n	obligación
bn:00014140n	trabajo
bn:00014141n	negocio
bn:00014142n	negocio
bn:00014143n	clientela
bn:00014152n	acuerdo
bn:00014152n	comercio
bn:00014152n	intercambio
bn:00014152n	trato
bn:00014155n	centro
bn:00014160n	casa
bn:00014160n	empresa
bn:00014160n	firma
bn:00014165n	línea
bn:00014169n	oficina
bn:00014175n	empresario
bn:00014175n	hombre
bn:00014182n	beso
bn:00014231n	mayordomo
bn:00014234n	culata
bn:00014237n	objetivo
bn:00014238n	cigarrillo
bn:00014249n	mantequilla
bn:00014301n	despensa
bn:00014305n	botón
bn:00014306n	botón
bn:00014332n	comprador
bn:00014334n	compra
bn:00014349n	consecuencia
bn:00014349n	subproducto
bn:00014350n	subproducto
bn:00014355n	apodo
bn:00014357n	shunt
bn:00014373n	C
bn:00014403n	California
bn:00014405n	cabina
bn:00014407n	taxi
bn:00014409n	facción
bn:00014410n	conspiración
bn:00014418n	cabaña
bn:00014437n	cabaña
bn:00014437n	cabina
bn:00014437n	camarote
bn:00014438n	cabaña
bn:00014445n	armario
bn:00014445n	gabinete
bn:00014447n	armario
bn:00014447n	casillero
bn:00014456n	cable
bn:00014457n	cable
bn:00014457n	línea
bn:00014458n	cable
bn:00014482n	escondite
bn:00014485n	sello
bn:00014495n	charla
bn:00014500n	manía
bn:00014500n	pasión
bn:00014512n	cadáver
bn:00014522n	cadencia
bn:00014537n	cuadro
bn:00014550n	César
bn:00014557n	café
bn:00014557n	cafetería
bn:00014561n	cafetería
bn:00014574n	jaula
bn:00014575n	jaula
bn:00014621n	calabaza
bn:00014640n	calamidad
bn:00014640n	catástrofe
bn:00014640n	desastre
bn:00014640n	tragedia
bn:00014664n	calcificación
bn:00014688n	cálculo
bn:00014688n	Cálculo
bn:00014689n	cálculo
bn:00014689n	estimación
bn:00014692n	cálculo
bn:00014705n	calendario
bn:00014706n	calendario
bn:00014709n	ritmo
bn:00014710n	mes
bn:00014711n	semana
bn:00014712n	año
bn:00014717n	ternero
bn:00014718n	pantorrilla
bn:00014731n	calibre
bn:00014731n	calidad
bn:00014732n	calibración
bn:00014743n	califa
bn:00014780n	californiano
bn:00014791n	llamada
bn:00014792n	llamada
bn:00014792n	Llamada
bn:00014793n	clamor
bn:00014793n	grito
bn:00014793n	llamada
bn:00014795n	visita
bn:00014808n	cabina
bn:00014824n	compañía
bn:00014824n	visita
bn:00014839n	carrera
bn:00014839n	vocación
bn:00014873n	insensibilidad
bn:00014878n	calma
bn:00014878n	compostura
bn:00014878n	ecuanimidad
bn:00014907n	calorímetro
bn:00014925n	calumnia
bn:00014940n	parto
bn:00014963n	movimiento
bn:00014963n	trazo
bn:00014965n	camaradería
bn:00014978n	Camboya
bn:00014988n	Cambridge
bn:00015008n	cámara
bn:00015009n	cámara
bn:00015033n	disfraz
bn:00015036n	campamento
bn:00015037n	campamento
bn:00015038n	camarilla
bn:00015038n	campamento
bn:00015038n	campo
bn:00015039n	campo
bn:00015040n	campamento
bn:00015050n	campaña
bn:00015051n	campaña
bn:00015051n	causa
bn:00015051n	cruzada
bn:00015051n	impulso
bn:00015051n	movimiento
bn:00015052n	campaña
bn:00015056n	candidato
bn:00015057n	candidatura
bn:00015076n	campista
bn:00015079n	hoguera
bn:00015097n	campus
bn:00015103n	lata
bn:00015106n	inodoro
bn:00015106n	olla
bn:00015115n	Canadá
bn:00015144n	conducto
bn:00015144n	ducto
bn:00015178n	cancelación
bn:00015180n	cáncer
bn:00015205n	candidato
bn:00015205n	prospecto
bn:00015211n	vela
bn:00015227n	caramelo
bn:00015240n	bastón
bn:00015267n	perra
bn:00015267n	perro
bn:00015303n	cañón
bn:00015320n	canon
bn:00015320n	Canon
bn:00015320n	canónigo
bn:00015322n	cañón
bn:00015343n	oratorio
bn:00015349n	galope
bn:00015381n	lienzo
bn:00015381n	lona
bn:00015382n	lienzo
bn:00015383n	lienzo
bn:00015384n	lienzo
bn:00015385n	vela
bn:00015387n	encuesta
bn:00015396n	caucho
bn:00015396n	goma
bn:00015398n	gorra
bn:00015399n	tapa
bn:00015401n	casquete
bn:00015404n	techo
bn:00015405n	chaqueta
bn:00015409n	capacidad
bn:00015410n	capacidad
bn:00015413n	amplitud
bn:00015414n	capacitancia
bn:00015415n	condensador
bn:00015418n	capacidad
bn:00015419n	capacidad
bn:00015419n	contenido
bn:00015420n	capacidad
bn:00015421n	cargo
bn:00015427n	cabo
bn:00015428n	capa
bn:00015496n	capital
bn:00015497n	capital
bn:00015498n	capital
bn:00015498n	ciudad
bn:00015499n	mayúscula
bn:00015501n	Washington
bn:00015515n	Phoenix
bn:00015524n	Sacramento
bn:00015529n	Denver
bn:00015540n	París
bn:00015546n	Honolulu
bn:00015548n	Springfield
bn:00015550n	Indianapolis
bn:00015554n	Dublín
bn:00015555n	Jerusalén
bn:00015556n	Roma
bn:00015558n	Tokio
bn:00015563n	Vientián
bn:00015563n	Vientiane
bn:00015582n	Rabat
bn:00015587n	Concord
bn:00015596n	Columbus
bn:00015605n	Varsovia
bn:00015606n	Lisboa
bn:00015607n	Providence
bn:00015622n	Jartum
bn:00015626n	Damasco
bn:00015630n	Nashville
bn:00015631n	Nassau
bn:00015634n	Moscú
bn:00015648n	Richmond
bn:00015650n	Charleston
bn:00015652n	Cheyenne
bn:00015656n	ejecución
bn:00015663n	capitalismo
bn:00015663n	Capitalismo
bn:00015664n	capitalista
bn:00015675n	caída
bn:00015704n	impulso
bn:00015705n	imprevisibilidad
bn:00015720n	cabra
bn:00015740n	cabrestante
bn:00015743n	cápsula
bn:00015744n	cápsula
bn:00015749n	capitán
bn:00015749n	Capitán
bn:00015750n	capitán
bn:00015750n	Capitán
bn:00015751n	capitán
bn:00015751n	Capitán
bn:00015752n	capitán
bn:00015753n	capitán
bn:00015753n	jefe
bn:00015765n	fascinación
bn:00015766n	encanto
bn:00015767n	prisionero
bn:00015771n	cautiverio
bn:00015772n	cautiverio
bn:00015774n	captura
bn:00015774n	incautación
bn:00015784n	cabeza
bn:00015785n	coche
bn:00015785n	vagón
bn:00015795n	estacionamiento
bn:00015805n	carabao
bn:00015831n	cáscara
bn:00015839n	caravana
bn:00015851n	carabina
bn:00015867n	dióxido
bn:00015879n	carbonato
bn:00015897n	cadáver
bn:00015914n	carta
bn:00015915n	tarjeta
bn:00015916n	tarjeta
bn:00015923n	carta
bn:00015937n	cartón
bn:00015961n	cardenal
bn:00015961n	Cardenal
bn:00015977n	electrocardiógrafo
bn:00015983n	cardiomegalia
bn:00015985n	corazón
bn:00016012n	cuidado
bn:00016012n	precaución
bn:00016013n	asunto
bn:00016013n	inquietud
bn:00016013n	miedo
bn:00016013n	preocupación
bn:00016013n	temor
bn:00016015n	cargo
bn:00016015n	cuidado
bn:00016016n	cuidado
bn:00016016n	mantenimiento
bn:00016019n	carrera
bn:00016027n	cuidado
bn:00016032n	negligencia
bn:00016047n	carga
bn:00016047n	cargamento
bn:00016047n	envío
bn:00016065n	Caribe
bn:00016124n	relación
bn:00016141n	feria
bn:00016191n	carpintero
bn:00016203n	carpintería
bn:00016205n	alfombra
bn:00016214n	pantufla
bn:00016214n	zapatilla
bn:00016237n	cruce
bn:00016237n	intersección
bn:00016240n	carruaje
bn:00016241n	carreta
bn:00016241n	carruaje
bn:00016252n	portador
bn:00016252n	transportista
bn:00016254n	transportista
bn:00016256n	cartero
bn:00016261n	saco
bn:00016286n	actuación
bn:00016286n	desempeño
bn:00016286n	ejecución
bn:00016286n	realización
bn:00016286n	rendimiento
bn:00016287n	implementación
bn:00016291n	carro
bn:00016292n	carro
bn:00016300n	fideicomiso
bn:00016317n	cartílago
bn:00016326n	caja
bn:00016328n	caricatura
bn:00016330n	caricaturista
bn:00016330n	dibujante
bn:00016332n	cartucho
bn:00016338n	cargador
bn:00016345n	rueda
bn:00016346n	rueda
bn:00016356n	escultor
bn:00016358n	talla
bn:00016360n	escultura
bn:00016401n	caso
bn:00016401n	instancia
bn:00016401n	ocasión
bn:00016402n	acontecimiento
bn:00016402n	caso
bn:00016402n	evento
bn:00016403n	caso
bn:00016403n	causa
bn:00016403n	demanda
bn:00016404n	caso
bn:00016405n	caja
bn:00016405n	casquillo
bn:00016405n	ejemplo
bn:00016405n	estuche
bn:00016406n	caso
bn:00016407n	caso
bn:00016407n	sujeto
bn:00016408n	caso
bn:00016409n	argumento
bn:00016409n	caso
bn:00016410n	caso
bn:00016411n	caso
bn:00016413n	personaje
bn:00016413n	tipo
bn:00016415n	vaina
bn:00016426n	ejemplo
bn:00016426n	precedente
bn:00016430n	precedente
bn:00016448n	dinero
bn:00016448n	efectivo
bn:00016467n	cachemira
bn:00016473n	casino
bn:00016478n	ataúd
bn:00016526n	elenco
bn:00016527n	molde
bn:00016528n	molde
bn:00016528n	sello
bn:00016529n	forma
bn:00016530n	yeso
bn:00016555n	castigo
bn:00016569n	castillo
bn:00016569n	palacio
bn:00016606n	gato
bn:00016612n	instrumento
bn:00016651n	catálogo
bn:00016652n	catálogo
bn:00016673n	electroforesis
bn:00016678n	resortera
bn:00016689n	catástrofe
bn:00016689n	desastre
bn:00016715n	detección
bn:00016719n	lema
bn:00016727n	catecolamina
bn:00016731n	clasificación
bn:00016733n	categoría
bn:00016733n	clase
bn:00016733n	Clase
bn:00016733n	familia
bn:00016734n	categoría
bn:00016756n	China
bn:00016758n	catedral
bn:00016768n	catéter
bn:00016771n	cátodo
bn:00016776n	católico
bn:00016780n	catolicismo
bn:00016781n	universalidad
bn:00016782n	panacea
bn:00016808n	rancho
bn:00016810n	corral
bn:00016812n	cuatrero
bn:00016814n	vaquero
bn:00016822n	blanca
bn:00016822n	blanco
bn:00016845n	causa
bn:00016845n	Causa
bn:00016846n	determinant
bn:00016850n	causa
bn:00016851n	causa
bn:00016851n	motivo
bn:00016855n	chisme
bn:00016859n	ironía
bn:00016859n	sátira
bn:00016863n	advertencia
bn:00016872n	caballería
bn:00016876n	jinete
bn:00016878n	cueva
bn:00016896n	cavidad
bn:00016913n	cc
bn:00016913n	ml
bn:00016974n	techo
bn:00016975n	techo
bn:00016984n	celebrant
bn:00016986n	celebración
bn:00016987n	celebración
bn:00016987n	festividad
bn:00016990n	celebridad
bn:00016991n	fama
bn:00016993n	rapidez
bn:00017014n	órbita
bn:00017017n	cielo
bn:00017021n	castidad
bn:00017026n	celda
bn:00017026n	célula
bn:00017027n	celda
bn:00017027n	célula
bn:00017028n	celda
bn:00017037n	núcleo
bn:00017050n	respiración
bn:00017056n	cine
bn:00017056n	película
bn:00017057n	celulosa
bn:00017080n	cemento
bn:00017081n	cemento
bn:00017082n	cemento
bn:00017094n	censura
bn:00017097n	censo
bn:00017099n	centavo
bn:00017100n	centavo
bn:00017118n	centenario
bn:00017120n	centro
bn:00017120n	corazón
bn:00017120n	medio
bn:00017121n	centro
bn:00017122n	centro
bn:00017123n	centro
bn:00017124n	centro
bn:00017124n	corazón
bn:00017124n	esencia
bn:00017124n	núcleo
bn:00017124n	suma
bn:00017124n	sustancia
bn:00017125n	centro
bn:00017126n	centro
bn:00017128n	centro
bn:00017129n	centro
bn:00017130n	centro
bn:00017131n	centro
bn:00017153n	centro
bn:00017153n	enfoque
bn:00017153n	foco
bn:00017163n	centímetro
bn:00017163n	cm
bn:00017185n	sede
bn:00017196n	centralización
bn:00017209n	centrifugación
bn:00017210n	centrífuga
bn:00017210n	centrifugadora
bn:00017234n	siglo
bn:00017236n	cefalea
bn:00017269n	alfarero
bn:00017324n	grano
bn:00017330n	cerebelo
bn:00017332n	corteza
bn:00017339n	pensamiento
bn:00017339n	reflexión
bn:00017345n	ceremonia
bn:00017348n	ceremonia
bn:00017349n	ceremonia
bn:00017362n	certeza
bn:00017363n	certeza
bn:00017367n	certificado
bn:00017371n	certificación
bn:00017372n	certificación
bn:00017376n	certiorari
bn:00017377n	certeza
bn:00017393n	ciervo
bn:00017395n	cuello
bn:00017428n	Ceilán
bn:00017444n	cha-cha
bn:00017474n	paja
bn:00017483n	disgusto
bn:00017483n	humillación
bn:00017483n	pesar
bn:00017487n	cadena
bn:00017488n	cadena
bn:00017489n	cadena
bn:00017490n	cadena
bn:00017515n	silla
bn:00017516n	cátedra
bn:00017517n	presidente
bn:00017518n	silla
bn:00017557n	desafío
bn:00017558n	desafío
bn:00017562n	competidor
bn:00017562n	rival
bn:00017581n	cámara
bn:00017582n	cavidad
bn:00017583n	cámara
bn:00017591n	camarera
bn:00017605n	campeón
bn:00017605n	campeona
bn:00017609n	campo
bn:00017609n	llanura
bn:00017612n	campeón
bn:00017612n	héroe
bn:00017612n	luchador
bn:00017614n	campeonato
bn:00017614n	título
bn:00017621n	oportunidad
bn:00017621n	posibilidad
bn:00017621n	probabilidad
bn:00017622n	azar
bn:00017622n	casualidad
bn:00017622n	fortuna
bn:00017622n	oportunidad
bn:00017622n	peligro
bn:00017622n	posibilidad
bn:00017622n	suerte
bn:00017623n	posibilidad
bn:00017623n	probabilidad
bn:00017623n	riesgo
bn:00017624n	probabilidad
bn:00017625n	perspectiva
bn:00017640n	candelabro
bn:00017651n	cambio
bn:00017652n	cambio
bn:00017653n	cambio
bn:00017654n	cambio
bn:00017655n	cambio
bn:00017656n	cambio
bn:00017666n	viaje
bn:00017676n	imbécil
bn:00017678n	conversión
bn:00017678n	transición
bn:00017681n	canal
bn:00017682n	canal
bn:00017683n	surco
bn:00017685n	línea
bn:00017696n	Hanukkah
bn:00017710n	grieta
bn:00017718n	sombrero
bn:00017719n	capilla
bn:00017726n	corona
bn:00017730n	capítulo
bn:00017730n	Capítulo
bn:00017731n	capítulo
bn:00017732n	capítulo
bn:00017732n	Capítulo
bn:00017746n	carácter
bn:00017746n	personaje
bn:00017747n	calidad
bn:00017747n	carácter
bn:00017747n	cualidad
bn:00017748n	carácter
bn:00017749n	papel
bn:00017749n	parte
bn:00017749n	personaje
bn:00017750n	carácter
bn:00017751n	carácter
bn:00017751n	referencia
bn:00017758n	caracterización
bn:00017758n	delineación
bn:00017758n	imagen
bn:00017761n	característica
bn:00017761n	rasgo
bn:00017762n	característica
bn:00017777n	carbón
bn:00017778n	carbón
bn:00017789n	ataque
bn:00017789n	carga
bn:00017790n	acusación
bn:00017790n	cargo
bn:00017791n	cargo
bn:00017792n	carga
bn:00017793n	cargo
bn:00017793n	misión
bn:00017793n	Misión
bn:00017803n	plazo
bn:00017803n	tanto
bn:00017803n	tarifa
bn:00017803n	tasa
bn:00017815n	carisma
bn:00017819n	caridad
bn:00017824n	charlatán
bn:00017841n	Darwin
bn:00017891n	encanto
bn:00017892n	encanto
bn:00017904n	gráfico
bn:00017904n	Gráfico
bn:00017905n	gráfico
bn:00017905n	mapa
bn:00017906n	carta
bn:00017920n	actividad
bn:00017920n	persecución
bn:00017924n	perseguidor
bn:00017983n	cuenta
bn:00017984n	confirmación
bn:00017984n	verificación
bn:00017986n	marca
bn:00017998n	chequera
bn:00017998n	talonario
bn:00018012n	lista
bn:00018021n	chequeo
bn:00018024n	mejilla
bn:00018027n	pómulo
bn:00018028n	insolencia
bn:00018031n	vítor
bn:00018038n	queso
bn:00018071n	chela
bn:00018072n	garra
bn:00018101n	compuesto
bn:00018105n	elemento
bn:00018109n	equilibrio
bn:00018110n	fórmula
bn:00018111n	grupo
bn:00018111n	radical
bn:00018115n	mecanismo
bn:00018121n	reacción
bn:00018123n	química
bn:00018131n	químico
bn:00018170n	Cherokee
bn:00018206n	ajedrez
bn:00018207n	pecho
bn:00018208n	cofre
bn:00018253n	Chicago
bn:00018256n	artimaña
bn:00018265n	gallina
bn:00018265n	pollo
bn:00018265n	Pollo
bn:00018266n	gallina
bn:00018266n	pollo
bn:00018274n	gallinero
bn:00018319n	cabeza
bn:00018319n	director
bn:00018319n	jefa
bn:00018319n	jefe
bn:00018323n	Presidente
bn:00018338n	moño
bn:00018345n	chico
bn:00018345n	hijo
bn:00018345n	joven
bn:00018345n	niña
bn:00018345n	niño
bn:00018345n	Niños
bn:00018346n	hija
bn:00018346n	hijo
bn:00018346n	niño
bn:00018350n	juego
bn:00018361n	parto
bn:00018365n	infancia
bn:00018366n	niñez
bn:00018367n	infantilidad
bn:00018387n	frío
bn:00018388n	escalofrío
bn:00018388n	estremecimiento
bn:00018389n	escalofrío
bn:00018392n	frescura
bn:00018393n	frío
bn:00018394n	enfriamiento
bn:00018394n	refrigeración
bn:00018414n	chimenea
bn:00018426n	barbilla
bn:00018426n	mentón
bn:00018431n	porcelana
bn:00018432n	Taiwán
bn:00018493n	clic
bn:00018540n	quiropráctico
bn:00018545n	cincel
bn:00018557n	caballería
bn:00018590n	cloruro
bn:00018625n	clorotiazida
bn:00018629n	clorpromazina
bn:00018637n	calza
bn:00018638n	chocolate
bn:00018660n	decisión
bn:00018660n	elección
bn:00018660n	selección
bn:00018661n	elección
bn:00018661n	opción
bn:00018661n	selección
bn:00018663n	fraseología
bn:00018663n	redacción
bn:00018664n	fineza
bn:00018665n	capilla
bn:00018665n	coro
bn:00018690n	colelitiasis
bn:00018692n	irritabilidad
bn:00018696n	colesterol
bn:00018729n	Chopin
bn:00018744n	cuerda
bn:00018756n	tarea
bn:00018756n	trabajo
bn:00018760n	coreografía
bn:00018782n	coro
bn:00018783n	coro
bn:00018783n	estribillo
bn:00018785n	coro
bn:00018787n	elegido
bn:00018805n	cristo
bn:00018805n	Cristo
bn:00018805n	Jesucristo
bn:00018805n	Jesús
bn:00018805n	Salvador
bn:00018814n	cristianismo
bn:00018815n	bautizo
bn:00018818n	cristiano
bn:00018819n	iglesia
bn:00018819n	Iglesia
bn:00018828n	cristianismo
bn:00018835n	Navidad
bn:00018836n	Navidad
bn:00018869n	matiz
bn:00018869n	tono
bn:00018875n	cromatografía
bn:00018876n	columna
bn:00018877n	cromo
bn:00018913n	secuencia
bn:00018913n	sucesión
bn:00018977n	bache
bn:00018991n	tonto
bn:00018995n	iglesia
bn:00018995n	Iglesia
bn:00018996n	iglesia
bn:00019002n	credo
bn:00019003n	padre
bn:00019026n	clérigo
bn:00019028n	cementerio
bn:00019033n	tobogán
bn:00019052n	cigarra
bn:00019056n	cicatriz
bn:00019079n	cigarro
bn:00019079n	puro
bn:00019098n	ciliado
bn:00019114n	Cincinnati
bn:00019120n	cinturón
bn:00019131n	filmación
bn:00019153n	cifrado
bn:00019169n	círculo
bn:00019171n	círculo
bn:00019180n	circuito
bn:00019181n	circuito
bn:00019181n	gira
bn:00019181n	recorrido
bn:00019188n	papelera
bn:00019196n	circulación
bn:00019197n	circulación
bn:00019207n	circunferencia
bn:00019217n	discreción
bn:00019218n	circunstancia
bn:00019219n	circunstancia
bn:00019219n	contexto
bn:00019220n	circunstancia
bn:00019220n	condición
bn:00019220n	consideración
bn:00019222n	suerte
bn:00019227n	circo
bn:00019228n	circo
bn:00019266n	citación
bn:00019281n	ciudadano
bn:00019281n	conciudadano
bn:00019283n	gente
bn:00019283n	pueblo
bn:00019284n	comité
bn:00019319n	ciudad
bn:00019319n	Ciudad
bn:00019320n	ciudad
bn:00019321n	ciudad
bn:00019333n	alcalde
bn:00019334n	Filadelfia
bn:00019362n	ley
bn:00019383n	cultura
bn:00019383n	Culture
bn:00019384n	civilización
bn:00019403n	afirmación
bn:00019403n	reclamación
bn:00019403n	reclamo
bn:00019404n	afirmación
bn:00019404n	reclamación
bn:00019404n	reclamo
bn:00019404n	reivindicación
bn:00019405n	declaración
bn:00019405n	demanda
bn:00019405n	reclamación
bn:00019405n	reclamo
bn:00019406n	derecho
bn:00019406n	pretensión
bn:00019406n	reclamo
bn:00019407n	concesión
bn:00019407n	reclamación
bn:00019407n	título
bn:00019410n	demandante
bn:00019410n	reclamante
bn:00019412n	clarividencia
bn:00019414n	almeja
bn:00019429n	clan
bn:00019432n	clang
bn:00019432n	estruendo
bn:00019436n	clannishness
bn:00019439n	lengua
bn:00019459n	claridad
bn:00019459n	lucidez
bn:00019460n	claridad
bn:00019472n	enfrentamiento
bn:00019472n	fricción
bn:00019475n	agarre
bn:00019475n	garra
bn:00019477n	clase
bn:00019477n	grado
bn:00019478n	clase
bn:00019479n	clase
bn:00019479n	curso
bn:00019480n	Clase
bn:00019481n	año
bn:00019501n	compañero
bn:00019563n	clásico
bn:00019564n	clásico
bn:00019583n	clasificador
bn:00019586n	aula
bn:00019603n	cláusula
bn:00019606n	claustrofobia
bn:00019618n	garra
bn:00019624n	arcilla
bn:00019625n	barro
bn:00019625n	lodo
bn:00019637n	cerámica
bn:00019638n	Clean
bn:00019643n	limpiador
bn:00019647n	limpieza
bn:00019663n	espacio
bn:00019684n	hendidura
bn:00019685n	grieta
bn:00019685n	resquicio
bn:00019708n	misericordia
bn:00019718n	puño
bn:00019726n	clero
bn:00019727n	clérigo
bn:00019727n	reverendo
bn:00019735n	empleado
bn:00019735n	escribiente
bn:00019735n	oficinista
bn:00019742n	Cleveland
bn:00019745n	inteligencia
bn:00019749n	pista
bn:00019762n	cliente
bn:00019763n	cliente
bn:00019767n	acantilado
bn:00019780n	clima
bn:00019781n	ánimo
bn:00019781n	clima
bn:00019786n	clímax
bn:00019787n	clímax
bn:00019788n	clímax
bn:00019832n	cárcel
bn:00019848n	día
bn:00019848n	época
bn:00019848n	hora
bn:00019848n	momento
bn:00019848n	ocasión
bn:00019848n	rato
bn:00019848n	tiempo
bn:00019848n	veces
bn:00019848n	vez
bn:00019849n	clip
bn:00019878n	alcantarillado
bn:00019887n	reloj
bn:00019893n	hora
bn:00019901n	bulto
bn:00019918n	cierre
bn:00019918n	conclusión
bn:00019918n	final
bn:00019934n	enigma
bn:00019934n	misterio
bn:00019944n	cierre
bn:00019951n	familiaridad
bn:00019951n	intimidad
bn:00019955n	armario
bn:00019956n	armario
bn:00019957n	armario
bn:00019964n	cierre
bn:00019965n	cierre
bn:00019966n	finalización
bn:00019967n	aislamiento
bn:00019976n	resolución
bn:00019978n	coágulo
bn:00019980n	material
bn:00019980n	paño
bn:00019980n	tejido
bn:00019980n	tela
bn:00019980n	textil
bn:00019992n	tendedero
bn:00019993n	tendedero
bn:00020001n	nube
bn:00020002n	nube
bn:00020012n	aguacero
bn:00020012n	chaparrón
bn:00020012n	torrente
bn:00020018n	influencia
bn:00020036n	comedia
bn:00020039n	club
bn:00020039n	Club
bn:00020039n	orden
bn:00020039n	sociedad
bn:00020040n	garrote
bn:00020041n	club
bn:00020041n	clubhouse
bn:00020042n	palo
bn:00020057n	cloqueo
bn:00020058n	pista
bn:00020082n	revoltijo
bn:00020105n	objetor
bn:00020111n	cooperativa
bn:00020112n	cooptación
bn:00020114n	coordenada
bn:00020118n	colega
bn:00020118n	compañero
bn:00020119n	entrenador
bn:00020119n	Entrenador
bn:00020119n	gerente
bn:00020119n	gestor
bn:00020119n	manager
bn:00020120n	tutor
bn:00020128n	colaboración
bn:00020133n	brasa
bn:00020133n	carbón
bn:00020144n	queroseno
bn:00020151n	coalescencia
bn:00020164n	costa
bn:00020167n	deslizamiento
bn:00020184n	abrigo
bn:00020185n	capa
bn:00020194n	acabado
bn:00020211n	zapatero
bn:00020230n	cocaína
bn:00020239n	coccidiosis
bn:00020265n	martillo
bn:00020266n	gallo
bn:00020277n	cacatúa
bn:00020295n	cabina
bn:00020298n	cucaracha
bn:00020301n	cresta
bn:00020310n	cóctel
bn:00020320n	coco
bn:00020322n	conspirador
bn:00020323n	coco
bn:00020329n	capullo
bn:00020348n	final
bn:00020348n	finale
bn:00020352n	codificación
bn:00020352n	código
bn:00020352n	Código
bn:00020353n	código
bn:00020367n	codificación
bn:00020376n	coeficiente
bn:00020378n	correlación
bn:00020384n	reflectancia
bn:00020406n	contemporáneo
bn:00020407n	generación
bn:00020408n	coexistencia
bn:00020414n	café
bn:00020414n	Café
bn:00020419n	café
bn:00020445n	validez
bn:00020446n	prueba
bn:00020448n	estudio
bn:00020452n	conocimiento
bn:00020453n	contenido
bn:00020457n	proceso
bn:00020466n	conocedor
bn:00020468n	engranaje
bn:00020471n	cohesión
bn:00020490n	bobina
bn:00020497n	moneda
bn:00020509n	casualidad
bn:00020509n	coincidencia
bn:00020534n	resfriado
bn:00020535n	frío
bn:00020574n	Coleridge
bn:00020591n	colaborador
bn:00020592n	compañero
bn:00020592n	socio
bn:00020593n	collage
bn:00020598n	colapso
bn:00020599n	colapso
bn:00020600n	colapso
bn:00020602n	carpa
bn:00020602n	tienda
bn:00020603n	cuello
bn:00020621n	colega
bn:00020621n	compañero
bn:00020625n	colección
bn:00020627n	colectivo
bn:00020636n	recolector
bn:00020641n	colegio
bn:00020641n	universidad
bn:00020670n	colisión
bn:00020688n	colusión
bn:00020688n	connivencia
bn:00020701n	colon
bn:00020706n	coronel
bn:00020706n	Coronel
bn:00020708n	colono
bn:00020712n	asentamiento
bn:00020714n	colono
bn:00020718n	asentamiento
bn:00020718n	colonia
bn:00020719n	colonia
bn:00020726n	color
bn:00020727n	color
bn:00020728n	color
bn:00020729n	color
bn:00020765n	coloratura
bn:00020790n	potro
bn:00020791n	Colt
bn:00020822n	columna
bn:00020823n	columna
bn:00020824n	columna
bn:00020825n	columna
bn:00020825n	editorial
bn:00020826n	columna
bn:00020827n	columna
bn:00020831n	pulgada
bn:00020835n	columnista
bn:00020839n	coma
bn:00020849n	peine
bn:00020858n	combate
bn:00020858n	lucha
bn:00020858n	pelea
bn:00020861n	herida
bn:00020872n	combinación
bn:00020878n	combinación
bn:00020883n	cosechadora
bn:00020896n	atractivo
bn:00020897n	regreso
bn:00020899n	comediante
bn:00020899n	cómic
bn:00020904n	comedia
bn:00020907n	promesa
bn:00020909n	cometa
bn:00020912n	comodidad
bn:00020913n	comodidad
bn:00020914n	consuelo
bn:00020927n	cómic
bn:00020930n	regreso
bn:00020931n	reunión
bn:00020932n	encuentro
bn:00020933n	encuentro
bn:00020940n	mando
bn:00020941n	control
bn:00020941n	mando
bn:00020942n	mando
bn:00020943n	dirección
bn:00020944n	control
bn:00020944n	dominio
bn:00020955n	comandante
bn:00020956n	comandante
bn:00020960n	mandamiento
bn:00020960n	mandato
bn:00020961n	enseñanza
bn:00020962n	comando
bn:00020977n	comentario
bn:00020977n	observación
bn:00020978n	comentario
bn:00020979n	chisme
bn:00020980n	comentarista
bn:00020980n	observador
bn:00020982n	comercialismo
bn:00020982n	comercio
bn:00020987n	anuncio
bn:00020987n	comercial
bn:00021001n	comercialización
bn:00021002n	comunista
bn:00021008n	compasión
bn:00021015n	comisión
bn:00021015n	Comisión
bn:00021015n	comité
bn:00021016n	comisión
bn:00021017n	comisión
bn:00021019n	delegación
bn:00021030n	comisionado
bn:00021030n	Comisionado
bn:00021033n	compromiso
bn:00021034n	compromiso
bn:00021038n	memorización
bn:00021039n	escritura
bn:00021045n	bien
bn:00021045n	mercancía
bn:00021045n	producto
bn:00021051n	green
bn:00021051n	parque
bn:00021109n	hiedra
bn:00021149n	folclore
bn:00021149n	gente
bn:00021149n	pueblo
bn:00021160n	sal
bn:00021164n	razón
bn:00021164n	sentido
bn:00021205n	Commonwealth
bn:00021207n	democracia
bn:00021207n	república
bn:00021207n	República
bn:00021212n	alboroto
bn:00021213n	estruendo
bn:00021217n	comuna
bn:00021218n	comuna
bn:00021221n	comunicación
bn:00021222n	comunicación
bn:00021223n	comunicación
bn:00021233n	comunión
bn:00021233n	Comunión
bn:00021234n	comunión
bn:00021236n	comunicado
bn:00021236n	despacho
bn:00021240n	comunismo
bn:00021240n	Comunismo
bn:00021241n	comunismo
bn:00021243n	comunista
bn:00021248n	comunidad
bn:00021249n	comunidad
bn:00021250n	comunidad
bn:00021251n	comunidad
bn:00021261n	conmutación
bn:00021266n	conmutador
bn:00021279n	concentración
bn:00021279n	densidad
bn:00021281n	compañero
bn:00021284n	compañía
bn:00021286n	compañía
bn:00021286n	empresa
bn:00021287n	compañía
bn:00021287n	empresa
bn:00021287n	grupo
bn:00021288n	compañía
bn:00021289n	compañía
bn:00021289n	empresa
bn:00021290n	compañía
bn:00021290n	fiesta
bn:00021290n	partido
bn:00021303n	comparación
bn:00021304n	comparación
bn:00021305n	compartimento
bn:00021305n	compartimiento
bn:00021306n	compartimento
bn:00021309n	brújula
bn:00021310n	alcance
bn:00021318n	compasión
bn:00021319n	compasión
bn:00021325n	compatriota
bn:00021326n	igual
bn:00021326n	par
bn:00021329n	compensación
bn:00021335n	competencia
bn:00021337n	competencia
bn:00021338n	competencia
bn:00021338n	concurso
bn:00021339n	competencia
bn:00021340n	lucha
bn:00021348n	queja
bn:00021351n	complemento
bn:00021353n	complemento
bn:00021369n	complejo
bn:00021369n	compuesto
bn:00021370n	complejo
bn:00021383n	complejidad
bn:00021384n	sumisión
bn:00021386n	complicación
bn:00021390n	complicidad
bn:00021390n	Complicidad
bn:00021391n	cumplido
bn:00021394n	componente
bn:00021394n	elemento
bn:00021394n	factor
bn:00021394n	ingrediente
bn:00021395n	componente
bn:00021395n	parte
bn:00021395n	Parte
bn:00021395n	porción
bn:00021396n	componente
bn:00021396n	elemento
bn:00021397n	compositor
bn:00021398n	composición
bn:00021399n	composición
bn:00021406n	composición
bn:00021407n	composición
bn:00021408n	composición
bn:00021408n	opus
bn:00021408n	pieza
bn:00021409n	tipografía
bn:00021410n	artículo
bn:00021413n	abono
bn:00021413n	compost
bn:00021416n	complejo
bn:00021416n	recinto
bn:00021417n	complejo
bn:00021432n	comprensión
bn:00021434n	plenitud
bn:00021435n	compresa
bn:00021445n	compromiso
bn:00021446n	compromiso
bn:00021456n	compulsión
bn:00021457n	compulsión
bn:00021458n	compulsivo
bn:00021464n	computadora
bn:00021464n	ordenador
bn:00021483n	memoria
bn:00021483n	tienda
bn:00021512n	contra
bn:00021513n	convicto
bn:00021525n	clandestinidad
bn:00021525n	privacidad
bn:00021526n	cobertura
bn:00021526n	cubierta
bn:00021526n	malla
bn:00021526n	pantalla
bn:00021526n	refugio
bn:00021527n	concesión
bn:00021534n	concentrado
bn:00021535n	concentrado
bn:00021536n	concentrado
bn:00021538n	concentración
bn:00021539n	concentración
bn:00021540n	concentración
bn:00021541n	concentración
bn:00021547n	concepción
bn:00021547n	concepto
bn:00021549n	concepción
bn:00021550n	concepción
bn:00021550n	creación
bn:00021551n	concepción
bn:00021551n	innovación
bn:00021551n	invención
bn:00021553n	conceptualización
bn:00021553n	formulación
bn:00021556n	asunto
bn:00021556n	atención
bn:00021556n	interés
bn:00021556n	preocupación
bn:00021557n	preocupación
bn:00021558n	preocupación
bn:00021559n	concierto
bn:00021568n	concierto
bn:00021570n	concesión
bn:00021572n	concesionario
bn:00021577n	conserje
bn:00021582n	concisión
bn:00021583n	cónclave
bn:00021584n	conclusión
bn:00021584n	decisión
bn:00021584n	determinación
bn:00021584n	final
bn:00021585n	conclusión
bn:00021586n	conclusión
bn:00021587n	conclusión
bn:00021588n	conclusión
bn:00021588n	final
bn:00021590n	decisión
bn:00021593n	mezcla
bn:00021598n	armonía
bn:00021607n	concreto
bn:00021607n	hormigón
bn:00021616n	concurrencia
bn:00021622n	conmoción
bn:00021624n	condena
bn:00021624n	desaprobación
bn:00021625n	condena
bn:00021626n	maldición
bn:00021628n	condena
bn:00021628n	frase
bn:00021628n	oración
bn:00021628n	sentencia
bn:00021631n	condensación
bn:00021641n	condescendencia
bn:00021644n	condición
bn:00021644n	estado
bn:00021645n	condición
bn:00021646n	condición
bn:00021647n	forma
bn:00021649n	condición
bn:00021649n	término
bn:00021659n	acondicionador
bn:00021662n	acondicionamiento
bn:00021662n	condicionamiento
bn:00021675n	alambre
bn:00021675n	cable
bn:00021676n	conducción
bn:00021676n	conductividad
bn:00021678n	director
bn:00021679n	conductor
bn:00021680n	conductor
bn:00021690n	cono
bn:00021704n	conejo
bn:00021710n	Confederación
bn:00021710n	sur
bn:00021710n	Sur
bn:00021711n	confederación
bn:00021712n	conspiración
bn:00021713n	conspiración
bn:00021714n	confederado
bn:00021721n	conferencia
bn:00021721n	Conferencia
bn:00021722n	conferencia
bn:00021722n	liga
bn:00021723n	conferencia
bn:00021731n	confesión
bn:00021731n	Confesión
bn:00021732n	confesión
bn:00021737n	confesor
bn:00021740n	confidente
bn:00021742n	confianza
bn:00021743n	confianza
bn:00021748n	confidencialidad
bn:00021750n	configuración
bn:00021750n	constelación
bn:00021751n	configuración
bn:00021751n	contorno
bn:00021751n	figura
bn:00021751n	forma
bn:00021751n	silueta
bn:00021753n	reclusión
bn:00021756n	confín
bn:00021757n	confirmación
bn:00021765n	conflicto
bn:00021766n	conflicto
bn:00021767n	conflicto
bn:00021769n	diferencia
bn:00021769n	disputa
bn:00021774n	conformidad
bn:00021777n	conformidad
bn:00021780n	confrontación
bn:00021782n	confrontación
bn:00021782n	enfrentamiento
bn:00021783n	oposición
bn:00021788n	confusión
bn:00021788n	desorden
bn:00021789n	confusión
bn:00021804n	pariente
bn:00021815n	congestión
bn:00021816n	congestión
bn:00021832n	felicitación
bn:00021834n	alabanza
bn:00021834n	elogio
bn:00021837n	congregación
bn:00021837n	rebaño
bn:00021844n	Congreso
bn:00021845n	congreso
bn:00021852n	congresista
bn:00021852n	Congresista
bn:00021852n	representante
bn:00021869n	conjetura
bn:00021870n	conjetura
bn:00021880n	unión
bn:00021882n	conjunción
bn:00021893n	truco
bn:00021895n	mago
bn:00021901n	conexión
bn:00021901n	relación
bn:00021902n	conexión
bn:00021902n	relación
bn:00021903n	conexión
bn:00021904n	Connecticut
bn:00021911n	conexión
bn:00021921n	ataque
bn:00021921n	escena
bn:00021921n	rabieta
bn:00021927n	connotación
bn:00021928n	connotación
bn:00021938n	conquista
bn:00021939n	conquistador
bn:00021940n	conquista
bn:00021945n	conciencia
bn:00021946n	conciencia
bn:00021947n	conciencia
bn:00021951n	conciencia
bn:00021951n	concienciación
bn:00021951n	consciencia
bn:00021954n	reclutamiento
bn:00021958n	consenso
bn:00021959n	consentimiento
bn:00021961n	consecuencia
bn:00021961n	efecto
bn:00021961n	resultado
bn:00021962n	consecuencia
bn:00021962n	importancia
bn:00021965n	conservación
bn:00021966n	conservación
bn:00021974n	conservadurismo
bn:00021975n	conservador
bn:00021988n	consideración
bn:00021989n	consideración
bn:00021990n	consideración
bn:00021996n	coherencia
bn:00021996n	consistencia
bn:00022000n	alivio
bn:00022000n	consuelo
bn:00022006n	consolidación
bn:00022007n	consolidación
bn:00022007n	integración
bn:00022012n	consonant
bn:00022016n	pool
bn:00022016n	sindicato
bn:00022023n	agente
bn:00022026n	ley
bn:00022026n	policía
bn:00022028n	constancia
bn:00022050n	elector
bn:00022052n	constitución
bn:00022052n	Constitución
bn:00022069n	construcción
bn:00022070n	construcción
bn:00022071n	construcción
bn:00022071n	estructura
bn:00022072n	construcción
bn:00022073n	giro
bn:00022091n	consulta
bn:00022092n	referencia
bn:00022095n	consumidor
bn:00022107n	absorción
bn:00022107n	captación
bn:00022107n	consumo
bn:00022109n	uso
bn:00022112n	contacto
bn:00022113n	contacto
bn:00022114n	contacto
bn:00022116n	contacto
bn:00022117n	contacto
bn:00022117n	enlace
bn:00022118n	contacto
bn:00022119n	contacto
bn:00022129n	contenedor
bn:00022129n	envase
bn:00022129n	recipiente
bn:00022136n	contaminación
bn:00022136n	mancha
bn:00022139n	contemplación
bn:00022140n	contemplación
bn:00022140n	reflexión
bn:00022143n	modernidad
bn:00022146n	desdén
bn:00022146n	desprecio
bn:00022147n	desdén
bn:00022153n	contenido
bn:00022154n	contenido
bn:00022154n	mensaje
bn:00022154n	tema
bn:00022155n	contenido
bn:00022157n	sujeto
bn:00022157n	tema
bn:00022159n	afirmación
bn:00022159n	argumento
bn:00022159n	discusión
bn:00022163n	concurso
bn:00022164n	contendiente
bn:00022165n	disidente
bn:00022168n	contexto
bn:00022171n	continencia
bn:00022173n	continente
bn:00022174n	continente
bn:00022184n	contingencia
bn:00022188n	contingente
bn:00022190n	continuación
bn:00022190n	continuidad
bn:00022191n	duración
bn:00022192n	duración
bn:00022200n	continuidad
bn:00022202n	persistencia
bn:00022206n	continuo
bn:00022211n	contorsión
bn:00022214n	contorno
bn:00022223n	contrabandista
bn:00022223n	corredor
bn:00022225n	anticoncepción
bn:00022227n	contrato
bn:00022228n	contrato
bn:00022237n	contracción
bn:00022240n	contratista
bn:00022244n	contradicción
bn:00022245n	contradicción
bn:00022249n	contraste
bn:00022251n	contralto
bn:00022257n	contrario
bn:00022261n	contraste
bn:00022262n	contraste
bn:00022263n	contraste
bn:00022264n	contraste
bn:00022269n	contribución
bn:00022269n	parte
bn:00022269n	participación
bn:00022270n	contribución
bn:00022270n	Contribución
bn:00022270n	donación
bn:00022271n	contribución
bn:00022271n	donación
bn:00022272n	contribución
bn:00022274n	contribuyente
bn:00022275n	contribuyente
bn:00022277n	artificio
bn:00022283n	control
bn:00022284n	control
bn:00022285n	control
bn:00022286n	control
bn:00022287n	control
bn:00022288n	control
bn:00022288n	moderación
bn:00022289n	control
bn:00022301n	bastón
bn:00022301n	palanca
bn:00022301n	palo
bn:00022304n	torre
bn:00022315n	recuperación
bn:00022320n	convección
bn:00022324n	conveniencia
bn:00022329n	convento
bn:00022333n	convención
bn:00022334n	convención
bn:00022334n	modelo
bn:00022334n	norma
bn:00022334n	patrón
bn:00022334n	regla
bn:00022349n	conversación
bn:00022355n	conversión
bn:00022356n	conversión
bn:00022357n	conversión
bn:00022366n	converso
bn:00022376n	convexidad
bn:00022379n	transporte
bn:00022381n	transferencia
bn:00022381n	transporte
bn:00022384n	transportador
bn:00022391n	remolino
bn:00022391n	torbellino
bn:00022398n	convoy
bn:00022401n	ataque
bn:00022403n	tumulto
bn:00022407n	cocinero
bn:00022407n	Cook
bn:00022412n	cocción
bn:00022412n	cocina
bn:00022422n	sartén
bn:00022423n	estufa
bn:00022429n	refrigerante
bn:00022431n	nevera
bn:00022436n	refrigeración
bn:00022443n	negro
bn:00022452n	cooperación
bn:00022453n	cooperación
bn:00022454n	cooperativa
bn:00022463n	coordinación
bn:00022464n	coordinación
bn:00022467n	coordinador
bn:00022479n	Copenhague
bn:00022525n	copia
bn:00022526n	copia
bn:00022527n	copia
bn:00022541n	coqueta
bn:00022589n	cable
bn:00022589n	cordón
bn:00022589n	cuerda
bn:00022592n	pana
bn:00022606n	hospitalidad
bn:00022626n	núcleo
bn:00022627n	corazón
bn:00022627n	núcleo
bn:00022628n	núcleo
bn:00022629n	núcleo
bn:00022661n	corcho
bn:00022678n	maíz
bn:00022679n	maíz
bn:00022680n	maíz
bn:00022695n	campo
bn:00022726n	cornejo
bn:00022733n	esquina
bn:00022733n	rincón
bn:00022734n	esquina
bn:00022735n	esquina
bn:00022735n	rincón
bn:00022736n	esquina
bn:00022737n	esquina
bn:00022737n	rincón
bn:00022738n	nicho
bn:00022738n	rabillo
bn:00022740n	esquina
bn:00022750n	trompeta
bn:00022752n	trompetista
bn:00022760n	Nebraska
bn:00022777n	profusión
bn:00022777n	riqueza
bn:00022801n	forense
bn:00022811n	corporación
bn:00022812n	cabo
bn:00022814n	corporeidad
bn:00022821n	cuerpo
bn:00022841n	corrección
bn:00022842n	corrección
bn:00022843n	corrección
bn:00022851n	conveniencia
bn:00022853n	corrección
bn:00022856n	correlación
bn:00022861n	correspondencia
bn:00022862n	paralelismo
bn:00022865n	corresponsal
bn:00022866n	corresponsal
bn:00022867n	corredor
bn:00022867n	pasillo
bn:00022881n	corrupción
bn:00022884n	depravación
bn:00022897n	suite
bn:00022899n	córtex
bn:00022932n	grajilla
bn:00022991n	mundo
bn:00022991n	universo
bn:00022991n	Universo
bn:00022995n	costo
bn:00022996n	costo
bn:00022996n	precio
bn:00022997n	costo
bn:00022997n	precio
bn:00023011n	costilla
bn:00023028n	disfraz
bn:00023028n	traje
bn:00023028n	vestuario
bn:00023029n	disfraz
bn:00023037n	cuna
bn:00023070n	pasador
bn:00023072n	algodón
bn:00023073n	algodón
bn:00023101n	sofá
bn:00023119n	Consejo
bn:00023134n	asesoramiento
bn:00023134n	dirección
bn:00023134n	orientación
bn:00023136n	consejero
bn:00023137n	consejero
bn:00023139n	conteo
bn:00023139n	cuenta
bn:00023139n	recuento
bn:00023140n	conteo
bn:00023140n	cuenta
bn:00023140n	recuento
bn:00023151n	rostro
bn:00023151n	semblante
bn:00023152n	sanción
bn:00023154n	mostrador
bn:00023155n	ficha
bn:00023156n	contador
bn:00023169n	contraataque
bn:00023196n	gegenschein
bn:00023206n	contraofensiva
bn:00023208n	contraparte
bn:00023208n	homólogo
bn:00023212n	contrapunto
bn:00023214n	contrapropuesta
bn:00023235n	campo
bn:00023235n	país
bn:00023235n	tierra
bn:00023236n	campo
bn:00023236n	comunidad
bn:00023236n	estado
bn:00023236n	Estado
bn:00023236n	nación
bn:00023236n	Nación
bn:00023236n	país
bn:00023236n	tierra
bn:00023237n	campo
bn:00023237n	país
bn:00023245n	campesino
bn:00023245n	compatriota
bn:00023248n	campo
bn:00023251n	condado
bn:00023258n	toma
bn:00023259n	golpe
bn:00023260n	mirada
bn:00023260n	vistazo
bn:00023268n	pareja
bn:00023269n	matrimonio
bn:00023269n	pareja
bn:00023270n	par
bn:00023274n	acoplamiento
bn:00023275n	cupón
bn:00023276n	cupón
bn:00023284n	mensajero
bn:00023285n	curso
bn:00023285n	línea
bn:00023285n	recorrido
bn:00023285n	transcurso
bn:00023285n	vía
bn:00023286n	curso
bn:00023286n	recorrido
bn:00023286n	rumbo
bn:00023286n	tendencia
bn:00023286n	transcurso
bn:00023287n	camino
bn:00023287n	curso
bn:00023288n	curso
bn:00023288n	huella
bn:00023288n	pista
bn:00023288n	rastro
bn:00023290n	fila
bn:00023293n	crédito
bn:00023295n	currículo
bn:00023301n	consejo
bn:00023301n	corte
bn:00023301n	Corte
bn:00023301n	cortesano
bn:00023301n	tribunal
bn:00023301n	Tribunal
bn:00023302n	corte
bn:00023302n	tribunal
bn:00023303n	corte
bn:00023304n	cancha
bn:00023310n	patio
bn:00023322n	cortesía
bn:00023327n	cortesano
bn:00023333n	primo
bn:00023342n	cala
bn:00023347n	cobertura
bn:00023348n	cubierta
bn:00023349n	tapa
bn:00023350n	cobertura
bn:00023360n	cobertura
bn:00023361n	cobertura
bn:00023373n	colcha
bn:00023377n	codicia
bn:00023381n	ganado
bn:00023381n	vaca
bn:00023382n	vaca
bn:00023397n	cobarde
bn:00023399n	cobardía
bn:00023410n	cuero
bn:00023436n	ciclo
bn:00023436n	cps
bn:00023438n	cangrejo
bn:00023461n	espacio
bn:00023461n	grieta
bn:00023461n	hueco
bn:00023464n	Sally
bn:00023470n	tirador
bn:00023486n	chiflado
bn:00023491n	cuna
bn:00023496n	artesanía
bn:00023496n	comercio
bn:00023496n	oficio
bn:00023497n	embarcación
bn:00023498n	oficio
bn:00023499n	destreza
bn:00023503n	artesano
bn:00023505n	artesano
bn:00023517n	espasmo
bn:00023542n	vertebrado
bn:00023571n	accidente
bn:00023571n	choque
bn:00023572n	estruendo
bn:00023594n	caja
bn:00023619n	culto
bn:00023619n	furor
bn:00023619n	locura
bn:00023620n	delirio
bn:00023620n	frenesí
bn:00023620n	furia
bn:00023620n	histeria
bn:00023645n	arruga
bn:00023645n	línea
bn:00023652n	creación
bn:00023653n	creación
bn:00023654n	creación
bn:00023654n	fundación
bn:00023654n	iniciación
bn:00023655n	creación
bn:00023658n	mente
bn:00023658n	pensador
bn:00023659n	creatividad
bn:00023660n	creador
bn:00023661n	criatura
bn:00023662n	criatura
bn:00023667n	crédito
bn:00023667n	honor
bn:00023667n	mérito
bn:00023667n	reconocimiento
bn:00023668n	crédito
bn:00023669n	crédito
bn:00023670n	crédito
bn:00023670n	haber
bn:00023670n	mérito
bn:00023671n	crédito
bn:00023685n	credo
bn:00023685n	Credo
bn:00023748n	crescendo
bn:00023757n	cima
bn:00023757n	cresta
bn:00023758n	cima
bn:00023758n	cresta
bn:00023758n	pico
bn:00023766n	marejada
bn:00023766n	oleaje
bn:00023774n	tripulación
bn:00023775n	banda
bn:00023775n	equipo
bn:00023775n	tripulación
bn:00023775n	tripulante
bn:00023782n	marinero
bn:00023796n	grillo
bn:00023807n	crimen
bn:00023807n	delincuencia
bn:00023807n	infracción
bn:00023807n	ofensa
bn:00023810n	sindicato
bn:00023815n	criminal
bn:00023815n	delincuente
bn:00023815n	forajido
bn:00023823n	acusación
bn:00023823n	proceso
bn:00023827n	criminalidad
bn:00023844n	crisis
bn:00023845n	crisis
bn:00023849n	frescura
bn:00023851n	cruz
bn:00023853n	criterio
bn:00023853n	estándar
bn:00023853n	medida
bn:00023853n	nivel
bn:00023854n	criterio
bn:00023854n	estándar
bn:00023854n	norma
bn:00023856n	crítico
bn:00023857n	crítico
bn:00023863n	cruce
bn:00023864n	reseña
bn:00023864n	revisión
bn:00023867n	crítica
bn:00023868n	crítica
bn:00023869n	crítica
bn:00023876n	graznido
bn:00023931n	cosecha
bn:00023931n	cultivo
bn:00023938n	aparcero
bn:00023946n	cruz
bn:00023947n	cruz
bn:00023971n	travestismo
bn:00023980n	banco
bn:00023994n	atajo
bn:00024016n	aldea
bn:00024016n	cruce
bn:00024016n	encrucijada
bn:00024017n	encrucijada
bn:00024042n	rareza
bn:00024047n	Crouch
bn:00024049n	grupa
bn:00024054n	cuervo
bn:00024065n	grupo
bn:00024065n	multitud
bn:00024065n	público
bn:00024069n	Corona
bn:00024070n	corona
bn:00024073n	corona
bn:00024097n	monarca
bn:00024097n	soberano
bn:00024098n	pantalla
bn:00024103n	crucifijo
bn:00024106n	crucifixión
bn:00024113n	vulgaridad
bn:00024115n	aspereza
bn:00024119n	crueldad
bn:00024120n	crueldad
bn:00024122n	navegación
bn:00024126n	patrulla
bn:00024135n	crujido
bn:00024137n	grupa
bn:00024139n	Cruzadas
bn:00024145n	grava
bn:00024148n	corteza
bn:00024154n	muleta
bn:00024155n	muleta
bn:00024158n	grito
bn:00024162n	lágrima
bn:00024162n	llanto
bn:00024172n	congelación
bn:00024175n	criostato
bn:00024209n	cristal
bn:00024210n	cristal
bn:00024211n	cristal
bn:00024212n	cuarzo
bn:00024232n	cristalografía
bn:00024243n	novato
bn:00024244n	chico
bn:00024247n	Cuba
bn:00024258n	cubo
bn:00024266n	l
bn:00024272n	cubismo
bn:00024272n	Cubismo
bn:00024318n	puño
bn:00024320n	gemelo
bn:00024325n	callejón
bn:00024341n	culpable
bn:00024342n	culto
bn:00024349n	cultista
bn:00024357n	cultivo
bn:00024358n	cultivo
bn:00024359n	refinamiento
bn:00024369n	cultura
bn:00024370n	cultivo
bn:00024373n	medio
bn:00024394n	cúmulo
bn:00024395n	procrastinación
bn:00024400n	cuña
bn:00024407n	abertura
bn:00024410n	copa
bn:00024410n	taza
bn:00024411n	taza
bn:00024412n	copa
bn:00024412n	vaso
bn:00024449n	mestizo
bn:00024459n	ministro
bn:00024459n	párroco
bn:00024459n	pastor
bn:00024461n	cura
bn:00024461n	remedio
bn:00024463n	bordillo
bn:00024486n	curiosidad
bn:00024488n	curiosidad
bn:00024504n	grosellero
bn:00024510n	corriente
bn:00024511n	corriente
bn:00024511n	flujo
bn:00024512n	corriente
bn:00024512n	flujo
bn:00024525n	juramento
bn:00024525n	maldición
bn:00024526n	maldición
bn:00024534n	cortina
bn:00024534n	telón
bn:00024539n	estreno
bn:00024541n	jardín
bn:00024541n	patio
bn:00024541n	terreno
bn:00024550n	curva
bn:00024551n	curva
bn:00024564n	amortiguador
bn:00024564n	colchón
bn:00024584n	custodio
bn:00024586n	custodia
bn:00024588n	manos
bn:00024591n	costumbre
bn:00024591n	uso
bn:00024592n	costumbre
bn:00024592n	tradición
bn:00024600n	corte
bn:00024601n	corte
bn:00024603n	corte
bn:00024620n	venta
bn:00024630n	tacto
bn:00024640n	epidermis
bn:00024643n	piel
bn:00024644n	sable
bn:00024662n	corte
bn:00024663n	recorte
bn:00024712n	red
bn:00024720n	Cícladas
bn:00024724n	ciclo
bn:00024724n	ritmo
bn:00024724n	ronda
bn:00024725n	ciclo
bn:00024726n	ciclo
bn:00024727n	ciclo
bn:00024746n	enciclopedia
bn:00024779n	cilindro
bn:00024845n	ciprés
bn:00024905n	citoplasma
bn:00024933n	Checoslovaquia
bn:00024945n	fiscal
bn:00024989n	pa
bn:00024989n	Pa
bn:00024989n	papá
bn:00024989n	Papá
bn:00024989n	Pop
bn:00024990n	dadaísmo
bn:00024996n	Corea
bn:00024998n	demonio
bn:00024998n	diablo
bn:00025000n	narciso
bn:00025024n	delicadeza
bn:00025036n	margarita
bn:00025062n	Dallas
bn:00025075n	presa
bn:00025080n	daño
bn:00025081n	daño
bn:00025082n	daño
bn:00025083n	precio
bn:00025084n	agravio
bn:00025084n	error
bn:00025097n	dama
bn:00025097n	señora
bn:00025113n	condenación
bn:00025142n	baile
bn:00025142n	danza
bn:00025143n	baile
bn:00025144n	baile
bn:00025144n	danza
bn:00025153n	bailarín
bn:00025153n	bailarina
bn:00025167n	danés
bn:00025170n	peligro
bn:00025171n	peligro
bn:00025171n	riesgo
bn:00025172n	peligro
bn:00025191n	danés
bn:00025196n	Dinamarca
bn:00025198n	Dante
bn:00025211n	mancha
bn:00025211n	parche
bn:00025233n	oscuridad
bn:00025234n	oscuridad
bn:00025235n	oscuridad
bn:00025235n	sombra
bn:00025236n	noche
bn:00025236n	oscuridad
bn:00025237n	oscuridad
bn:00025256n	cariño
bn:00025256n	Cariño
bn:00025293n	decepción
bn:00025314n	dato
bn:00025314n	Datos
bn:00025314n	información
bn:00025320n	archivo
bn:00025320n	expediente
bn:00025327n	dato
bn:00025336n	día
bn:00025336n	fecha
bn:00025337n	acompañante
bn:00025337n	cita
bn:00025338n	fecha
bn:00025339n	fecha
bn:00025364n	chica
bn:00025364n	hija
bn:00025364n	niña
bn:00025412n	amanecer
bn:00025417n	día
bn:00025417n	época
bn:00025417n	tiempo
bn:00025418n	día
bn:00025418n	Día
bn:00025419n	amanecer
bn:00025419n	día
bn:00025420n	día
bn:00025421n	día
bn:00025421n	época
bn:00025421n	tiempo
bn:00025436n	condena
bn:00025436n	destino
bn:00025447n	diván
bn:00025455n	día
bn:00025463n	conmoción
bn:00025463n	estupor
bn:00025463n	impacto
bn:00025463n	shock
bn:00025463n	sobresalto
bn:00025464n	niebla
bn:00025495n	diácono
bn:00025500n	muerto
bn:00025510n	estancamiento
bn:00025524n	conjetura
bn:00025526n	morgue
bn:00025538n	fecha
bn:00025538n	plazo
bn:00025559n	concesionario
bn:00025559n	distribuidor
bn:00025566n	transacción
bn:00025567n	transacción
bn:00025568n	trato
bn:00025569n	relación
bn:00025571n	decano
bn:00025580n	carencia
bn:00025580n	escasez
bn:00025581n	escasez
bn:00025582n	fallecimiento
bn:00025582n	muerte
bn:00025583n	muerte
bn:00025584n	defunción
bn:00025584n	muerte
bn:00025585n	muerte
bn:00025586n	muerte
bn:00025588n	fin
bn:00025588n	final
bn:00025613n	desastre
bn:00025615n	paliza
bn:00025619n	degradación
bn:00025621n	debate
bn:00025622n	libertino
bn:00025627n	debilidad
bn:00025627n	enfermedad
bn:00025634n	escombro
bn:00025634n	polvo
bn:00025637n	deuda
bn:00025638n	deuda
bn:00025643n	debut
bn:00025643n	entrada
bn:00025643n	introducción
bn:00025645n	diciembre
bn:00025646n	década
bn:00025649n	dexametasona
bn:00025674n	decadencia
bn:00025675n	decadencia
bn:00025675n	descenso
bn:00025675n	descomposición
bn:00025676n	descomposición
bn:00025680n	engaño
bn:00025681n	tergiversación
bn:00025683n	desaceleración
bn:00025686n	Nochevieja
bn:00025688n	decencia
bn:00025689n	decencia
bn:00025693n	decisión
bn:00025709n	decímetro
bn:00025714n	decisión
bn:00025715n	decisión
bn:00025719n	cubierta
bn:00025719n	plataforma
bn:00025720n	baraja
bn:00025721n	baraja
bn:00025732n	declaración
bn:00025733n	declaración
bn:00025735n	resolución
bn:00025742n	caída
bn:00025742n	descenso
bn:00025744n	declive
bn:00025746n	decadencia
bn:00025746n	declive
bn:00025746n	disminución
bn:00025754n	descomposición
bn:00025755n	descomposición
bn:00025755n	desintegración
bn:00025756n	podredumbre
bn:00025764n	decoración
bn:00025765n	decoración
bn:00025765n	ornamento
bn:00025766n	medalla
bn:00025770n	decorador
bn:00025770n	diseñador
bn:00025771n	decorador
bn:00025772n	decoro
bn:00025777n	disminución
bn:00025779n	disminución
bn:00025780n	reducción
bn:00025781n	decreto
bn:00025781n	orden
bn:00025792n	dedicación
bn:00025798n	deducción
bn:00025798n	Deducción
bn:00025799n	deducción
bn:00025800n	implicación
bn:00025801n	deducción
bn:00025803n	descuento
bn:00025804n	escritura
bn:00025804n	título
bn:00025825n	profundización
bn:00025827n	profundidad
bn:00025830n	tularemia
bn:00025848n	defecto
bn:00025855n	derrota
bn:00025856n	derrota
bn:00025856n	frustración
bn:00025863n	defecto
bn:00025864n	defecto
bn:00025865n	defecto
bn:00025870n	defensa
bn:00025871n	defensa
bn:00025874n	defensa
bn:00025875n	defensa
bn:00025878n	defensa
bn:00025878n	Defensa
bn:00025879n	defensa
bn:00025884n	acusado
bn:00025885n	defensor
bn:00025885n	guardián
bn:00025885n	tutor
bn:00025889n	defensa
bn:00025889n	Defensa
bn:00025903n	deferencia
bn:00025903n	respeto
bn:00025909n	desafío
bn:00025913n	deficiencia
bn:00025913n	falta
bn:00025914n	deficiencia
bn:00025916n	déficit
bn:00025916n	escasez
bn:00025928n	definición
bn:00025929n	definición
bn:00025940n	desviación
bn:00025940n	distracción
bn:00025950n	deformación
bn:00025950n	distorsión
bn:00025954n	pago
bn:00025960n	degeneración
bn:00025964n	trago
bn:00025965n	grado
bn:00025965n	medida
bn:00025965n	nivel
bn:00025965n	punto
bn:00025966n	etapa
bn:00025966n	grado
bn:00025966n	medida
bn:00025966n	nivel
bn:00025966n	punto
bn:00025967n	grado
bn:00025968n	grado
bn:00025971n	f
bn:00025971n	F
bn:00025995n	deidad
bn:00025995n	dios
bn:00025995n	Dios
bn:00025995n	divinidad
bn:00026000n	almuerzo
bn:00026007n	Delaware
bn:00026014n	demora
bn:00026014n	espera
bn:00026015n	retraso
bn:00026022n	alegría
bn:00026022n	deleite
bn:00026025n	delegado
bn:00026027n	omisión
bn:00026037n	deliberación
bn:00026042n	diplomacia
bn:00026047n	alegría
bn:00026047n	placer
bn:00026053n	abandono
bn:00026061n	liberación
bn:00026061n	rescate
bn:00026063n	repartidor
bn:00026066n	discurso
bn:00026068n	lanzamiento
bn:00026090n	deltoid
bn:00026093n	aluvión
bn:00026093n	avalancha
bn:00026093n	diluvio
bn:00026096n	ilusión
bn:00026103n	demanda
bn:00026103n	exigencia
bn:00026104n	demanda
bn:00026105n	demanda
bn:00026105n	exigencia
bn:00026105n	requisito
bn:00026106n	demanda
bn:00026107n	demanda
bn:00026107n	necesidad
bn:00026113n	demandante
bn:00026115n	demarcación
bn:00026115n	límite
bn:00026129n	dominio
bn:00026129n	país
bn:00026129n	tierra
bn:00026138n	desmineralización
bn:00026146n	democracia
bn:00026148n	demócrata
bn:00026163n	demolición
bn:00026163n	destrucción
bn:00026165n	demonio
bn:00026173n	demostración
bn:00026173n	presentación
bn:00026175n	demostración
bn:00026175n	manifestación
bn:00026176n	demostración
bn:00026179n	manifestante
bn:00026184n	desmoralización
bn:00026200n	escondite
bn:00026229n	denegación
bn:00026229n	negación
bn:00026230n	denegación
bn:00026230n	negación
bn:00026230n	negativa
bn:00026231n	negación
bn:00026239n	habitante
bn:00026239n	residente
bn:00026245n	denominación
bn:00026251n	referencia
bn:00026253n	desenlace
bn:00026255n	denuncia
bn:00026259n	densidad
bn:00026262n	densitometría
bn:00026279n	dentista
bn:00026308n	departamento
bn:00026308n	Departamento
bn:00026308n	lugar
bn:00026342n	almacén
bn:00026343n	partida
bn:00026343n	salida
bn:00026344n	desviación
bn:00026344n	diferencia
bn:00026345n	fallecimiento
bn:00026345n	liberación
bn:00026350n	fiabilidad
bn:00026351n	dependencia
bn:00026364n	agotamiento
bn:00026373n	deportado
bn:00026374n	depósito
bn:00026374n	sedimento
bn:00026379n	depósito
bn:00026379n	repositorio
bn:00026386n	biblioteca
bn:00026387n	depósito
bn:00026387n	terminal
bn:00026388n	almacén
bn:00026388n	almacenamiento
bn:00026389n	depravación
bn:00026391n	depreciación
bn:00026392n	depreciación
bn:00026393n	menosprecio
bn:00026397n	detractor
bn:00026398n	depredación
bn:00026399n	estrago
bn:00026402n	depresión
bn:00026403n	depresión
bn:00026403n	Depresión
bn:00026404n	depresión
bn:00026405n	depresión
bn:00026415n	escasez
bn:00026415n	falta
bn:00026415n	necesidad
bn:00026416n	pérdida
bn:00026418n	profundidad
bn:00026425n	agente
bn:00026425n	diputado
bn:00026426n	diputado
bn:00026426n	teniente
bn:00026436n	negligencia
bn:00026437n	burla
bn:00026439n	derivación
bn:00026440n	derivación
bn:00026441n	derivación
bn:00026482n	DES
bn:00026482n	dietilestilbestrol
bn:00026487n	descendiente
bn:00026497n	descenso
bn:00026498n	ascendencia
bn:00026498n	origen
bn:00026499n	descenso
bn:00026501n	descripción
bn:00026512n	forma
bn:00026512n	formulario
bn:00026516n	integración
bn:00026519n	desierto
bn:00026530n	mérito
bn:00026535n	diseño
bn:00026536n	diseño
bn:00026536n	Diseño
bn:00026536n	intención
bn:00026536n	plan
bn:00026536n	Plan
bn:00026537n	diseño
bn:00026537n	patrón
bn:00026538n	diseño
bn:00026542n	identificación
bn:00026550n	deseo
bn:00026551n	deseo
bn:00026552n	deseo
bn:00026554n	escritorio
bn:00026573n	desolación
bn:00026574n	soledad
bn:00026576n	desorción
bn:00026577n	desesperación
bn:00026578n	desesperación
bn:00026581n	envío
bn:00026601n	destino
bn:00026602n	destino
bn:00026603n	destino
bn:00026603n	Destino
bn:00026604n	destino
bn:00026604n	Destino
bn:00026606n	destructor
bn:00026610n	destrucción
bn:00026618n	desapego
bn:00026619n	desprendimiento
bn:00026620n	aislamiento
bn:00026622n	detalle
bn:00026622n	elemento
bn:00026622n	punto
bn:00026623n	artículo
bn:00026623n	detalle
bn:00026623n	elemento
bn:00026623n	ítem
bn:00026624n	detalle
bn:00026625n	detalle
bn:00026631n	detección
bn:00026631n	sensación
bn:00026633n	detective
bn:00026633n	investigador
bn:00026638n	detector
bn:00026638n	sensor
bn:00026644n	detergencia
bn:00026645n	detergente
bn:00026646n	detergente
bn:00026647n	deterioro
bn:00026650n	determinación
bn:00026650n	hallazgo
bn:00026651n	determinación
bn:00026651n	propósito
bn:00026658n	ejemplo
bn:00026658n	lección
bn:00026672n	Detroit
bn:00026684n	Alemania
bn:00026691n	desarrollador
bn:00026695n	desarrollo
bn:00026695n	promoción
bn:00026696n	desarrollo
bn:00026696n	evolución
bn:00026697n	crecimiento
bn:00026697n	desarrollo
bn:00026697n	maduración
bn:00026698n	desarrollo
bn:00026699n	desarrollo
bn:00026699n	explotación
bn:00026700n	desarrollo
bn:00026701n	desarrollo
bn:00026712n	desviación
bn:00026716n	dispositivo
bn:00026716n	recurso
bn:00026717n	dispositivo
bn:00026718n	dispositivo
bn:00026718n	giro
bn:00026718n	recurso
bn:00026739n	travesura
bn:00026752n	devoción
bn:00026753n	devoción
bn:00026757n	religiosidad
bn:00026788n	diabetes
bn:00026805n	diagnóstico
bn:00026809n	patólogo
bn:00026817n	diagrama
bn:00026820n	esfera
bn:00026827n	dialéctica
bn:00026828n	dialéctica
bn:00026834n	diálogo
bn:00026835n	diálogo
bn:00026836n	diálogo
bn:00026838n	negociación
bn:00026839n	diálisis
bn:00026841n	diámetro
bn:00026846n	diámetro
bn:00026848n	diamante
bn:00026869n	pañal
bn:00026876n	diafragma
bn:00026877n	diafragma
bn:00026886n	diarrea
bn:00026887n	diario
bn:00026901n	diatomea
bn:00026920n	dado
bn:00026960n	dictado
bn:00026967n	diccionario
bn:00026971n	dictamen
bn:00026971n	pronunciamiento
bn:00026980n	educación
bn:00026980n	Educación
bn:00026980n	enseñanza
bn:00026980n	instrucción
bn:00026986n	troquel
bn:00026996n	tradicionalista
bn:00026996n	Tradicionalista
bn:00027011n	dieta
bn:00027022n	diferencia
bn:00027023n	diferencia
bn:00027036n	diferenciación
bn:00027036n	distinción
bn:00027037n	diferenciación
bn:00027040n	dificultad
bn:00027041n	dificultad
bn:00027041n	esfuerzo
bn:00027041n	molestia
bn:00027041n	problema
bn:00027042n	dificultad
bn:00027043n	dificultad
bn:00027046n	difracción
bn:00027053n	difusión
bn:00027054n	difusión
bn:00027055n	difusión
bn:00027056n	dispersión
bn:00027059n	excavación
bn:00027075n	exhumación
bn:00027077n	alojamiento
bn:00027078n	cifra
bn:00027078n	figura
bn:00027095n	digitalización
bn:00027102n	dignatario
bn:00027103n	autoestima
bn:00027103n	dignidad
bn:00027104n	dignidad
bn:00027131n	dilema
bn:00027132n	diligencia
bn:00027143n	dilución
bn:00027144n	dilución
bn:00027151n	dimensión
bn:00027152n	dimensión
bn:00027153n	proporción
bn:00027155n	dímero
bn:00027195n	comedor
bn:00027206n	cena
bn:00027206n	comida
bn:00027207n	cena
bn:00027260n	caída
bn:00027281n	diplomacia
bn:00027283n	diplomático
bn:00027303n	dipolo
bn:00027307n	cazo
bn:00027352n	camino
bn:00027352n	dirección
bn:00027352n	lado
bn:00027352n	manera
bn:00027352n	medio
bn:00027353n	dirección
bn:00027354n	dirección
bn:00027355n	dirección
bn:00027355n	gestión
bn:00027356n	instrucción
bn:00027357n	dirección
bn:00027357n	orientación
bn:00027361n	directividad
bn:00027363n	directriz
bn:00027366n	director
bn:00027366n	Director
bn:00027366n	directora
bn:00027366n	gerente
bn:00027367n	director
bn:00027368n	director
bn:00027374n	directorio
bn:00027386n	suelo
bn:00027386n	tierra
bn:00027387n	suciedad
bn:00027387n	suelo
bn:00027387n	tierra
bn:00027388n	escándalo
bn:00027407n	discapacidad
bn:00027407n	incapacidad
bn:00027415n	desventaja
bn:00027421n	desacuerdo
bn:00027422n	desacuerdo
bn:00027422n	discrepancia
bn:00027426n	desaparición
bn:00027427n	desaparición
bn:00027428n	desaparición
bn:00027430n	decepción
bn:00027430n	desilusión
bn:00027431n	desaprobación
bn:00027432n	desaprobación
bn:00027433n	aversión
bn:00027433n	desagrado
bn:00027435n	desarme
bn:00027439n	desensamblaje
bn:00027448n	escepticismo
bn:00027448n	incredulidad
bn:00027451n	costo
bn:00027451n	expensas
bn:00027451n	gasto
bn:00027454n	disco
bn:00027454n	grabación
bn:00027454n	registro
bn:00027455n	disco
bn:00027457n	disco
bn:00027467n	legibilidad
bn:00027471n	descarga
bn:00027472n	descarga
bn:00027474n	liberación
bn:00027476n	liberación
bn:00027485n	disciplina
bn:00027486n	disciplina
bn:00027487n	disciplina
bn:00027489n	revelación
bn:00027496n	mancha
bn:00027499n	incomodidad
bn:00027499n	molestia
bn:00027506n	descontento
bn:00027508n	discontinuidad
bn:00027509n	lucha
bn:00027510n	disensión
bn:00027518n	consternación
bn:00027521n	discurso
bn:00027521n	Discurso
bn:00027522n	sermón
bn:00027523n	discusión
bn:00027523n	tratamiento
bn:00027525n	grosería
bn:00027529n	descubrimiento
bn:00027530n	descubrimiento
bn:00027533n	discrepancia
bn:00027533n	variante
bn:00027535n	discreción
bn:00027538n	discriminación
bn:00027539n	discriminación
bn:00027544n	debate
bn:00027544n	discusión
bn:00027544n	palabra
bn:00027546n	enfermedad
bn:00027549n	paciente
bn:00027551n	espíritu
bn:00027553n	desencanto
bn:00027565n	vómito
bn:00027566n	desgracia
bn:00027566n	vergüenza
bn:00027570n	disgusto
bn:00027573n	plato
bn:00027574n	plato
bn:00027579n	lavavajilla
bn:00027605n	disolución
bn:00027606n	desinterés
bn:00027620n	aversión
bn:00027624n	deslealtad
bn:00027632n	desobediencia
bn:00027634n	trastorno
bn:00027652n	dispensario
bn:00027653n	dispensa
bn:00027656n	dispensador
bn:00027660n	dispersión
bn:00027661n	distribución
bn:00027664n	desplazamiento
bn:00027665n	cambio
bn:00027665n	desplazamiento
bn:00027665n	movimiento
bn:00027666n	desplazamiento
bn:00027670n	demostración
bn:00027670n	espectáculo
bn:00027670n	exhibición
bn:00027670n	muestra
bn:00027671n	exhibición
bn:00027672n	exhibición
bn:00027678n	descontento
bn:00027681n	disposición
bn:00027682n	disposición
bn:00027682n	eliminación
bn:00027685n	carácter
bn:00027685n	disposición
bn:00027685n	temperamento
bn:00027686n	inclinación
bn:00027686n	tendencia
bn:00027696n	inquietud
bn:00027698n	desprecio
bn:00027698n	negligencia
bn:00027699n	desprecio
bn:00027705n	insatisfacción
bn:00027706n	disección
bn:00027709n	hipócrita
bn:00027714n	disidencia
bn:00027715n	disensión
bn:00027716n	objeción
bn:00027716n	protesta
bn:00027719n	perjuicio
bn:00027728n	desperdicio
bn:00027728n	pérdida
bn:00027729n	disociación
bn:00027739n	ruido
bn:00027747n	distancia
bn:00027748n	distancia
bn:00027749n	distancia
bn:00027759n	distensión
bn:00027761n	destilación
bn:00027765n	distinción
bn:00027765n	eminencia
bn:00027766n	distinción
bn:00027767n	diferencia
bn:00027767n	distinción
bn:00027768n	peculiaridad
bn:00027769n	peculiaridad
bn:00027777n	distorsión
bn:00027779n	torsión
bn:00027782n	distracción
bn:00027786n	angustia
bn:00027786n	dolor
bn:00027786n	sufrimiento
bn:00027787n	angustia
bn:00027790n	gravedad
bn:00027795n	distribuidor
bn:00027797n	distribución
bn:00027798n	distribución
bn:00027799n	distribución
bn:00027810n	distrito
bn:00027810n	territorio
bn:00027813n	desconfianza
bn:00027813n	sospecha
bn:00027815n	alteración
bn:00027815n	disturbio
bn:00027815n	perturbación
bn:00027816n	perturbación
bn:00027816n	trastorno
bn:00027817n	perturbación
bn:00027819n	interferencia
bn:00027823n	abandono
bn:00027825n	zanja
bn:00027831n	alboroto
bn:00027844n	diván
bn:00027849n	antro
bn:00027849n	taberna
bn:00027857n	divergencia
bn:00027862n	diversidad
bn:00027862n	variedad
bn:00027863n	diversificación
bn:00027865n	distracción
bn:00027865n	diversión
bn:00027865n	recreación
bn:00027865n	Recreación
bn:00027873n	divertimento
bn:00027873n	serenata
bn:00027874n	desinversión
bn:00027878n	cuenca
bn:00027880n	dividendo
bn:00027886n	partición
bn:00027890n	profecía
bn:00027898n	servicio
bn:00027902n	trampolín
bn:00027909n	teología
bn:00027911n	división
bn:00027912n	división
bn:00027912n	parte
bn:00027912n	sección
bn:00027913n	división
bn:00027914n	división
bn:00027915n	división
bn:00027935n	factor
bn:00027937n	divorcio
bn:00027951n	vértigo
bn:00027976n	doctor
bn:00027976n	Doctor
bn:00027976n	médico
bn:00027980n	banquillo
bn:00027986n	estibador
bn:00027993n	doctor
bn:00027994n	doctor
bn:00027997n	doctorado
bn:00028013n	doctrina
bn:00028013n	filosofía
bn:00028014n	documental
bn:00028015n	documento
bn:00028016n	documento
bn:00028020n	apoyo
bn:00028020n	soporte
bn:00028030n	zorro
bn:00028031n	escape
bn:00028057n	caseta
bn:00028074n	pelea
bn:00028079n	perseverancia
bn:00028079n	persistencia
bn:00028079n	tenacidad
bn:00028086n	dogma
bn:00028086n	principio
bn:00028097n	estancamiento
bn:00028111n	muñeca
bn:00028114n	dólar
bn:00028116n	dólar
bn:00028141n	mundo
bn:00028151n	animal
bn:00028155n	ave
bn:00028170n	dominancia
bn:00028175n	dominación
bn:00028176n	dominación
bn:00028176n	supremacía
bn:00028188n	Dominicana
bn:00028190n	domingo
bn:00028191n	dominio
bn:00028202n	don
bn:00028227n	mazmorra
bn:00028247n	puerta
bn:00028248n	entrada
bn:00028248n	puerta
bn:00028249n	puerta
bn:00028252n	portero
bn:00028256n	pomo
bn:00028266n	umbral
bn:00028288n	dormitorio
bn:00028288n	salón
bn:00028319n	dosificación
bn:00028319n	dosis
bn:00028320n	dosis
bn:00028329n	punto
bn:00028341n	doble
bn:00028425n	duda
bn:00028425n	incertidumbre
bn:00028426n	duda
bn:00028426n	pregunta
bn:00028427n	escéptico
bn:00028432n	dinero
bn:00028432n	masa
bn:00028446n	paloma
bn:00028465n	dote
bn:00028469n	plumón
bn:00028484n	caída
bn:00028515n	fajo
bn:00028545n	corriente
bn:00028546n	bosquejo
bn:00028552n	trago
bn:00028561n	dibujo
bn:00028562n	dibujo
bn:00028582n	dragón
bn:00028591n	desagüe
bn:00028591n	drenaje
bn:00028604n	drama
bn:00028604n	obra
bn:00028605n	drama
bn:00028606n	drama
bn:00028607n	drama
bn:00028609n	teatro
bn:00028613n	teatro
bn:00028616n	dramaturgo
bn:00028636n	cajón
bn:00028638n	dibujo
bn:00028639n	dibujo
bn:00028639n	diseño
bn:00028648n	sala
bn:00028648n	salón
bn:00028650n	cuerda
bn:00028658n	sueño
bn:00028659n	sueño
bn:00028660n	sueño
bn:00028663n	soñador
bn:00028664n	idealista
bn:00028674n	poso
bn:00028682n	vestido
bn:00028701n	bata
bn:00028702n	camerino
bn:00028702n	vestuario
bn:00028709n	gota
bn:00028719n	corriente
bn:00028719n	deriva
bn:00028720n	deriva
bn:00028723n	tendencia
bn:00028736n	ejercicio
bn:00028736n	práctica
bn:00028749n	bebida
bn:00028749n	trago
bn:00028753n	bebida
bn:00028753n	drinking
bn:00028756n	copa
bn:00028756n	cristal
bn:00028756n	vaso
bn:00028756n	vidrio
bn:00028773n	sentimentalidad
bn:00028777n	empuje
bn:00028777n	impulso
bn:00028777n	propulsión
bn:00028778n	transmisión
bn:00028779n	entrada
bn:00028780n	impulso
bn:00028782n	viaje
bn:00028783n	paseo
bn:00028783n	viaje
bn:00028795n	conductor
bn:00028809n	llovizna
bn:00028821n	zángano
bn:00028822n	zumbido
bn:00028834n	caída
bn:00028847n	gota
bn:00028852n	estiércol
bn:00028852n	excremento
bn:00028853n	edema
bn:00028861n	escoria
bn:00028861n	impureza
bn:00028863n	sequía
bn:00028864n	sequía
bn:00028868n	arriero
bn:00028872n	droga
bn:00028872n	fármaco
bn:00028872n	medicamento
bn:00028891n	tambor
bn:00028909n	tamborilero
bn:00028913n	borracho
bn:00028916n	embriaguez
bn:00028934n	suelo
bn:00028934n	tierra
bn:00028934n	Tierra
bn:00028948n	ensayo
bn:00029010n	pato
bn:00029049n	vencimiento
bn:00029050n	este
bn:00029050n	Este
bn:00029051n	norte
bn:00029053n	sur
bn:00029054n	oeste
bn:00029071n	dugout
bn:00029071n	refugio
bn:00029074n	duque
bn:00029097n	mancuerna
bn:00029119n	bayo
bn:00029124n	duna
bn:00029149n	víctima
bn:00029150n	fraude
bn:00029154n	reproducibilidad
bn:00029156n	duplicación
bn:00029157n	duplicación
bn:00029161n	durabilidad
bn:00029170n	duración
bn:00029170n	largo
bn:00029170n	longitud
bn:00029192n	polvo
bn:00029212n	disputa
bn:00029220n	trébol
bn:00029223n	Indonesia
bn:00029239n	deber
bn:00029239n	obligación
bn:00029239n	responsabilidad
bn:00029239n	tarea
bn:00029240n	deber
bn:00029240n	función
bn:00029240n	responsabilidad
bn:00029240n	servicio
bn:00029241n	arancel
bn:00029241n	impuesto
bn:00029242n	turno
bn:00029246n	enano
bn:00029247n	gnomo
bn:00029296n	dinámica
bn:00029300n	dinamita
bn:00029305n	dinastía
bn:00029313n	disentería
bn:00029324n	indigestión
bn:00029364n	disposición
bn:00029372n	oído
bn:00029372n	oreja
bn:00029372n	orejas
bn:00029373n	oído
bn:00029385n	Conde
bn:00029399n	juventud
bn:00029406n	marca
bn:00029411n	seriedad
bn:00029412n	seriedad
bn:00029412n	sinceridad
bn:00029415n	beneficio
bn:00029415n	ganancia
bn:00029415n	lucro
bn:00029416n	ganancia
bn:00029416n	ingreso
bn:00029416n	paga
bn:00029416n	pago
bn:00029416n	Pago
bn:00029416n	precio
bn:00029416n	remuneración
bn:00029416n	salario
bn:00029416n	sueldo
bn:00029419n	auricular
bn:00029424n	globo
bn:00029424n	mundo
bn:00029424n	tierra
bn:00029424n	Tierra
bn:00029425n	suelo
bn:00029425n	tierra
bn:00029426n	mundo
bn:00029426n	tierra
bn:00029428n	mundo
bn:00029430n	superficie
bn:00029441n	temblor
bn:00029448n	terremoto
bn:00029455n	alivio
bn:00029457n	descanso
bn:00029457n	reposo
bn:00029458n	caballete
bn:00029462n	alivio
bn:00029463n	Este
bn:00029463n	Oriente
bn:00029464n	este
bn:00029464n	Este
bn:00029497n	Pascua
bn:00029535n	silla
bn:00029535n	sillón
bn:00029542n	pasto
bn:00029545n	restaurante
bn:00029546n	alimentación
bn:00029547n	erosión
bn:00029570n	entusiasmo
bn:00029580n	excéntrico
bn:00029581n	excentricidad
bn:00029621n	eco
bn:00029621n	reverberación
bn:00029648n	eclipse
bn:00029650n	eclíptica
bn:00029667n	economista
bn:00029676n	economía
bn:00029678n	economía
bn:00029680n	valor
bn:00029683n	economía
bn:00029685n	ahorro
bn:00029685n	economía
bn:00029691n	éxtasis
bn:00029692n	éxtasis
bn:00029694n	electroshock
bn:00029734n	paraíso
bn:00029734n	Paraíso
bn:00029745n	borde
bn:00029746n	borde
bn:00029746n	filo
bn:00029747n	filo
bn:00029747n	ventaja
bn:00029748n	borde
bn:00029764n	sofisticación
bn:00029770n	edición
bn:00029771n	edición
bn:00029773n	versión
bn:00029774n	editor
bn:00029774n	editora
bn:00029806n	alumno
bn:00029806n	estudiante
bn:00029807n	educación
bn:00029808n	educación
bn:00029808n	Educación
bn:00029809n	educación
bn:00029815n	educador
bn:00029857n	eeg
bn:00029857n	EEG
bn:00029871n	efecto
bn:00029871n	impresión
bn:00029872n	efecto
bn:00029873n	efecto
bn:00029876n	efectividad
bn:00029876n	eficacia
bn:00029877n	efectividad
bn:00029877n	fuerza
bn:00029877n	potencia
bn:00029881n	implementación
bn:00029888n	eficacia
bn:00029889n	eficiencia
bn:00029890n	eficiencia
bn:00029897n	efluente
bn:00029899n	esfuerzo
bn:00029900n	esfuerzo
bn:00029900n	hazaña
bn:00029909n	igualitarismo
bn:00029913n	huevo
bn:00029914n	huevo
bn:00029934n	ego
bn:00029935n	ego
bn:00029935n	ser
bn:00029935n	yo
bn:00029942n	ególatra
bn:00029942n	egotista
bn:00029945n	egotismo
bn:00029947n	aparición
bn:00030004n	Irlanda
bn:00030014n	eyección
bn:00030015n	expulsión
bn:00030039n	mejora
bn:00030081n	elasticidad
bn:00030092n	recodo
bn:00030098n	camino
bn:00030098n	espacio
bn:00030098n	habitación
bn:00030098n	manera
bn:00030098n	paso
bn:00030100n	anciano
bn:00030113n	elección
bn:00030114n	elección
bn:00030122n	elector
bn:00030122n	votante
bn:00030157n	órgano
bn:00030158n	enchufe
bn:00030159n	voltaje
bn:00030164n	resistencia
bn:00030167n	choque
bn:00030167n	descarga
bn:00030170n	interruptor
bn:00030181n	electricidad
bn:00030192n	electricidad
bn:00030193n	electricidad
bn:00030202n	electrodo
bn:00030209n	electrólisis
bn:00030215n	electroimán
bn:00030227n	tensión
bn:00030227n	voltaje
bn:00030230n	electromiografía
bn:00030231n	electrón
bn:00030242n	tubo
bn:00030266n	transistor
bn:00030270n	electrónica
bn:00030275n	electróforo
bn:00030293n	elegancia
bn:00030299n	elemento
bn:00030308n	escuela
bn:00030314n	elefante
bn:00030328n	elevación
bn:00030333n	ascensor
bn:00030333n	elevador
bn:00030358n	eliminación
bn:00030359n	excreción
bn:00030375n	excepción
bn:00030376n	élite
bn:00030394n	isabelino
bn:00030401n	Grecia
bn:00030406n	óvalo
bn:00030407n	elipsoide
bn:00030416n	olmo
bn:00030440n	elución
bn:00030454n	emanación
bn:00030455n	emanación
bn:00030455n	emisión
bn:00030464n	terraplén
bn:00030465n	embargo
bn:00030466n	vergüenza
bn:00030468n	vergüenza
bn:00030470n	embajada
bn:00030486n	forma
bn:00030497n	abrazo
bn:00030499n	puerto
bn:00030515n	anfitrión
bn:00030521n	Irlanda
bn:00030523n	aparición
bn:00030523n	crecimiento
bn:00030525n	emergencia
bn:00030526n	emergencia
bn:00030538n	lija
bn:00030546n	emigración
bn:00030581n	emoción
bn:00030584n	ánimo
bn:00030584n	humor
bn:00030585n	emocionalidad
bn:00030586n	indiferencia
bn:00030598n	énfasis
bn:00030598n	vehemencia
bn:00030599n	énfasis
bn:00030600n	enfisema
bn:00030601n	imperio
bn:00030607n	Georgia
bn:00030610n	empirismo
bn:00030612n	charlatanería
bn:00030615n	colocación
bn:00030615n	posición
bn:00030615n	ubicación
bn:00030616n	empleo
bn:00030618n	empleada
bn:00030618n	empleado
bn:00030623n	rotación
bn:00030624n	empleador
bn:00030625n	empleo
bn:00030625n	trabajo
bn:00030626n	compromiso
bn:00030626n	empleo
bn:00030627n	ejercicio
bn:00030627n	empleo
bn:00030627n	uso
bn:00030627n	utilización
bn:00030633n	vacuidad
bn:00030640n	evacuación
bn:00030654n	promulgación
bn:00030657n	esmalte
bn:00030686n	encanto
bn:00030686n	hechizo
bn:00030686n	trance
bn:00030687n	bruja
bn:00030691n	enclave
bn:00030693n	recinto
bn:00030702n	encuentro
bn:00030702n	reunión
bn:00030706n	invasor
bn:00030707n	avance
bn:00030707n	intrusión
bn:00030707n	invasión
bn:00030708n	violación
bn:00030709n	impacto
bn:00030716n	erudición
bn:00030718n	extremo
bn:00030718n	final
bn:00030718n	parte
bn:00030719n	cabo
bn:00030719n	fin
bn:00030719n	final
bn:00030720n	fin
bn:00030720n	final
bn:00030721n	cabo
bn:00030721n	fin
bn:00030721n	final
bn:00030721n	meta
bn:00030721n	objetivo
bn:00030722n	fin
bn:00030722n	final
bn:00030723n	extremo
bn:00030723n	parte
bn:00030724n	extremo
bn:00030725n	extremo
bn:00030726n	lado
bn:00030736n	extremo
bn:00030738n	producción
bn:00030738n	salida
bn:00030747n	peligro
bn:00030747n	riesgo
bn:00030751n	emprendimiento
bn:00030751n	empresa
bn:00030751n	esfuerzo
bn:00030757n	terminación
bn:00030765n	hormona
bn:00030806n	don
bn:00030806n	dote
bn:00030806n	talento
bn:00030810n	resistencia
bn:00030811n	supervivencia
bn:00030812n	maratón
bn:00030814n	enemigo
bn:00030815n	enemigo
bn:00030816n	enemigo
bn:00030817n	enemigo
bn:00030820n	energía
bn:00030821n	energía
bn:00030821n	vigor
bn:00030822n	energía
bn:00030823n	energía
bn:00030824n	vitalidad
bn:00030830n	enervación
bn:00030839n	aplicación
bn:00030839n	ejecución
bn:00030844n	participación
bn:00030850n	motor
bn:00030851n	motor
bn:00030852n	motor
bn:00030858n	ingeniería
bn:00030858n	tecnología
bn:00030861n	Inglaterra
bn:00030862n	inglés
bn:00030863n	inglés
bn:00030864n	inglés
bn:00030891n	inglés
bn:00030899n	grabador
bn:00030916n	disfrute
bn:00030917n	disfrute
bn:00030922n	ampliación
bn:00030922n	expansión
bn:00030926n	iluminación
bn:00030927n	nirvana
bn:00030932n	recluta
bn:00030933n	reclutamiento
bn:00030943n	enormidad
bn:00030951n	consulta
bn:00030951n	cuestión
bn:00030951n	duda
bn:00030951n	pregunta
bn:00030952n	investigación
bn:00030955n	enriquecimiento
bn:00030959n	inscripción
bn:00030959n	registro
bn:00030961n	conjunto
bn:00030977n	enredo
bn:00030977n	red
bn:00030987n	tifoidea
bn:00030988n	entrada
bn:00030989n	entrada
bn:00031008n	empresa
bn:00031009n	iniciativa
bn:00031011n	emprendedor
bn:00031011n	empresario
bn:00031012n	artista
bn:00031016n	entalpía
bn:00031017n	entusiasmo
bn:00031018n	entusiasmo
bn:00031021n	tentación
bn:00031025n	totalidad
bn:00031027n	ente
bn:00031027n	entidad
bn:00031044n	entrada
bn:00031047n	participante
bn:00031062n	entrada
bn:00031063n	presentación
bn:00031067n	sobre
bn:00031073n	envidia
bn:00031074n	ambiente
bn:00031074n	entorno
bn:00031075n	entorno
bn:00031085n	enzima
bn:00031107n	charretera
bn:00031134n	epopeya
bn:00031140n	epicentro
bn:00031153n	epidemia
bn:00031177n	epigrama
bn:00031203n	epifanía
bn:00031208n	epífisis
bn:00031224n	episodio
bn:00031225n	episodio
bn:00031227n	secuencia
bn:00031237n	epistemología
bn:00031249n	epitafio
bn:00031256n	epíteto
bn:00031258n	imagen
bn:00031258n	paradigma
bn:00031258n	prototipo
bn:00031261n	época
bn:00031261n	era
bn:00031284n	igualdad
bn:00031285n	equivalencia
bn:00031285n	igualdad
bn:00031285n	par
bn:00031287n	Wyoming
bn:00031293n	ecuación
bn:00031294n	ecuador
bn:00031301n	jinete
bn:00031312n	equilibrio
bn:00031322n	equipamiento
bn:00031322n	equipo
bn:00031337n	equivalente
bn:00031345n	caballo
bn:00031475n	amor
bn:00031480n	recado
bn:00031480n	tarea
bn:00031483n	error
bn:00031484n	error
bn:00031485n	culpa
bn:00031485n	error
bn:00031486n	error
bn:00031487n	error
bn:00031493n	erupción
bn:00031495n	brote
bn:00031538n	escalada
bn:00031545n	escape
bn:00031545n	huida
bn:00031546n	escapatoria
bn:00031574n	escritorio
bn:00031605n	España
bn:00031609n	espionaje
bn:00031622n	ensayo
bn:00031623n	ensayo
bn:00031629n	perfume
bn:00031631n	necesidad
bn:00031631n	requisito
bn:00031641n	establecimiento
bn:00031641n	institución
bn:00031642n	establecimiento
bn:00031643n	establecimiento
bn:00031647n	finca
bn:00031647n	patrimonio
bn:00031653n	estimación
bn:00031653n	respeto
bn:00031654n	respeto
bn:00031655n	éster
bn:00031660n	estimación
bn:00031661n	estimación
bn:00031675n	celo
bn:00031676n	estuario
bn:00031687n	eternidad
bn:00031688n	eternidad
bn:00031689n	eternidad
bn:00031694n	etanol
bn:00031706n	ética
bn:00031708n	receta
bn:00031709n	ética
bn:00031709n	moralidad
bn:00031735n	ethos
bn:00031744n	etiqueta
bn:00031801n	bienestar
bn:00031853n	música
bn:00031867n	euforia
bn:00031896n	Europa
bn:00031898n	europeo
bn:00031970n	evacuación
bn:00031972n	calificación
bn:00031972n	evaluación
bn:00031972n	valoración
bn:00031973n	calificación
bn:00031973n	evaluación
bn:00031973n	valoración
bn:00031974n	juez
bn:00031976n	evangelio
bn:00031976n	Evangelio
bn:00031981n	evangelista
bn:00031987n	evaporación
bn:00031987n	vapor
bn:00031995n	Eva
bn:00031996n	víspera
bn:00031998n	noche
bn:00031998n	tarde
bn:00032021n	acontecimiento
bn:00032021n	evento
bn:00032025n	Everest
bn:00032026n	Florida
bn:00032035n	Washington
bn:00032045n	evidencia
bn:00032045n	fundamento
bn:00032045n	prueba
bn:00032045n	razón
bn:00032046n	evidencia
bn:00032046n	prueba
bn:00032047n	prueba
bn:00032048n	mal
bn:00032048n	maldad
bn:00032049n	mal
bn:00032050n	mal
bn:00032053n	malhechor
bn:00032053n	pecador
bn:00032054n	transgresión
bn:00032057n	evocación
bn:00032067n	jarra
bn:00032075n	veterano
bn:00032084n	exageración
bn:00032089n	examen
bn:00032089n	prueba
bn:00032093n	escrutinio
bn:00032093n	examen
bn:00032095n	prueba
bn:00032099n	caso
bn:00032099n	ejemplo
bn:00032099n	ilustración
bn:00032099n	instancia
bn:00032100n	ejemplo
bn:00032100n	modelo
bn:00032101n	ejemplar
bn:00032101n	ejemplo
bn:00032101n	modelo
bn:00032102n	ejercicio
bn:00032111n	minería
bn:00032114n	excelencia
bn:00032118n	excepción
bn:00032121n	excedente
bn:00032121n	exceso
bn:00032121n	superávit
bn:00032122n	exceso
bn:00032125n	intercambio
bn:00032126n	intercambio
bn:00032127n	cambio
bn:00032127n	intercambio
bn:00032128n	intercambio
bn:00032138n	tesoro
bn:00032138n	Tesoro
bn:00032141n	excitabilidad
bn:00032145n	emoción
bn:00032147n	emoción
bn:00032147n	excitación
bn:00032148n	emoción
bn:00032149n	exclamación
bn:00032152n	exclusión
bn:00032156n	privilegio
bn:00032163n	excursión
bn:00032163n	expedición
bn:00032175n	asesinato
bn:00032178n	verdugo
bn:00032179n	ejecutivo
bn:00032180n	ejecutivo
bn:00032191n	albacea
bn:00032191n	ejecutor
bn:00032197n	ilustración
bn:00032199n	exención
bn:00032199n	libertad
bn:00032203n	ejercicio
bn:00032203n	entrenamiento
bn:00032207n	serie
bn:00032209n	pesa
bn:00032209n	peso
bn:00032214n	gas
bn:00032214n	vapor
bn:00032224n	exhibición
bn:00032225n	exposición
bn:00032234n	exhortación
bn:00032236n	exigencia
bn:00032242n	salida
bn:00032253n	éxodo
bn:00032260n	reivindicación
bn:00032260n	Vindicación
bn:00032277n	barrido
bn:00032277n	extensión
bn:00032286n	expectativa
bn:00032286n	perspectiva
bn:00032286n	posibilidad
bn:00032294n	oportunismo
bn:00032296n	expedición
bn:00032297n	expedición
bn:00032298n	expedición
bn:00032299n	gasto
bn:00032300n	gasto
bn:00032301n	expensas
bn:00032302n	gasto
bn:00032306n	experiencia
bn:00032307n	experiencia
bn:00032308n	experiencia
bn:00032309n	experimentación
bn:00032309n	experimento
bn:00032310n	experimentación
bn:00032310n	experimento
bn:00032311n	experimento
bn:00032319n	experimentador
bn:00032322n	experto
bn:00032325n	expiración
bn:00032325n	terminación
bn:00032328n	explicación
bn:00032336n	explotación
bn:00032337n	usuario
bn:00032338n	exploración
bn:00032339n	exploración
bn:00032340n	exploración
bn:00032355n	poder
bn:00032355n	potencia
bn:00032367n	exportador
bn:00032369n	exposición
bn:00032373n	objeción
bn:00032375n	exposición
bn:00032376n	exposición
bn:00032377n	exposición
bn:00032378n	exposición
bn:00032379n	vulnerabilidad
bn:00032381n	fotografía
bn:00032391n	expresión
bn:00032391n	reflejo
bn:00032392n	expresión
bn:00032393n	expresión
bn:00032394n	expresión
bn:00032394n	formulación
bn:00032395n	expresión
bn:00032395n	fórmula
bn:00032400n	estilo
bn:00032401n	expresividad
bn:00032402n	autopista
bn:00032411n	extensión
bn:00032411n	prórroga
bn:00032412n	ampliación
bn:00032412n	extensión
bn:00032413n	extensión
bn:00032413n	propagación
bn:00032414n	extensión
bn:00032415n	extensión
bn:00032425n	alcance
bn:00032425n	grado
bn:00032425n	magnitud
bn:00032425n	medida
bn:00032426n	alcance
bn:00032426n	extensión
bn:00032426n	grado
bn:00032426n	medida
bn:00032428n	mitigación
bn:00032429n	exterior
bn:00032430n	exterior
bn:00032435n	liquidación
bn:00032469n	extracto
bn:00032480n	extrapolación
bn:00032486n	extravagancia
bn:00032491n	extremo
bn:00032492n	extremo
bn:00032493n	reaccionario
bn:00032501n	pico
bn:00032512n	ojo
bn:00032512n	vista
bn:00032513n	ojo
bn:00032513n	Ojo
bn:00032514n	ojo
bn:00032545n	monóculo
bn:00032547n	gafa
bn:00032552n	párpado
bn:00032556n	ojo
bn:00032558n	vista
bn:00032559n	vista
bn:00032576n	Roosevelt
bn:00032591n	leyenda
bn:00032592n	marco
bn:00032592n	tejido
bn:00032594n	fabricación
bn:00032598n	fachada
bn:00032600n	cara
bn:00032600n	expresión
bn:00032600n	rostro
bn:00032601n	cara
bn:00032601n	rostro
bn:00032602n	cara
bn:00032603n	cara
bn:00032604n	cara
bn:00032604n	costado
bn:00032604n	lado
bn:00032604n	lateral
bn:00032605n	rostro
bn:00032645n	facilidad
bn:00032645n	instalación
bn:00032654n	dato
bn:00032654n	hecho
bn:00032654n	realidad
bn:00032655n	dato
bn:00032655n	hecho
bn:00032656n	hecho
bn:00032657n	hecho
bn:00032661n	factor
bn:00032675n	fábrica
bn:00032675n	molino
bn:00032684n	facultad
bn:00032685n	cuerpo
bn:00032685n	escuela
bn:00032685n	facultad
bn:00032695n	hada
bn:00032702n	cola
bn:00032718n	debilidad
bn:00032721n	fallo
bn:00032721n	fracaso
bn:00032722n	fracaso
bn:00032723n	fracaso
bn:00032723n	insuficiencia
bn:00032724n	fracaso
bn:00032742n	objetivo
bn:00032742n	objeto
bn:00032742n	presa
bn:00032752n	calle
bn:00032768n	fe
bn:00032768n	religión
bn:00032769n	fe
bn:00032770n	fe
bn:00032770n	Fe
bn:00032770n	religión
bn:00032771n	fe
bn:00032773n	fiel
bn:00032776n	falsificación
bn:00032776n	farsa
bn:00032777n	falsificador
bn:00032777n	fraude
bn:00032777n	Fraude
bn:00032795n	halcón
bn:00032804n	caída
bn:00032804n	descenso
bn:00032805n	caída
bn:00032805n	Caída
bn:00032806n	caída
bn:00032807n	descenso
bn:00032819n	leñador
bn:00032825n	fallout
bn:00032825n	lluvia
bn:00032830n	cascada
bn:00032874n	falsedad
bn:00032874n	mentira
bn:00032876n	falsedad
bn:00032890n	familiaridad
bn:00032892n	familia
bn:00032892n	hogar
bn:00032893n	familia
bn:00032894n	familia
bn:00032894n	septiembre
bn:00032895n	familia
bn:00032896n	familia
bn:00032897n	compañerismo
bn:00032897n	Compañerismo
bn:00033359n	parentesco
bn:00033596n	inanición
bn:00033599n	abanico
bn:00033599n	ventilador
bn:00033600n	aficionado
bn:00033600n	fanático
bn:00033614n	fanático
bn:00033615n	fanatismo
bn:00033616n	fantasía
bn:00033616n	ilusión
bn:00033617n	fantasía
bn:00033618n	afición
bn:00033618n	gusto
bn:00033622n	proxeneta
bn:00033624n	amante
bn:00033635n	tragaluz
bn:00033644n	fantasía
bn:00033647n	fantasía
bn:00033648n	fantasía
bn:00033661n	farsa
bn:00033671n	adiós
bn:00033671n	despedida
bn:00033676n	finca
bn:00033676n	granja
bn:00033678n	ganado
bn:00033687n	agricultor
bn:00033687n	granjero
bn:00033693n	granja
bn:00033695n	cultivo
bn:00033702n	mezcolanza
bn:00033718n	fasciculación
bn:00033726n	fascismo
bn:00033729n	aspecto
bn:00033729n	camino
bn:00033729n	estilo
bn:00033729n	forma
bn:00033729n	manera
bn:00033729n	moda
bn:00033729n	modo
bn:00033729n	suerte
bn:00033730n	manera
bn:00033730n	moda
bn:00033731n	moda
bn:00033737n	ayuno
bn:00033750n	truco
bn:00033758n	velocidad
bn:00033761n	grasa
bn:00033776n	antepasado
bn:00033776n	padre
bn:00033777n	padre
bn:00033778n	padre
bn:00033794n	fatiga
bn:00033813n	grifo
bn:00033827n	sillón
bn:00033830n	desliz
bn:00033832n	favor
bn:00033833n	favor
bn:00033834n	favor
bn:00033837n	superioridad
bn:00033838n	favorito
bn:00033854n	miedo
bn:00033854n	temor
bn:00033857n	viabilidad
bn:00033858n	fiesta
bn:00033865n	pluma
bn:00033877n	característica
bn:00033877n	rasgo
bn:00033882n	febrero
bn:00033883n	fiebre
bn:00033896n	fecundidad
bn:00033919n	Yugoslavia
bn:00033938n	Stetson
bn:00033939n	cuota
bn:00033939n	honorario
bn:00033939n	tarifa
bn:00033946n	alimentación
bn:00033946n	alimento
bn:00033946n	pienso
bn:00033948n	Realimentación
bn:00033949n	retroalimentación
bn:00033959n	sensación
bn:00033960n	emoción
bn:00033960n	espíritu
bn:00033960n	olor
bn:00033960n	sabor
bn:00033960n	sensación
bn:00033960n	sentimiento
bn:00033960n	tono
bn:00033961n	tacto
bn:00033963n	sensación
bn:00033963n	sentimiento
bn:00033964n	sensación
bn:00033980n	felicidad
bn:00033981n	felicidad
bn:00033988n	ocelote
bn:00033994n	piel
bn:00034003n	simpatía
bn:00034004n	miembro
bn:00034016n	hembra
bn:00034017n	hembra
bn:00034017n	mujer
bn:00034021n	chica
bn:00034021n	niña
bn:00034022n	yegua
bn:00034025n	reina
bn:00034027n	madre
bn:00034027n	Madre
bn:00034032n	feminidad
bn:00034040n	fémur
bn:00034046n	marisma
bn:00034048n	cerca
bn:00034048n	valla
bn:00034061n	guardabarro
bn:00034105n	fermentación
bn:00034115n	ferocidad
bn:00034115n	furia
bn:00034115n	violencia
bn:00034136n	fertilizante
bn:00034150n	festival
bn:00034165n	vudú
bn:00034203n	historia
bn:00034205n	fibra
bn:00034220n	fibrina
bn:00034230n	fibrosis
bn:00034242n	ficción
bn:00034250n	violín
bn:00034253n	violinista
bn:00034258n	fidelidad
bn:00034265n	campo
bn:00034266n	campo
bn:00034267n	campo
bn:00034268n	ámbito
bn:00034268n	campo
bn:00034269n	campo
bn:00034270n	campo
bn:00034271n	campo
bn:00034287n	picnic
bn:00034293n	cristal
bn:00034332n	jardinero
bn:00034336n	fildeo
bn:00034369n	Fig
bn:00034369n	figura
bn:00034369n	Figura
bn:00034375n	higuera
bn:00034389n	figura
bn:00034390n	figura
bn:00034390n	nombre
bn:00034391n	figura
bn:00034391n	forma
bn:00034392n	cifra
bn:00034392n	figura
bn:00034393n	figura
bn:00034393n	personaje
bn:00034394n	cantidad
bn:00034394n	cifra
bn:00034394n	número
bn:00034394n	serie
bn:00034395n	imagen
bn:00034406n	estatuilla
bn:00034423n	archivo
bn:00034424n	lima
bn:00034448n	filipino
bn:00034453n	chica
bn:00034453n	joven
bn:00034453n	muchacha
bn:00034453n	mujer
bn:00034453n	niña
bn:00034453n	señorita
bn:00034463n	llenado
bn:00034468n	gasolinera
bn:00034470n	potra
bn:00034471n	imagen
bn:00034471n	película
bn:00034472n	película
bn:00034473n	capa
bn:00034473n	película
bn:00034481n	cineasta
bn:00034491n	filtro
bn:00034492n	filtro
bn:00034520n	resultado
bn:00034524n	financiación
bn:00034524n	finanza
bn:00034541n	tesorero
bn:00034545n	financiación
bn:00034545n	financiamiento
bn:00034550n	fallo
bn:00034550n	hallazgo
bn:00034551n	hallazgo
bn:00034552n	veredicto
bn:00034565n	dedo
bn:00034565n	mano
bn:00034584n	digitación
bn:00034588n	uña
bn:00034589n	huella
bn:00034592n	huella
bn:00034593n	yema
bn:00034623n	fuego
bn:00034623n	hoguera
bn:00034623n	incendio
bn:00034624n	disparo
bn:00034624n	fuego
bn:00034625n	fuego
bn:00034625n	llama
bn:00034626n	fuego
bn:00034627n	fuego
bn:00034676n	arma
bn:00034676n	fuego
bn:00034676n	pieza
bn:00034696n	bombero
bn:00034701n	Florencia
bn:00034702n	chimenea
bn:00034702n	hogar
bn:00034706n	hogar
bn:00034732n	firmeza
bn:00034733n	firmeza
bn:00034761n	Primera
bn:00034786n	compañero
bn:00034788n	nombre
bn:00034797n	iniciativa
bn:00034798n	rumen
bn:00034816n	pesca
bn:00034816n	pez
bn:00034817n	pescado
bn:00034818n	pez
bn:00034819n	Piscis
bn:00034854n	pescador
bn:00034861n	pesca
bn:00034869n	red
bn:00034870n	caña
bn:00034872n	pescadero
bn:00034888n	puñado
bn:00034898n	adecuación
bn:00034898n	aptitud
bn:00034919n	reparación
bn:00034921n	localización
bn:00034921n	ubicación
bn:00034940n	inmovilidad
bn:00034949n	accesorio
bn:00034960n	bandera
bn:00034961n	bandera
bn:00034962n	bandera
bn:00034995n	mayal
bn:00034996n	talento
bn:00035030n	franela
bn:00035041n	bengala
bn:00035052n	destello
bn:00035053n	brillo
bn:00035053n	destello
bn:00035055n	destello
bn:00035068n	flashback
bn:00035073n	linterna
bn:00035077n	matraz
bn:00035079n	llano
bn:00035079n	planicie
bn:00035105n	patrullero
bn:00035119n	adulación
bn:00035119n	halago
bn:00035120n	gas
bn:00035127n	flautista
bn:00035137n	sabor
bn:00035144n	perfección
bn:00035151n	pulga
bn:00035168n	fugitivo
bn:00035170n	flota
bn:00035182n	carne
bn:00035183n	pulpa
bn:00035189n	flexibilidad
bn:00035190n	flexibilidad
bn:00035192n	bisagra
bn:00035201n	chispa
bn:00035201n	destello
bn:00035203n	aleteo
bn:00035206n	vuelo
bn:00035207n	vuelo
bn:00035208n	escalera
bn:00035208n	tramo
bn:00035209n	vuelo
bn:00035210n	vuelo
bn:00035231n	borrachera
bn:00035231n	juerga
bn:00035233n	pedernal
bn:00035241n	salto
bn:00035241n	voltereta
bn:00035244n	lanzamiento
bn:00035246n	lanzamiento
bn:00035284n	flóculo
bn:00035285n	floculación
bn:00035286n	rebaño
bn:00035287n	bandada
bn:00035288n	grupo
bn:00035294n	avalancha
bn:00035294n	desbordamiento
bn:00035294n	inundación
bn:00035304n	piso
bn:00035304n	suelo
bn:00035305n	piso
bn:00035306n	suelo
bn:00035307n	suelo
bn:00035313n	suelo
bn:00035324n	planta
bn:00035347n	florista
bn:00035348n	florista
bn:00035361n	harina
bn:00035366n	floritura
bn:00035370n	flujo
bn:00035371n	caudal
bn:00035371n	flujo
bn:00035372n	corriente
bn:00035372n	flujo
bn:00035373n	flujo
bn:00035374n	corriente
bn:00035378n	flor
bn:00035383n	jardín
bn:00035388n	pétalo
bn:00035391n	floración
bn:00035412n	gripe
bn:00035414n	variación
bn:00035423n	pelusa
bn:00035426n	fluido
bn:00035426n	líquido
bn:00035427n	fluido
bn:00035448n	fluoresceína
bn:00035450n	fluorescencia
bn:00035455n	fluoruro
bn:00035470n	ráfaga
bn:00035477n	flauta
bn:00035482n	flujo
bn:00035483n	flujo
bn:00035494n	mosca
bn:00035496n	bragueta
bn:00035544n	FM
bn:00035548n	espuma
bn:00035549n	espuma
bn:00035558n	foco
bn:00035562n	enfoque
bn:00035562n	foco
bn:00035563n	foco
bn:00035564n	énfasis
bn:00035570n	niebla
bn:00035571n	niebla
bn:00035577n	idiosincrasia
bn:00035580n	lámina
bn:00035584n	frustración
bn:00035596n	follaje
bn:00035596n	hoja
bn:00035597n	follaje
bn:00035607n	gente
bn:00035617n	folclore
bn:00035617n	folklore
bn:00035628n	revisión
bn:00035629n	seguidor
bn:00035632n	locura
bn:00035632n	necedad
bn:00035649n	alimento
bn:00035649n	Alimentos
bn:00035649n	comida
bn:00035649n	nutrient
bn:00035663n	mercado
bn:00035670n	basura
bn:00035671n	alimento
bn:00035672n	loco
bn:00035672n	tonto
bn:00035673n	tonto
bn:00035677n	temeridad
bn:00035679n	pie
bn:00035679n	Pie
bn:00035679n	pies
bn:00035680n	pie
bn:00035680n	pies
bn:00035681n	pie
bn:00035682n	pie
bn:00035685n	infantería
bn:00035695n	carrera
bn:00035699n	infante
bn:00035700n	subordinado
bn:00035704n	fútbol
bn:00035705n	balón
bn:00035705n	fútbol
bn:00035721n	puente
bn:00035726n	nota
bn:00035727n	paso
bn:00035736n	impresión
bn:00035738n	sendero
bn:00035745n	paso
bn:00035746n	escalón
bn:00035746n	paso
bn:00035746n	ritmo
bn:00035759n	ataque
bn:00035759n	incursión
bn:00035759n	redada
bn:00035762n	paciencia
bn:00035767n	fuerza
bn:00035768n	fuerza
bn:00035769n	fuerza
bn:00035770n	fuerza
bn:00035770n	personal
bn:00035771n	fuerza
bn:00035772n	fuerza
bn:00035772n	violencia
bn:00035773n	fuerza
bn:00035773n	poder
bn:00035778n	presión
bn:00035801n	antebrazo
bn:00035804n	previsión
bn:00035805n	adivino
bn:00035806n	predicción
bn:00035811n	índice
bn:00035828n	divisa
bn:00035831n	Secretario
bn:00035832n	misión
bn:00035832n	Misión
bn:00035841n	promontorio
bn:00035851n	mañana
bn:00035855n	frente
bn:00035859n	precursor
bn:00035860n	precursor
bn:00035865n	previsión
bn:00035868n	bosque
bn:00035868n	madera
bn:00035869n	bosque
bn:00035869n	Forestal
bn:00035883n	prefacio
bn:00035886n	sacrificio
bn:00035894n	olvido
bn:00035902n	tenedor
bn:00035903n	tenedor
bn:00035907n	clase
bn:00035907n	especie
bn:00035907n	forma
bn:00035907n	naturaleza
bn:00035907n	tipo
bn:00035908n	forma
bn:00035908n	patrón
bn:00035909n	forma
bn:00035910n	formulario
bn:00035911n	forma
bn:00035911n	variedad
bn:00035912n	forma
bn:00035913n	forma
bn:00035914n	fase
bn:00035925n	título
bn:00035928n	lógica
bn:00035933n	formalismo
bn:00035940n	formación
bn:00035941n	formación
bn:00035942n	formación
bn:00035943n	formación
bn:00035960n	fórmula
bn:00035961n	fórmula
bn:00035965n	formulación
bn:00035965n	preparación
bn:00035974n	fuerte
bn:00035974n	guarnición
bn:00035975n	fortaleza
bn:00035975n	fuerte
bn:00035983n	especialidad
bn:00035983n	fuerza
bn:00035986n	forte-piano
bn:00035986n	piano
bn:00035988n	inminencia
bn:00035989n	cuarenta
bn:00035991n	fortificación
bn:00035995n	fortaleza
bn:00036002n	fortuna
bn:00036003n	suerte
bn:00036047n	fomento
bn:00036063n	base
bn:00036063n	fundamento
bn:00036064n	fundación
bn:00036076n	fuente
bn:00036077n	manantial
bn:00036082n	fuente
bn:00036083n	cabecera
bn:00036106n	cuarteto
bn:00036107n	cuadrado
bn:00036111n	cuarto
bn:00036116n	tiempo
bn:00036129n	zorro
bn:00036152n	fracción
bn:00036152n	Fracción
bn:00036152n	parte
bn:00036153n	fracción
bn:00036154n	fracción
bn:00036158n	fraccionamiento
bn:00036165n	fragmento
bn:00036166n	fragmento
bn:00036178n	vicio
bn:00036181n	pian
bn:00036182n	marco
bn:00036183n	fotograma
bn:00036184n	cuadro
bn:00036197n	marco
bn:00036197n	modelo
bn:00036202n	Francia
bn:00036207n	franquicia
bn:00036247n	frangipani
bn:00036284n	fraternidad
bn:00036292n	fraude
bn:00036308n	fenómeno
bn:00036308n	monstruo
bn:00036308n	monstruosidad
bn:00036309n	peca
bn:00036360n	radical
bn:00036363n	Md
bn:00036376n	libertad
bn:00036377n	rebelde
bn:00036396n	liberación
bn:00036396n	salida
bn:00036410n	helada
bn:00036417n	carga
bn:00036420n	vagón
bn:00036426n	francés
bn:00036456n	francés
bn:00036471n	frecuencia
bn:00036472n	frecuencia
bn:00036478n	cliente
bn:00036491n	frescura
bn:00036491n	novedad
bn:00036492n	brillo
bn:00036492n	resplandor
bn:00036493n	novedad
bn:00036506n	Freud
bn:00036512n	viernes
bn:00036522n	cerilla
bn:00036522n	fósforo
bn:00036538n	amiga
bn:00036538n	amigo
bn:00036541n	cordialidad
bn:00036545n	amistad
bn:00036552n	friso
bn:00036568n	borde
bn:00036568n	franja
bn:00036568n	periferia
bn:00036626n	fachada
bn:00036626n	frente
bn:00036627n	frente
bn:00036630n	presencia
bn:00036632n	movimiento
bn:00036640n	sala
bn:00036640n	salón
bn:00036642n	fachada
bn:00036642n	frente
bn:00036654n	frontera
bn:00036657n	puesto
bn:00036661n	helada
bn:00036686n	fruta
bn:00036687n	fruto
bn:00036687n	rendimiento
bn:00036688n	fruto
bn:00036734n	combustible
bn:00036761n	cumplimiento
bn:00036761n	realización
bn:00036762n	cumplimiento
bn:00036765n	Luna
bn:00036772n	general
bn:00036772n	General
bn:00036781n	todo
bn:00036782n	fullback
bn:00036788n	plenitud
bn:00036788n	riqueza
bn:00036806n	humo
bn:00036813n	alegría
bn:00036813n	diversión
bn:00036821n	función
bn:00036822n	efecto
bn:00036822n	fin
bn:00036822n	función
bn:00036822n	papel
bn:00036822n	propósito
bn:00036822n	rol
bn:00036822n	uso
bn:00036822n	utilidad
bn:00036823n	función
bn:00036823n	oficina
bn:00036823n	papel
bn:00036823n	parte
bn:00036823n	rol
bn:00036826n	rutina
bn:00036837n	funcionario
bn:00036837n	oficial
bn:00036839n	fondo
bn:00036840n	fondo
bn:00036840n	reserva
bn:00036855n	funeral
bn:00036875n	embudo
bn:00036882n	piel
bn:00036883n	piel
bn:00036893n	furlong
bn:00036894n	permiso
bn:00036910n	furia
bn:00036910n	ira
bn:00036910n	rabia
bn:00036926n	fusión
bn:00036926n	unificación
bn:00036938n	futilidad
bn:00036941n	futuro
bn:00036942n	futuro
bn:00036957n	g
bn:00036957n	gm
bn:00036957n	gramo
bn:00036959n	gee
bn:00036973n	gabardina
bn:00036976n	gablete
bn:00036984n	espuela
bn:00037008n	broma
bn:00037008n	chiste
bn:00037008n	gag
bn:00037015n	medidor
bn:00037019n	alegría
bn:00037019n	regocijo
bn:00037022n	beneficio
bn:00037022n	ganancia
bn:00037023n	ganancia
bn:00037027n	rentabilidad
bn:00037030n	ritmo
bn:00037040n	galón
bn:00037055n	galaxia
bn:00037089n	vesícula
bn:00037094n	heroísmo
bn:00037094n	valentía
bn:00037094n	valor
bn:00037100n	veranda
bn:00037126n	horca
bn:00037129n	horca
bn:00037146n	galvanismo
bn:00037163n	estratagema
bn:00037167n	jugador
bn:00037169n	juego
bn:00037175n	limón
bn:00037180n	equipo
bn:00037180n	juego
bn:00037180n	partido
bn:00037181n	juego
bn:00037181n	partido
bn:00037182n	juego
bn:00037182n	partido
bn:00037183n	caza
bn:00037187n	complot
bn:00037187n	conspiración
bn:00037187n	Trama
bn:00037221n	gamma
bn:00037229n	jamón
bn:00037233n	gama
bn:00037243n	banda
bn:00037243n	pandilla
bn:00037253n	necrosis
bn:00037256n	gángster
bn:00037256n	gánster
bn:00037277n	brecha
bn:00037277n	extensión
bn:00037278n	abertura
bn:00037278n	apertura
bn:00037278n	vacío
bn:00037283n	garaje
bn:00037296n	alboroto
bn:00037300n	jardín
bn:00037300n	Jardín
bn:00037301n	jardín
bn:00037301n	jardines
bn:00037302n	jardín
bn:00037322n	Jersey
bn:00037326n	producto
bn:00037328n	jardinero
bn:00037332n	jardinería
bn:00037352n	prenda
bn:00037356n	granero
bn:00037382n	gas
bn:00037383n	gas
bn:00037384n	gas
bn:00037384n	gasolina
bn:00037462n	gastrocnemio
bn:00037486n	portón
bn:00037486n	puerta
bn:00037487n	compuerta
bn:00037496n	portal
bn:00037524n	gauss
bn:00037541n	homosexual
bn:00037551n	mirada
bn:00037594n	gelatina
bn:00037597n	gelding
bn:00037605n	joya
bn:00037605n	tesoro
bn:00037609n	joya
bn:00037633n	género
bn:00037655n	legislatura
bn:00037655n	Legislatura
bn:00037670n	generalización
bn:00037671n	generalización
bn:00037671n	inducción
bn:00037673n	generalista
bn:00037676n	generación
bn:00037677n	generación
bn:00037679n	génesis
bn:00037679n	origen
bn:00037681n	multiplicación
bn:00037681n	propagación
bn:00037684n	generador
bn:00037691n	generosidad
bn:00037705n	genetista
bn:00037741n	género
bn:00037747n	nombre
bn:00037749n	genciana
bn:00037769n	caballero
bn:00037769n	señor
bn:00037770n	valet
bn:00037779n	género
bn:00037780n	género
bn:00039484n	Ribes
bn:00039895n	Thamnophis
bn:00040002n	Tropidoclonion
bn:00040151n	geoquímica
bn:00040159n	geógrafo
bn:00040169n	geólogo
bn:00040170n	geología
bn:00040178n	irregularidad
bn:00040179n	regularidad
bn:00040181n	geometría
bn:00040198n	Hegel
bn:00040239n	Washington
bn:00040251n	Georgia
bn:00040255n	georgiano
bn:00040284n	fuente
bn:00040284n	germen
bn:00040292n	alemán
bn:00040293n	alemán
bn:00040302n	nazi
bn:00040335n	gesto
bn:00040336n	gesto
bn:00040336n	movimiento
bn:00040337n	gesto
bn:00040340n	reunión
bn:00040347n	atuendo
bn:00040352n	Ghana
bn:00040364n	gueto
bn:00040368n	espectro
bn:00040368n	fantasma
bn:00040371n	toque
bn:00040386n	gigante
bn:00040387n	gigante
bn:00040434n	mareo
bn:00040436n	don
bn:00040436n	regalo
bn:00040437n	don
bn:00040448n	risita
bn:00040492n	salón
bn:00040492n	taberna
bn:00040506n	gingham
bn:00040507n	encía
bn:00040509n	ginkgo
bn:00040536n	chica
bn:00040536n	novia
bn:00040537n	chica
bn:00040537n	niña
bn:00040542n	amiga
bn:00040561n	primavera
bn:00040579n	glaciar
bn:00040585n	gladiador
bn:00040592n	glándula
bn:00040593n	muermo
bn:00040601n	foco
bn:00040605n	cristal
bn:00040605n	vidrio
bn:00040606n	copa
bn:00040620n	invernadero
bn:00040628n	glaucoma
bn:00040645n	hilaridad
bn:00040677n	brillo
bn:00040690n	rotundidad
bn:00040693n	globulina
bn:00040701n	penumbra
bn:00040711n	gloria
bn:00040712n	idealización
bn:00040714n	gloria
bn:00040714n	Gloria
bn:00040717n	glosario
bn:00040741n	resplandor
bn:00040742n	luz
bn:00040745n	radiancia
bn:00040758n	pegamento
bn:00040777n	glotón
bn:00040784n	glicerina
bn:00040784n	glicerol
bn:00040830n	PIB
bn:00040830n	PNB
bn:00040832n	rato
bn:00040844n	aguijada
bn:00040845n	estímulo
bn:00040864n	marinero
bn:00040878n	Dios
bn:00040880n	ídolo
bn:00040888n	diosa
bn:00040917n	bocio
bn:00040921n	oro
bn:00040926n	orfebre
bn:00041010n	golf
bn:00041018n	hoyo
bn:00041021n	golfista
bn:00041059n	bien
bn:00041060n	bien
bn:00041061n	bien
bn:00041061n	bondad
bn:00041068n	fortuna
bn:00041068n	suerte
bn:00041086n	recomendación
bn:00041098n	ganso
bn:00041120n	Minnesota
bn:00041185n	gota
bn:00041189n	institutriz
bn:00041191n	gobierno
bn:00041192n	política
bn:00041204n	gobernador
bn:00041204n	Gobernador
bn:00041204n	gobernadora
bn:00041208n	túnica
bn:00041208n	vestido
bn:00041221n	gracia
bn:00041222n	gracia
bn:00041223n	gracia
bn:00041223n	gracias
bn:00041236n	paso
bn:00041239n	año
bn:00041239n	grado
bn:00041239n	nivel
bn:00041240n	pendiente
bn:00041241n	marca
bn:00041241n	puntaje
bn:00041241n	puntuación
bn:00041248n	gradient
bn:00041248n	gradiente
bn:00041249n	inclinación
bn:00041249n	pendiente
bn:00041258n	escala
bn:00041261n	graduación
bn:00041278n	grano
bn:00041304n	gramático
bn:00041310n	abuelo
bn:00041313n	abuela
bn:00041348n	sultán
bn:00041350n	nieto
bn:00041354n	grandeza
bn:00041354n	nobleza
bn:00041360n	importancia
bn:00041361n	magnificencia
bn:00041363n	abuelo
bn:00041379n	subvención
bn:00041380n	subvención
bn:00041392n	gránulo
bn:00041399n	uva
bn:00041411n	vid
bn:00041412n	gráfico
bn:00041427n	lucha
bn:00041428n	luchador
bn:00041433n	césped
bn:00041433n	hierba
bn:00041433n	pasto
bn:00041459n	reja
bn:00041459n	rejilla
bn:00041463n	satisfacción
bn:00041465n	gratitud
bn:00041467n	tumba
bn:00041468n	tumba
bn:00041473n	gravedad
bn:00041491n	gravedad
bn:00041510n	gris
bn:00041511n	gris
bn:00041512n	gris
bn:00041513n	gris
bn:00041536n	viejo
bn:00041536n	Viejo
bn:00041543n	pasto
bn:00041544n	grasa
bn:00041581n	Michigan
bn:00041585n	potencia
bn:00041606n	abrigo
bn:00041624n	grandeza
bn:00041634n	griego
bn:00041635n	griego
bn:00041654n	celo
bn:00041678n	Vermont
bn:00041717n	Groenlandia
bn:00041721n	verdor
bn:00041730n	césped
bn:00041736n	Village
bn:00041739n	saludo
bn:00041757n	granada
bn:00041774n	rebelde
bn:00041784n	dolor
bn:00041785n	queja
bn:00041785n	rencor
bn:00041785n	resentimiento
bn:00041786n	queja
bn:00041795n	parrilla
bn:00041807n	sonrisa
bn:00041820n	asa
bn:00041820n	mango
bn:00041834n	gemido
bn:00041848n	ingle
bn:00041853n	capacitación
bn:00041853n	entrenamiento
bn:00041853n	formación
bn:00041855n	rutina
bn:00041868n	ingreso
bn:00041877n	grotesco
bn:00041881n	base
bn:00041881n	fundamento
bn:00041881n	motivo
bn:00041881n	razón
bn:00041883n	suelo
bn:00041883n	tierra
bn:00041927n	pionero
bn:00041936n	terreno
bn:00041942n	agrupación
bn:00041942n	agrupamiento
bn:00041942n	grupo
bn:00041948n	encuentro
bn:00041948n	reunión
bn:00041958n	agrupación
bn:00041978n	crecimiento
bn:00041979n	aumento
bn:00041979n	crecimiento
bn:00041980n	crecimiento
bn:00041990n	larva
bn:00041998n	retumbar
bn:00042006n	cerdo
bn:00042010n	Guam
bn:00042039n	garantía
bn:00042043n	guardia
bn:00042044n	guardia
bn:00042045n	guardia
bn:00042045n	protector
bn:00042045n	seguro
bn:00042046n	guardia
bn:00042049n	salvaguardia
bn:00042068n	Guatemala
bn:00042081n	guerrillero
bn:00042090n	huésped
bn:00042090n	invitada
bn:00042090n	invitado
bn:00042102n	orientación
bn:00042104n	guía
bn:00042106n	guía
bn:00042107n	guía
bn:00042113n	misil
bn:00042128n	culpa
bn:00042128n	culpabilidad
bn:00042129n	culpa
bn:00042150n	guitarra
bn:00042160n	golfo
bn:00042189n	gaviota
bn:00042191n	barranco
bn:00042221n	arma
bn:00042221n	disparo
bn:00042221n	pistola
bn:00042223n	pistolero
bn:00042233n	boca
bn:00042238n	gatillo
bn:00042250n	pólvora
bn:00042254n	culata
bn:00042264n	gurú
bn:00042275n	sabor
bn:00042286n	entusiasmo
bn:00042286n	gusto
bn:00042297n	artesa
bn:00042297n	cuneta
bn:00042316n	gimnasio
bn:00042317n	colchoneta
bn:00042323n	escuela
bn:00042324n	gimnasta
bn:00042326n	gimnasia
bn:00042327n	caballo
bn:00042343n	ginecóloga
bn:00042378n	caballo
bn:00042378n	hp
bn:00042379n	agua
bn:00042379n	water
bn:00042383n	caballo
bn:00042403n	costumbre
bn:00042403n	hábito
bn:00042404n	hábito
bn:00042404n	uso
bn:00042405n	hábito
bn:00042409n	hábitat
bn:00042429n	cabestro
bn:00042432n	hacker
bn:00042473n	hemoglobina
bn:00042518n	haiku
bn:00042519n	granizo
bn:00042519n	lluvia
bn:00042526n	cabello
bn:00042526n	pelo
bn:00042548n	corte
bn:00042601n	medio
bn:00042601n	mitad
bn:00042605n	mestizo
bn:00042663n	pasillo
bn:00042664n	salón
bn:00042665n	salón
bn:00042667n	mansión
bn:00042667n	residencia
bn:00042680n	alucinación
bn:00042691n	halógeno
bn:00042729n	pueblo
bn:00042730n	martillo
bn:00042745n	montículo
bn:00042759n	Hand
bn:00042759n	mano
bn:00042759n	Mano
bn:00042760n	mano
bn:00042761n	letra
bn:00042762n	mano
bn:00042763n	mano
bn:00042765n	mano
bn:00042780n	lupa
bn:00042807n	puñado
bn:00042808n	pistola
bn:00042817n	pañuelo
bn:00042819n	manillar
bn:00042821n	manipulación
bn:00042821n	servicio
bn:00042822n	manejo
bn:00042823n	manejo
bn:00042823n	tratamiento
bn:00042823n	trato
bn:00042829n	lanzamiento
bn:00042865n	resaca
bn:00042872n	deseo
bn:00042889n	lepra
bn:00042904n	ocurrencia
bn:00042904n	suceso
bn:00042905n	felicidad
bn:00042918n	puerto
bn:00042955n	esclavo
bn:00042963n	robustez
bn:00042976n	hardware
bn:00042979n	ferretería
bn:00042984n	liebre
bn:00042994n	harén
bn:00043003n	Harlem
bn:00043009n	prostitución
bn:00043011n	daño
bn:00043011n	lesión
bn:00043023n	armonía
bn:00043023n	Armonía
bn:00043029n	armonía
bn:00043031n	arnés
bn:00043032n	arnés
bn:00043043n	arpa
bn:00043048n	arpía
bn:00043081n	aspereza
bn:00043087n	Harvard
bn:00043114n	prisa
bn:00043115n	carrera
bn:00043116n	prisa
bn:00043139n	escotilla
bn:00043140n	odio
bn:00043153n	anca
bn:00043154n	anca
bn:00043172n	estrago
bn:00043175n	Hawái
bn:00043185n	halcón
bn:00043190n	halcón
bn:00043206n	heno
bn:00043214n	heno
bn:00043214n	prado
bn:00043226n	pajar
bn:00043234n	bruma
bn:00043252n	cabeza
bn:00043254n	cabeza
bn:00043259n	director
bn:00043267n	cuestión
bn:00043267n	pregunta
bn:00043277n	psiquiatra
bn:00043283n	velo
bn:00043299n	ventaja
bn:00043319n	faro
bn:00043320n	titular
bn:00043325n	director
bn:00043325n	maestro
bn:00043333n	sede
bn:00043356n	sanador
bn:00043356n	terapeuta
bn:00043358n	salud
bn:00043372n	audiencia
bn:00043373n	audiencia
bn:00043378n	rumor
bn:00043383n	corazón
bn:00043384n	coraje
bn:00043384n	corazón
bn:00043384n	nervio
bn:00043385n	espíritu
bn:00043415n	calor
bn:00043416n	calor
bn:00043417n	calor
bn:00043418n	calor
bn:00043450n	Paganismo
bn:00043452n	calefacción
bn:00043452n	calentamiento
bn:00043467n	pesadez
bn:00043484n	semana
bn:00043484n	Week
bn:00043489n	judaísmo
bn:00043491n	hebreo
bn:00043492n	judío
bn:00043492n	Judíos
bn:00043507n	seto
bn:00043521n	hedonismo
bn:00043530n	tacón
bn:00043530n	talón
bn:00043531n	talón
bn:00043544n	altura
bn:00043545n	altura
bn:00043555n	heredero
bn:00043603n	infierno
bn:00043620n	hola
bn:00043620n	Hola
bn:00043638n	debilidad
bn:00043647n	borde
bn:00043647n	dobladillo
bn:00043668n	hemisferio
bn:00043684n	gallina
bn:00043708n	Thoreau
bn:00043718n	James
bn:00043754n	hepatitis
bn:00043760n	riboflavina
bn:00043776n	hierba
bn:00043777n	hierba
bn:00043801n	manada
bn:00043801n	rebaño
bn:00043802n	manada
bn:00043807n	momento
bn:00043821n	herencia
bn:00043822n	herencia
bn:00043824n	herencia
bn:00043830n	Melville
bn:00043839n	hermenéutica
bn:00043842n	recluso
bn:00043850n	héroe
bn:00043851n	héroe
bn:00043866n	heroína
bn:00043883n	herpetólogo
bn:00043965n	hexámetro
bn:00043992n	grano
bn:00044002n	piel
bn:00044009n	escondite
bn:00044017n	jerarquía
bn:00044018n	jerarquía
bn:00044028n	secundaria
bn:00044075n	mediodía
bn:00044079n	superioridad
bn:00044095n	traición
bn:00044110n	antigüedad
bn:00044114n	salteador
bn:00044114n	secuestrador
bn:00044124n	Alteza
bn:00044128n	autopista
bn:00044128n	carretera
bn:00044137n	caminata
bn:00044138n	aumento
bn:00044141n	colina
bn:00044144n	montículo
bn:00044151n	hilio
bn:00044174n	interferencia
bn:00044195n	toque
bn:00044196n	sugerencia
bn:00044196n	traza
bn:00044197n	cadera
bn:00044198n	cadera
bn:00044198n	pelvis
bn:00044256n	histología
bn:00044258n	historiador
bn:00044267n	historia
bn:00044267n	Historia
bn:00044268n	historia
bn:00044268n	Historia
bn:00044269n	historia
bn:00044270n	historia
bn:00044274n	golpe
bn:00044274n	hit
bn:00044304n	tesoro
bn:00044382n	masa
bn:00044394n	soporte
bn:00044396n	retención
bn:00044407n	agujero
bn:00044407n	hoyo
bn:00044407n	hueco
bn:00044408n	agujero
bn:00044409n	hueco
bn:00044409n	orificio
bn:00044410n	agujero
bn:00044410n	hoyo
bn:00044415n	feriado
bn:00044415n	vacación
bn:00044416n	fiesta
bn:00044416n	vacación
bn:00044417n	resort
bn:00044419n	turista
bn:00044420n	santidad
bn:00044423n	Holanda
bn:00044427n	hueco
bn:00044435n	malvarrosa
bn:00044436n	Hollywood
bn:00044441n	Holmes
bn:00044445n	holocausto
bn:00044489n	home
bn:00044489n	plato
bn:00044520n	jonrón
bn:00044531n	regreso
bn:00044548n	Homero
bn:00044565n	homicidio
bn:00044576n	hombre
bn:00044576n	humano
bn:00044587n	homogeneidad
bn:00044620n	honestidad
bn:00044622n	miel
bn:00044631n	nectario
bn:00044641n	luna
bn:00044646n	madreselva
bn:00044653n	honor
bn:00044654n	honor
bn:00044684n	cosa
bn:00044685n	casco
bn:00044691n	gancho
bn:00044710n	vandalismo
bn:00044711n	aro
bn:00044712n	anillo
bn:00044712n	aro
bn:00044720n	Indiana
bn:00044736n	esperanza
bn:00044737n	esperanza
bn:00044738n	esperanza
bn:00044738n	promesa
bn:00044739n	esperanza
bn:00044754n	rayuela
bn:00044763n	horizonte
bn:00044774n	bocina
bn:00044774n	cuerno
bn:00044775n	cuerno
bn:00044776n	bocina
bn:00044777n	cuerno
bn:00044778n	cuerno
bn:00044808n	reloj
bn:00044809n	relojero
bn:00044811n	horóscopo
bn:00044815n	horror
bn:00044816n	horror
bn:00044817n	horror
bn:00044817n	repugnancia
bn:00044817n	repulsión
bn:00044825n	caballeriza
bn:00044825n	establo
bn:00044896n	enfermería
bn:00044896n	hospital
bn:00044896n	Hospitales
bn:00044906n	sala
bn:00044910n	anfitrión
bn:00044911n	anfitrión
bn:00044911n	huésped
bn:00044913n	anfitrión
bn:00044921n	anfitriona
bn:00044922n	anfitriona
bn:00044926n	hostilidad
bn:00044967n	hotel
bn:00044967n	Hotel
bn:00044982n	hora
bn:00044985n	horario
bn:00044994n	casa
bn:00044994n	Casa
bn:00044994n	vivienda
bn:00044995n	casa
bn:00044997n	Cámara
bn:00044998n	casa
bn:00044999n	casa
bn:00045000n	signo
bn:00045002n	teatro
bn:00045016n	Tudor
bn:00045022n	pintura
bn:00045032n	bata
bn:00045052n	alojamiento
bn:00045052n	vivienda
bn:00045059n	Houston
bn:00045064n	cabaña
bn:00045064n	choza
bn:00045073n	mortero
bn:00045074n	aullido
bn:00045098n	centro
bn:00045106n	esposo
bn:00045106n	marido
bn:00045108n	arrogancia
bn:00045117n	montón
bn:00045122n	Hudson
bn:00045124n	Hudson
bn:00045145n	casco
bn:00045161n	relación
bn:00045167n	humanismo
bn:00045168n	humanismo
bn:00045170n	humanista
bn:00045172n	humanidad
bn:00045173n	humanidad
bn:00045179n	humildad
bn:00045183n	monotonía
bn:00045190n	humedad
bn:00045192n	humillación
bn:00045199n	agudeza
bn:00045199n	humor
bn:00045199n	ingenio
bn:00045200n	humor
bn:00045201n	ánimo
bn:00045201n	humor
bn:00045206n	humorista
bn:00045216n	corazonada
bn:00045216n	intuición
bn:00045216n	sospecha
bn:00045228n	Hungría
bn:00045229n	hambre
bn:00045230n	hambre
bn:00045234n	anhelo
bn:00045234n	deseo
bn:00045243n	busca
bn:00045243n	búsqueda
bn:00045244n	caza
bn:00045245n	caza
bn:00045247n	Caza
bn:00045247n	cazador
bn:00045278n	lanzador
bn:00045282n	huracán
bn:00045284n	velocidad
bn:00045285n	sufrimiento
bn:00045286n	dolor
bn:00045291n	quietud
bn:00045291n	silencio
bn:00045300n	operador
bn:00045310n	jacinto
bn:00045359n	hidruro
bn:00045364n	hidrocarburo
bn:00045367n	clorhidrato
bn:00045388n	peróxido
bn:00045458n	boda
bn:00045549n	hipertrofia
bn:00045587n	hipocresía
bn:00045588n	hipocresía
bn:00045612n	pituitaria
bn:00045629n	hipotálamo
bn:00045631n	hipótesis
bn:00045632n	hipótesis
bn:00045632n	posibilidad
bn:00045632n	teoría
bn:00045637n	hipotiroidismo
bn:00045658n	histeria
bn:00045705n	hielo
bn:00045705n	Hielo
bn:00045706n	hielo
bn:00045722n	helado
bn:00045744n	refrigerador
bn:00045749n	Islandia
bn:00045750n	Islandia
bn:00045768n	carámbano
bn:00045772n	foto
bn:00045772n	imagen
bn:00045792n	ataque
bn:00045792n	convulsión
bn:00045800n	idea
bn:00045800n	pensamiento
bn:00045800n	reflexión
bn:00045801n	idea
bn:00045804n	ideal
bn:00045815n	identidad
bn:00045816n	identificación
bn:00045818n	reconocimiento
bn:00045820n	Número
bn:00045824n	identidad
bn:00045825n	identidad
bn:00045826n	identidad
bn:00045834n	ideología
bn:00045835n	ideología
bn:00045840n	idioma
bn:00045840n	modismo
bn:00045852n	inactividad
bn:00045855n	ídolo
bn:00045892n	ignorancia
bn:00045895n	Stravinsky
bn:00045911n	Illinois
bn:00045921n	íleon
bn:00045925n	Ilíada
bn:00045936n	conclusión
bn:00045936n	inferencia
bn:00045952n	enfermedad
bn:00045956n	iluminación
bn:00045956n	luz
bn:00045957n	iluminación
bn:00045958n	miniatura
bn:00045960n	ilusión
bn:00045962n	ilustración
bn:00045963n	ilustración
bn:00045964n	ilustrador
bn:00045970n	imagen
bn:00045971n	imagen
bn:00045976n	imagen
bn:00045976n	imaginación
bn:00045979n	imaginación
bn:00045979n	visión
bn:00045980n	imaginación
bn:00045980n	recurso
bn:00045990n	desequilibrio
bn:00045997n	imitación
bn:00045998n	imitación
bn:00045999n	imitación
bn:00046009n	inmediatez
bn:00046011n	inmediatez
bn:00046019n	inmigrante
bn:00046021n	inmigración
bn:00046033n	inmortalidad
bn:00046045n	inmunidad
bn:00046064n	impacto
bn:00046065n	impacto
bn:00046079n	impaciencia
bn:00046094n	presión
bn:00046106n	imperialismo
bn:00046119n	impulso
bn:00046127n	herramienta
bn:00046127n	implemento
bn:00046128n	implicación
bn:00046128n	importancia
bn:00046128n	significado
bn:00046137n	importación
bn:00046138n	importación
bn:00046139n	importancia
bn:00046139n	sentido
bn:00046139n	significado
bn:00046139n	Significado
bn:00046143n	importancia
bn:00046148n	imposición
bn:00046154n	impotencia
bn:00046157n	pobreza
bn:00046166n	saturación
bn:00046169n	imagen
bn:00046170n	sello
bn:00046191n	mejora
bn:00046192n	mejora
bn:00046197n	impulso
bn:00046198n	impulso
bn:00046199n	impulso
bn:00046199n	pulsación
bn:00046199n	pulso
bn:00046200n	impulso
bn:00046200n	momentum
bn:00046204n	impunidad
bn:00046205n	impureza
bn:00046209n	pulgada
bn:00046217n	incapacidad
bn:00046220n	inexactitud
bn:00046222n	inacción
bn:00046224n	inercia
bn:00046229n	descuido
bn:00046246n	Inaugural
bn:00046248n	inauguración
bn:00046252n	reflejo
bn:00046263n	Encarnación
bn:00046267n	incienso
bn:00046272n	incentivo
bn:00046275n	comienzo
bn:00046275n	inicio
bn:00046275n	origen
bn:00046282n	incidente
bn:00046295n	incitación
bn:00046298n	inclinación
bn:00046301n	tendencia
bn:00046303n	ladera
bn:00046303n	pendiente
bn:00046304n	rampa
bn:00046315n	ingreso
bn:00046315n	renta
bn:00046318n	devolución
bn:00046318n	pago
bn:00046321n	incompatibilidad
bn:00046326n	incompetent
bn:00046348n	incorporación
bn:00046353n	incorruptibilidad
bn:00046355n	aumento
bn:00046356n	aumento
bn:00046356n	incremento
bn:00046357n	aumento
bn:00046359n	incubación
bn:00046362n	íncubo
bn:00046363n	pesadilla
bn:00046366n	mandato
bn:00046366n	tenencia
bn:00046376n	penetración
bn:00046384n	indecisión
bn:00046384n	irresolución
bn:00046406n	independencia
bn:00046407n	independencia
bn:00046417n	índice
bn:00046418n	indicador
bn:00046418n	índice
bn:00046427n	indexación
bn:00046444n	loto
bn:00046467n	veranillo
bn:00046473n	indicación
bn:00046473n	indicio
bn:00046476n	lectura
bn:00046477n	indicador
bn:00046478n	indicador
bn:00046482n	acusación
bn:00046485n	indiferencia
bn:00046491n	indignación
bn:00046503n	deseo
bn:00046516n	alguien
bn:00046516n	alma
bn:00046516n	cuerpo
bn:00046516n	individuo
bn:00046516n	mortal
bn:00046516n	persona
bn:00046517n	individuo
bn:00046520n	individualidad
bn:00046520n	individualismo
bn:00046521n	individualismo
bn:00046522n	individualismo
bn:00046530n	indolencia
bn:00046541n	inducción
bn:00046545n	inducción
bn:00046545n	iniciación
bn:00046551n	autoindulgencia
bn:00046566n	industrialización
bn:00046568n	fábrica
bn:00046568n	planta
bn:00046573n	industrialismo
bn:00046575n	industria
bn:00046576n	fabricación
bn:00046576n	industria
bn:00046576n	manufactura
bn:00046588n	desigualdad
bn:00046599n	inevitabilidad
bn:00046605n	inexperiencia
bn:00046624n	infección
bn:00046650n	inferioridad
bn:00046651n	inferioridad
bn:00046659n	infidelidad
bn:00046661n	infiltración
bn:00046665n	espacio
bn:00046675n	inflación
bn:00046682n	flexión
bn:00046683n	inflexión
bn:00046683n	prosodia
bn:00046688n	inflicción
bn:00046693n	influencia
bn:00046694n	influencia
bn:00046695n	influencia
bn:00046696n	influencia
bn:00046698n	información
bn:00046702n	fuente
bn:00046702n	informant
bn:00046703n	testigo
bn:00046705n	información
bn:00046706n	información
bn:00046721n	delito
bn:00046721n	violación
bn:00046722n	infrarrojo
bn:00046729n	refrigeración
bn:00046730n	violación
bn:00046749n	ingratitud
bn:00046750n	ingrediente
bn:00046765n	instinto
bn:00046767n	inhibición
bn:00046768n	inhibición
bn:00046779n	inicial
bn:00046786n	inyección
bn:00046794n	tinta
bn:00046812n	ensenada
bn:00046812n	entrada
bn:00046815n	recluso
bn:00046816n	preso
bn:00046828n	pureza
bn:00046833n	innovación
bn:00046833n	invención
bn:00046833n	invento
bn:00046836n	insinuación
bn:00046839n	vacunación
bn:00046844n	fosfato
bn:00046848n	entrada
bn:00046849n	estimulación
bn:00046849n	estímulo
bn:00046855n	interrogatorio
bn:00046859n	inquisidor
bn:00046864n	locura
bn:00046865n	locura
bn:00046867n	inscripción
bn:00046870n	insecto
bn:00046891n	interior
bn:00046892n	interior
bn:00046904n	comprensión
bn:00046904n	idea
bn:00046904n	intuición
bn:00046904n	penetración
bn:00046904n	perspicacia
bn:00046905n	perspicacia
bn:00046909n	insignificancia
bn:00046910n	insistencia
bn:00046910n	instancia
bn:00046920n	inspección
bn:00046922n	inspector
bn:00046926n	inspiración
bn:00046931n	inestabilidad
bn:00046932n	inestabilidad
bn:00046934n	instalación
bn:00046936n	cuota
bn:00046942n	instante
bn:00046942n	minuto
bn:00046942n	momento
bn:00046953n	institución
bn:00046954n	institución
bn:00046956n	enseñanza
bn:00046956n	instrucción
bn:00046958n	docente
bn:00046958n	instructor
bn:00046958n	maestra
bn:00046958n	maestro
bn:00046958n	profesor
bn:00046961n	instrumento
bn:00046962n	herramienta
bn:00046962n	instrumento
bn:00046975n	instrumentista
bn:00046975n	músico
bn:00046978n	instrumentación
bn:00046979n	instrumentación
bn:00046981n	orquestación
bn:00046982n	insubordinación
bn:00046991n	insulina
bn:00046996n	seguro
bn:00046997n	política
bn:00046997n	póliza
bn:00046997n	seguro
bn:00047000n	prima
bn:00047003n	insurrección
bn:00047003n	levantamiento
bn:00047003n	rebelión
bn:00047003n	revuelta
bn:00047003n	Revuelta
bn:00047009n	entero
bn:00047010n	integral
bn:00047014n	integración
bn:00047016n	integridad
bn:00047016n	unidad
bn:00047017n	integridad
bn:00047020n	intelecto
bn:00047021n	entendimiento
bn:00047021n	razón
bn:00047022n	intelectual
bn:00047025n	inteligencia
bn:00047026n	inteligencia
bn:00047028n	noticia
bn:00047028n	palabra
bn:00047039n	intensificación
bn:00047042n	intensidad
bn:00047043n	intensidad
bn:00047044n	volumen
bn:00047046n	espíritu
bn:00047046n	intención
bn:00047047n	intención
bn:00047052n	interacción
bn:00047059n	interceptor
bn:00047061n	intervención
bn:00047062n	intercambio
bn:00047072n	interdependencia
bn:00047077n	interés
bn:00047078n	bien
bn:00047078n	interés
bn:00047079n	interés
bn:00047080n	interés
bn:00047081n	interés
bn:00047082n	interés
bn:00047083n	interés
bn:00047083n	pasatiempo
bn:00047085n	interés
bn:00047087n	interfaz
bn:00047092n	interferencia
bn:00047093n	interferencia
bn:00047094n	interferómetro
bn:00047114n	traducción
bn:00047118n	intruso
bn:00047119n	interludio
bn:00047121n	intermediario
bn:00047140n	representación
bn:00047156n	ley
bn:00047159n	milla
bn:00047196n	interpretación
bn:00047196n	lectura
bn:00047197n	interpretación
bn:00047197n	representación
bn:00047198n	interpretación
bn:00047199n	interpretación
bn:00047199n	representación
bn:00047201n	intérprete
bn:00047202n	intérprete
bn:00047203n	representante
bn:00047203n	voz
bn:00047203n	Voz
bn:00047207n	interrelación
bn:00047208n	pregunta
bn:00047215n	intersección
bn:00047229n	intervalo
bn:00047230n	intervalo
bn:00047231n	separación
bn:00047235n	tratamiento
bn:00047235n	Tratamiento
bn:00047238n	entrevista
bn:00047240n	entrevistador
bn:00047252n	intolerancia
bn:00047254n	entonación
bn:00047270n	intransigencia
bn:00047283n	intriga
bn:00047287n	introducción
bn:00047289n	introducción
bn:00047290n	introducción
bn:00047303n	intrusión
bn:00047307n	intuición
bn:00047315n	inutilidad
bn:00047316n	inválida
bn:00047325n	invasión
bn:00047330n	invención
bn:00047330n	invento
bn:00047331n	inventario
bn:00047332n	acción
bn:00047332n	existencia
bn:00047332n	inventario
bn:00047333n	inventario
bn:00047340n	inversión
bn:00047354n	investigación
bn:00047355n	investigación
bn:00047356n	investigador
bn:00047357n	investigador
bn:00047358n	inversión
bn:00047360n	inversión
bn:00047367n	inversionista
bn:00047367n	inversor
bn:00047375n	invitación
bn:00047395n	ioduro
bn:00047395n	yoduro
bn:00047408n	ion
bn:00047425n	Stalin
bn:00047447n	Irán
bn:00047490n	irlandés
bn:00047493n	hierro
bn:00047530n	ironía
bn:00047549n	irregularidad
bn:00047557n	irresponsabilidad
bn:00047559n	violación
bn:00047562n	irrigación
bn:00047566n	espina
bn:00047567n	temperamento
bn:00047569n	irrupción
bn:00047580n	Newton
bn:00047607n	Pakistán
bn:00047612n	isla
bn:00047613n	isla
bn:00047618n	isla
bn:00047644n	aislamiento
bn:00047645n	aislamiento
bn:00047651n	isómero
bn:00047688n	cuestión
bn:00047688n	emisión
bn:00047688n	problema
bn:00047689n	número
bn:00047690n	asunto
bn:00047690n	cuestión
bn:00047690n	tema
bn:00047691n	ingreso
bn:00047691n	recaudación
bn:00047691n	rendimiento
bn:00047692n	descendiente
bn:00047693n	publicación
bn:00047705n	Italia
bn:00047706n	italiana
bn:00047707n	italiano
bn:00047726n	deseo
bn:00047726n	impulso
bn:00047730n	artículo
bn:00047730n	elemento
bn:00047730n	ítem
bn:00047730n	punto
bn:00047731n	artículo
bn:00047731n	elemento
bn:00047731n	ítem
bn:00047732n	símbolo
bn:00047741n	camino
bn:00047741n	ruta
bn:00047741n	vía
bn:00047754n	marfil
bn:00047758n	marfil
bn:00047795n	obrero
bn:00047795n	trabajador
bn:00047823n	chaqueta
bn:00047824n	chaqueta
bn:00047875n	jade
bn:00047901n	mermelada
bn:00047919n	James
bn:00047960n	enero
bn:00047972n	jenízaro
bn:00047974n	conserje
bn:00047984n	Japón
bn:00047985n	Japón
bn:00047991n	japonés
bn:00048023n	frasco
bn:00048023n	tarro
bn:00048042n	Java
bn:00048051n	mandíbula
bn:00048075n	Rousseau
bn:00048079n	Racine
bn:00048091n	jeep
bn:00048091n	Jeep
bn:00048104n	yeyuno
bn:00048108n	jalea
bn:00048134n	tirón
bn:00048160n	broma
bn:00048161n	jesuita
bn:00048165n	chorro
bn:00048166n	chorro
bn:00048178n	joven
bn:00048184n	joyero
bn:00048229n	nerviosismo
bn:00048237n	trabajo
bn:00048238n	trabajo
bn:00048239n	trabajo
bn:00048240n	trabajo
bn:00048242n	problema
bn:00048261n	jockey
bn:00048372n	bar
bn:00048390n	bromista
bn:00048437n	Kipling
bn:00048459n	periodismo
bn:00048461n	periodista
bn:00048463n	viaje
bn:00048465n	justa
bn:00048468n	alegría
bn:00048488n	juez
bn:00048492n	opinión
bn:00048493n	juicio
bn:00048493n	mente
bn:00048493n	opinión
bn:00048494n	juicio
bn:00048495n	juicio
bn:00048496n	juicio
bn:00048507n	litigio
bn:00048511n	auto
bn:00048511n	orden
bn:00048516n	jarra
bn:00048532n	jugo
bn:00048538n	juju
bn:00048548n	julio
bn:00048554n	salto
bn:00048570n	suéter
bn:00048587n	ocasión
bn:00048592n	junio
bn:00048613n	Junior
bn:00048646n	Júpiter
bn:00048652n	jurisdicción
bn:00048653n	jurisdicción
bn:00048654n	jurisprudencia
bn:00048654n	ley
bn:00048655n	derecho
bn:00048655n	ley
bn:00048655n	Ley
bn:00048656n	jurista
bn:00048657n	jurado
bn:00048658n	jurado
bn:00048659n	jurado
bn:00048668n	justicia
bn:00048669n	justicia
bn:00048673n	justificación
bn:00048674n	justificación
bn:00048677n	exactitud
bn:00048690n	juventud
bn:00048692n	k
bn:00048756n	kamikaze
bn:00048777n	Kansas
bn:00048870n	kc
bn:00048886n	recuerdo
bn:00048900n	vista
bn:00048914n	Kent
bn:00048967n	kerigma
bn:00048967n	kerygma
bn:00048985n	clave
bn:00048985n	llave
bn:00048985n	Tecla
bn:00048986n	clave
bn:00049005n	teclado
bn:00049011n	ojo
bn:00049019n	Pa
bn:00049019n	Pennsylvania
bn:00049019n	Pensilvania
bn:00049083n	riñón
bn:00049099n	asesinato
bn:00049103n	asesino
bn:00049107n	asesinato
bn:00049112n	km
bn:00049141n	rey
bn:00049141n	Rey
bn:00049142n	rey
bn:00049156n	león
bn:00049167n	reino
bn:00049168n	reino
bn:00049169n	reino
bn:00049178n	Noruega
bn:00049181n	Suecia
bn:00049182n	Tailandia
bn:00049248n	cocina
bn:00049250n	huerto
bn:00049255n	cocina
bn:00049256n	cocina
bn:00049258n	kitchenette
bn:00049269n	gatito
bn:00049287n	Kleenex
bn:00049305n	bribón
bn:00049305n	pícaro
bn:00049307n	rodilla
bn:00049308n	rodilla
bn:00049311n	sentadilla
bn:00049315n	rótula
bn:00049322n	cuchillo
bn:00049323n	cuchillo
bn:00049328n	empujón
bn:00049329n	caballero
bn:00049350n	perilla
bn:00049356n	golpe
bn:00049367n	nudo
bn:00049368n	nudo
bn:00049381n	nudillo
bn:00049429n	coreano
bn:00049539n	LP
bn:00049544n	Luisiana
bn:00049551n	laboratorio
bn:00049557n	etiqueta
bn:00049559n	etiqueta
bn:00049560n	etiqueta
bn:00049570n	proletariado
bn:00049570n	trabajo
bn:00049573n	emprendimiento
bn:00049573n	proyecto
bn:00049573n	tarea
bn:00049589n	Labrador
bn:00049594n	laberinto
bn:00049652n	escalera
bn:00049666n	dama
bn:00049666n	señora
bn:00049696n	laguna
bn:00049707n	laico
bn:00049709n	lago
bn:00049758n	cordero
bn:00049786n	lamento
bn:00049804n	lámpara
bn:00049805n	lámpara
bn:00049823n	lanza
bn:00049836n	tierra
bn:00049847n	lugar
bn:00049847n	sitio
bn:00049847n	ubicación
bn:00049862n	rellano
bn:00049877n	posadero
bn:00049881n	hito
bn:00049882n	hito
bn:00049882n	punto
bn:00049886n	paisaje
bn:00049887n	paisaje
bn:00049888n	paisaje
bn:00049899n	camino
bn:00049900n	carril
bn:00049910n	idioma
bn:00049910n	lengua
bn:00049910n	lenguaje
bn:00049911n	discurso
bn:00049911n	habla
bn:00049911n	idioma
bn:00049911n	lenguaje
bn:00049912n	lenguaje
bn:00049914n	idioma
bn:00049915n	terminología
bn:00049944n	farol
bn:00049944n	linterna
bn:00049957n	Laos
bn:00049960n	regazo
bn:00049976n	solapa
bn:00050001n	babor
bn:00050004n	robo
bn:00050048n	larva
bn:00050153n	espuma
bn:00050161n	latín
bn:00050177n	latitud
bn:00050179n	paralelo
bn:00050196n	láudano
bn:00050198n	carcajada
bn:00050198n	risa
bn:00050210n	lanzador
bn:00050240n	lavado
bn:00050248n	lujo
bn:00050249n	derecho
bn:00050249n	ley
bn:00050250n	ley
bn:00050251n	ley
bn:00050252n	Derecho
bn:00050252n	ley
bn:00050283n	legislación
bn:00050284n	césped
bn:00050287n	tenis
bn:00050296n	negligencia
bn:00050302n	capa
bn:00050313n	profano
bn:00050314n	despido
bn:00050316n	diseño
bn:00050317n	parada
bn:00050327n	lb
bn:00050327n	libra
bn:00050340n	delantera
bn:00050340n	ventaja
bn:00050341n	pista
bn:00050341n	rastro
bn:00050342n	delantera
bn:00050342n	iniciativa
bn:00050343n	delantera
bn:00050350n	correa
bn:00050371n	líder
bn:00050372n	liderazgo
bn:00050373n	liderazgo
bn:00050374n	liderazgo
bn:00050375n	liderazgo
bn:00050409n	liga
bn:00050426n	tendencia
bn:00050452n	cuero
bn:00050462n	licencia
bn:00050462n	permiso
bn:00050463n	permiso
bn:00050478n	lujuria
bn:00050486n	conferencia
bn:00050487n	discurso
bn:00050488n	conferencia
bn:00050497n	repisa
bn:00050514n	desprecio
bn:00050521n	izquierda
bn:00050522n	izquierda
bn:00050523n	izquierda
bn:00050526n	zurdo
bn:00050529n	Lefty
bn:00050529n	zurdo
bn:00050539n	remanente
bn:00050541n	pata
bn:00050541n	pierna
bn:00050542n	pata
bn:00050542n	pierna
bn:00050543n	pata
bn:00050548n	etapa
bn:00050555n	mayoría
bn:00050561n	fideicomisario
bn:00050561n	fiduciario
bn:00050563n	procedimiento
bn:00050578n	legación
bn:00050587n	legislación
bn:00050588n	estatuto
bn:00050588n	ley
bn:00050591n	legislador
bn:00050593n	legitimidad
bn:00050614n	ocio
bn:00050622n	lema
bn:00050622n	Lema
bn:00050627n	limón
bn:00050650n	limonada
bn:00050662n	largo
bn:00050662n	longitud
bn:00050663n	longitud
bn:00050665n	longevidad
bn:00050673n	lente
bn:00050686n	lenteja
bn:00050775n	lesión
bn:00050776n	herida
bn:00050793n	clase
bn:00050793n	lección
bn:00050794n	lección
bn:00050794n	moraleja
bn:00050795n	lección
bn:00050802n	carta
bn:00050802n	letra
bn:00050802n	misiva
bn:00050816n	papelería
bn:00050860n	nivel
bn:00050861n	nivel
bn:00050864n	palanca
bn:00050875n	levis
bn:00050906n	léxico
bn:00050906n	vocabulario
bn:00050928n	mentiroso
bn:00050935n	liberal
bn:00050935n	Liberal
bn:00050940n	liberalismo
bn:00050941n	liberalismo
bn:00050954n	libertad
bn:00050955n	libertad
bn:00050967n	biblioteca
bn:00050968n	biblioteca
bn:00050979n	libreto
bn:00050985n	licencia
bn:00050986n	licencia
bn:00050986n	permiso
bn:00050987n	permiso
bn:00051016n	mentira
bn:00051032n	bazo
bn:00051035n	lugar
bn:00051037n	teniente
bn:00051038n	teniente
bn:00051043n	vicegobernador
bn:00051045n	vida
bn:00051046n	vida
bn:00051047n	vida
bn:00051048n	duración
bn:00051048n	vida
bn:00051049n	vida
bn:00051050n	vida
bn:00051051n	vida
bn:00051052n	energía
bn:00051052n	espíritu
bn:00051052n	vida
bn:00051053n	ser
bn:00051053n	vida
bn:00051054n	vida
bn:00051055n	vida
bn:00051057n	estilo
bn:00051097n	ligamento
bn:00051108n	luz
bn:00051109n	luz
bn:00051110n	luz
bn:00051111n	luz
bn:00051112n	luz
bn:00051113n	luz
bn:00051114n	iluminación
bn:00051114n	luz
bn:00051115n	luz
bn:00051116n	brillo
bn:00051116n	chispa
bn:00051138n	opereta
bn:00051154n	iluminación
bn:00051155n	iluminación
bn:00051158n	ingravidez
bn:00051161n	rayo
bn:00051161n	relámpago
bn:00051182n	probabilidad
bn:00051185n	gusto
bn:00051187n	lila
bn:00051217n	extremidad
bn:00051227n	limbo
bn:00051227n	olvido
bn:00051237n	umbral
bn:00051247n	límite
bn:00051248n	límite
bn:00051250n	limitación
bn:00051251n	limitación
bn:00051251n	restricción
bn:00051252n	limitación
bn:00051254n	restricción
bn:00051288n	línea
bn:00051289n	línea
bn:00051290n	fila
bn:00051290n	línea
bn:00051291n	línea
bn:00051291n	recta
bn:00051292n	línea
bn:00051292n	verso
bn:00051293n	línea
bn:00051295n	línea
bn:00051296n	línea
bn:00051297n	línea
bn:00051298n	línea
bn:00051299n	línea
bn:00051300n	línea
bn:00051301n	línea
bn:00051302n	línea
bn:00051326n	parloteo
bn:00051351n	perspectiva
bn:00051355n	contorno
bn:00051362n	lino
bn:00051363n	lino
bn:00051385n	lingüista
bn:00051392n	regla
bn:00051395n	lingüística
bn:00051400n	enlace
bn:00051400n	vínculo
bn:00051401n	enlace
bn:00051401n	eslabón
bn:00051401n	lazo
bn:00051401n	vínculo
bn:00051414n	linóleo
bn:00051423n	pelusa
bn:00051440n	labio
bn:00051471n	líquido
bn:00051473n	líquido
bn:00051487n	liquidación
bn:00051488n	asesina
bn:00051488n	asesino
bn:00051489n	receptor
bn:00051491n	licor
bn:00051507n	flexibilidad
bn:00051508n	lista
bn:00051520n	literatura
bn:00051533n	pirata
bn:00051538n	literatura
bn:00051539n	literatura
bn:00051540n	literatura
bn:00051540n	Literatura
bn:00051562n	litigant
bn:00051569n	camada
bn:00051569n	cría
bn:00051570n	basura
bn:00051575n	poco
bn:00051605n	pequeñez
bn:00051621n	hígado
bn:00051622n	hígado
bn:00051631n	Liverpool
bn:00051641n	zombi
bn:00051644n	alojamiento
bn:00051644n	cuartel
bn:00051644n	cuarto
bn:00051645n	protoplasma
bn:00051655n	lagarto
bn:00051672n	carga
bn:00051673n	carga
bn:00051674n	carga
bn:00051688n	hogaza
bn:00051688n	pan
bn:00051693n	préstamo
bn:00051716n	lóbulo
bn:00051729n	lobscouse
bn:00051743n	lóbulo
bn:00051745n	local
bn:00051754n	lugar
bn:00051758n	alrededor
bn:00051758n	barrio
bn:00051758n	cercanía
bn:00051758n	localidad
bn:00051758n	vecindad
bn:00051758n	vecindario
bn:00051760n	lugar
bn:00051760n	ubicación
bn:00051771n	candado
bn:00051771n	cerradura
bn:00051807n	langosta
bn:00051824n	loft
bn:00051829n	tronco
bn:00051830n	logaritmo
bn:00051845n	lógica
bn:00051846n	lógica
bn:00051847n	lógica
bn:00051857n	positivismo
bn:00051869n	logística
bn:00051877n	Hijo
bn:00051904n	Texas
bn:00051906n	soledad
bn:00051951n	longitud
bn:00051968n	mirada
bn:00051968n	vistazo
bn:00051969n	apariencia
bn:00051969n	aspecto
bn:00051969n	mirada
bn:00051972n	espectador
bn:00051972n	testigo
bn:00051975n	centinela
bn:00051975n	explorador
bn:00051980n	telar
bn:00051993n	tronera
bn:00052017n	amo
bn:00052017n	señor
bn:00052018n	señor
bn:00052027n	señoría
bn:00052029n	sabiduría
bn:00052029n	tradición
bn:00052030n	Lorelei
bn:00052049n	pérdida
bn:00052050n	pérdida
bn:00052051n	pérdida
bn:00052052n	derrota
bn:00052053n	pérdida
bn:00052054n	pérdida
bn:00052055n	pérdida
bn:00052061n	lote
bn:00052068n	loción
bn:00052076n	altavoz
bn:00052114n	piojo
bn:00052121n	amor
bn:00052121n	Amor
bn:00052122n	amor
bn:00052122n	pasión
bn:00052130n	romance
bn:00052143n	amante
bn:00052159n	nadir
bn:00052194n	mínimo
bn:00052218n	lealtad
bn:00052219n	lealtad
bn:00052222n	pastilla
bn:00052273n	Luger
bn:00052284n	tranquilidad
bn:00052293n	madera
bn:00052304n	luminiscencia
bn:00052310n	hinchazón
bn:00052329n	loco
bn:00052329n	maniaco
bn:00052329n	maníaco
bn:00052341n	pulmón
bn:00052368n	ruiseñor
bn:00052372n	Lujuria
bn:00052402n	lujo
bn:00052431n	linfocito
bn:00052476n	letrista
bn:00052501n	m
bn:00052501n	metro
bn:00052502n	M
bn:00052511n	Ma
bn:00052511n	mamá
bn:00052511n	Mamá
bn:00052556n	máquina
bn:00052557n	máquina
bn:00052559n	máquina
bn:00052565n	ametralladora
bn:00052571n	maquinaria
bn:00052573n	maquinista
bn:00052617n	macrófago
bn:00052628n	tinción
bn:00052664n	maestro
bn:00052671n	revista
bn:00052674n	revista
bn:00052675n	revista
bn:00052684n	gusano
bn:00052684n	larva
bn:00052688n	magia
bn:00052701n	magistrado
bn:00052712n	imán
bn:00052713n	magnetismo
bn:00052757n	magnitud
bn:00052759n	magnitud
bn:00052763n	Misisipi
bn:00052763n	Mississippi
bn:00052777n	mah-jongg
bn:00052794n	caoba
bn:00052814n	correo
bn:00052815n	correo
bn:00052816n	correo
bn:00052823n	correo
bn:00052856n	Maine
bn:00052858n	continente
bn:00052867n	mantenimiento
bn:00052869n	reparador
bn:00052888n	planeta
bn:00052907n	maquillaje
bn:00052910n	creador
bn:00052910n	fabricante
bn:00052911n	fabricante
bn:00052915n	calificación
bn:00052915n	cualificación
bn:00052941n	malestar
bn:00052944n	malaria
bn:00052967n	macho
bn:00052968n	hombre
bn:00052968n	macho
bn:00052990n	masculinidad
bn:00053018n	plasticidad
bn:00053079n	mamífero
bn:00053096n	hombre
bn:00053097n	hombre
bn:00053098n	hombre
bn:00053107n	matrimonio
bn:00053107n	pareja
bn:00053116n	administración
bn:00053116n	dirección
bn:00053116n	gestión
bn:00053131n	Manchester
bn:00053132n	Manchester
bn:00053171n	maniobra
bn:00053172n	táctica
bn:00053173n	juego
bn:00053173n	jugada
bn:00053192n	Manhattan
bn:00053214n	manifestación
bn:00053215n	manifestación
bn:00053218n	colector
bn:00053225n	manipulación
bn:00053225n	uso
bn:00053226n	operador
bn:00053238n	comportamiento
bn:00053238n	estilo
bn:00053238n	manera
bn:00053241n	andar
bn:00053241n	caminar
bn:00053245n	manómetro
bn:00053279n	manual
bn:00053285n	fabricante
bn:00053285n	productor
bn:00053287n	estiércol
bn:00053288n	manuscrito
bn:00053303n	mapa
bn:00053307n	Arce
bn:00053318n	marzo
bn:00053338n	mármol
bn:00053339n	canica
bn:00053352n	marcha
bn:00053353n	marcha
bn:00053354n	marcha
bn:00053395n	margen
bn:00053421n	xilófono
bn:00053444n	marca
bn:00053445n	blanco
bn:00053445n	marca
bn:00053445n	objetivo
bn:00053446n	marca
bn:00053447n	marca
bn:00053450n	indicio
bn:00053450n	señal
bn:00053450n	signo
bn:00053451n	cicatriz
bn:00053451n	marca
bn:00053456n	marcador
bn:00053458n	mercado
bn:00053459n	mercado
bn:00053460n	mercado
bn:00053461n	mercado
bn:00053470n	comerciante
bn:00053470n	tendero
bn:00053479n	vendedor
bn:00053480n	marketing
bn:00053480n	merchandising
bn:00053480n	venta
bn:00053489n	puntería
bn:00053500n	mermelada
bn:00053518n	matrimonio
bn:00053519n	boda
bn:00053519n	matrimonio
bn:00053528n	propuesta
bn:00053531n	esposa
bn:00053531n	esposo
bn:00053531n	mujer
bn:00053536n	Marte
bn:00053552n	mariscal
bn:00053552n	Marshal
bn:00053578n	marciano
bn:00053594n	mártir
bn:00053600n	maravilla
bn:00053600n	milagro
bn:00053619n	rímel
bn:00053637n	máscara
bn:00053638n	máscara
bn:00053657n	mampostería
bn:00053662n	masa
bn:00053663n	masa
bn:00053664n	misa
bn:00053664n	Misa
bn:00053665n	masa
bn:00053675n	manifestación
bn:00053675n	mitin
bn:00053682n	espectrómetro
bn:00053692n	masaje
bn:00053701n	masajista
bn:00053706n	mástil
bn:00053714n	maestro
bn:00053719n	maestría
bn:00053765n	colchoneta
bn:00053772n	partido
bn:00053773n	fósforo
bn:00053793n	compañero
bn:00053794n	pareja
bn:00053799n	matriarca
bn:00053801n	materia
bn:00053801n	material
bn:00053802n	material
bn:00053803n	material
bn:00053810n	descendencia
bn:00053811n	materialismo
bn:00053811n	Materialismo
bn:00053823n	matemática
bn:00053823n	matemáticas
bn:00053827n	producto
bn:00053832n	estadístico
bn:00053849n	matriz
bn:00053867n	materia
bn:00053884n	maduración
bn:00053885n	desarrollo
bn:00053885n	madurez
bn:00053911n	mausoleo
bn:00053914n	rebelde
bn:00053933n	límite
bn:00053941n	mayo
bn:00053952n	Mayflower
bn:00053964n	enredo
bn:00053993n	comida
bn:00054001n	media
bn:00054001n	medio
bn:00054009n	esencia
bn:00054009n	sentido
bn:00054009n	significado
bn:00054012n	medio
bn:00054018n	medida
bn:00054018n	paso
bn:00054019n	medición
bn:00054019n	medida
bn:00054026n	carne
bn:00054060n	mecánica
bn:00054061n	mecánica
bn:00054061n	mecanismo
bn:00054063n	mecanismo
bn:00054125n	especialista
bn:00054126n	medicina
bn:00054128n	medicación
bn:00054128n	medicamento
bn:00054128n	medicina
bn:00054133n	medicina
bn:00054144n	meditación
bn:00054146n	Mediterráneo
bn:00054149n	medio
bn:00054150n	medio
bn:00054151n	medio
bn:00054196n	megalomanía
bn:00054219n	Mekong
bn:00054225n	melancolía
bn:00054243n	pavo
bn:00054257n	melodrama
bn:00054258n	melodía
bn:00054261n	melón
bn:00054268n	deshielo
bn:00054272n	crisol
bn:00054276n	miembro
bn:00054281n	membresía
bn:00054282n	membresía
bn:00054284n	membrana
bn:00054292n	memoria
bn:00054297n	monumento
bn:00054299n	memoria
bn:00054299n	recuerdo
bn:00054300n	memoria
bn:00054300n	recuerdo
bn:00054301n	memoria
bn:00054301n	recuerdo
bn:00054301n	retención
bn:00054307n	Memphis
bn:00054311n	amenaza
bn:00054316n	zoológico
bn:00054319n	menarquia
bn:00054372n	psicoterapia
bn:00054376n	tensión
bn:00054378n	prueba
bn:00054380n	mentalidad
bn:00054390n	mención
bn:00054390n	referencia
bn:00054392n	sabio
bn:00054414n	mercenario
bn:00054415n	Mercer
bn:00054416n	mercancía
bn:00054416n	producto
bn:00054417n	comerciante
bn:00054421n	misericordia
bn:00054453n	mérito
bn:00054453n	virtud
bn:00054464n	sirena
bn:00054475n	juerguista
bn:00054495n	malla
bn:00054497n	red
bn:00054516n	desorden
bn:00054516n	lío
bn:00054519n	comedor
bn:00054523n	mensaje
bn:00054550n	metal
bn:00054578n	metáfora
bn:00054598n	meteoro
bn:00054602n	meteorito
bn:00054611n	medidor
bn:00054612n	tiempo
bn:00054625n	método
bn:00054625n	Método
bn:00054628n	orden
bn:00054648n	mestizo
bn:00054667n	metro
bn:00054679n	mexicano
bn:00054693n	México
bn:00054701n	mg
bn:00054701n	miligramo
bn:00054714n	micela
bn:00054731n	microorganismo
bn:00054763n	micra
bn:00054763n	micrón
bn:00054774n	micrófono
bn:00054774n	Mike
bn:00054781n	microscopio
bn:00054782n	diapositiva
bn:00054782n	portaobjeto
bn:00054788n	microscopía
bn:00054789n	microsegundo
bn:00054804n	microonda
bn:00054808n	radar
bn:00054843n	cintura
bn:00054844n	medio
bn:00054884n	medianoche
bn:00054888n	guardiamarina
bn:00054897n	miércoles
bn:00054902n	fuerza
bn:00054902n	poder
bn:00054902n	potencia
bn:00054907n	migración
bn:00054933n	hito
bn:00054941n	hito
bn:00054944n	entorno
bn:00054947n	Movilización
bn:00054954n	fortaleza
bn:00054954n	fuerza
bn:00054958n	ocupación
bn:00054971n	misión
bn:00054972n	oficial
bn:00054973n	operación
bn:00054975n	tropa
bn:00054979n	posición
bn:00054984n	recluta
bn:00054991n	voluntario
bn:00054992n	milicia
bn:00054992n	reserva
bn:00054996n	leche
bn:00054997n	leche
bn:00055031n	milenio
bn:00055052n	mm
bn:00055080n	Milwaukee
bn:00055084n	mimesis
bn:00055094n	minuto
bn:00055094n	momento
bn:00055105n	mente
bn:00055114n	mina
bn:00055115n	mina
bn:00055123n	minero
bn:00055124n	mineral
bn:00055135n	mineralogía
bn:00055147n	miniatura
bn:00055177n	alivio
bn:00055177n	socorro
bn:00055178n	ministerio
bn:00055179n	ministerio
bn:00055190n	Minneapolis
bn:00055203n	planetoid
bn:00055208n	minoría
bn:00055209n	minoría
bn:00055231n	minué
bn:00055250n	milagro
bn:00055251n	milagro
bn:00055261n	espejo
bn:00055264n	reflejo
bn:00055268n	misántropo
bn:00055272n	error
bn:00055285n	desliz
bn:00055292n	miseria
bn:00055298n	duda
bn:00055303n	malentendido
bn:00055322n	misil
bn:00055323n	proyectil
bn:00055325n	misión
bn:00055331n	Misisipi
bn:00055331n	Mississippi
bn:00055334n	Missouri
bn:00055335n	Missouri
bn:00055345n	bruma
bn:00055352n	maestra
bn:00055400n	mezcla
bn:00055408n	multitud
bn:00055416n	movilidad
bn:00055446n	modelo
bn:00055446n	Modelo
bn:00055447n	modelo
bn:00055448n	modelo
bn:00055449n	modelo
bn:00055458n	moderación
bn:00055467n	moderno
bn:00055475n	modernización
bn:00055476n	modernismo
bn:00055481n	modestia
bn:00055482n	reserva
bn:00055485n	modificación
bn:00055488n	modificador
bn:00055504n	rutina
bn:00055529n	humedad
bn:00055564n	molécula
bn:00055604n	impulso
bn:00055605n	sobreprotección
bn:00055609n	lunes
bn:00055629n	monasterio
bn:00055630n	monje
bn:00055644n	dinero
bn:00055644n	Dinero
bn:00055645n	dinero
bn:00055685n	mono
bn:00055700n	monocromo
bn:00055724n	monologuista
bn:00055725n	monólogo
bn:00055730n	monómero
bn:00055741n	monopolización
bn:00055743n	monopolio
bn:00055744n	monopolio
bn:00055755n	monosílabo
bn:00055772n	monzón
bn:00055794n	mes
bn:00055800n	Montreal
bn:00055809n	luna
bn:00055809n	Luna
bn:00055810n	luna
bn:00055848n	virtud
bn:00055860n	moralidad
bn:00055923n	morfología
bn:00055942n	mortalidad
bn:00055944n	mortero
bn:00055948n	hipoteca
bn:00055962n	mosaico
bn:00055973n	Moisés
bn:00055977n	mosquito
bn:00055981n	musgo
bn:00055995n	motel
bn:00055998n	polilla
bn:00056023n	motivo
bn:00056024n	motivo
bn:00056025n	asunto
bn:00056025n	motivo
bn:00056025n	tema
bn:00056029n	movimiento
bn:00056030n	movimiento
bn:00056031n	movimiento
bn:00056031n	Movimiento
bn:00056033n	movimiento
bn:00056037n	motivación
bn:00056037n	motivo
bn:00056037n	Motivo
bn:00056037n	necesidad
bn:00056041n	motor
bn:00056059n	camión
bn:00056059n	camioneta
bn:00056067n	montura
bn:00056068n	montaña
bn:00056109n	ladera
bn:00056119n	ratón
bn:00056135n	boca
bn:00056136n	boca
bn:00056137n	boca
bn:00056138n	desembocadura
bn:00056139n	boca
bn:00056147n	boquilla
bn:00056148n	micrófono
bn:00056150n	cordero
bn:00056155n	mudanza
bn:00056157n	movimiento
bn:00056170n	ocupación
bn:00056171n	ola
bn:00056171n	oleaje
bn:00056171n	onda
bn:00056187n	mucho
bn:00056199n	mucosa
bn:00056200n	moco
bn:00056219n	Múnich
bn:00056225n	silenciador
bn:00056255n	mula
bn:00056260n	terquedad
bn:00056284n	polinomio
bn:00056300n	vez
bn:00056302n	multiplicidad
bn:00056377n	músculo
bn:00056378n	músculo
bn:00056383n	musculatura
bn:00056402n	pectoral
bn:00056422n	musa
bn:00056426n	museo
bn:00056443n	música
bn:00056443n	Música
bn:00056444n	música
bn:00056449n	vodevil
bn:00056458n	musical
bn:00056463n	nota
bn:00056463n	tono
bn:00056465n	pasaje
bn:00056468n	frase
bn:00056470n	partitura
bn:00056475n	músico
bn:00056487n	mosquete
bn:00056530n	mutant
bn:00056538n	silencio
bn:00056541n	motín
bn:00056550n	polaridad
bn:00056553n	mutualidad
bn:00056555n	hocico
bn:00056607n	miocardio
bn:00056632n	miríada
bn:00056650n	mirto
bn:00056669n	mito
bn:00056674n	mitología
bn:00056727n	uña
bn:00056728n	clavo
bn:00056742n	realismo
bn:00056748n	desnudez
bn:00056758n	nombre
bn:00056759n	nombre
bn:00056760n	nombre
bn:00056770n	homónimo
bn:00056797n	enfermera
bn:00056825n	servilleta
bn:00056857n	cuento
bn:00056857n	historia
bn:00056857n	Historia
bn:00056857n	narrativa
bn:00056857n	relato
bn:00056860n	narrador
bn:00056911n	piscina
bn:00056915n	súbdito
bn:00056917n	Himno
bn:00056935n	estadista
bn:00056947n	nazismo
bn:00056956n	nacionalismo
bn:00056956n	patriotismo
bn:00056957n	nacionalismo
bn:00056960n	patriota
bn:00056963n	nacionalidad
bn:00056990n	idioma
bn:00056990n	lengua
bn:00056996n	física
bn:00057010n	naturalismo
bn:00057013n	naturalidad
bn:00057015n	naturaleza
bn:00057016n	naturaleza
bn:00057017n	naturaleza
bn:00057017n	Naturaleza
bn:00057018n	naturaleza
bn:00057034n	náusea
bn:00057052n	Armada
bn:00057052n	marina
bn:00057052n	Marina
bn:00057073n	navegación
bn:00057075n	navegación
bn:00057079n	navegante
bn:00057102n	noreste
bn:00057115n	hocico
bn:00057131n	necesidad
bn:00057144n	collar
bn:00057149n	corbata
bn:00057160n	néctar
bn:00057164n	necesidad
bn:00057167n	aguja
bn:00057168n	aguja
bn:00057215n	espiritual
bn:00057221n	barrio
bn:00057221n	vecindario
bn:00057237n	némesis
bn:00057267n	tumor
bn:00057287n	sobrino
bn:00057309n	Neptuno
bn:00057322n	nervio
bn:00057353n	nido
bn:00057354n	nido
bn:00057358n	ahorro
bn:00057367n	red
bn:00057373n	tonelada
bn:00057379n	cadena
bn:00057379n	red
bn:00057380n	cadena
bn:00057380n	red
bn:00057425n	psicofisiología
bn:00057430n	neurosis
bn:00057436n	neutro
bn:00057440n	neutralización
bn:00057443n	neutralidad
bn:00057453n	neutrófilo
bn:00057516n	neoyorquino
bn:00057530n	Newcastle
bn:00057536n	Terranova
bn:00057543n	Newport
bn:00057562n	periodista
bn:00057562n	reportero
bn:00057563n	papel
bn:00057563n	periódico
bn:00057564n	periódico
bn:00057565n	periódico
bn:00057620n	cortesía
bn:00057622n	sutileza
bn:00057623n	matiz
bn:00057623n	sutileza
bn:00057624n	nicho
bn:00057642n	nicotina
bn:00057650n	sobrina
bn:00057701n	pesadilla
bn:00057710n	nihilismo
bn:00057768n	esfuerzo
bn:00057774n	nitrato
bn:00057840n	sonámbulo
bn:00057855n	nódulo
bn:00057858n	clavija
bn:00057863n	ruido
bn:00057885n	nominación
bn:00057892n	sacerdote
bn:00058008n	norma
bn:00058031n	norte
bn:00058031n	Norte
bn:00058032n	Norte
bn:00058032n	Unión
bn:00058033n	norte
bn:00058033n	Norte
bn:00058070n	Noreste
bn:00058095n	norteño
bn:00058096n	norteño
bn:00058096n	yanqui
bn:00058101n	noroeste
bn:00058117n	hocico
bn:00058117n	nariz
bn:00058118n	nariz
bn:00058124n	boquilla
bn:00058137n	nostalgia
bn:00058145n	nota
bn:00058146n	nota
bn:00058147n	nota
bn:00058152n	cuaderno
bn:00058165n	observación
bn:00058173n	notificación
bn:00058174n	noción
bn:00058187n	sustantivo
bn:00058188n	sustantivo
bn:00058192n	noviembre
bn:00058201n	novela
bn:00058205n	novelista
bn:00058218n	presente
bn:00058254n	nucléolo
bn:00058259n	núcleo
bn:00058262n	desnudo
bn:00058273n	molestia
bn:00058285n	cantidad
bn:00058285n	número
bn:00058286n	número
bn:00058286n	teléfono
bn:00058287n	número
bn:00058300n	entumecimiento
bn:00058313n	monja
bn:00058325n	enfermera
bn:00058339n	crianza
bn:00058341n	nuez
bn:00058343n	tuerca
bn:00058378n	ninfa
bn:00058381n	ninfómana
bn:00058398n	roble
bn:00058415n	avena
bn:00058420n	juramento
bn:00058431n	obediencia
bn:00058433n	respeto
bn:00058435n	obelisco
bn:00058442n	objeto
bn:00058443n	objeto
bn:00058444n	objeto
bn:00058458n	cosificación
bn:00058460n	objeción
bn:00058462n	objetividad
bn:00058468n	obligación
bn:00058492n	oscuridad
bn:00058494n	observación
bn:00058494n	vigilancia
bn:00058495n	observación
bn:00058496n	observación
bn:00058497n	observación
bn:00058508n	obsidiana
bn:00058511n	obstáculo
bn:00058512n	obstáculo
bn:00058536n	ocasión
bn:00058540n	Occidente
bn:00058540n	Oeste
bn:00058562n	tenencia
bn:00058564n	ocupante
bn:00058564n	residente
bn:00058573n	ocurrencia
bn:00058574n	océano
bn:00058575n	mar
bn:00058579n	viaje
bn:00058593n	octubre
bn:00058596n	octaedro
bn:00058606n	Octava
bn:00058638n	Odessa
bn:00058653n	aroma
bn:00058653n	olor
bn:00058656n	odisea
bn:00058674n	ofensiva
bn:00058679n	oferta
bn:00058685n	poder
bn:00058697n	oficial
bn:00058698n	oficial
bn:00058698n	policía
bn:00058701n	funcionario
bn:00058715n	cría
bn:00058715n	joven
bn:00058732n	aceite
bn:00058732n	petróleo
bn:00058733n	óleo
bn:00058783n	Oklahoma
bn:00058801n	veterano
bn:00058810n	Virginia
bn:00058828n	viejo
bn:00058844n	anciana
bn:00058935n	presagio
bn:00058940n	omisión
bn:00058941n	omisión
bn:00058969n	uno
bn:00058989n	décima
bn:00058990n	tercio
bn:00059000n	ronda
bn:00059000n	tiro
bn:00059005n	unidad
bn:00059005n	Unidad
bn:00059031n	ataque
bn:00059050n	filtración
bn:00059094n	apertura
bn:00059095n	apertura
bn:00059096n	apertura
bn:00059099n	posibilidad
bn:00059100n	orificio
bn:00059107n	ópera
bn:00059122n	cirujano
bn:00059125n	operación
bn:00059126n	operación
bn:00059127n	operación
bn:00059127n	Operación
bn:00059128n	operación
bn:00059129n	operación
bn:00059130n	operación
bn:00059130n	procedimiento
bn:00059141n	operador
bn:00059142n	operador
bn:00059150n	serpiente
bn:00059168n	opinión
bn:00059168n	sentimiento
bn:00059168n	vista
bn:00059169n	opinión
bn:00059170n	opinión
bn:00059171n	decisión
bn:00059171n	opinión
bn:00059175n	opio
bn:00059186n	oponente
bn:00059186n	oposición
bn:00059191n	oposición
bn:00059192n	oposición
bn:00059192n	resistencia
bn:00059193n	oposición
bn:00059196n	opresión
bn:00059224n	optimismo
bn:00059235n	profeta
bn:00059249n	naranja
bn:00059250n	naranja
bn:00059251n	naranjo
bn:00059275n	orador
bn:00059285n	orquesta
bn:00059288n	orquestación
bn:00059291n	orquídea
bn:00059303n	orden
bn:00059304n	orden
bn:00059305n	orden
bn:00059306n	orden
bn:00059306n	ordenación
bn:00059306n	ordenamiento
bn:00059307n	orden
bn:00059308n	orden
bn:00059309n	orden
bn:00059313n	ordenamiento
bn:00059436n	ordenanza
bn:00059436n	reglamento
bn:00059436n	regulación
bn:00059440n	Ordinary
bn:00059451n	mineral
bn:00059458n	órgano
bn:00059459n	órgano
bn:00059480n	constitución
bn:00059480n	establecimiento
bn:00059480n	formación
bn:00059480n	organización
bn:00059482n	organización
bn:00059496n	orgía
bn:00059507n	orientación
bn:00059508n	orientación
bn:00059510n	predilección
bn:00059510n	preferencia
bn:00059518n	origen
bn:00059522n	originalidad
bn:00059523n	originalidad
bn:00059527n	Orinoco
bn:00059529n	oración
bn:00059561n	huérfano
bn:00059581n	ortodoxia
bn:00059588n	ortografía
bn:00059632n	oscilador
bn:00059651n	osificación
bn:00059677n	osteoporosis
bn:00059768n	espacio
bn:00059772n	jardín
bn:00059773n	jardinero
bn:00059783n	contorno
bn:00059786n	puesto
bn:00059787n	puesto
bn:00059788n	producción
bn:00059788n	rendimiento
bn:00059789n	salida
bn:00059798n	ultraje
bn:00059799n	escándalo
bn:00059829n	horno
bn:00059843n	mono
bn:00059843n	overol
bn:00059872n	escorrentía
bn:00059879n	renovación
bn:00059891n	sobrecarga
bn:00059905n	superintendente
bn:00059905n	Superintendente
bn:00059908n	supervisión
bn:00059916n	derrocamiento
bn:00059923n	obertura
bn:00059924n	preludio
bn:00059953n	dueño
bn:00059953n	propietaria
bn:00059953n	propietario
bn:00059954n	dueño
bn:00059954n	propietario
bn:00059957n	propiedad
bn:00059958n	posesión
bn:00059958n	propiedad
bn:00059960n	buey
bn:00059978n	Oxford
bn:00059986n	oxidación
bn:00060021n	ostra
bn:00060040n	ozono
bn:00060057n	Picasso
bn:00060063n	ritmo
bn:00060063n	tasa
bn:00060064n	paso
bn:00060065n	ritmo
bn:00060066n	yarda
bn:00060085n	Pacífico
bn:00060099n	tempo
bn:00060103n	paquete
bn:00060109n	paquete
bn:00060113n	promoción
bn:00060113n	publicidad
bn:00060130n	bloc
bn:00060141n	arrozal
bn:00060144n	candado
bn:00060155n	peonía
bn:00060158n	página
bn:00060181n	dolor
bn:00060182n	dolor
bn:00060187n	pintura
bn:00060198n	pintor
bn:00060201n	foto
bn:00060201n	imagen
bn:00060201n	pintura
bn:00060202n	pintura
bn:00060203n	pintura
bn:00060204n	par
bn:00060204n	pareja
bn:00060222n	palacio
bn:00060247n	paladar
bn:00060273n	Palermo
bn:00060274n	Palestina
bn:00060279n	paleta
bn:00060280n	paleta
bn:00060304n	palma
bn:00060325n	temblor
bn:00060333n	tratado
bn:00060340n	Panamá
bn:00060377n	panel
bn:00060396n	pánico
bn:00060420n	pensamiento
bn:00060423n	pantalón
bn:00060424n	pernera
bn:00060432n	panteón
bn:00060436n	tigre
bn:00060464n	papel
bn:00060465n	papel
bn:00060466n	artículo
bn:00060496n	papeleo
bn:00060505n	catolicismo
bn:00060521n	par
bn:00060538n	desfile
bn:00060539n	desfile
bn:00060542n	paradigma
bn:00060547n	paradoja
bn:00060556n	párrafo
bn:00060585n	parámetro
bn:00060586n	parámetro
bn:00060604n	paráfrasis
bn:00060618n	parásito
bn:00060633n	paquete
bn:00060633n	parte
bn:00060634n	extensión
bn:00060634n	terreno
bn:00060638n	pergamino
bn:00060641n	parénquima
bn:00060643n	padre
bn:00060647n	paréntesis
bn:00060663n	pared
bn:00060674n	viruta
bn:00060680n	parroquia
bn:00060682n	feligrés
bn:00060690n	parque
bn:00060698n	estacionamiento
bn:00060699n	estacionamiento
bn:00060708n	parlamento
bn:00060713n	sala
bn:00060722n	palabra
bn:00060761n	rectoría
bn:00060764n	parte
bn:00060764n	porción
bn:00060765n	parte
bn:00060765n	pedazo
bn:00060765n	pieza
bn:00060765n	trozo
bn:00060766n	papel
bn:00060766n	parte
bn:00060767n	lugar
bn:00060767n	parte
bn:00060767n	región
bn:00060767n	Región
bn:00060767n	Regiones
bn:00060767n	zona
bn:00060768n	parte
bn:00060768n	Parte
bn:00060768n	participación
bn:00060768n	porcentaje
bn:00060768n	porción
bn:00060769n	parte
bn:00060770n	parte
bn:00060782n	Partenón
bn:00060798n	participante
bn:00060799n	jugador
bn:00060802n	partícula
bn:00060803n	partícula
bn:00060807n	particular
bn:00060821n	asociación
bn:00060821n	sociedad
bn:00060834n	fiesta
bn:00060834n	partido
bn:00060835n	fiesta
bn:00060836n	fiesta
bn:00060837n	partido
bn:00060863n	camino
bn:00060872n	pase
bn:00060881n	transición
bn:00060882n	pasaje
bn:00060888n	pasillo
bn:00060894n	pasajero
bn:00060898n	transeúnte
bn:00060907n	pasión
bn:00060908n	furia
bn:00060909n	pasión
bn:00060923n	pasividad
bn:00060927n	pasado
bn:00060928n	pasado
bn:00060929n	pasado
bn:00060938n	pasta
bn:00060943n	pastel
bn:00060963n	grifo
bn:00060967n	parche
bn:00060969n	rato
bn:00060969n	tiempo
bn:00060984n	patente
bn:00061005n	camino
bn:00061005n	estilo
bn:00061005n	forma
bn:00061005n	hábito
bn:00061005n	manera
bn:00061005n	sendero
bn:00061005n	vida
bn:00061006n	camino
bn:00061006n	sendero
bn:00061009n	patogénesis
bn:00061012n	patología
bn:00061017n	paciente
bn:00061018n	pátina
bn:00061019n	terraza
bn:00061041n	patrulla
bn:00061042n	patrulla
bn:00061047n	patrocinador
bn:00061048n	patrono
bn:00061050n	comercio
bn:00061054n	costumbre
bn:00061054n	patrón
bn:00061054n	práctica
bn:00061055n	patrón
bn:00061057n	progresión
bn:00061082n	pavimento
bn:00061083n	pavimento
bn:00061084n	acera
bn:00061093n	pata
bn:00061113n	venganza
bn:00061119n	pago
bn:00061123n	recompensa
bn:00061123n	salario
bn:00061125n	nómina
bn:00061135n	porcentaje
bn:00061138n	chícharo
bn:00061149n	paz
bn:00061150n	paz
bn:00061151n	paz
bn:00061177n	punta
bn:00061177n	punto
bn:00061187n	pera
bn:00061189n	perla
bn:00061206n	campesino
bn:00061211n	guijarro
bn:00061218n	carpintero
bn:00061253n	orina
bn:00061296n	disparo
bn:00061296n	tiro
bn:00061312n	pemmican
bn:00061314n	bolígrafo
bn:00061314n	pluma
bn:00061325n	castigo
bn:00061325n	condena
bn:00061325n	pena
bn:00061330n	arrepentimiento
bn:00061330n	penitencia
bn:00061331n	penitencia
bn:00061333n	gusto
bn:00061333n	preferencia
bn:00061334n	lápiz
bn:00061346n	péndulo
bn:00061354n	penetración
bn:00061370n	península
bn:00061406n	pensión
bn:00061415n	compuerta
bn:00061418n	Pentágono
bn:00061419n	Pentágono
bn:00061435n	ático
bn:00061446n	Penutian
bn:00061450n	gente
bn:00061450n	pueblo
bn:00061485n	proteasa
bn:00061500n	percepción
bn:00061502n	percepción
bn:00061503n	percepción
bn:00061516n	perclorato
bn:00061526n	percusión
bn:00061527n	percusión
bn:00061549n	perfeccionismo
bn:00061560n	actuación
bn:00061560n	ejecución
bn:00061560n	representación
bn:00061561n	actuación
bn:00061564n	artista
bn:00061564n	intérprete
bn:00061571n	perfusión
bn:00061605n	periodo
bn:00061605n	período
bn:00061606n	período
bn:00061651n	permanencia
bn:00061658n	Pérmico
bn:00061661n	permiso
bn:00061663n	tolerancia
bn:00061666n	cambio
bn:00061666n	reemplazo
bn:00061666n	sustitución
bn:00061684n	trabajo
bn:00061697n	persecución
bn:00061736n	personalidad
bn:00061737n	personalidad
bn:00061742n	personificación
bn:00061746n	idea
bn:00061746n	opinión
bn:00061746n	perspectiva
bn:00061746n	posición
bn:00061746n	visión
bn:00061746n	vista
bn:00061748n	sudor
bn:00061751n	fortaleza
bn:00061757n	Perú
bn:00061775n	pesimismo
bn:00061777n	pesimista
bn:00061787n	mascota
bn:00061826n	petición
bn:00061826n	solicitud
bn:00061827n	peticionario
bn:00061843n	trivialidad
bn:00061855n	ph
bn:00061868n	falange
bn:00061869n	falange
bn:00061889n	farmacia
bn:00061897n	garganta
bn:00061898n	etapa
bn:00061898n	fase
bn:00061898n	Fase
bn:00061899n	fase
bn:00061916n	faisán
bn:00061931n	fenómeno
bn:00061932n	fenómeno
bn:00061953n	sinfonía
bn:00061966n	Filipinas
bn:00061979n	filósofo
bn:00061984n	filosofía
bn:00062019n	voz
bn:00062020n	teléfono
bn:00062021n	sonido
bn:00062032n	fonema
bn:00062034n	fonología
bn:00062039n	fonética
bn:00062042n	fonógrafo
bn:00062084n	fotografía
bn:00062100n	fotón
bn:00062115n	frase
bn:00062118n	sintaxis
bn:00062176n	físico
bn:00062182n	fisiología
bn:00062203n	pianista
bn:00062214n	lugar
bn:00062273n	imagen
bn:00062275n	escena
bn:00062275n	escenario
bn:00062275n	imagen
bn:00062276n	imagen
bn:00062276n	video
bn:00062291n	pidgin
bn:00062293n	pastel
bn:00062297n	pedazo
bn:00062297n	pieza
bn:00062297n	trozo
bn:00062298n	pieza
bn:00062298n	trozo
bn:00062299n	pieza
bn:00062300n	pedazo
bn:00062300n	rebanada
bn:00062300n	Rebanada
bn:00062302n	parte
bn:00062308n	hoja
bn:00062308n	papel
bn:00062309n	obra
bn:00062309n	trabajo
bn:00062310n	escrito
bn:00062310n	escritura
bn:00062317n	Piedmont
bn:00062339n	piedad
bn:00062340n	piezoelectricidad
bn:00062343n	holgazán
bn:00062349n	submarino
bn:00062350n	paloma
bn:00062357n	pigmento
bn:00062385n	sardina
bn:00062392n	peregrino
bn:00062395n	peregrinación
bn:00062397n	píldora
bn:00062404n	pilar
bn:00062414n	almohada
bn:00062475n	pino
bn:00062476n	pino
bn:00062496n	ping-pong
bn:00062517n	pináculo
bn:00062533n	mancha
bn:00062533n	mota
bn:00062568n	tubería
bn:00062570n	tubo
bn:00062576n	fontanero
bn:00062576n	plomero
bn:00062643n	tono
bn:00062646n	inclinación
bn:00062647n	alquitrán
bn:00062654n	jarra
bn:00062658n	horca
bn:00062679n	Pittsburgh
bn:00062681n	pena
bn:00062694n	pizza
bn:00062699n	lugar
bn:00062699n	punto
bn:00062700n	lugar
bn:00062700n	propiedad
bn:00062701n	lugar
bn:00062702n	lugar
bn:00062703n	lugar
bn:00062703n	zapato
bn:00062704n	lugar
bn:00062704n	posición
bn:00062705n	lugar
bn:00062706n	asiento
bn:00062706n	lugar
bn:00062707n	lugar
bn:00062708n	lugar
bn:00062709n	lugar
bn:00062723n	colocación
bn:00062734n	serenidad
bn:00062734n	tranquilidad
bn:00062759n	plan
bn:00062759n	programa
bn:00062759n	Programa
bn:00062766n	plano
bn:00062767n	plano
bn:00062776n	planeta
bn:00062784n	resonancia
bn:00062784n	sonoridad
bn:00062794n	planificación
bn:00062795n	planificación
bn:00062796n	disposición
bn:00062796n	planificación
bn:00062796n	preparación
bn:00062822n	plantación
bn:00062836n	placa
bn:00062837n	chapoteo
bn:00062850n	yeso
bn:00062851n	yeso
bn:00062856n	plástico
bn:00062876n	placa
bn:00062877n	lámina
bn:00062877n	Placa
bn:00062878n	plato
bn:00062879n	plato
bn:00062898n	plataforma
bn:00062899n	plataforma
bn:00062899n	programa
bn:00062910n	Platón
bn:00062914n	pelotón
bn:00062915n	pelotón
bn:00062929n	juego
bn:00062929n	jugada
bn:00062930n	juego
bn:00062930n	jugada
bn:00062933n	turno
bn:00062954n	tobogán
bn:00062965n	juguete
bn:00062972n	placer
bn:00063002n	plenitud
bn:00063016n	pleura
bn:00063036n	predicamento
bn:00063049n	argumento
bn:00063049n	trama
bn:00063067n	enchufe
bn:00063067n	tapón
bn:00063085n	fontanería
bn:00063086n	fontanería
bn:00063086n	plomería
bn:00063143n	neumonía
bn:00063155n	bolsillo
bn:00063156n	bolsillo
bn:00063157n	bolsillo
bn:00063193n	poema
bn:00063195n	poesía
bn:00063195n	verso
bn:00063196n	poeta
bn:00063204n	poesía
bn:00063213n	punto
bn:00063214n	momento
bn:00063214n	punto
bn:00063215n	fondo
bn:00063215n	punto
bn:00063216n	momento
bn:00063216n	punto
bn:00063217n	punto
bn:00063218n	punto
bn:00063219n	punto
bn:00063221n	punto
bn:00063222n	punta
bn:00063236n	referencia
bn:00063237n	perspectiva
bn:00063237n	posición
bn:00063237n	punto
bn:00063256n	veneno
bn:00063257n	veneno
bn:00063277n	político
bn:00063279n	Polonia
bn:00063286n	polarización
bn:00063287n	polarización
bn:00063288n	polaridad
bn:00063288n	signo
bn:00063293n	vara
bn:00063294n	polaco
bn:00063295n	polo
bn:00063297n	terminal
bn:00063326n	sargento
bn:00063329n	política
bn:00063330n	política
bn:00063351n	política
bn:00063353n	política
bn:00063354n	político
bn:00063356n	política
bn:00063360n	polca
bn:00063372n	polen
bn:00063376n	pulgar
bn:00063381n	renacuajo
bn:00063385n	contaminación
bn:00063415n	polietileno
bn:00063452n	polifosfato
bn:00063506n	poncho
bn:00063508n	charco
bn:00063508n	estanque
bn:00063508n	laguna
bn:00063526n	poni
bn:00063537n	charco
bn:00063580n	amapola
bn:00063584n	mundo
bn:00063584n	público
bn:00063592n	popularidad
bn:00063595n	población
bn:00063596n	población
bn:00063597n	población
bn:00063598n	población
bn:00063606n	cerdo
bn:00063608n	porch
bn:00063608n	porche
bn:00063608n	pórtico
bn:00063611n	poro
bn:00063612n	poro
bn:00063632n	porosidad
bn:00063640n	puerto
bn:00063658n	portal
bn:00063666n	portero
bn:00063672n	cartera
bn:00063672n	portafolio
bn:00063682n	retrato
bn:00063683n	retrato
bn:00063689n	Portugal
bn:00063701n	sesión
bn:00063703n	estado
bn:00063703n	estatus
bn:00063703n	posición
bn:00063704n	posición
bn:00063704n	puesto
bn:00063706n	posición
bn:00063707n	posición
bn:00063707n	situación
bn:00063708n	posición
bn:00063727n	positivista
bn:00063731n	posesión
bn:00063734n	voluntad
bn:00063738n	posibilidad
bn:00063739n	posibilidad
bn:00063744n	poste
bn:00063746n	estaca
bn:00063768n	sello
bn:00063792n	sufijo
bn:00063810n	posdata
bn:00063820n	olla
bn:00063864n	potencial
bn:00063868n	potenciómetro
bn:00063900n	cerámica
bn:00063904n	bolsa
bn:00063920n	psi
bn:00063925n	prisionero
bn:00063926n	polvo
bn:00063927n	polvo
bn:00063940n	poder
bn:00063941n	corriente
bn:00063941n	electricidad
bn:00063941n	poder
bn:00063941n	potencia
bn:00063989n	práctica
bn:00064005n	realismo
bn:00064010n	pradera
bn:00064027n	pavoneo
bn:00064038n	oración
bn:00064039n	oración
bn:00064041n	rosario
bn:00064059n	predicador
bn:00064063n	preámbulo
bn:00064069n	incertidumbre
bn:00064072n	prioridad
bn:00064077n	principio
bn:00064085n	precipicio
bn:00064093n	precisión
bn:00064104n	predecesor
bn:00064136n	prefijo
bn:00064156n	estreno
bn:00064167n	preparación
bn:00064168n	preparación
bn:00064175n	preposición
bn:00064181n	requisito
bn:00064192n	norma
bn:00064192n	regla
bn:00064193n	prescripción
bn:00064201n	presencia
bn:00064202n	presencia
bn:00064202n	Presencia
bn:00064203n	presencia
bn:00064213n	presentación
bn:00064214n	presentación
bn:00064215n	presentación
bn:00064222n	preservación
bn:00064227n	dominio
bn:00064233n	presidente
bn:00064234n	presidente
bn:00064234n	Presidente
bn:00064235n	presidente
bn:00064245n	prensa
bn:00064246n	prensa
bn:00064248n	presión
bn:00064249n	flexión
bn:00064262n	presión
bn:00064263n	presión
bn:00064276n	prestigio
bn:00064281n	pretensión
bn:00064287n	pretexto
bn:00064294n	prevalencia
bn:00064303n	presa
bn:00064307n	precio
bn:00064308n	precio
bn:00064338n	orgullo
bn:00064339n	orgullo
bn:00064340n	orgullo
bn:00064345n	reclinatorio
bn:00064346n	sacerdote
bn:00064358n	primacía
bn:00064361n	primaria
bn:00064383n	primo
bn:00064405n	Príncipe
bn:00064422n	capital
bn:00064422n	principal
bn:00064426n	principio
bn:00064426n	regla
bn:00064427n	principio
bn:00064428n	principio
bn:00064429n	principio
bn:00064430n	justificación
bn:00064430n	principio
bn:00064449n	impresión
bn:00064451n	impresión
bn:00064452n	impresión
bn:00064468n	prisión
bn:00064472n	sentencia
bn:00064476n	privacidad
bn:00064489n	privilegio
bn:00064500n	profesional
bn:00064507n	probabilidad
bn:00064526n	problema
bn:00064527n	molestia
bn:00064527n	problema
bn:00064536n	procedimiento
bn:00064536n	procesamiento
bn:00064536n	proceso
bn:00064545n	procesamiento
bn:00064550n	procesador
bn:00064570n	adquisición
bn:00064581n	productor
bn:00064582n	productor
bn:00064584n	producción
bn:00064584n	producto
bn:00064585n	producto
bn:00064590n	producción
bn:00064590n	Producción
bn:00064591n	producción
bn:00064592n	producción
bn:00064598n	productividad
bn:00064601n	maestro
bn:00064601n	profesor
bn:00064601n	Profesor
bn:00064607n	profesión
bn:00064608n	profesión
bn:00064610n	profesional
bn:00064624n	propuesta
bn:00064624n	sugerencia
bn:00064625n	competencia
bn:00064626n	técnica
bn:00064627n	perfil
bn:00064627n	Perfil
bn:00064628n	perfil
bn:00064629n	perfil
bn:00064640n	profundidad
bn:00064645n	profecía
bn:00064646n	programa
bn:00064651n	programación
bn:00064659n	progresismo
bn:00064661n	prohibición
bn:00064661n	Prohibición
bn:00064662n	prohibición
bn:00064665n	proyección
bn:00064665n	proyecto
bn:00064666n	cohete
bn:00064667n	proyección
bn:00064668n	proyección
bn:00064673n	pantalla
bn:00064681n	trabajador
bn:00064684n	proliferación
bn:00064691n	calentamiento
bn:00064695n	Prometeo
bn:00064696n	prominencia
bn:00064699n	promesa
bn:00064703n	ascenso
bn:00064712n	puntualidad
bn:00064721n	pronombre
bn:00064724n	demostración
bn:00064724n	prueba
bn:00064728n	validación
bn:00064731n	apoyo
bn:00064735n	propaganda
bn:00064736n	propagandista
bn:00064747n	hélice
bn:00064752n	propiedad
bn:00064759n	profeta
bn:00064765n	proporción
bn:00064766n	proporción
bn:00064766n	simetría
bn:00064775n	proporcionalidad
bn:00064776n	propuesta
bn:00064779n	proposición
bn:00064779n	propuesta
bn:00064785n	propiedad
bn:00064803n	prosa
bn:00064806n	fiscal
bn:00064806n	Fiscal
bn:00064807n	fiscalía
bn:00064819n	prosperidad
bn:00064837n	protección
bn:00064838n	protección
bn:00064839n	garantía
bn:00064839n	protección
bn:00064839n	seguridad
bn:00064855n	proteína
bn:00064857n	proteólisis
bn:00064862n	protesta
bn:00064865n	protestante
bn:00064866n	protestante
bn:00064869n	protestantismo
bn:00064869n	Protestantismo
bn:00064893n	protón
bn:00064909n	providencia
bn:00064912n	proveedor
bn:00064914n	estado
bn:00064914n	Estado
bn:00064914n	Estados
bn:00064914n	país
bn:00064914n	provincia
bn:00064915n	responsabilidad
bn:00064918n	provincialismo
bn:00064921n	condición
bn:00064921n	disposición
bn:00064921n	provisión
bn:00064922n	prestación
bn:00064922n	provisión
bn:00064922n	suministro
bn:00064940n	Prudencia
bn:00065006n	alma
bn:00065006n	psique
bn:00065026n	psicología
bn:00065028n	psicóloga
bn:00065028n	psicólogo
bn:00065032n	psicópata
bn:00065062n	pterigión
bn:00065080n	público
bn:00065082n	utilidad
bn:00065083n	bienestar
bn:00065090n	ley
bn:00065090n	Ley
bn:00065099n	plaza
bn:00065103n	motín
bn:00065106n	publicación
bn:00065109n	publicista
bn:00065111n	editor
bn:00065112n	editor
bn:00065158n	tirón
bn:00065159n	tirón
bn:00065198n	bomba
bn:00065247n	cachorro
bn:00065252n	pupila
bn:00065261n	cachorro
bn:00065265n	compra
bn:00065266n	compra
bn:00065272n	soledad
bn:00065278n	tono
bn:00065281n	pureza
bn:00065284n	purgatorio
bn:00065288n	purificación
bn:00065323n	bolsa
bn:00065324n	monedero
bn:00065332n	actividad
bn:00065332n	búsqueda
bn:00065338n	proveedor
bn:00065342n	empuje
bn:00065342n	empujón
bn:00065343n	empuje
bn:00065370n	podredumbre
bn:00065438n	pirómetro
bn:00065461n	pitón
bn:00065485n	charlatán
bn:00065535n	calificación
bn:00065536n	reserva
bn:00065538n	calidad
bn:00065538n	cualidad
bn:00065539n	calidad
bn:00065539n	cualidad
bn:00065539n	timbre
bn:00065539n	tono
bn:00065552n	cantidad
bn:00065576n	barrio
bn:00065576n	trimestre
bn:00065623n	cuarteto
bn:00065625n	temblor
bn:00065634n	reina
bn:00065635n	Reina
bn:00065673n	buscador
bn:00065677n	cuestionario
bn:00065702n	tranquilidad
bn:00065703n	quietud
bn:00065703n	silencio
bn:00065706n	quietud
bn:00065707n	tranquilidad
bn:00065709n	pluma
bn:00065730n	quinteto
bn:00065749n	vibración
bn:00065750n	concurso
bn:00065758n	cuota
bn:00065772n	radio
bn:00065779n	rabino
bn:00065798n	carrera
bn:00065799n	carrera
bn:00065800n	raza
bn:00065801n	raza
bn:00065801n	subespecies
bn:00065835n	yate
bn:00065837n	estante
bn:00065837n	rejilla
bn:00065841n	banco
bn:00065847n	estruendo
bn:00065874n	radiación
bn:00065875n	radiación
bn:00065882n	radiador
bn:00065887n	radical
bn:00065894n	radicalismo
bn:00065899n	radio
bn:00065900n	radio
bn:00065901n	radio
bn:00065920n	radiotelescopio
bn:00065962n	rábano
bn:00065966n	radio
bn:00065967n	radio
bn:00065969n	radio
bn:00065982n	balsa
bn:00065985n	andrajo
bn:00065985n	harapo
bn:00065985n	trapo
bn:00066008n	barandal
bn:00066008n	barandilla
bn:00066009n	ferrocarril
bn:00066009n	tren
bn:00066020n	ferrocarril
bn:00066021n	ferrocarril
bn:00066025n	apartadero
bn:00066026n	estación
bn:00066028n	tren
bn:00066032n	lluvia
bn:00066033n	lluvia
bn:00066043n	lluvia
bn:00066045n	arcoíris
bn:00066072n	rajá
bn:00066082n	sonajero
bn:00066084n	rally
bn:00066125n	ganadero
bn:00066125n	ranchero
bn:00066138n	alcance
bn:00066138n	distancia
bn:00066139n	campo
bn:00066139n	cordillera
bn:00066140n	campo
bn:00066151n	fila
bn:00066152n	rango
bn:00066153n	fila
bn:00066154n	rango
bn:00066164n	rescate
bn:00066180n	violador
bn:00066192n	relación
bn:00066217n	rata
bn:00066236n	índice
bn:00066236n	razón
bn:00066236n	ritmo
bn:00066236n	tasa
bn:00066236n	velocidad
bn:00066245n	calificación
bn:00066247n	proporción
bn:00066247n	relación
bn:00066250n	ración
bn:00066256n	racionalización
bn:00066259n	sistematización
bn:00066260n	racionalismo
bn:00066262n	razón
bn:00066264n	racionamiento
bn:00066271n	cascabel
bn:00066277n	reserpina
bn:00066322n	navaja
bn:00066339n	alcance
bn:00066339n	estiramiento
bn:00066342n	reactivo
bn:00066343n	reacción
bn:00066344n	reacción
bn:00066344n	respuesta
bn:00066354n	reactividad
bn:00066355n	reactividad
bn:00066365n	lector
bn:00066366n	lector
bn:00066367n	lector
bn:00066368n	crítico
bn:00066371n	disposición
bn:00066372n	lectura
bn:00066373n	interpretación
bn:00066373n	lectura
bn:00066374n	lectura
bn:00066383n	reajuste
bn:00066393n	reactivo
bn:00066411n	realización
bn:00066414n	realidad
bn:00066414n	realismo
bn:00066418n	mundo
bn:00066418n	realidad
bn:00066419n	realidad
bn:00066433n	revisión
bn:00066434n	retaguardia
bn:00066438n	retaguardia
bn:00066443n	razón
bn:00066451n	tranquilidad
bn:00066458n	renacimiento
bn:00066464n	rechazo
bn:00066466n	reconstrucción
bn:00066478n	recuerdo
bn:00066489n	ingreso
bn:00066489n	recepción
bn:00066489n	recibo
bn:00066490n	recibo
bn:00066493n	receptor
bn:00066494n	auricular
bn:00066494n	receptor
bn:00066495n	beneficiario
bn:00066495n	ganador
bn:00066495n	receptor
bn:00066506n	aceptación
bn:00066506n	recepción
bn:00066506n	respuesta
bn:00066507n	recepción
bn:00066508n	recepción
bn:00066513n	recepcionista
bn:00066516n	recesión
bn:00066535n	recital
bn:00066543n	rehabilitación
bn:00066543n	renovación
bn:00066546n	reclasificación
bn:00066561n	reanudación
bn:00066562n	recomendación
bn:00066570n	Reconstrucción
bn:00066571n	reconstrucción
bn:00066574n	expediente
bn:00066574n	registro
bn:00066575n	récord
bn:00066576n	historial
bn:00066576n	récord
bn:00066576n	registro
bn:00066577n	récord
bn:00066578n	registro
bn:00066584n	registrador
bn:00066587n	grabación
bn:00066587n	Grabación
bn:00066588n	grabación
bn:00066590n	estudio
bn:00066594n	recurso
bn:00066597n	recuperación
bn:00066598n	recuperación
bn:00066603n	recriminación
bn:00066608n	rectángulo
bn:00066612n	rectificador
bn:00066620n	recurrencia
bn:00066631n	rojo
bn:00066632n	Red
bn:00066632n	Rojo
bn:00066706n	violeta
bn:00066712n	redención
bn:00066712n	salvación
bn:00066723n	redescubrimiento
bn:00066729n	remedio
bn:00066735n	reducción
bn:00066739n	reducción
bn:00066743n	redundancia
bn:00066744n	redundancia
bn:00066766n	carrete
bn:00066766n	rollo
bn:00066771n	reelección
bn:00066777n	apoyo
bn:00066777n	refuerzo
bn:00066786n	refectorio
bn:00066793n	referéndum
bn:00066803n	reposición
bn:00066804n	azúcar
bn:00066810n	reflejo
bn:00066810n	reflexión
bn:00066811n	reflejo
bn:00066816n	reflector
bn:00066830n	reforma
bn:00066831n	reforma
bn:00066857n	refugiado
bn:00066858n	reembolso
bn:00066859n	reembolso
bn:00066861n	negativa
bn:00066861n	rechazo
bn:00066862n	negativa
bn:00066863n	regreso
bn:00066863n	restauración
bn:00066865n	aspecto
bn:00066865n	respecto
bn:00066873n	administrador
bn:00066879n	régimen
bn:00066880n	regimiento
bn:00066884n	región
bn:00066890n	registro
bn:00066917n	arrepentimiento
bn:00066927n	ritmo
bn:00066933n	norma
bn:00066933n	regla
bn:00066933n	regulación
bn:00066937n	regulador
bn:00066947n	rehabilitación
bn:00066956n	Reich
bn:00066961n	reinado
bn:00066966n	reembolso
bn:00066969n	rienda
bn:00066977n	recompensa
bn:00066984n	reimpresión
bn:00066986n	rechazo
bn:00066987n	rechazo
bn:00066994n	relación
bn:00066995n	relación
bn:00066996n	familiar
bn:00066996n	pariente
bn:00067001n	relación
bn:00067002n	relación
bn:00067019n	relevo
bn:00067023n	lanzamiento
bn:00067023n	publicación
bn:00067024n	liberación
bn:00067030n	relevancia
bn:00067031n	confianza
bn:00067031n	dependencia
bn:00067033n	reliquia
bn:00067036n	alivio
bn:00067036n	remedio
bn:00067037n	descanso
bn:00067037n	relevo
bn:00067038n	ayuda
bn:00067046n	secta
bn:00067050n	rito
bn:00067065n	resto
bn:00067074n	recordatorio
bn:00067075n	recordatorio
bn:00067079n	remisión
bn:00067087n	eliminación
bn:00067087n	remoción
bn:00067098n	Renacimiento
bn:00067106n	interpretación
bn:00067110n	encuentro
bn:00067118n	renovación
bn:00067125n	alquiler
bn:00067125n	renta
bn:00067134n	inquilino
bn:00067137n	renuncia
bn:00067142n	reorientación
bn:00067153n	repetición
bn:00067157n	repetición
bn:00067165n	repertorio
bn:00067167n	repetición
bn:00067169n	reemplazo
bn:00067169n	sustitución
bn:00067170n	reemplazo
bn:00067170n	sustituto
bn:00067171n	sucesor
bn:00067173n	saciedad
bn:00067176n	replicación
bn:00067181n	estudio
bn:00067181n	informe
bn:00067182n	disparo
bn:00067182n	informe
bn:00067186n	almacenamiento
bn:00067191n	representación
bn:00067192n	representación
bn:00067199n	representante
bn:00067201n	represión
bn:00067205n	indulto
bn:00067208n	represalia
bn:00067214n	reproducción
bn:00067235n	Túnez
bn:00067236n	Turquía
bn:00067239n	Venezuela
bn:00067242n	republicano
bn:00067243n	republicano
bn:00067250n	repulsión
bn:00067253n	reputación
bn:00067254n	reputación
bn:00067262n	solicitud
bn:00067265n	retribución
bn:00067275n	revisión
bn:00067276n	revisión
bn:00067280n	investigación
bn:00067290n	parecido
bn:00067290n	semejanza
bn:00067291n	reserva
bn:00067295n	reserva
bn:00067303n	depósito
bn:00067303n	reservorio
bn:00067304n	depósito
bn:00067313n	residencia
bn:00067319n	residuo
bn:00067320n	rendición
bn:00067320n	resignación
bn:00067321n	renuncia
bn:00067322n	renuncia
bn:00067323n	resiliencia
bn:00067327n	resistencia
bn:00067333n	resistencia
bn:00067333n	resistor
bn:00067338n	resolución
bn:00067339n	resolución
bn:00067340n	resolución
bn:00067345n	resonancia
bn:00067346n	resonancia
bn:00067352n	recurso
bn:00067353n	recurso
bn:00067354n	ingenio
bn:00067367n	respuesta
bn:00067368n	respuesta
bn:00067370n	responsabilidad
bn:00067388n	inquietud
bn:00067389n	Restauración
bn:00067390n	restauración
bn:00067397n	restricción
bn:00067409n	bosquejo
bn:00067409n	encuesta
bn:00067409n	resumen
bn:00067410n	renacimiento
bn:00067419n	minorista
bn:00067423n	servidor
bn:00067423n	siervo
bn:00067427n	represalia
bn:00067427n	venganza
bn:00067446n	retina
bn:00067456n	jubilación
bn:00067456n	retiro
bn:00067457n	jubilación
bn:00067464n	retirada
bn:00067490n	retrospectiva
bn:00067495n	regreso
bn:00067506n	reunión
bn:00067509n	rpm
bn:00067509n	RPM
bn:00067513n	fiesta
bn:00067514n	revelación
bn:00067519n	impuesto
bn:00067519n	Impuestos
bn:00067530n	inversión
bn:00067543n	reversibilidad
bn:00067552n	parapeto
bn:00067567n	revolución
bn:00067567n	Revolución
bn:00067568n	revolución
bn:00067568n	Revolución
bn:00067576n	revólver
bn:00067581n	recompensa
bn:00067616n	reumatismo
bn:00067624n	rinoceronte
bn:00067634n	rinotraqueitis
bn:00067634n	rinotraqueítis
bn:00067679n	rima
bn:00067680n	rima
bn:00067680n	verso
bn:00067684n	ritmo
bn:00067688n	costilla
bn:00067703n	cinta
bn:00067717n	arroz
bn:00067718n	arroz
bn:00067741n	riqueza
bn:00067757n	jinete
bn:00067758n	cláusula
bn:00067761n	cresta
bn:00067770n	burla
bn:00067783n	onda
bn:00067783n	rizo
bn:00067785n	rifle
bn:00067791n	fusilero
bn:00067791n	tirador
bn:00067792n	fusilero
bn:00067803n	rigger
bn:00067807n	derecha
bn:00067807n	derecho
bn:00067808n	derecha
bn:00067809n	derecha
bn:00067810n	derecha
bn:00067811n	derechazo
bn:00067812n	derecho
bn:00067845n	sufragio
bn:00067845n	voto
bn:00067848n	justicia
bn:00067851n	corrección
bn:00067862n	borde
bn:00067920n	ondulación
bn:00067923n	ascenso
bn:00067923n	aumento
bn:00067924n	elevación
bn:00067937n	rito
bn:00067937n	ritual
bn:00067939n	ritual
bn:00067948n	río
bn:00067948n	Ríos
bn:00067959n	orilla
bn:00067959n	ribera
bn:00067975n	camino
bn:00067975n	carretera
bn:00067975n	ruta
bn:00067976n	camino
bn:00067998n	carretera
bn:00068012n	ladrón
bn:00068014n	robo
bn:00068017n	bata
bn:00068017n	túnica
bn:00068045n	piedra
bn:00068045n	roca
bn:00068046n	piedra
bn:00068046n	roca
bn:00068085n	cohete
bn:00068105n	varilla
bn:00068106n	bacilo
bn:00068107n	rodeo
bn:00068130n	papel
bn:00068130n	rol
bn:00068132n	lista
bn:00068134n	rollo
bn:00068156n	patín
bn:00068172n	Roman
bn:00068181n	católico
bn:00068193n	romance
bn:00068204n	romántico
bn:00068207n	romanticismo
bn:00068210n	Roma
bn:00068220n	techo
bn:00068220n	tejado
bn:00068221n	techo
bn:00068225n	techador
bn:00068231n	tejado
bn:00068233n	cuarto
bn:00068233n	habitación
bn:00068233n	sala
bn:00068233n	salón
bn:00068234n	espacio
bn:00068243n	habitación
bn:00068243n	suite
bn:00068246n	raíz
bn:00068247n	raíz
bn:00068248n	raíz
bn:00068248n	solución
bn:00068261n	enraizamiento
bn:00068266n	cuerda
bn:00068283n	rosa
bn:00068297n	rosetón
bn:00068323n	rotación
bn:00068343n	rotor
bn:00068376n	visita
bn:00068377n	ronda
bn:00068424n	fila
bn:00068424n	hilera
bn:00068425n	fila
bn:00068443n	realeza
bn:00068452n	derecho
bn:00068452n	regalía
bn:00068452n	royalty
bn:00068458n	turismo
bn:00068465n	basura
bn:00068475n	rúbrica
bn:00068477n	título
bn:00068477n	Título
bn:00068489n	rubí
bn:00068494n	timón
bn:00068519n	ruina
bn:00068520n	ruina
bn:00068525n	regla
bn:00068528n	gobernante
bn:00068528n	mandatario
bn:00068547n	carrera
bn:00068548n	ensayo
bn:00068548n	intento
bn:00068548n	prueba
bn:00068549n	racha
bn:00068550n	carrera
bn:00068568n	resumen
bn:00068570n	corredor
bn:00068571n	corredor
bn:00068575n	subcampeón
bn:00068582n	estribo
bn:00068607n	ataque
bn:00068607n	oleada
bn:00068619n	Rusia
bn:00068619n	URSS
bn:00068620n	Rusia
bn:00068621n	Rusia
bn:00068624n	ruso
bn:00068625n	ruso
bn:00068650n	abigeato
bn:00068651n	surco
bn:00068652n	colinabo
bn:00068672n	segundo
bn:00068691n	Sabbat
bn:00068696n	sábado
bn:00068703n	Sabine
bn:00068705n	marta
bn:00068705n	sable
bn:00068710n	sabotaje
bn:00068745n	sacramento
bn:00068762n	silla
bn:00068774n	alforja
bn:00068780n	sadismo
bn:00068782n	infelicidad
bn:00068782n	tristeza
bn:00068790n	caja
bn:00068792n	salvoconducto
bn:00068799n	seguridad
bn:00068819n	saga
bn:00068820n	sabio
bn:00068821n	salvia
bn:00068846n	navegación
bn:00068847n	navegación
bn:00068856n	santo
bn:00068899n	ensalada
bn:00068912n	salamandra
bn:00068915n	venta
bn:00068916n	venta
bn:00068923n	puesto
bn:00068932n	vendedora
bn:00068933n	vendedor
bn:00068949n	saliva
bn:00068966n	salmón
bn:00068979n	salón
bn:00068982n	sedán
bn:00068991n	sal
bn:00069032n	salvación
bn:00069040n	salva
bn:00069062n	monotonía
bn:00069078n	muestra
bn:00069079n	muestra
bn:00069081n	muestreador
bn:00069085n	muestreo
bn:00069122n	sanción
bn:00069126n	arena
bn:00069143n	sandalia
bn:00069144n	sándalo
bn:00069164n	sándwich
bn:00069170n	cordura
bn:00069182n	higiene
bn:00069183n	saneamiento
bn:00069220n	sabiduría
bn:00069246n	sarraceno
bn:00069280n	sardina
bn:00069286n	sari
bn:00069321n	satén
bn:00069327n	satisfacción
bn:00069337n	saturación
bn:00069343n	Saturno
bn:00069350n	salsa
bn:00069369n	salchicha
bn:00069382n	Savannah
bn:00069413n	aserrín
bn:00069454n	andamio
bn:00069454n	cadalso
bn:00069467n	escala
bn:00069468n	escala
bn:00069469n	escama
bn:00069513n	omóplato
bn:00069514n	escapular
bn:00069520n	escasez
bn:00069523n	bufanda
bn:00069523n	pañuelo
bn:00069539n	escopeta
bn:00069540n	rocío
bn:00069546n	escenario
bn:00069550n	escena
bn:00069550n	escenario
bn:00069551n	escena
bn:00069552n	escena
bn:00069552n	toma
bn:00069553n	escena
bn:00069554n	escena
bn:00069554n	vista
bn:00069556n	escenario
bn:00069556n	paisaje
bn:00069560n	paisaje
bn:00069563n	olor
bn:00069568n	calendario
bn:00069568n	cronograma
bn:00069568n	horario
bn:00069579n	esquema
bn:00069579n	estrategia
bn:00069579n	plan
bn:00069580n	sistema
bn:00069580n	Sistema
bn:00069583n	scherzo
bn:00069586n	escisión
bn:00069594n	esquizofrénico
bn:00069614n	beca
bn:00069619n	escuela
bn:00069620n	escuela
bn:00069621n	escuela
bn:00069622n	escuela
bn:00069623n	escuela
bn:00069640n	colegial
bn:00069643n	colegiala
bn:00069666n	Suiza
bn:00069668n	ciática
bn:00069670n	ciencia
bn:00069671n	ciencia
bn:00069671n	destreza
bn:00069671n	habilidad
bn:00069680n	científico
bn:00069683n	alfanje
bn:00069731n	cucharada
bn:00069750n	marcador
bn:00069751n	veintena
bn:00069757n	marcador
bn:00069773n	escocés
bn:00069783n	Escocia
bn:00069789n	sinvergüenza
bn:00069789n	villano
bn:00069793n	terror
bn:00069797n	scours
bn:00069819n	rasguño
bn:00069841n	grito
bn:00069842n	chirrido
bn:00069850n	pantalla
bn:00069851n	colador
bn:00069859n	proyección
bn:00069862n	guion
bn:00069875n	destornillador
bn:00069924n	escultura
bn:00069945n	sudeste
bn:00069946n	mar
bn:00069946n	ola
bn:00069970n	hipocampo
bn:00069970n	morsa
bn:00070012n	sello
bn:00070013n	sello
bn:00070024n	sellado
bn:00070030n	costura
bn:00070035n	maremoto
bn:00070036n	búsqueda
bn:00070047n	reflector
bn:00070056n	temporada
bn:00070057n	estación
bn:00070057n	temporada
bn:00070059n	puntualidad
bn:00070065n	asiento
bn:00070066n	asiento
bn:00070067n	sede
bn:00070077n	Seattle
bn:00070080n	alga
bn:00070094n	secreción
bn:00070099n	secesionista
bn:00070132n	cuadrado
bn:00070158n	secreto
bn:00070158n	silencio
bn:00070159n	secreto
bn:00070164n	secretaria
bn:00070164n	secretario
bn:00070168n	secretario
bn:00070168n	Secretario
bn:00070176n	Secretario
bn:00070188n	secreción
bn:00070190n	artículo
bn:00070190n	parte
bn:00070190n	sección
bn:00070190n	Sección
bn:00070191n	sección
bn:00070192n	parte
bn:00070192n	región
bn:00070192n	sección
bn:00070193n	sección
bn:00070193n	segmento
bn:00070193n	tramo
bn:00070194n	sección
bn:00070205n	sector
bn:00070206n	sector
bn:00070207n	ámbito
bn:00070207n	sector
bn:00070213n	secularismo
bn:00070218n	mercado
bn:00070219n	seguridad
bn:00070220n	seguridad
bn:00070230n	vigilante
bn:00070238n	solemnidad
bn:00070247n	seducción
bn:00070253n	semilla
bn:00070254n	semilla
bn:00070265n	semillero
bn:00070270n	plántula
bn:00070302n	sismógrafo
bn:00070311n	selección
bn:00070325n	yo
bn:00070332n	autodestrucción
bn:00070332n	suicidio
bn:00070339n	autocontrol
bn:00070342n	autoengaño
bn:00070344n	autodisciplina
bn:00070347n	autodeterminación
bn:00070347n	autogobierno
bn:00070351n	autoestima
bn:00070354n	autoflagelación
bn:00070356n	autoayuda
bn:00070376n	autosacrificio
bn:00070383n	egoísmo
bn:00070453n	translucidez
bn:00070458n	Senado
bn:00070459n	Senado
bn:00070461n	senador
bn:00070461n	Senador
bn:00070467n	envío
bn:00070492n	sensación
bn:00070494n	sensación
bn:00070494n	sentido
bn:00070497n	sensación
bn:00070497n	sentido
bn:00070498n	sentido
bn:00070499n	sentido
bn:00070505n	sensibilidad
bn:00070506n	sensibilidad
bn:00070512n	sensibilidad
bn:00070513n	sensibilidad
bn:00070523n	sensualidad
bn:00070528n	frase
bn:00070528n	oración
bn:00070532n	sentimentalismo
bn:00070532n	sentimiento
bn:00070537n	septiembre
bn:00070542n	separación
bn:00070544n	separación
bn:00070568n	septo
bn:00070574n	secuencia
bn:00070574n	sucesión
bn:00070575n	secuencia
bn:00070575n	sucesión
bn:00070592n	sarga
bn:00070593n	sargento
bn:00070597n	serie
bn:00070598n	serie
bn:00070601n	Serialismo
bn:00070609n	serie
bn:00070610n	serie
bn:00070648n	camarero
bn:00070648n	mesero
bn:00070651n	servicio
bn:00070652n	servicio
bn:00070653n	servicio
bn:00070654n	servicio
bn:00070689n	sesión
bn:00070690n	sesión
bn:00070694n	sexteto
bn:00070696n	conjunto
bn:00070696n	juego
bn:00070696n	serie
bn:00070697n	conjunto
bn:00070698n	escenario
bn:00070724n	aldea
bn:00070724n	asentamiento
bn:00070724n	pueblo
bn:00070724n	Pueblo
bn:00070725n	liquidación
bn:00070753n	alcantarillado
bn:00070756n	alcantarillado
bn:00070772n	sexo
bn:00070773n	sexo
bn:00070820n	sombra
bn:00070821n	tono
bn:00070822n	cortina
bn:00070822n	persiana
bn:00070829n	sombreado
bn:00070830n	sombra
bn:00070832n	huella
bn:00070832n	rastro
bn:00070832n	vestigio
bn:00070841n	eje
bn:00070859n	trino
bn:00070860n	escalofrío
bn:00070871n	temblor
bn:00070879n	superficialidad
bn:00070886n	vergüenza
bn:00070903n	shantung
bn:00070912n	acción
bn:00070914n	accionista
bn:00070919n	tiburón
bn:00070937n	afeitado
bn:00070943n	chal
bn:00070952n	cizalladura
bn:00070959n	envoltura
bn:00070959n	funda
bn:00070967n	oveja
bn:00070981n	capa
bn:00070981n	lámina
bn:00070986n	chapa
bn:00070987n	partitura
bn:00070999n	estante
bn:00070999n	estantería
bn:00071003n	concha
bn:00071004n	caparazón
bn:00071004n	cascarón
bn:00071019n	refugio
bn:00071020n	refugio
bn:00071038n	alguacil
bn:00071038n	sheriff
bn:00071043n	jerez
bn:00071055n	escudo
bn:00071059n	cambio
bn:00071059n	desplazamiento
bn:00071059n	transformación
bn:00071060n	cambio
bn:00071060n	conmutación
bn:00071061n	cambio
bn:00071082n	espinilla
bn:00071085n	espinilla
bn:00071103n	barco
bn:00071103n	nave
bn:00071122n	envío
bn:00071122n	transporte
bn:00071132n	naufragio
bn:00071135n	astillero
bn:00071142n	camisa
bn:00071162n	shock
bn:00071172n	bota
bn:00071172n	calzado
bn:00071172n	zapato
bn:00071177n	cordón
bn:00071203n	tirador
bn:00071204n	tirador
bn:00071206n	disparo
bn:00071206n	intento
bn:00071206n	tiro
bn:00071207n	disparo
bn:00071207n	tiroteo
bn:00071215n	almacén
bn:00071215n	tienda
bn:00071216n	taller
bn:00071216n	tienda
bn:00071227n	comprador
bn:00071229n	compra
bn:00071235n	costa
bn:00071235n	orilla
bn:00071261n	cuento
bn:00071269n	taquigrafía
bn:00071271n	cortedad
bn:00071281n	disparo
bn:00071281n	golpe
bn:00071281n	tiro
bn:00071282n	instantánea
bn:00071294n	hombro
bn:00071294n	Hombro
bn:00071297n	bolsa
bn:00071309n	pala
bn:00071315n	espectáculo
bn:00071315n	exposición
bn:00071315n	programa
bn:00071315n	Show
bn:00071322n	escaparate
bn:00071324n	ducha
bn:00071325n	ducha
bn:00071337n	metralla
bn:00071355n	santuario
bn:00071364n	arbusto
bn:00071365n	arbusto
bn:00071377n	shunt
bn:00071382n	obturador
bn:00071383n	contraventana
bn:00071383n	persiana
bn:00071383n	postigo
bn:00071401n	Siberia
bn:00071410n	Sicilia
bn:00071412n	siciliano
bn:00071414n	enfermo
bn:00071429n	enfermería
bn:00071431n	borde
bn:00071431n	costado
bn:00071431n	lado
bn:00071432n	aspecto
bn:00071432n	lado
bn:00071432n	parte
bn:00071433n	costado
bn:00071433n	lado
bn:00071434n	costado
bn:00071434n	lado
bn:00071434n	lateral
bn:00071435n	lado
bn:00071436n	lado
bn:00071437n	parte
bn:00071438n	costado
bn:00071505n	suspiro
bn:00071507n	vista
bn:00071508n	espectáculo
bn:00071508n	vista
bn:00071509n	visión
bn:00071509n	vista
bn:00071511n	reconocimiento
bn:00071511n	vista
bn:00071524n	cartel
bn:00071524n	letrero
bn:00071525n	señal
bn:00071525n	señalización
bn:00071525n	signo
bn:00071526n	letrero
bn:00071527n	signo
bn:00071528n	señal
bn:00071547n	firma
bn:00071548n	firma
bn:00071548n	toque
bn:00071554n	importancia
bn:00071554n	significación
bn:00071554n	significado
bn:00071554n	significancia
bn:00071583n	silueta
bn:00071587n	silicato
bn:00071594n	silicona
bn:00071599n	seda
bn:00071600n	seda
bn:00071609n	alféizar
bn:00071615n	silo
bn:00071625n	plata
bn:00071670n	semejanza
bn:00071670n	similitud
bn:00071671n	símil
bn:00071689n	simplicidad
bn:00071695n	simplicidad
bn:00071701n	simulación
bn:00071707n	pecado
bn:00071708n	pecado
bn:00071715n	sinceridad
bn:00071716n	sinceridad
bn:00071726n	tendón
bn:00071731n	cantante
bn:00071731n	vocalista
bn:00071734n	canto
bn:00071756n	camiseta
bn:00071763n	singularidad
bn:00071763n	unicidad
bn:00071766n	fregadero
bn:00071772n	hundimiento
bn:00071790n	sinusoid
bn:00071793n	sioux
bn:00071793n	Sioux
bn:00071797n	sorbo
bn:00071803n	señor
bn:00071833n	filete
bn:00071838n	hermana
bn:00071838n	Hermana
bn:00071843n	cuñada
bn:00071858n	sitio
bn:00071861n	Tíbet
bn:00071869n	situación
bn:00071887n	tamaño
bn:00071888n	tamaño
bn:00071911n	skeet
bn:00071923n	boceto
bn:00071923n	estudio
bn:00071924n	boceto
bn:00071924n	bosquejo
bn:00071924n	viñeta
bn:00071961n	bote
bn:00071979n	pellejo
bn:00072003n	falda
bn:00072004n	falda
bn:00072006n	parodia
bn:00072011n	cráneo
bn:00072015n	kipá
bn:00072016n	cielo
bn:00072030n	rascacielos
bn:00072033n	losa
bn:00072040n	pantalón
bn:00072059n	slapstick
bn:00072065n	tabla
bn:00072078n	sacrificio
bn:00072080n	esclavo
bn:00072091n	esclavitud
bn:00072101n	sueño
bn:00072107n	durmiente
bn:00072117n	sueño
bn:00072150n	deslizamiento
bn:00072151n	deslizamiento
bn:00072174n	tira
bn:00072190n	hendidura
bn:00072190n	rendija
bn:00072194n	astilla
bn:00072201n	balandro
bn:00072209n	descuido
bn:00072213n	ranura
bn:00072214n	ranura
bn:00072240n	lodo
bn:00072248n	barrio
bn:00072287n	viruela
bn:00072291n	sabelotodo
bn:00072319n	humo
bn:00072374n	caracol
bn:00072374n	tortuga
bn:00072404n	trampa
bn:00072432n	francotirador
bn:00072446n	ronquido
bn:00072455n	nevada
bn:00072455n	nieve
bn:00072456n	nieve
bn:00072494n	remojo
bn:00072496n	jabón
bn:00072517n	sobriedad
bn:00072524n	sociabilidad
bn:00072554n	unidad
bn:00072559n	socialismo
bn:00072566n	sociedad
bn:00072573n	sociólogo
bn:00072576n	calcetín
bn:00072620n	refresco
bn:00072640n	ablandamiento
bn:00072643n	suavidad
bn:00072662n	estancia
bn:00072686n	radiación
bn:00072698n	soldado
bn:00072703n	suela
bn:00072718n	solicitud
bn:00072719n	sólido
bn:00072727n	solidaridad
bn:00072728n	solidez
bn:00072734n	solipsismo
bn:00072749n	solista
bn:00072760n	solución
bn:00072761n	solución
bn:00072794n	canción
bn:00072794n	canto
bn:00072796n	canción
bn:00072807n	soneto
bn:00072830n	soprano
bn:00072852n	sorción
bn:00072854n	dolor
bn:00072854n	pesar
bn:00072856n	tipo
bn:00072875n	suroeste
bn:00072886n	alma
bn:00072887n	alma
bn:00072892n	ruido
bn:00072892n	sonido
bn:00072893n	sonido
bn:00072894n	sonido
bn:00072895n	estrecho
bn:00072919n	sabiduría
bn:00072921n	sopa
bn:00072943n	fuente
bn:00072943n	Fuente
bn:00072944n	fuente
bn:00072959n	sotana
bn:00072960n	sur
bn:00072960n	Sur
bn:00072961n	sur
bn:00072966n	Sudamérica
bn:00072996n	sureste
bn:00073007n	sureño
bn:00073012n	Suroeste
bn:00073020n	soberanía
bn:00073038n	espacio
bn:00073039n	espacio
bn:00073060n	espaciamiento
bn:00073061n	espaciado
bn:00073063n	espada
bn:00073064n	pala
bn:00073082n	lapso
bn:00073083n	lapso
bn:00073091n	spaniel
bn:00073092n	español
bn:00073146n	gorrión
bn:00073161n	salpicadura
bn:00073170n	altavoz
bn:00073170n	hablante
bn:00073170n	orador
bn:00073171n	presidente
bn:00073184n	especificación
bn:00073204n	especialización
bn:00073205n	especialización
bn:00073206n	especialista
bn:00073210n	especie
bn:00073211n	especie
bn:00073219n	especificidad
bn:00073220n	especificidad
bn:00073222n	ejemplar
bn:00073222n	ejemplo
bn:00073222n	muestra
bn:00073223n	espécimen
bn:00073226n	espectáculo
bn:00073227n	espectáculo
bn:00073230n	espectador
bn:00073235n	espectroscopía
bn:00073236n	espectrofotómetro
bn:00073237n	espectro
bn:00073238n	espectro
bn:00073240n	empresa
bn:00073240n	especulación
bn:00073258n	velocidad
bn:00073279n	ortografía
bn:00073308n	esfera
bn:00073309n	ámbito
bn:00073309n	esfera
bn:00073329n	especia
bn:00073338n	araña
bn:00073351n	pico
bn:00073352n	pico
bn:00073369n	giro
bn:00073419n	espiral
bn:00073427n	aguja
bn:00073427n	campanario
bn:00073430n	espíritu
bn:00073431n	espíritu
bn:00073480n	esplenomegalia
bn:00073490n	división
bn:00073490n	split
bn:00073526n	vocero
bn:00073533n	esponja
bn:00073544n	patrocinio
bn:00073545n	espontaneidad
bn:00073547n	cuchara
bn:00073548n	cucharada
bn:00073557n	espora
bn:00073568n	deporte
bn:00073571n	deportista
bn:00073571n	Deportista
bn:00073588n	punto
bn:00073589n	lugar
bn:00073590n	punto
bn:00073615n	aerosol
bn:00073625n	difusión
bn:00073625n	propagación
bn:00073636n	primavera
bn:00073637n	resorte
bn:00073638n	fuente
bn:00073643n	joven
bn:00073649n	trampolín
bn:00073674n	espuma
bn:00073676n	espolón
bn:00073684n	Sputnik
bn:00073685n	espía
bn:00073698n	equipo
bn:00073698n	escuadrón
bn:00073698n	grupo
bn:00073699n	equipo
bn:00073699n	escuadrón
bn:00073703n	escuadrón
bn:00073745n	chirrido
bn:00073747n	chillido
bn:00073750n	apretón
bn:00073766n	escudero
bn:00073767n	escudero
bn:00073786n	estabilización
bn:00073788n	estabilidad
bn:00073795n	montón
bn:00073795n	pila
bn:00073801n	equipo
bn:00073801n	personal
bn:00073802n	bastón
bn:00073816n	escenario
bn:00073817n	escenario
bn:00073817n	teatro
bn:00073818n	etapa
bn:00073842n	mancha
bn:00073844n	vidriera
bn:00073847n	tinción
bn:00073848n	escalera
bn:00073848n	escalón
bn:00073851n	escalera
bn:00073853n	escalera
bn:00073868n	tallo
bn:00073878n	establo
bn:00073878n	puesto
bn:00073885n	dureza
bn:00073902n	postura
bn:00073904n	pie
bn:00073906n	puesto
bn:00073906n	quiosco
bn:00073933n	posición
bn:00073964n	estrella
bn:00073964n	estrellas
bn:00073975n	estribor
bn:00073978n	estrellato
bn:00073980n	mirada
bn:00073989n	comienzo
bn:00073989n	inicio
bn:00073989n	principio
bn:00073989n	salida
bn:00073990n	comienzo
bn:00073990n	inicio
bn:00073992n	arrancador
bn:00073999n	punto
bn:00074002n	arranque
bn:00074009n	estado
bn:00074010n	estado
bn:00074010n	Estado
bn:00074023n	guerra
bn:00074023n	Guerra
bn:00074033n	afirmación
bn:00074033n	declaración
bn:00074034n	declaración
bn:00074049n	estación
bn:00074057n	estadística
bn:00074064n	estatua
bn:00074066n	estatura
bn:00074076n	estancia
bn:00074088n	amada
bn:00074088n	novia
bn:00074089n	filete
bn:00074094n	ladrón
bn:00074113n	barco
bn:00074116n	vapor
bn:00074122n	corcel
bn:00074123n	acero
bn:00074156n	volante
bn:00074192n	paso
bn:00074200n	hijastro
bn:00074206n	madrastra
bn:00074208n	estepa
bn:00074217n	estéreo
bn:00074221n	estereotipo
bn:00074236n	estetoscopio
bn:00074251n	varilla
bn:00074252n	palo
bn:00074274n	rigidez
bn:00074292n	calma
bn:00074296n	estimulación
bn:00074298n	aguijón
bn:00074298n	picor
bn:00074323n	estribo
bn:00074326n	puntada
bn:00074332n	acción
bn:00074333n	acción
bn:00074364n	empalizada
bn:00074376n	media
bn:00074376n	medias
bn:00074392n	estoico
bn:00074395n	estoicismo
bn:00074396n	estoicismo
bn:00074410n	piedra
bn:00074427n	taburete
bn:00074434n	parada
bn:00074441n	semáforo
bn:00074446n	almacenamiento
bn:00074447n	almacenamiento
bn:00074450n	almacén
bn:00074452n	tanque
bn:00074453n	almacén
bn:00074458n	tormenta
bn:00074459n	tormenta
bn:00074472n	cuento
bn:00074472n	historia
bn:00074472n	relato
bn:00074479n	estufa
bn:00074518n	fatiga
bn:00074518n	tensión
bn:00074519n	énfasis
bn:00074519n	estrés
bn:00074519n	tensión
bn:00074532n	hilo
bn:00074533n	cuerda
bn:00074544n	correa
bn:00074544n	tira
bn:00074560n	estratificación
bn:00074567n	estrato
bn:00074572n	paja
bn:00074572n	pajilla
bn:00074576n	fresa
bn:00074585n	vena
bn:00074588n	arroyo
bn:00074588n	corriente
bn:00074588n	río
bn:00074595n	calle
bn:00074596n	calle
bn:00074597n	calle
bn:00074613n	tranvía
bn:00074615n	concentración
bn:00074615n	fortaleza
bn:00074615n	fuerza
bn:00074615n	intensidad
bn:00074633n	estrés
bn:00074633n	tensión
bn:00074634n	tensión
bn:00074639n	tramo
bn:00074640n	recta
bn:00074641n	estiramiento
bn:00074651n	estiramiento
bn:00074654n	estriación
bn:00074667n	conflicto
bn:00074668n	huelga
bn:00074669n	ataque
bn:00074669n	golpe
bn:00074682n	cuerda
bn:00074682n	hilo
bn:00074683n	cuerda
bn:00074702n	franja
bn:00074702n	tira
bn:00074724n	golpe
bn:00074725n	movimiento
bn:00074759n	estructura
bn:00074760n	estructura
bn:00074762n	lucha
bn:00074767n	estricnina
bn:00074771n	muñón
bn:00074776n	estuco
bn:00074786n	estudio
bn:00074790n	encuesta
bn:00074790n	estudio
bn:00074791n	estudio
bn:00074791n	obra
bn:00074791n	trabajo
bn:00074792n	estudio
bn:00074793n	despacho
bn:00074793n	estudio
bn:00074798n	cosa
bn:00074810n	obstáculo
bn:00074811n	tocón
bn:00074812n	muñón
bn:00074823n	estupidez
bn:00074831n	estilo
bn:00074832n	estilo
bn:00074832n	moda
bn:00074839n	estilización
bn:00074840n	estilista
bn:00074869n	subcomité
bn:00074873n	subcontinente
bn:00074882n	subdivisión
bn:00074883n	subdivisión
bn:00074884n	inciso
bn:00074884n	subsección
bn:00074897n	subgrupo
bn:00074900n	caso
bn:00074900n	tema
bn:00074901n	sujeto
bn:00074903n	subyugación
bn:00074921n	metralleta
bn:00074963n	suscripción
bn:00074964n	suscripción
bn:00074977n	subsidio
bn:00074978n	subsistencia
bn:00074979n	subsistencia
bn:00074982n	sobreviviente
bn:00074983n	subsuelo
bn:00074985n	sustancia
bn:00074990n	subestación
bn:00074991n	sustrato
bn:00074997n	subsistema
bn:00075008n	suburbio
bn:00075023n	éxito
bn:00075024n	éxito
bn:00075025n	éxito
bn:00075026n	sucesión
bn:00075028n	sucesor
bn:00075036n	succión
bn:00075048n	succión
bn:00075063n	pretendiente
bn:00075069n	desdicha
bn:00075069n	infortunio
bn:00075069n	sufrimiento
bn:00075080n	azucarero
bn:00075090n	dulzura
bn:00075094n	sugerencia
bn:00075103n	traje
bn:00075107n	idoneidad
bn:00075108n	suite
bn:00075141n	suma
bn:00075142n	resumen
bn:00075144n	Sumatra
bn:00075151n	verano
bn:00075170n	sol
bn:00075171n	luz
bn:00075171n	sol
bn:00075172n	sol
bn:00075204n	atardecer
bn:00075224n	trago
bn:00075255n	superior
bn:00075272n	superioridad
bn:00075275n	superlativo
bn:00075277n	supermercado
bn:00075298n	superstición
bn:00075310n	supervisor
bn:00075315n	cena
bn:00075321n	suplemento
bn:00075322n	suministro
bn:00075323n	oferta
bn:00075323n	suministro
bn:00075330n	apoyo
bn:00075331n	apoyo
bn:00075332n	apoyo
bn:00075333n	apoyo
bn:00075333n	soporte
bn:00075334n	soporte
bn:00075373n	exterior
bn:00075373n	superficie
bn:00075374n	superficie
bn:00075375n	superficie
bn:00075376n	surfactant
bn:00075376n	tensioactivo
bn:00075385n	suelo
bn:00075412n	sorpresa
bn:00075413n	sorpresa
bn:00075427n	vigilancia
bn:00075433n	agrimensor
bn:00075433n	topógrafo
bn:00075439n	sobreviviente
bn:00075444n	susceptibilidad
bn:00075445n	sushi
bn:00075449n	incertidumbre
bn:00075449n	tensión
bn:00075450n	suspenso
bn:00075450n	tensión
bn:00075453n	suspensión
bn:00075468n	susurro
bn:00075493n	suajili
bn:00075498n	swami
bn:00075499n	pantano
bn:00075504n	cisne
bn:00075513n	muestra
bn:00075529n	banda
bn:00075535n	sudadera
bn:00075535n	suéter
bn:00075537n	sueco
bn:00075560n	naranja
bn:00075579n	natación
bn:00075590n	columpio
bn:00075601n	suizo
bn:00075612n	operador
bn:00075644n	sílaba
bn:00075652n	símbolo
bn:00075653n	símbolo
bn:00075657n	simbolismo
bn:00075660n	simbolismo
bn:00075662n	simbolista
bn:00075669n	comprensión
bn:00075669n	simpatía
bn:00075670n	simpatía
bn:00075673n	sinfonía
bn:00075682n	simposio
bn:00075682n	Simposio
bn:00075683n	síntoma
bn:00075684n	síntoma
bn:00075688n	sinagoga
bn:00075696n	sincronía
bn:00075696n	sincronismo
bn:00075718n	síndrome
bn:00075722n	sinergismo
bn:00075737n	sintaxis
bn:00075742n	síntesis
bn:00075743n	síntesis
bn:00075752n	Siria
bn:00075759n	sistema
bn:00075760n	sistema
bn:00075761n	sistema
bn:00075762n	sistema
bn:00075763n	sistema
bn:00075764n	sistema
bn:00075785n	tiroxina
bn:00075796n	tuberculosis
bn:00075812n	tabla
bn:00075812n	Tabla
bn:00075812n	Tablas
bn:00075813n	mesa
bn:00075814n	mesa
bn:00075824n	cuadro
bn:00075844n	tabulación
bn:00075859n	tackle
bn:00075869n	tacto
bn:00075872n	táctica
bn:00075884n	caramelo
bn:00075885n	etiqueta
bn:00075897n	Tahití
bn:00075904n	cola
bn:00075905n	cola
bn:00075959n	talento
bn:00075965n	charla
bn:00075965n	conversación
bn:00075966n	conversación
bn:00075967n	charla
bn:00075983n	sebo
bn:00076039n	maraña
bn:00076041n	tango
bn:00076095n	taberna
bn:00076100n	cinta
bn:00076101n	cinta
bn:00076107n	grabadora
bn:00076115n	tapiz
bn:00076148n	objetivo
bn:00076158n	lona
bn:00076190n	sabor
bn:00076208n	burla
bn:00076212n	tensión
bn:00076252n	contribuyente
bn:00076264n	té
bn:00076289n	maestro
bn:00076301n	tetera
bn:00076303n	equipo
bn:00076312n	lágrima
bn:00076326n	cucharadita
bn:00076338n	técnico
bn:00076341n	técnica
bn:00076358n	tee
bn:00076373n	televisión
bn:00076373n	tv
bn:00076382n	cable
bn:00076382n	telegrama
bn:00076383n	telégrafo
bn:00076386n	línea
bn:00076387n	telegrafista
bn:00076390n	telegrafía
bn:00076399n	telepatía
bn:00076421n	televisión
bn:00076457n	temperatura
bn:00076458n	temperatura
bn:00076465n	templo
bn:00076467n	Templo
bn:00076496n	tendencia
bn:00076506n	ternura
bn:00076511n	apartamento
bn:00076511n	vecindad
bn:00076511n	vivienda
bn:00076518n	Tennessee
bn:00076532n	tenor
bn:00076545n	tiempo
bn:00076552n	tensión
bn:00076553n	tensión
bn:00076562n	tentáculo
bn:00076587n	término
bn:00076588n	mandato
bn:00076588n	periodo
bn:00076588n	período
bn:00076588n	plazo
bn:00076588n	semestre
bn:00076589n	término
bn:00076590n	término
bn:00076611n	terreno
bn:00076619n	terrier
bn:00076627n	territorio
bn:00076630n	terrorista
bn:00076632n	felpa
bn:00076647n	prueba
bn:00076648n	prueba
bn:00076665n	testamento
bn:00076666n	testamento
bn:00076666n	voluntad
bn:00076674n	testimonio
bn:00076675n	homenaje
bn:00076675n	tributo
bn:00076677n	testimonio
bn:00076678n	testimonio
bn:00076680n	prueba
bn:00076681n	prueba
bn:00076726n	tejano
bn:00076726n	texano
bn:00076732n	texto
bn:00076740n	textura
bn:00076741n	textura
bn:00076742n	textura
bn:00076744n	jueves
bn:00076767n	gracias
bn:00076768n	agradecimiento
bn:00076768n	gracias
bn:00076769n	gracias
bn:00076770n	gracias
bn:00076770n	Gracias
bn:00076778n	deshielo
bn:00076789n	verdad
bn:00076821n	tránsito
bn:00076821n	transporte
bn:00076825n	teólogo
bn:00076827n	teología
bn:00076828n	teología
bn:00076831n	teorema
bn:00076831n	Teorema
bn:00076834n	teoría
bn:00076835n	teoría
bn:00076843n	terapia
bn:00076856n	termistor
bn:00076866n	termopar
bn:00076867n	termodinámica
bn:00076877n	termómetro
bn:00076878n	termometría
bn:00076883n	termostato
bn:00076890n	tesis
bn:00076908n	espesor
bn:00076908n	grosor
bn:00076911n	muslo
bn:00076918n	algo
bn:00076918n	cosa
bn:00076919n	algo
bn:00076919n	cosa
bn:00076920n	algo
bn:00076920n	cosa
bn:00076920n	obra
bn:00076921n	cosa
bn:00076922n	cosa
bn:00076923n	algo
bn:00076923n	cosa
bn:00076923n	thing
bn:00076924n	algo
bn:00076924n	cosa
bn:00076925n	algo
bn:00076925n	cosa
bn:00076926n	cosa
bn:00076968n	sed
bn:00077011n	minuciosidad
bn:00077016n	pensamiento
bn:00077028n	hilo
bn:00077032n	amenaza
bn:00077033n	amenaza
bn:00077035n	triple
bn:00077053n	trilla
bn:00077055n	umbral
bn:00077062n	desperdicio
bn:00077066n	garganta
bn:00077067n	cuello
bn:00077067n	garganta
bn:00077084n	trombosis
bn:00077090n	lanzamiento
bn:00077091n	tiro
bn:00077109n	thuggee
bn:00077123n	trueno
bn:00077134n	golpe
bn:00077141n	tiroglobulina
bn:00077142n	tiroid
bn:00077142n	tiroidea
bn:00077142n	tiroideo
bn:00077142n	tiroides
bn:00077143n	TSH
bn:00077148n	tironina
bn:00077170n	garrapata
bn:00077172n	reloj
bn:00077174n	boleto
bn:00077174n	entrada
bn:00077199n	marea
bn:00077208n	empate
bn:00077208n	vínculo
bn:00077209n	lazo
bn:00077239n	azulejo
bn:00077259n	madera
bn:00077259n	viga
bn:00077260n	madero
bn:00077267n	época
bn:00077267n	fecha
bn:00077267n	Hora
bn:00077267n	momento
bn:00077267n	rato
bn:00077267n	tiempo
bn:00077267n	Tiempo
bn:00077268n	época
bn:00077268n	momento
bn:00077268n	ocasión
bn:00077268n	tiempo
bn:00077268n	Tiempo
bn:00077268n	vez
bn:00077269n	hora
bn:00077269n	momento
bn:00077269n	tiempo
bn:00077270n	tiempo
bn:00077271n	momento
bn:00077271n	rato
bn:00077271n	tiempo
bn:00077271n	vez
bn:00077293n	época
bn:00077309n	temporizador
bn:00077311n	época
bn:00077314n	horario
bn:00077318n	timidez
bn:00077344n	diente
bn:00077365n	extremo
bn:00077365n	punta
bn:00077377n	llanta
bn:00077377n	neumático
bn:00077386n	tejido
bn:00077387n	pañuelo
bn:00077387n	tejido
bn:00077409n	título
bn:00077410n	título
bn:00077416n	titulación
bn:00077433n	tostada
bn:00077462n	hoy
bn:00077465n	dedo
bn:00077465n	pie
bn:00077465n	punta
bn:00077466n	punta
bn:00077515n	tolerancia
bn:00077516n	tolerancia
bn:00077537n	tomate
bn:00077553n	tono
bn:00077554n	tono
bn:00077571n	depresor
bn:00077572n	trabalenguas
bn:00077585n	herramienta
bn:00077593n	diente
bn:00077594n	diente
bn:00077602n	cepillo
bn:00077607n	cima
bn:00077607n	punta
bn:00077608n	cima
bn:00077638n	topografía
bn:00077657n	antorcha
bn:00077666n	tormento
bn:00077667n	tornado
bn:00077670n	Toronto
bn:00077678n	letargo
bn:00077726n	contacto
bn:00077726n	tacto
bn:00077726n	toque
bn:00077727n	tacto
bn:00077727n	toque
bn:00077736n	touchdown
bn:00077750n	torneo
bn:00077760n	remolcador
bn:00077761n	toalla
bn:00077766n	torre
bn:00077773n	ciudad
bn:00077773n	localidad
bn:00077773n	pueblo
bn:00077774n	ciudad
bn:00077774n	pueblo
bn:00077775n	pueblo
bn:00077794n	toxina
bn:00077813n	huella
bn:00077824n	tráquea
bn:00077824n	Tráquea
bn:00077834n	trazado
bn:00077838n	vía
bn:00077851n	tracto
bn:00077857n	tractor
bn:00077860n	comercio
bn:00077877n	sello
bn:00077883n	tradición
bn:00077884n	tradicionalismo
bn:00077885n	tradicionalismo
bn:00077888n	tráfico
bn:00077889n	tráfico
bn:00077899n	tragedia
bn:00077904n	rastro
bn:00077905n	camino
bn:00077905n	sendero
bn:00077930n	rasgo
bn:00077931n	traidor
bn:00077963n	transcripción
bn:00077966n	transductor
bn:00077972n	traslado
bn:00077973n	transferencia
bn:00077992n	traducción
bn:00077993n	transformador
bn:00078000n	transitoriedad
bn:00078004n	transporte
bn:00078008n	transición
bn:00078014n	traslación
bn:00078024n	transmisión
bn:00078025n	transmisión
bn:00078033n	transmutación
bn:00078040n	transpiración
bn:00078046n	transporte
bn:00078068n	trampa
bn:00078069n	trampa
bn:00078082n	trampero
bn:00078085n	viaje
bn:00078093n	viajero
bn:00078102n	bandeja
bn:00078112n	tesoro
bn:00078120n	Tesoro
bn:00078127n	tratamiento
bn:00078131n	árbol
bn:00078188n	caballete
bn:00078198n	juicio
bn:00078208n	triángulo
bn:00078257n	truco
bn:00078302n	adorno
bn:00078313n	trío
bn:00078318n	viaje
bn:00078346n	trípode
bn:00078365n	triunfo
bn:00078365n	victoria
bn:00078365n	Victoria
bn:00078366n	triunfo
bn:00078377n	troika
bn:00078382n	troll
bn:00078393n	tropa
bn:00078394n	tropa
bn:00078424n	desgracia
bn:00078424n	problema
bn:00078425n	preocupación
bn:00078428n	valle
bn:00078450n	truculencia
bn:00078460n	verdad
bn:00078479n	baúl
bn:00078487n	fideicomiso
bn:00078488n	confianza
bn:00078498n	verdad
bn:00078500n	veracidad
bn:00078509n	tsunami
bn:00078520n	tubo
bn:00078532n	túbulo
bn:00078546n	martes
bn:00078546n	Tuesday
bn:00078557n	matrícula
bn:00078559n	tulipán
bn:00078568n	caída
bn:00078572n	vaso
bn:00078582n	agitación
bn:00078606n	túnel
bn:00078617n	turbante
bn:00078621n	turbina
bn:00078624n	turbulencia
bn:00078656n	giro
bn:00078657n	giro
bn:00078657n	vuelta
bn:00078658n	giro
bn:00078659n	giro
bn:00078660n	giro
bn:00078676n	giro
bn:00078719n	tutorial
bn:00078730n	tweed
bn:00078738n	año
bn:00078738n	Año
bn:00078738n	fecha
bn:00078753n	gemelo
bn:00078798n	tipo
bn:00078813n	mecanografía
bn:00078818n	tifus
bn:00078824n	tipografía
bn:00078838n	tirosina
bn:00078848n	EE.UU.
bn:00078863n	fealdad
bn:00078879n	úlcera
bn:00078879n	ulceración
bn:00078897n	ultimátum
bn:00078898n	ultracentrifugación
bn:00078899n	ultracentrífuga
bn:00078920n	paragua
bn:00078920n	sombrilla
bn:00078931n	ONU
bn:00078951n	tío
bn:00078952n	tío
bn:00078968n	inconsciente
bn:00078982n	maleza
bn:00079004n	estudiante
bn:00079014n	subsecretario
bn:00079023n	inframundo
bn:00079036n	onda
bn:00079045n	desempleo
bn:00079079n	uniforme
bn:00079081n	uniformidad
bn:00079106n	unidad
bn:00079107n	unidad
bn:00079108n	unidad
bn:00079151n	universidad
bn:00079151n	Universidad
bn:00079152n	universidad
bn:00079152n	Universidad
bn:00079174n	descarga
bn:00079184n	voluntario
bn:00079199n	irrealidad
bn:00079262n	límite
bn:00079269n	gancho
bn:00079293n	Venus
bn:00079330n	urgencia
bn:00079331n	urgencia
bn:00079344n	urna
bn:00079370n	uso
bn:00079372n	utilidad
bn:00079373n	usuario
bn:00079388n	utensilio
bn:00079392n	vientre
bn:00079406n	Uto-Azteca
bn:00079406n	uto-aztecan
bn:00079407n	Utopía
bn:00079410n	utópico
bn:00079416n	expresión
bn:00079431n	V
bn:00079435n	vicepresidente
bn:00079435n	Vicepresidente
bn:00079439n	vacante
bn:00079447n	vacuna
bn:00079449n	vacío
bn:00079466n	vaguedad
bn:00079476n	valle
bn:00079476n	Valle
bn:00079497n	validez
bn:00079508n	valor
bn:00079509n	valor
bn:00079510n	valor
bn:00079517n	válvula
bn:00079518n	válvula
bn:00079532n	vanguardia
bn:00079546n	vándalo
bn:00079552n	red
bn:00079565n	punto
bn:00079571n	vapor
bn:00079575n	vaporización
bn:00079579n	variabilidad
bn:00079580n	variable
bn:00079581n	variable
bn:00079587n	variación
bn:00079588n	variación
bn:00079589n	variación
bn:00079601n	variedad
bn:00079618n	vaso
bn:00079628n	jarrón
bn:00079628n	vasija
bn:00079628n	vaso
bn:00079639n	Vaticano
bn:00079653n	vector
bn:00079663n	vegetal
bn:00079663n	verdura
bn:00079675n	vehículo
bn:00079676n	vehículo
bn:00079681n	vena
bn:00079682n	línea
bn:00079691n	vitela
bn:00079696n	velour
bn:00079699n	terciopelo
bn:00079724n	máquina
bn:00079731n	persiana
bn:00079733n	Venecia
bn:00079747n	cloaca
bn:00079748n	volcán
bn:00079753n	ventilación
bn:00079764n	aventura
bn:00079764n	empresa
bn:00079771n	Venus
bn:00079776n	veracidad
bn:00079778n	verbo
bn:00079779n	verbo
bn:00079786n	verbena
bn:00079807n	vermut
bn:00079821n	versatilidad
bn:00079822n	verso
bn:00079827n	versión
bn:00079833n	vértice
bn:00079847n	energía
bn:00079847n	vitalidad
bn:00079862n	barco
bn:00079862n	buque
bn:00079862n	nave
bn:00079864n	chaleco
bn:00079883n	veterinario
bn:00079891n	veto
bn:00079894n	viabilidad
bn:00079910n	vicario
bn:00079940n	víctima
bn:00079944n	ganador
bn:00079972n	video
bn:00079990n	vigilancia
bn:00079995n	vigilantismo
bn:00080004n	aldeano
bn:00080013n	enredadera
bn:00080013n	vid
bn:00080018n	viñedo
bn:00080022n	vino
bn:00080023n	cosecha
bn:00080036n	violencia
bn:00080037n	violeta
bn:00080052n	virgen
bn:00080052n	Virgen
bn:00080066n	virginidad
bn:00080083n	virulencia
bn:00080085n	virus
bn:00080089n	viscosímetro
bn:00080092n	viscosidad
bn:00080101n	visibilidad
bn:00080106n	visión
bn:00080107n	visión
bn:00080108n	visión
bn:00080111n	visita
bn:00080112n	visita
bn:00080113n	visita
bn:00080115n	visitante
bn:00080130n	visualización
bn:00080147n	vitamina
bn:00080171n	vocabulario
bn:00080171n	Vocabulary
bn:00080172n	vocabulario
bn:00080185n	voz
bn:00080187n	voz
bn:00080189n	voz
bn:00080216n	voluntad
bn:00080216n	Voluntad
bn:00080220n	voleibol
bn:00080228n	voltímetro
bn:00080229n	volumen
bn:00080230n	volumen
bn:00080230n	Volumen
bn:00080231n	volumen
bn:00080251n	votación
bn:00080251n	voto
bn:00080267n	vocal
bn:00080272n	viaje
bn:00080273n	viajero
bn:00080287n	buitre
bn:00080293n	vatio
bn:00080314n	gesto
bn:00080322n	carro
bn:00080322n	coche
bn:00080322n	vagón
bn:00080339n	cintura
bn:00080339n	Waist
bn:00080344n	camarera
bn:00080351n	vigilia
bn:00080357n	caminata
bn:00080358n	paseo
bn:00080386n	muralla
bn:00080386n	muro
bn:00080386n	pared
bn:00080387n	muro
bn:00080387n	pared
bn:00080402n	alhelí
bn:00080413n	tapiz
bn:00080415n	nuez
bn:00080435n	deseo
bn:00080439n	guerra
bn:00080439n	Guerra
bn:00080440n	guerra
bn:00080472n	pupilo
bn:00080479n	vestuario
bn:00080491n	calidez
bn:00080493n	calor
bn:00080495n	advertencia
bn:00080495n	aviso
bn:00080504n	orden
bn:00080510n	guerrero
bn:00080511n	verruga
bn:00080517n	lavado
bn:00080543n	desecho
bn:00080550n	guardia
bn:00080550n	vigilancia
bn:00080551n	guardia
bn:00080561n	agua
bn:00080562n	agua
bn:00080566n	acuarela
bn:00080567n	acuarela
bn:00080605n	nivel
bn:00080610n	tubería
bn:00080637n	vapor
bn:00080645n	acuarelista
bn:00080677n	canal
bn:00080682n	carúncula
bn:00080687n	ola
bn:00080687n	oleada
bn:00080688n	ola
bn:00080689n	onda
bn:00080701n	longitud
bn:00080701n	onda
bn:00080702n	longitud
bn:00080707n	cera
bn:00080720n	forma
bn:00080720n	lado
bn:00080720n	manera
bn:00080721n	camino
bn:00080721n	manera
bn:00080722n	camino
bn:00080724n	forma
bn:00080738n	debilitamiento
bn:00080742n	debilidad
bn:00080746n	riqueza
bn:00080747n	abundancia
bn:00080747n	riqueza
bn:00080748n	riqueza
bn:00080767n	tejido
bn:00080771n	telaraña
bn:00080809n	hierba
bn:00080809n	maleza
bn:00080813n	semana
bn:00080816n	fin
bn:00080831n	peso
bn:00080832n	peso
bn:00080833n	peso
bn:00080836n	ponderación
bn:00080843n	vertedero
bn:00080861n	pozo
bn:00080862n	pozo
bn:00080893n	oeste
bn:00080893n	Oeste
bn:00080959n	trigo
bn:00080972n	rueda
bn:00080972n	volante
bn:00080986n	jadeo
bn:00080991n	paradero
bn:00081007n	látigo
bn:00081031n	whiskey
bn:00081031n	whisky
bn:00081052n	blanco
bn:00081052n	blancura
bn:00081136n	conjunto
bn:00081136n	todo
bn:00081136n	totalidad
bn:00081157n	mimbre
bn:00081167n	viuda
bn:00081170n	viudo
bn:00081171n	viudez
bn:00081177n	peluca
bn:00081224n	voluntad
bn:00081224n	Voluntad
bn:00081233n	Wordsworth
bn:00081239n	disposición
bn:00081240n	sauce
bn:00081240n	sauz
bn:00081262n	aire
bn:00081285n	ventana
bn:00081286n	ventana
bn:00081286n	ventanilla
bn:00081287n	ventana
bn:00081290n	cristal
bn:00081307n	parabrisas
bn:00081319n	vino
bn:00081331n	copa
bn:00081336n	ala
bn:00081337n	ala
bn:00081338n	ala
bn:00081367n	Winnipeg
bn:00081370n	invierno
bn:00081386n	alambre
bn:00081386n	cable
bn:00081386n	hilo
bn:00081406n	sabiduría
bn:00081407n	sabiduría
bn:00081407n	Sabiduría
bn:00081424n	bruja
bn:00081428n	brujo
bn:00081433n	retirada
bn:00081434n	retiro
bn:00081453n	testigo
bn:00081453n	testimonio
bn:00081479n	mujer
bn:00081492n	leña
bn:00081492n	madera
bn:00081528n	carpintería
bn:00081531n	lana
bn:00081546n	palabra
bn:00081547n	noticia
bn:00081547n	palabra
bn:00081548n	palabra
bn:00081568n	estudio
bn:00081568n	obra
bn:00081568n	tarea
bn:00081568n	trabajo
bn:00081569n	trabajo
bn:00081570n	trabajo
bn:00081581n	arte
bn:00081593n	trabajador
bn:00081594n	obrera
bn:00081594n	trabajador
bn:00081605n	obrero
bn:00081605n	trabajador
bn:00081618n	taller
bn:00081622n	mundo
bn:00081628n	serie
bn:00081628n	Serie
bn:00081635n	gusano
bn:00081635n	lombriz
bn:00081649n	mal
bn:00081651n	adoración
bn:00081651n	culto
bn:00081656n	estambre
bn:00081660n	valor
bn:00081661n	valor
bn:00081674n	abrigo
bn:00081680n	ira
bn:00081681n	desastre
bn:00081683n	resto
bn:00081711n	escritor
bn:00081713n	escrito
bn:00081713n	escritura
bn:00081714n	escritura
bn:00081718n	escritorio
bn:00081726n	mal
bn:00081787n	xilema
bn:00081810n	Yale
bn:00081826n	patio
bn:00081841n	vara
bn:00081856n	año
bn:00081857n	año
bn:00081893n	quejido
bn:00081926n	yoga
bn:00081931n	canesú
bn:00081947n	joven
bn:00081947n	juventud
bn:00081950n	joven
bn:00081957n	juventud
bn:00081958n	juventud
bn:00081968n	yuca
bn:00082008n	celo
bn:00082021n	cenit
bn:00082055n	sionismo
bn:00082057n	sionista
bn:00082075n	zona
bn:00082079n	zonificación
bn:00082118v	abandonar
bn:00082119v	abandonar
bn:00082119v	entregar
bn:00082119v	renunciar
bn:00082120v	abandonar
bn:00082120v	vaciar
bn:00082121v	abandonar
bn:00082122v	abandonar
bn:00082122v	dejar
bn:00082123v	humillar
bn:00082127v	abreviar
bn:00082127v	acortar
bn:00082131v	secuestrar
bn:00082135v	ayudar
bn:00082136v	aborrecer
bn:00082136v	detestar
bn:00082137v	esperar
bn:00082137v	estar
bn:00082137v	permanecer
bn:00082137v	quedar
bn:00082138v	aguantar
bn:00082138v	resistir
bn:00082138v	soportar
bn:00082138v	sufrir
bn:00082138v	tolerar
bn:00082139v	cumplir
bn:00082139v	seguir
bn:00082140v	honrar
bn:00082140v	observar
bn:00082140v	respetar
bn:00082141v	retirar
bn:00082141v	retractar
bn:00082142v	destetar
bn:00082148v	abolir
bn:00082148v	eliminar
bn:00082152v	abundar
bn:00082154v	abundar
bn:00082161v	eliminar
bn:00082164v	huir
bn:00082166v	eliminar
bn:00082169v	absorber
bn:00082170v	absorber
bn:00082170v	asimilar
bn:00082171v	absorber
bn:00082172v	absorber
bn:00082174v	absorber
bn:00082175v	absorber
bn:00082179v	abstener
bn:00082180v	abstraer
bn:00082182v	abstraer
bn:00082184v	abusar
bn:00082184v	maltratar
bn:00082185v	abusar
bn:00082188v	colindar
bn:00082189v	compensar
bn:00082189v	expiar
bn:00082190v	ceder
bn:00082190v	entregar
bn:00082190v	inclinar
bn:00082192v	aceptar
bn:00082193v	acelerar
bn:00082194v	acelerar
bn:00082195v	acentuar
bn:00082195v	destacar
bn:00082195v	enfatizar
bn:00082195v	recalcar
bn:00082195v	subrayar
bn:00082196v	enfatizar
bn:00082197v	aceptar
bn:00082198v	aceptar
bn:00082198v	acoger
bn:00082198v	asumir
bn:00082198v	llevar
bn:00082198v	obtener
bn:00082198v	realizar
bn:00082198v	recibir
bn:00082198v	tomar
bn:00082199v	acceder
bn:00082199v	aceptar
bn:00082199v	consentir
bn:00082200v	aceptar
bn:00082201v	aceptar
bn:00082201v	admitir
bn:00082201v	hacer
bn:00082201v	soportar
bn:00082201v	tomar
bn:00082202v	aceptar
bn:00082202v	asumir
bn:00082202v	tener
bn:00082202v	tomar
bn:00082203v	aceptar
bn:00082206v	asumir
bn:00082206v	llevar
bn:00082206v	tomar
bn:00082211v	aclamar
bn:00082212v	aplaudir
bn:00082214v	acomodar
bn:00082214v	adaptar
bn:00082214v	ajustar
bn:00082214v	convenir
bn:00082214v	encajar
bn:00082214v	instalar
bn:00082215v	acomodar
bn:00082215v	adaptar
bn:00082216v	albergar
bn:00082216v	alojar
bn:00082217v	acomodar
bn:00082220v	reconciliar
bn:00082221v	acompañar
bn:00082222v	acompañar
bn:00082222v	llevar
bn:00082223v	acompañar
bn:00082223v	seguir
bn:00082224v	acompañar
bn:00082225v	cumplir
bn:00082225v	lograr
bn:00082225v	realizar
bn:00082226v	alcanzar
bn:00082226v	conseguir
bn:00082226v	cumplir
bn:00082226v	llegar
bn:00082226v	lograr
bn:00082226v	obtener
bn:00082227v	coincidir
bn:00082227v	encajar
bn:00082228v	asignar
bn:00082228v	conceder
bn:00082228v	otorgar
bn:00082229v	abordar
bn:00082233v	denunciar
bn:00082233v	describir
bn:00082233v	informar
bn:00082233v	reportar
bn:00082235v	explicar
bn:00082236v	explicar
bn:00082238v	reconocer
bn:00082240v	acreditar
bn:00082240v	atribuir
bn:00082245v	aculturar
bn:00082246v	acumular
bn:00082246v	coleccionar
bn:00082246v	compilar
bn:00082246v	recaudar
bn:00082246v	recoger
bn:00082246v	recopilar
bn:00082246v	reunir
bn:00082247v	acumular
bn:00082247v	reunir
bn:00082247v	tomar
bn:00082249v	acusar
bn:00082250v	acusar
bn:00082250v	cobrar
bn:00082251v	acostumbrar
bn:00082262v	doler
bn:00082262v	sufrir
bn:00082263v	desear
bn:00082263v	doler
bn:00082264v	doler
bn:00082267v	admitir
bn:00082267v	reconocer
bn:00082268v	reconocer
bn:00082269v	reconocer
bn:00082270v	reconocer
bn:00082272v	conocer
bn:00082272v	reconocer
bn:00082272v	saber
bn:00082273v	familiarizar
bn:00082273v	introducir
bn:00082273v	presentar
bn:00082274v	familiarizar
bn:00082276v	adquirir
bn:00082276v	conseguir
bn:00082276v	obtener
bn:00082276v	recibir
bn:00082276v	ser
bn:00082276v	tomar
bn:00082277v	adoptar
bn:00082277v	adquirir
bn:00082277v	asumir
bn:00082277v	hacer
bn:00082277v	tener
bn:00082277v	tomar
bn:00082278v	adquirir
bn:00082278v	crecer
bn:00082278v	desarrollar
bn:00082280v	adquirir
bn:00082280v	conseguir
bn:00082280v	ganar
bn:00082280v	lograr
bn:00082280v	obtener
bn:00082281v	aprender
bn:00082281v	saber
bn:00082282v	desarrollar
bn:00082283v	absolver
bn:00082284v	comportar
bn:00082284v	llevar
bn:00082284v	orientar
bn:00082285v	actuar
bn:00082285v	mover
bn:00082286v	actuar
bn:00082286v	comportar
bn:00082287v	actuar
bn:00082287v	jugar
bn:00082287v	representar
bn:00082288v	actuar
bn:00082289v	actuar
bn:00082291v	funcionar
bn:00082291v	trabajar
bn:00082293v	fingir
bn:00082294v	actuar
bn:00082297v	perseguir
bn:00082297v	seguir
bn:00082300v	interpretar
bn:00082300v	representar
bn:00082304v	influenciar
bn:00082304v	influir
bn:00082305v	demandar
bn:00082305v	pedir
bn:00082306v	activar
bn:00082306v	desencadenar
bn:00082306v	provocar
bn:00082307v	activar
bn:00082311v	obtener
bn:00082311v	realizar
bn:00082313v	impulsar
bn:00082313v	motivar
bn:00082313v	mover
bn:00082315v	improvisar
bn:00082316v	adaptar
bn:00082316v	ajustar
bn:00082317v	agregar
bn:00082317v	añadir
bn:00082317v	aumentar
bn:00082317v	contribuir
bn:00082317v	sumar
bn:00082318v	agregar
bn:00082318v	añadir
bn:00082319v	añadir
bn:00082319v	aportar
bn:00082319v	aumentar
bn:00082319v	contribuir
bn:00082319v	prestar
bn:00082319v	sumar
bn:00082319v	traer
bn:00082320v	añadir
bn:00082321v	sumar
bn:00082321v	totalizar
bn:00082324v	añadir
bn:00082326v	equivaler
bn:00082326v	ser
bn:00082326v	sumar
bn:00082327v	ascender
bn:00082327v	sumar
bn:00082327v	totalizar
bn:00082332v	dirigir
bn:00082333v	hablar
bn:00082334v	enviar
bn:00082334v	llamar
bn:00082335v	dirigir
bn:00082336v	dirigir
bn:00082339v	abarcar
bn:00082339v	abordar
bn:00082339v	cubrir
bn:00082339v	manejar
bn:00082339v	tratar
bn:00082342v	adherir
bn:00082343v	adherir
bn:00082344v	aferrar
bn:00082347v	adherir
bn:00082348v	encontrar
bn:00082348v	tocar
bn:00082350v	levantar
bn:00082350v	suspender
bn:00082351v	retirar
bn:00082352v	declarar
bn:00082353v	juzgar
bn:00082353v	procesar
bn:00082354v	decidir
bn:00082354v	resolver
bn:00082357v	ajustar
bn:00082358v	ajustar
bn:00082358v	alinear
bn:00082359v	ajustar
bn:00082362v	administrar
bn:00082363v	administrar
bn:00082364v	asestar
bn:00082364v	asignar
bn:00082364v	dispensar
bn:00082364v	distribuir
bn:00082364v	repartir
bn:00082367v	admirar
bn:00082368v	admirar
bn:00082369v	admitir
bn:00082369v	ingresar
bn:00082369v	poner
bn:00082370v	admitir
bn:00082370v	incluir
bn:00082375v	advertir
bn:00082375v	desalentar
bn:00082376v	advertir
bn:00082379v	adoptar
bn:00082379v	apoyar
bn:00082379v	seguir
bn:00082380v	adoptar
bn:00082380v	recoger
bn:00082380v	tomar
bn:00082381v	adoptar
bn:00082381v	asumir
bn:00082381v	tomar
bn:00082382v	adoptar
bn:00082383v	dramatizar
bn:00082385v	adorar
bn:00082386v	adornar
bn:00082386v	decorar
bn:00082392v	delinear
bn:00082392v	dibujar
bn:00082394v	avanzar
bn:00082394v	continuar
bn:00082394v	pasar
bn:00082395v	avanzar
bn:00082395v	proponer
bn:00082396v	aumentar
bn:00082396v	avanzar
bn:00082396v	subir
bn:00082397v	adelantar
bn:00082397v	alentar
bn:00082397v	animar
bn:00082397v	apoyar
bn:00082397v	avanzar
bn:00082397v	fomentar
bn:00082397v	impulsar
bn:00082397v	incentivar
bn:00082397v	promover
bn:00082397v	proponer
bn:00082398v	avanzar
bn:00082399v	avanzar
bn:00082399v	ganar
bn:00082400v	avanzar
bn:00082400v	ir
bn:00082400v	progresar
bn:00082400v	promover
bn:00082400v	venir
bn:00082401v	avanzar
bn:00082402v	ascender
bn:00082402v	promover
bn:00082405v	ganar
bn:00082408v	arriesgar
bn:00082409v	apostar
bn:00082410v	asistir
bn:00082410v	fijar
bn:00082411v	tocar
bn:00082412v	citar
bn:00082412v	mencionar
bn:00082412v	nombrar
bn:00082412v	referir
bn:00082413v	anunciar
bn:00082413v	publicar
bn:00082414v	impulsar
bn:00082414v	promover
bn:00082415v	aconsejar
bn:00082415v	asesorar
bn:00082415v	informar
bn:00082416v	aconsejar
bn:00082416v	advertir
bn:00082416v	avisar
bn:00082416v	informar
bn:00082416v	notificar
bn:00082417v	aconsejar
bn:00082417v	presentar
bn:00082417v	proponer
bn:00082417v	sugerir
bn:00082418v	abogar
bn:00082418v	insistir
bn:00082418v	instar
bn:00082418v	recomendar
bn:00082419v	defender
bn:00082419v	predicar
bn:00082420v	emitir
bn:00082426v	afectar
bn:00082426v	tocar
bn:00082427v	afectar
bn:00082428v	afectar
bn:00082428v	implicar
bn:00082428v	involucrar
bn:00082429v	afectar
bn:00082429v	aparentar
bn:00082429v	disimular
bn:00082429v	fingir
bn:00082430v	impresionar
bn:00082430v	mover
bn:00082430v	parecer
bn:00082432v	asociar
bn:00082434v	afirmar
bn:00082434v	apoyar
bn:00082434v	confirmar
bn:00082434v	corroborar
bn:00082434v	respaldar
bn:00082434v	sostener
bn:00082435v	afirmar
bn:00082435v	jurar
bn:00082436v	afirmar
bn:00082437v	fijar
bn:00082441v	costear
bn:00082442v	arrojar
bn:00082442v	conceder
bn:00082442v	dar
bn:00082442v	ofrecer
bn:00082442v	permitir
bn:00082442v	producir
bn:00082447v	asustar
bn:00082448v	insultar
bn:00082448v	ofender
bn:00082449v	envejecer
bn:00082453v	aglomerar
bn:00082457v	dramatizar
bn:00082458v	agravar
bn:00082459v	irritar
bn:00082461v	combinar
bn:00082462v	atacar
bn:00082466v	agitar
bn:00082468v	hacer
bn:00082468v	luchar
bn:00082469v	agitar
bn:00082469v	cambiar
bn:00082469v	ceder
bn:00082469v	despertar
bn:00082469v	mover
bn:00082470v	agitar
bn:00082470v	sacudir
bn:00082470v	temblar
bn:00082471v	alterar
bn:00082471v	elevar
bn:00082471v	levantar
bn:00082471v	perturbar
bn:00082472v	comprender
bn:00082472v	reconocer
bn:00082475v	acceder
bn:00082475v	aceptar
bn:00082475v	acordar
bn:00082475v	admitir
bn:00082475v	coincidir
bn:00082475v	estar
bn:00082476v	acceder
bn:00082476v	aceptar
bn:00082476v	acordar
bn:00082476v	estar
bn:00082477v	adaptar
bn:00082477v	ajustar
bn:00082477v	coincidir
bn:00082477v	corresponder
bn:00082477v	encajar
bn:00082477v	igualar
bn:00082481v	asistir
bn:00082481v	ayudar
bn:00082482v	ayudar
bn:00082484v	doler
bn:00082485v	apuntar
bn:00082485v	dirigir
bn:00082485v	llevar
bn:00082485v	tomar
bn:00082486v	pretender
bn:00082486v	proponer
bn:00082487v	pretender
bn:00082489v	apuntar
bn:00082489v	colocar
bn:00082489v	dirigir
bn:00082489v	poner
bn:00082491v	aspirar
bn:00082491v	proponer
bn:00082493v	enviar
bn:00082493v	transmitir
bn:00082494v	publicitar
bn:00082496v	ventilar
bn:00082505v	redirigir
bn:00082507v	alarmar
bn:00082507v	alertar
bn:00082514v	alienar
bn:00082517v	bajar
bn:00082518v	alinear
bn:00082519v	alinear
bn:00082521v	nutrir
bn:00082525v	aliviar
bn:00082527v	afirmar
bn:00082527v	alegar
bn:00082527v	decir
bn:00082527v	informar
bn:00082527v	significar
bn:00082530v	aliviar
bn:00082531v	aliviar
bn:00082531v	facilitar
bn:00082534v	asignar
bn:00082534v	destinar
bn:00082534v	distribuir
bn:00082535v	asignar
bn:00082536v	dejar
bn:00082536v	permitir
bn:00082536v	proporcionar
bn:00082536v	soltar
bn:00082537v	dejar
bn:00082537v	permitir
bn:00082538v	conceder
bn:00082538v	dar
bn:00082538v	otorgar
bn:00082538v	permitir
bn:00082539v	dejar
bn:00082539v	permitir
bn:00082539v	realizar
bn:00082539v	recibir
bn:00082539v	reservar
bn:00082539v	tomar
bn:00082540v	dejar
bn:00082540v	permitir
bn:00082541v	permitir
bn:00082553v	alterar
bn:00082553v	cambiar
bn:00082553v	modificar
bn:00082554v	alterar
bn:00082554v	cambiar
bn:00082554v	variar
bn:00082555v	alterar
bn:00082558v	discutir
bn:00082558v	pelear
bn:00082558v	reñir
bn:00082559v	alternar
bn:00082563v	turnar
bn:00082565v	unificar
bn:00082566v	asombrar
bn:00082566v	sorprender
bn:00082567v	asombrar
bn:00082567v	confundir
bn:00082567v	desconcertar
bn:00082573v	mejorar
bn:00082573v	modificar
bn:00082574v	mejorar
bn:00082575v	corregir
bn:00082575v	enmendar
bn:00082575v	modificar
bn:00082576v	remediar
bn:00082585v	equivaler
bn:00082585v	resultar
bn:00082586v	amplificar
bn:00082586v	magnificar
bn:00082587v	exagerar
bn:00082587v	magnificar
bn:00082588v	ampliar
bn:00082588v	expandir
bn:00082588v	inflar
bn:00082591v	divertir
bn:00082591v	entretener
bn:00082592v	divertir
bn:00082596v	analizar
bn:00082596v	estudiar
bn:00082596v	examinar
bn:00082598v	analizar
bn:00082598v	desglosar
bn:00082602v	imprecar
bn:00082602v	maldecir
bn:00082606v	anclar
bn:00082613v	inclinar
bn:00082614v	pescar
bn:00082616v	inclinar
bn:00082616v	ponderar
bn:00082627v	inspirar
bn:00082628v	animar
bn:00082630v	recrear
bn:00082630v	revivir
bn:00082630v	vivificar
bn:00082634v	eliminar
bn:00082634v	erradicar
bn:00082637v	anunciar
bn:00082638v	anunciar
bn:00082638v	declarar
bn:00082639v	anunciar
bn:00082640v	anunciar
bn:00082641v	molestar
bn:00082641v	preocupar
bn:00082643v	derogar
bn:00082643v	levantar
bn:00082643v	rescindir
bn:00082643v	revocar
bn:00082646v	contestar
bn:00082646v	responder
bn:00082647v	contestar
bn:00082647v	responder
bn:00082648v	responder
bn:00082649v	resolver
bn:00082649v	responder
bn:00082650v	responder
bn:00082652v	bastar
bn:00082652v	hacer
bn:00082652v	servir
bn:00082656v	antagonizar
bn:00082656v	contrarrestar
bn:00082657v	antagonizar
bn:00082659v	pagar
bn:00082660v	preceder
bn:00082660v	prescindir
bn:00082660v	renunciar
bn:00082665v	anticipar
bn:00082665v	esperar
bn:00082665v	imaginar
bn:00082665v	suponer
bn:00082666v	anticipar
bn:00082666v	contrarrestar
bn:00082666v	prever
bn:00082667v	anticipar
bn:00082667v	prever
bn:00082668v	anticipar
bn:00082668v	predecir
bn:00082668v	prometer
bn:00082669v	anticipar
bn:00082669v	buscar
bn:00082670v	anticipar
bn:00082676v	caricaturizar
bn:00082678v	excusar
bn:00082678v	justificar
bn:00082678v	racionalizar
bn:00082679v	disculpar
bn:00082683v	indignar
bn:00082683v	sorprender
bn:00082684v	vestir
bn:00082685v	apelar
bn:00082686v	apelar
bn:00082687v	atraer
bn:00082689v	invocar
bn:00082690v	aparecer
bn:00082690v	aparentar
bn:00082690v	estar
bn:00082690v	lucir
bn:00082690v	parecer
bn:00082690v	presentar
bn:00082690v	ver
bn:00082691v	aparecer
bn:00082691v	comparecer
bn:00082691v	parecer
bn:00082691v	presentar
bn:00082692v	aparecer
bn:00082692v	salir
bn:00082692v	surgir
bn:00082693v	aparecer
bn:00082693v	parecer
bn:00082694v	aparecer
bn:00082694v	surgir
bn:00082695v	aparecer
bn:00082696v	comparecer
bn:00082697v	apaciguar
bn:00082697v	pacificar
bn:00082698v	apaciguar
bn:00082703v	aplaudir
bn:00082705v	aplicar
bn:00082705v	aprovechar
bn:00082705v	emplear
bn:00082705v	usar
bn:00082705v	use
bn:00082705v	utilizar
bn:00082706v	aplicar
bn:00082707v	solicitar
bn:00082708v	aplicar
bn:00082709v	aplicar
bn:00082710v	aplicar
bn:00082710v	dar
bn:00082711v	aplicar
bn:00082712v	aplicar
bn:00082712v	hacer
bn:00082712v	implementar
bn:00082712v	imponer
bn:00082713v	aplicar
bn:00082715v	constituir
bn:00082715v	designar
bn:00082715v	nombrar
bn:00082716v	designar
bn:00082716v	encargar
bn:00082716v	nombrar
bn:00082718v	compartir
bn:00082720v	evaluar
bn:00082720v	medir
bn:00082721v	estudiar
bn:00082721v	examinar
bn:00082722v	agradecer
bn:00082722v	apreciar
bn:00082722v	gustar
bn:00082723v	apreciar
bn:00082724v	apreciar
bn:00082727v	comprender
bn:00082727v	entender
bn:00082727v	percibir
bn:00082728v	arrestar
bn:00082728v	atrapar
bn:00082728v	recoger
bn:00082732v	acercar
bn:00082732v	aproximar
bn:00082732v	avanzar
bn:00082732v	subir
bn:00082732v	venir
bn:00082733v	acercar
bn:00082733v	aproximar
bn:00082734v	abordar
bn:00082734v	acercar
bn:00082735v	acercar
bn:00082735v	aproximar
bn:00082736v	abordar
bn:00082736v	acercar
bn:00082739v	capturar
bn:00082739v	confiscar
bn:00082739v	conquistar
bn:00082739v	incautar
bn:00082739v	tomar
bn:00082740v	aprobar
bn:00082740v	sancionar
bn:00082741v	aprobar
bn:00082742v	aproximar
bn:00082743v	adivinar
bn:00082743v	aproximar
bn:00082743v	calcular
bn:00082743v	estimar
bn:00082743v	juzgar
bn:00082743v	suponer
bn:00082748v	arbitrar
bn:00082750v	arquear
bn:00082750v	curvar
bn:00082754v	argumentar
bn:00082754v	discutir
bn:00082754v	razonar
bn:00082755v	argumentar
bn:00082755v	debatir
bn:00082755v	discutir
bn:00082756v	indicar
bn:00082757v	crecer
bn:00082757v	desarrollar
bn:00082757v	originar
bn:00082757v	surgir
bn:00082758v	llegar
bn:00082758v	surgir
bn:00082759v	levantar
bn:00082760v	salir
bn:00082760v	surgir
bn:00082761v	ascender
bn:00082761v	aumentar
bn:00082761v	elevar
bn:00082761v	levantar
bn:00082761v	subir
bn:00082762v	levantar
bn:00082762v	rebelar
bn:00082763v	levantar
bn:00082768v	despertar
bn:00082768v	estimular
bn:00082768v	evocar
bn:00082768v	provocar
bn:00082768v	suscitar
bn:00082769v	despertar
bn:00082770v	causar
bn:00082770v	despertar
bn:00082770v	evocar
bn:00082770v	invocar
bn:00082770v	levantar
bn:00082770v	mencionar
bn:00082770v	plantear
bn:00082770v	provocar
bn:00082770v	sacar
bn:00082771v	despertar
bn:00082771v	energizar
bn:00082771v	estimular
bn:00082772v	despertar
bn:00082775v	procesar
bn:00082776v	acusar
bn:00082777v	arreglar
bn:00082777v	colocar
bn:00082777v	organizar
bn:00082778v	acordar
bn:00082778v	organizar
bn:00082779v	escenificar
bn:00082779v	organizar
bn:00082779v	realizar
bn:00082780v	organizar
bn:00082781v	arreglar
bn:00082781v	peinar
bn:00082781v	preparar
bn:00082782v	ambientar
bn:00082782v	poner
bn:00082784v	disponer
bn:00082785v	detener
bn:00082786v	atrapar
bn:00082786v	captar
bn:00082786v	detener
bn:00082788v	acabar
bn:00082788v	alcanzar
bn:00082788v	encontrar
bn:00082788v	entrar
bn:00082788v	estar
bn:00082788v	ingresar
bn:00082788v	llegar
bn:00082788v	provenir
bn:00082788v	salir
bn:00082788v	surgir
bn:00082788v	venir
bn:00082788v	volver
bn:00082790v	acertar
bn:00082790v	alcanzar
bn:00082790v	dar
bn:00082790v	ganar
bn:00082790v	hacer
bn:00082790v	llegar
bn:00082790v	lograr
bn:00082790v	ser
bn:00082791v	afirmar
bn:00082791v	arrogar
bn:00082791v	reclamar
bn:00082791v	reivindicar
bn:00082793v	tomar
bn:00082793v	usurpar
bn:00082798v	articular
bn:00082799v	expresar
bn:00082799v	formular
bn:00082800v	decir
bn:00082800v	pronunciar
bn:00082800v	rezar
bn:00082802v	enunciar
bn:00082803v	ascender
bn:00082803v	subir
bn:00082809v	salir
bn:00082810v	elevar
bn:00082810v	surgir
bn:00082811v	averiguar
bn:00082811v	considerar
bn:00082811v	descubrir
bn:00082811v	determinar
bn:00082811v	determine
bn:00082811v	encontrar
bn:00082812v	asegurar
bn:00082812v	cuidar
bn:00082812v	revisar
bn:00082812v	ver
bn:00082812v	verificar
bn:00082812v	volver
bn:00082813v	ver
bn:00082815v	asignar
bn:00082815v	atribuir
bn:00082817v	indagar
bn:00082817v	pedir
bn:00082817v	preguntar
bn:00082817v	solicitar
bn:00082818v	exigir
bn:00082818v	pedir
bn:00082818v	preguntar
bn:00082818v	solicitar
bn:00082819v	preguntar
bn:00082820v	esperar
bn:00082820v	exigir
bn:00082820v	pedir
bn:00082820v	requerir
bn:00082820v	suponer
bn:00082821v	preguntar
bn:00082822v	exigir
bn:00082822v	implicar
bn:00082822v	involucrar
bn:00082822v	necesitar
bn:00082822v	realizar
bn:00082822v	requerir
bn:00082822v	solicitar
bn:00082822v	tardar
bn:00082824v	buscar
bn:00082824v	invitar
bn:00082824v	pedir
bn:00082826v	invitar
bn:00082828v	invitar
bn:00082829v	calumniar
bn:00082829v	manchar
bn:00082829v	mancillar
bn:00082831v	asfixiar
bn:00082837v	agredir
bn:00082837v	asaltar
bn:00082837v	atacar
bn:00082838v	atacar
bn:00082839v	atacar
bn:00082842v	violar
bn:00082844v	buscar
bn:00082844v	intentar
bn:00082844v	probar
bn:00082844v	tratar
bn:00082844v	ver
bn:00082845v	armar
bn:00082845v	componer
bn:00082845v	ensamblar
bn:00082845v	establecer
bn:00082845v	instalar
bn:00082845v	reunir
bn:00082846v	componer
bn:00082846v	reunir
bn:00082847v	reunir
bn:00082848v	afirmar
bn:00082848v	sostener
bn:00082849v	afirmar
bn:00082849v	imponer
bn:00082850v	insistir
bn:00082857v	asignar
bn:00082857v	delegar
bn:00082857v	encargar
bn:00082858v	asignar
bn:00082859v	asignar
bn:00082859v	poner
bn:00082862v	asimilar
bn:00082863v	asimilar
bn:00082866v	asistir
bn:00082866v	ayudar
bn:00082867v	atender
bn:00082867v	servir
bn:00082868v	asociar
bn:00082868v	relacionar
bn:00082868v	vincular
bn:00082871v	clasificar
bn:00082871v	separar
bn:00082872v	asumir
bn:00082872v	suponer
bn:00082873v	asumir
bn:00082873v	ocupar
bn:00082873v	querer
bn:00082873v	tomar
bn:00082876v	poner
bn:00082876v	usar
bn:00082877v	asegurar
bn:00082877v	garantizar
bn:00082878v	asegurar
bn:00082879v	asegurar
bn:00082880v	asegurar
bn:00082881v	asegurar
bn:00082881v	prometer
bn:00082893v	adherir
bn:00082893v	adjuntar
bn:00082893v	atribuir
bn:00082893v	colocar
bn:00082893v	conceder
bn:00082893v	fijar
bn:00082893v	sujetar
bn:00082893v	unir
bn:00082893v	usar
bn:00082894v	poner
bn:00082896v	unir
bn:00082897v	capturar
bn:00082897v	confiscar
bn:00082897v	detener
bn:00082901v	alcanzar
bn:00082901v	llegar
bn:00082902v	alcanzar
bn:00082902v	descubrir
bn:00082902v	encontrar
bn:00082903v	deshonrar
bn:00082906v	emprender
bn:00082906v	intentar
bn:00082906v	realizar
bn:00082907v	asistir
bn:00082907v	ir
bn:00082908v	atender
bn:00082908v	cuidar
bn:00082908v	ocupar
bn:00082910v	atender
bn:00082913v	atestiguar
bn:00082913v	certificar
bn:00082913v	demostrar
bn:00082913v	evidenciar
bn:00082913v	manifestar
bn:00082913v	mostrar
bn:00082914v	atestiguar
bn:00082915v	declarar
bn:00082915v	testificar
bn:00082920v	atraer
bn:00082920v	llamar
bn:00082920v	meter
bn:00082920v	tirar
bn:00082924v	auditar
bn:00082926v	audicionar
bn:00082927v	aumentar
bn:00082928v	incrementar
bn:00082929v	augurar
bn:00082929v	predecir
bn:00082929v	presagiar
bn:00082938v	autorizar
bn:00082938v	despejar
bn:00082941v	automatizar
bn:00082947v	servir
bn:00082950v	vengar
bn:00082951v	promediar
bn:00082952v	promediar
bn:00082953v	promediar
bn:00082954v	desviar
bn:00082954v	evitar
bn:00082955v	apartar
bn:00082957v	volar
bn:00082958v	evitar
bn:00082959v	evitar
bn:00082960v	evitar
bn:00082963v	aguardar
bn:00082963v	buscar
bn:00082963v	esperar
bn:00082965v	galardonar
bn:00082965v	otorgar
bn:00082965v	presentar
bn:00082966v	conceder
bn:00082966v	otorgar
bn:00082971v	balar
bn:00082974v	charlar
bn:00082976v	cantar
bn:00082976v	hablar
bn:00082977v	consentir
bn:00082977v	mimar
bn:00082981v	apoyar
bn:00082981v	aprobar
bn:00082981v	respaldar
bn:00082982v	apoyar
bn:00082982v	retroceder
bn:00082983v	apoyar
bn:00082983v	respaldar
bn:00082984v	retroceder
bn:00082985v	respaldar
bn:00082987v	arriesgar
bn:00082989v	apoyar
bn:00082992v	retroceder
bn:00082995v	apoyar
bn:00082995v	respaldar
bn:00082995v	sostener
bn:00082997v	obstruir
bn:00083018v	alejar
bn:00083018v	regresar
bn:00083021v	molestar
bn:00083021v	provocar
bn:00083024v	cruzar
bn:00083024v	frustrar
bn:00083026v	cazar
bn:00083038v	burlar
bn:00083038v	tentar
bn:00083041v	hornear
bn:00083043v	hornear
bn:00083045v	equilibrar
bn:00083046v	cuadrar
bn:00083046v	equilibrar
bn:00083047v	equilibrar
bn:00083051v	resistir
bn:00083054v	sorprender
bn:00083055v	arruinar
bn:00083061v	intimidar
bn:00083065v	expulsar
bn:00083066v	desterrar
bn:00083077v	golpear
bn:00083078v	golpear
bn:00083079v	cerrar
bn:00083087v	desterrar
bn:00083093v	depositar
bn:00083095v	confiar
bn:00083097v	arruinar
bn:00083101v	bautizar
bn:00083102v	excluir
bn:00083103v	bloquear
bn:00083110v	asar
bn:00083115v	vomitar
bn:00083116v	negociar
bn:00083119v	irrumpir
bn:00083122v	interrumpir
bn:00083123v	ladrar
bn:00083132v	incitar
bn:00083133v	burlar
bn:00083141v	basar
bn:00083141v	establecer
bn:00083141v	fundamentar
bn:00083145v	disfrutar
bn:00083145v	gustar
bn:00083145v	saborear
bn:00083150v	bañar
bn:00083151v	golpear
bn:00083154v	batear
bn:00083166v	bañar
bn:00083171v	golpear
bn:00083171v	sacudir
bn:00083171v	zarandear
bn:00083173v	combatir
bn:00083173v	luchar
bn:00083174v	gritar
bn:00083174v	llorar
bn:00083174v	vociferar
bn:00083177v	criticar
bn:00083177v	reprender
bn:00083181v	acabar
bn:00083181v	andar
bn:00083181v	carecer
bn:00083181v	conformar
bn:00083181v	considerar
bn:00083181v	constituir
bn:00083181v	decir
bn:00083181v	depender
bn:00083181v	equivaler
bn:00083181v	estar
bn:00083181v	existir
bn:00083181v	faltar
bn:00083181v	formar
bn:00083181v	haber
bn:00083181v	hacer
bn:00083181v	ir
bn:00083181v	merecer
bn:00083181v	nacer
bn:00083181v	ocurrir
bn:00083181v	pasar
bn:00083181v	permanecer
bn:00083181v	quedar
bn:00083181v	realizar
bn:00083181v	representar
bn:00083181v	resultar
bn:00083181v	salir
bn:00083181v	seguir
bn:00083181v	sentir
bn:00083181v	ser
bn:00083181v	significar
bn:00083181v	soler
bn:00083181v	tener
bn:00083181v	terminar
bn:00083181v	valer
bn:00083181v	venir
bn:00083181v	vivir
bn:00083182v	decir
bn:00083182v	estar
bn:00083182v	formar
bn:00083182v	haber
bn:00083182v	ir
bn:00083182v	ocurrir
bn:00083182v	pasar
bn:00083182v	representar
bn:00083182v	residir
bn:00083182v	seguir
bn:00083182v	ser
bn:00083182v	tener
bn:00083183v	acabar
bn:00083183v	estar
bn:00083183v	existir
bn:00083183v	haber
bn:00083183v	ir
bn:00083183v	ocurrir
bn:00083183v	pasar
bn:00083183v	quedar
bn:00083183v	residir
bn:00083183v	salir
bn:00083183v	seguir
bn:00083183v	ser
bn:00083183v	tener
bn:00083183v	venir
bn:00083184v	estar
bn:00083184v	existir
bn:00083184v	haber
bn:00083184v	merecer
bn:00083184v	quedar
bn:00083184v	sentir
bn:00083184v	ser
bn:00083184v	tener
bn:00083184v	terminar
bn:00083185v	estar
bn:00083185v	existir
bn:00083185v	haber
bn:00083185v	hacer
bn:00083185v	ir
bn:00083185v	pertenecer
bn:00083185v	quedar
bn:00083185v	radicar
bn:00083185v	salir
bn:00083185v	seguir
bn:00083185v	ser
bn:00083185v	tener
bn:00083186v	costar
bn:00083186v	equivaler
bn:00083186v	estar
bn:00083186v	haber
bn:00083186v	igualar
bn:00083186v	ser
bn:00083186v	tener
bn:00083187v	constituir
bn:00083187v	estar
bn:00083187v	formar
bn:00083187v	haber
bn:00083187v	representar
bn:00083187v	ser
bn:00083188v	estar
bn:00083188v	ir
bn:00083188v	pasar
bn:00083188v	ser
bn:00083188v	tener
bn:00083189v	encarnar
bn:00083189v	estar
bn:00083189v	haber
bn:00083189v	ir
bn:00083189v	personificar
bn:00083189v	ser
bn:00083189v	sobrevivir
bn:00083190v	pasar
bn:00083191v	pasar
bn:00083191v	vivir
bn:00083193v	costar
bn:00083194v	mover
bn:00083195v	derivar
bn:00083195v	flotar
bn:00083195v	soplar
bn:00083196v	buscar
bn:00083196v	planear
bn:00083199v	nacer
bn:00083202v	crecer
bn:00083202v	inclinar
bn:00083202v	tender
bn:00083206v	cállate
bn:00083214v	picotear
bn:00083216v	brillar
bn:00083218v	brillar
bn:00083221v	llevar
bn:00083221v	tener
bn:00083222v	dar
bn:00083222v	nacer
bn:00083222v	tener
bn:00083223v	llevar
bn:00083223v	traer
bn:00083224v	dar
bn:00083224v	nacer
bn:00083224v	producir
bn:00083225v	albergar
bn:00083225v	contener
bn:00083225v	llevar
bn:00083225v	sostener
bn:00083225v	tener
bn:00083225v	transportar
bn:00083226v	devengar
bn:00083226v	pagar
bn:00083227v	llevar
bn:00083227v	usar
bn:00083228v	tener
bn:00083229v	cargar
bn:00083229v	llevar
bn:00083229v	mantener
bn:00083229v	sostener
bn:00083231v	alejar
bn:00083231v	arrastrar
bn:00083231v	llevar
bn:00083231v	quitar
bn:00083234v	asaltar
bn:00083234v	cargar
bn:00083240v	concernir
bn:00083240v	interesar
bn:00083240v	pertenecer
bn:00083240v	preocupar
bn:00083240v	referir
bn:00083240v	relacionar
bn:00083240v	respectar
bn:00083240v	tocar
bn:00083241v	empujar
bn:00083242v	conservar
bn:00083242v	continuar
bn:00083242v	llevar
bn:00083242v	mantener
bn:00083242v	preservar
bn:00083242v	seguir
bn:00083242v	sostener
bn:00083243v	apoyar
bn:00083243v	confirmar
bn:00083245v	demostrar
bn:00083245v	evidenciar
bn:00083245v	indicar
bn:00083245v	mostrar
bn:00083245v	probar
bn:00083247v	derrotar
bn:00083247v	ganar
bn:00083247v	superar
bn:00083247v	vencer
bn:00083248v	golpear
bn:00083249v	golpear
bn:00083250v	golpear
bn:00083250v	latir
bn:00083251v	batir
bn:00083252v	marcar
bn:00083256v	vencer
bn:00083268v	agotar
bn:00083270v	buscar
bn:00083272v	ahuyentar
bn:00083272v	empujar
bn:00083272v	rechazar
bn:00083272v	repeler
bn:00083277v	reunir
bn:00083284v	calmar
bn:00083284v	estabilizar
bn:00083285v	ocurrir
bn:00083285v	pasar
bn:00083285v	suceder
bn:00083286v	descubrir
bn:00083286v	ocurrir
bn:00083286v	pasar
bn:00083286v	suceder
bn:00083288v	captar
bn:00083288v	capturar
bn:00083288v	cautivar
bn:00083288v	encantar
bn:00083289v	agitar
bn:00083289v	llamar
bn:00083290v	llamar
bn:00083292v	ocultar
bn:00083293v	convertir
bn:00083293v	estar
bn:00083293v	hacer
bn:00083293v	llegar
bn:00083293v	parecer
bn:00083293v	pasar
bn:00083293v	poner
bn:00083293v	recibir
bn:00083293v	salir
bn:00083293v	ser
bn:00083293v	tomar
bn:00083293v	volver
bn:00083294v	convertir
bn:00083294v	cumplir
bn:00083294v	devenir
bn:00083294v	estar
bn:00083294v	hacer
bn:00083294v	pasar
bn:00083294v	ser
bn:00083294v	volver
bn:00083295v	convertir
bn:00083295v	volver
bn:00083306v	deslumbrar
bn:00083308v	crucificar
bn:00083309v	confundir
bn:00083309v	desconcertar
bn:00083317v	fortalecer
bn:00083317v	reforzar
bn:00083324v	salir
bn:00083326v	engañar
bn:00083327v	engañar
bn:00083331v	implorar
bn:00083331v	pedir
bn:00083331v	rogar
bn:00083331v	suplicar
bn:00083332v	pedir
bn:00083332v	preguntar
bn:00083332v	solicitar
bn:00083332v	suplicar
bn:00083333v	mendigar
bn:00083333v	pedir
bn:00083336v	engendrar
bn:00083336v	generar
bn:00083340v	comenzar
bn:00083340v	disponer
bn:00083340v	empezar
bn:00083340v	empiezo
bn:00083340v	emprender
bn:00083340v	encender
bn:00083340v	iniciar
bn:00083341v	comenzar
bn:00083342v	arrancar
bn:00083342v	causar
bn:00083342v	comenzar
bn:00083342v	empezar
bn:00083342v	iniciar
bn:00083343v	comenzar
bn:00083350v	ensuciar
bn:00083354v	comportar
bn:00083355v	decapitar
bn:00083356v	contemplar
bn:00083356v	ver
bn:00083365v	erupcionar
bn:00083366v	sitiar
bn:00083367v	contradecir
bn:00083367v	desmentir
bn:00083369v	creer
bn:00083370v	considerar
bn:00083370v	creer
bn:00083370v	parecer
bn:00083370v	pensar
bn:00083371v	confiar
bn:00083371v	creer
bn:00083372v	creer
bn:00083377v	disminuir
bn:00083386v	pertenecer
bn:00083387v	pertenecer
bn:00083388v	ir
bn:00083388v	pertenecer
bn:00083389v	pertenecer
bn:00083391v	pertenecer
bn:00083395v	acelerar
bn:00083395v	apresurar
bn:00083395v	correr
bn:00083397v	lamentar
bn:00083398v	burlar
bn:00083402v	bajar
bn:00083402v	doblar
bn:00083402v	inclinar
bn:00083403v	agachar
bn:00083403v	doblar
bn:00083403v	inclinar
bn:00083404v	torcer
bn:00083405v	inclinar
bn:00083406v	apartar
bn:00083413v	beneficiar
bn:00083413v	ganar
bn:00083413v	obtener
bn:00083414v	beneficiar
bn:00083420v	dejar
bn:00083426v	asediar
bn:00083426v	atormentar
bn:00083426v	hostigar
bn:00083427v	acosar
bn:00083431v	mancillar
bn:00083436v	apuntar
bn:00083436v	indicar
bn:00083436v	señalar
bn:00083437v	convocar
bn:00083437v	exigir
bn:00083437v	pedir
bn:00083437v	solicitar
bn:00083441v	superar
bn:00083443v	despertar
bn:00083445v	otorgar
bn:00083448v	montar
bn:00083448v	subir
bn:00083449v	apostar
bn:00083455v	delatar
bn:00083455v	traicionar
bn:00083456v	traicionar
bn:00083457v	fallar
bn:00083457v	traicionar
bn:00083458v	deambular
bn:00083458v	traicionar
bn:00083459v	delatar
bn:00083460v	engañar
bn:00083461v	mejorar
bn:00083461v	romper
bn:00083462v	biselar
bn:00083472v	licitar
bn:00083472v	ofertar
bn:00083472v	ofrecer
bn:00083472v	presentar
bn:00083472v	pujar
bn:00083473v	desear
bn:00083476v	invitar
bn:00083476v	invite
bn:00083476v	ordenar
bn:00083477v	golpear
bn:00083483v	estafar
bn:00083485v	eludir
bn:00083486v	cargar
bn:00083486v	cobrar
bn:00083486v	facturar
bn:00083492v	surgir
bn:00083494v	unir
bn:00083494v	vendar
bn:00083495v	amarrar
bn:00083495v	atar
bn:00083496v	subir
bn:00083498v	atar
bn:00083498v	unir
bn:00083512v	girar
bn:00083513v	silbar
bn:00083513v	zumbar
bn:00083515v	morder
bn:00083516v	arder
bn:00083519v	morder
bn:00083524v	acampar
bn:00083525v	charlar
bn:00083533v	vetar
bn:00083536v	ridiculizar
bn:00083545v	atribuir
bn:00083545v	culpar
bn:00083546v	culpar
bn:00083547v	culpar
bn:00083550v	halagar
bn:00083552v	olvidar
bn:00083560v	blasfemar
bn:00083560v	jurar
bn:00083560v	maldecir
bn:00083562v	estrellar
bn:00083562v	golpear
bn:00083562v	romper
bn:00083567v	disparar
bn:00083572v	brillar
bn:00083579v	quemar
bn:00083581v	exclamar
bn:00083581v	gritar
bn:00083586v	desangrar
bn:00083586v	sangrar
bn:00083587v	sangrar
bn:00083589v	correr
bn:00083595v	combinar
bn:00083595v	fusionar
bn:00083595v	mezclar
bn:00083596v	mezclar
bn:00083597v	combinar
bn:00083597v	fusionar
bn:00083597v	mezclar
bn:00083599v	bendecir
bn:00083600v	bendecir
bn:00083603v	arruinar
bn:00083603v	plagar
bn:00083604v	cegar
bn:00083605v	cegar
bn:00083610v	guiñar
bn:00083610v	parpadear
bn:00083611v	parpadear
bn:00083612v	brillar
bn:00083612v	destellar
bn:00083612v	encender
bn:00083612v	parpadear
bn:00083622v	bloquear
bn:00083623v	apagar
bn:00083623v	bloquear
bn:00083623v	detener
bn:00083623v	impedir
bn:00083624v	bloquear
bn:00083630v	obstruir
bn:00083642v	bloquear
bn:00083646v	florecer
bn:00083647v	desarrollar
bn:00083647v	florecer
bn:00083649v	borrar
bn:00083652v	soplar
bn:00083653v	echar
bn:00083653v	soplar
bn:00083656v	soplar
bn:00083657v	desperdiciar
bn:00083657v	gastar
bn:00083657v	perder
bn:00083668v	presumir
bn:00083677v	pasar
bn:00083678v	detonar
bn:00083678v	explotar
bn:00083678v	volar
bn:00083679v	ampliar
bn:00083694v	exclamar
bn:00083694v	soltar
bn:00083699v	nublar
bn:00083704v	sonrojar
bn:00083708v	abordar
bn:00083708v	embarcar
bn:00083708v	subir
bn:00083709v	alojar
bn:00083709v	hospedar
bn:00083713v	alardear
bn:00083713v	llevar
bn:00083713v	presumir
bn:00083723v	personificar
bn:00083725v	encarnar
bn:00083725v	incorporar
bn:00083729v	estancar
bn:00083736v	hervir
bn:00083737v	hervir
bn:00083741v	reducir
bn:00083747v	reforzar
bn:00083753v	devorar
bn:00083762v	zumbar
bn:00083765v	reunir
bn:00083773v	reservar
bn:00083774v	mantener
bn:00083774v	reservar
bn:00083775v	contratar
bn:00083781v	ampliar
bn:00083781v	crecer
bn:00083781v	florecer
bn:00083781v	prosperar
bn:00083784v	aumentar
bn:00083785v	aumentar
bn:00083790v	expulsar
bn:00083791v	expulsar
bn:00083796v	beber
bn:00083797v	bordear
bn:00083797v	rodear
bn:00083798v	rodear
bn:00083799v	bordear
bn:00083799v	enmarcar
bn:00083801v	aburrir
bn:00083802v	perforar
bn:00083803v	pedir
bn:00083803v	prestar
bn:00083803v	solicitar
bn:00083803v	tomar
bn:00083805v	abrazar
bn:00083808v	molestar
bn:00083809v	apagar
bn:00083809v	molestar
bn:00083821v	comprender
bn:00083821v	penetrar
bn:00083824v	rebotar
bn:00083825v	rebotar
bn:00083826v	rebotar
bn:00083827v	rebotar
bn:00083831v	superar
bn:00083833v	brincar
bn:00083833v	saltar
bn:00083834v	estrangular
bn:00083834v	limitar
bn:00083834v	restringir
bn:00083836v	brotar
bn:00083836v	germinar
bn:00083838v	inclinar
bn:00083839v	inclinar
bn:00083848v	derribar
bn:00083848v	volcar
bn:00083848v	voltear
bn:00083849v	empaquetar
bn:00083853v	boicotear
bn:00083855v	estabilizar
bn:00083855v	reforzar
bn:00083857v	preparar
bn:00083864v	trenzar
bn:00083880v	ampliar
bn:00083881v	marcar
bn:00083882v	denunciar
bn:00083882v	marcar
bn:00083885v	agitar
bn:00083889v	soportar
bn:00083891v	discutir
bn:00083897v	pasar
bn:00083897v	romper
bn:00083897v	violar
bn:00083898v	romper
bn:00083900v	romper
bn:00083901v	romper
bn:00083901v	separar
bn:00083902v	caer
bn:00083902v	destrozar
bn:00083902v	quebrar
bn:00083902v	romper
bn:00083903v	quebrar
bn:00083903v	romper
bn:00083904v	romper
bn:00083905v	escapar
bn:00083905v	romper
bn:00083906v	dividir
bn:00083907v	estallar
bn:00083907v	quebrar
bn:00083908v	detener
bn:00083908v	revelar
bn:00083908v	romper
bn:00083909v	irrumpir
bn:00083910v	quebrar
bn:00083910v	romper
bn:00083911v	ir
bn:00083911v	romper
bn:00083911v	violar
bn:00083912v	delatar
bn:00083912v	descubrir
bn:00083912v	divulgar
bn:00083912v	exponer
bn:00083912v	revelar
bn:00083914v	averiar
bn:00083914v	colapsar
bn:00083914v	fallar
bn:00083917v	romper
bn:00083918v	amortiguar
bn:00083918v	suavizar
bn:00083928v	desintegrar
bn:00083928v	dividir
bn:00083928v	separar
bn:00083929v	degradar
bn:00083929v	relegar
bn:00083932v	ceder
bn:00083932v	colapsar
bn:00083932v	derrumbar
bn:00083932v	desmoronar
bn:00083932v	desplomar
bn:00083938v	desgastar
bn:00083950v	abrir
bn:00083950v	romper
bn:00083956v	desmontar
bn:00083957v	estrellar
bn:00083957v	romper
bn:00083959v	romper
bn:00083961v	correr
bn:00083961v	escapar
bn:00083961v	huir
bn:00083964v	derribar
bn:00083964v	romper
bn:00083965v	derrumbar
bn:00083966v	arrugar
bn:00083966v	desmoronar
bn:00083968v	descomponer
bn:00083969v	colapsar
bn:00083969v	derrumbar
bn:00083969v	desplomar
bn:00083977v	explotar
bn:00083978v	escapar
bn:00083978v	evitar
bn:00083979v	acortar
bn:00083979v	interrumpir
bn:00083983v	dividir
bn:00083983v	estallar
bn:00083984v	estallar
bn:00083985v	estallar
bn:00083985v	surgir
bn:00083987v	romper
bn:00083988v	brotar
bn:00083990v	romper
bn:00083992v	erupcionar
bn:00083993v	desintegrar
bn:00083993v	disipar
bn:00083993v	dispersar
bn:00083993v	interrumpir
bn:00083993v	romper
bn:00083994v	disolver
bn:00083994v	romper
bn:00083995v	alterar
bn:00083995v	cesar
bn:00083995v	cortar
bn:00083995v	interrumpir
bn:00083995v	perturbar
bn:00083995v	romper
bn:00083996v	desintegrar
bn:00083996v	disolver
bn:00083998v	cortar
bn:00084002v	disolver
bn:00084009v	desayunar
bn:00084018v	respirar
bn:00084019v	respirar
bn:00084020v	dar
bn:00084024v	descansar
bn:00084026v	emitir
bn:00084028v	exhalar
bn:00084031v	engendrar
bn:00084031v	generar
bn:00084034v	multiplicar
bn:00084040v	comprar
bn:00084040v	sobornar
bn:00084050v	informar
bn:00084053v	despejar
bn:00084056v	desbordar
bn:00084058v	aportar
bn:00084058v	bajar
bn:00084058v	llevar
bn:00084058v	lograr
bn:00084058v	tomar
bn:00084058v	traer
bn:00084059v	acercar
bn:00084059v	aportar
bn:00084059v	llevar
bn:00084059v	lograr
bn:00084059v	provocar
bn:00084059v	traer
bn:00084060v	aportar
bn:00084060v	causar
bn:00084060v	llevar
bn:00084060v	provocar
bn:00084060v	realizar
bn:00084060v	traer
bn:00084061v	aportar
bn:00084061v	coger
bn:00084061v	conseguir
bn:00084061v	llevar
bn:00084061v	obtener
bn:00084061v	ser
bn:00084061v	tomar
bn:00084061v	traer
bn:00084062v	aterrizar
bn:00084062v	llevar
bn:00084062v	traer
bn:00084063v	traer
bn:00084064v	instituir
bn:00084064v	traer
bn:00084065v	alcanzar
bn:00084069v	producir
bn:00084071v	aliviar
bn:00084071v	curar
bn:00084073v	devolver
bn:00084074v	bajar
bn:00084074v	dejar
bn:00084074v	derribar
bn:00084075v	derrocar
bn:00084076v	imponer
bn:00084076v	infligir
bn:00084077v	aterrizar
bn:00084079v	disminuir
bn:00084079v	recortar
bn:00084079v	reducir
bn:00084080v	generar
bn:00084081v	producir
bn:00084081v	sacar
bn:00084082v	generar
bn:00084082v	producir
bn:00084082v	sacar
bn:00084083v	presentar
bn:00084083v	recordar
bn:00084086v	lograr
bn:00084086v	suceder
bn:00084086v	tener
bn:00084088v	introducir
bn:00084088v	presentar
bn:00084088v	traer
bn:00084089v	ganar
bn:00084089v	generar
bn:00084089v	hacer
bn:00084089v	realizar
bn:00084092v	lograr
bn:00084092v	manejar
bn:00084093v	inducir
bn:00084093v	provocar
bn:00084094v	producir
bn:00084094v	provocar
bn:00084097v	descubrir
bn:00084097v	manifestar
bn:00084097v	publicar
bn:00084097v	revelar
bn:00084097v	sacar
bn:00084098v	sacar
bn:00084099v	emitir
bn:00084099v	publicar
bn:00084102v	sacar
bn:00084105v	salvar
bn:00084107v	juntar
bn:00084107v	reunir
bn:00084107v	unir
bn:00084108v	crecer
bn:00084108v	criar
bn:00084108v	educar
bn:00084109v	subir
bn:00084110v	elevar
bn:00084110v	izar
bn:00084110v	levantar
bn:00084110v	sacar
bn:00084110v	subir
bn:00084111v	despertar
bn:00084114v	erizar
bn:00084119v	circular
bn:00084119v	difundir
bn:00084119v	diseminar
bn:00084119v	distribuir
bn:00084119v	extender
bn:00084120v	ampliar
bn:00084121v	ampliar
bn:00084121v	extender
bn:00084122v	ampliar
bn:00084125v	bordar
bn:00084133v	meditar
bn:00084133v	reflexionar
bn:00084134v	cerner
bn:00084137v	incubar
bn:00084138v	barrer
bn:00084145v	pastar
bn:00084148v	herir
bn:00084149v	doler
bn:00084154v	aplicar
bn:00084154v	barrer
bn:00084154v	cepillar
bn:00084155v	rozar
bn:00084156v	cepillar
bn:00084157v	apartar
bn:00084157v	barrer
bn:00084158v	apartar
bn:00084160v	descartar
bn:00084160v	descontar
bn:00084160v	desechar
bn:00084160v	desestimar
bn:00084160v	ignorar
bn:00084166v	burbujear
bn:00084174v	cargar
bn:00084174v	desgarrar
bn:00084182v	ceder
bn:00084182v	sucumbir
bn:00084184v	brotar
bn:00084184v	germinar
bn:00084185v	brotar
bn:00084186v	presupuestar
bn:00084192v	amortiguar
bn:00084192v	suavizar
bn:00084198v	construir
bn:00084198v	desarrollar
bn:00084198v	formar
bn:00084198v	hacer
bn:00084199v	aumentar
bn:00084199v	construir
bn:00084199v	crecer
bn:00084199v	desarrollar
bn:00084200v	construir
bn:00084200v	establecer
bn:00084209v	descansar
bn:00084210v	aumentar
bn:00084210v	desarrollar
bn:00084210v	intensificar
bn:00084211v	desarrollar
bn:00084212v	abultar
bn:00084214v	abultar
bn:00084228v	tropezar
bn:00084229v	tartamudear
bn:00084229v	vacilar
bn:00084230v	dar
bn:00084230v	golpear
bn:00084231v	alcanzar
bn:00084231v	descubrir
bn:00084231v	encontrar
bn:00084231v	llegar
bn:00084235v	chocar
bn:00084235v	encontrar
bn:00084236v	asesinar
bn:00084236v	eliminar
bn:00084238v	agrupar
bn:00084239v	agrupar
bn:00084240v	defraudar
bn:00084240v	engañar
bn:00084240v	estafar
bn:00084262v	cargar
bn:00084263v	cargar
bn:00084270v	consumir
bn:00084270v	incendiar
bn:00084270v	quemar
bn:00084271v	arder
bn:00084271v	brillar
bn:00084272v	arder
bn:00084272v	consumir
bn:00084273v	arder
bn:00084273v	incendiar
bn:00084274v	quemar
bn:00084275v	quemar
bn:00084277v	gastar
bn:00084282v	quemar
bn:00084284v	arder
bn:00084284v	incendiar
bn:00084285v	quemar
bn:00084286v	cavar
bn:00084287v	estallar
bn:00084287v	explotar
bn:00084287v	irrumpir
bn:00084287v	reventar
bn:00084293v	florecer
bn:00084295v	estallar
bn:00084297v	cubrir
bn:00084297v	enterrar
bn:00084298v	enterrar
bn:00084300v	engullir
bn:00084302v	olvidar
bn:00084308v	arreglar
bn:00084308v	remendar
bn:00084308v	reparar
bn:00084308v	restaurar
bn:00084312v	besar
bn:00084314v	arrancar
bn:00084314v	desgarrar
bn:00084314v	destrozar
bn:00084314v	rasgar
bn:00084314v	romper
bn:00084315v	arruinar
bn:00084315v	destrozar
bn:00084317v	ocupar
bn:00084318v	sacrificar
bn:00084324v	coquetear
bn:00084331v	adquirir
bn:00084331v	comprar
bn:00084335v	frecuentar
bn:00084342v	tomar
bn:00084343v	expirar
bn:00084343v	fallecer
bn:00084343v	morir
bn:00084343v	perecer
bn:00084343v	sucumbir
bn:00084350v	defecar
bn:00084350v	hacer
bn:00084352v	conspirar
bn:00084354v	telegrafiar
bn:00084359v	cacarear
bn:00084373v	calcular
bn:00084374v	calcular
bn:00084374v	contar
bn:00084374v	estimar
bn:00084374v	imaginar
bn:00084374v	pensar
bn:00084374v	prever
bn:00084374v	suponer
bn:00084375v	prever
bn:00084375v	pronosticar
bn:00084378v	calibrar
bn:00084385v	denominar
bn:00084385v	llamar
bn:00084385v	nombrar
bn:00084386v	calificar
bn:00084386v	llamar
bn:00084387v	llamar
bn:00084387v	telefonear
bn:00084388v	cantar
bn:00084388v	clamar
bn:00084388v	exclamar
bn:00084388v	gritar
bn:00084388v	llamar
bn:00084388v	llorar
bn:00084389v	llamar
bn:00084390v	llamar
bn:00084390v	visitar
bn:00084391v	convocar
bn:00084391v	poner
bn:00084393v	llamar
bn:00084411v	señalar
bn:00084412v	retirar
bn:00084413v	acordar
bn:00084413v	evocar
bn:00084413v	pensar
bn:00084413v	recordar
bn:00084416v	invitar
bn:00084416v	solicitar
bn:00084417v	recoger
bn:00084418v	evocar
bn:00084418v	provocar
bn:00084419v	llamar
bn:00084420v	llamar
bn:00084421v	llamar
bn:00084422v	llamar
bn:00084423v	cuestionar
bn:00084425v	cancelar
bn:00084426v	visitar
bn:00084428v	clamar
bn:00084428v	exclamar
bn:00084428v	gritar
bn:00084429v	gritar
bn:00084429v	llamar
bn:00084433v	reunir
bn:00084433v	unir
bn:00084438v	calmar
bn:00084439v	calmar
bn:00084444v	camuflar
bn:00084447v	hacer
bn:00084450v	envasar
bn:00084451v	despedir
bn:00084454v	compensar
bn:00084458v	anular
bn:00084475v	inclinar
bn:00084481v	cantar
bn:00084481v	corear
bn:00084481v	entonar
bn:00084494v	aprovechar
bn:00084494v	capitalizar
bn:00084508v	captar
bn:00084508v	capturar
bn:00084509v	atrapar
bn:00084509v	captar
bn:00084509v	capturar
bn:00084509v	dar
bn:00084510v	capturar
bn:00084511v	atrapar
bn:00084511v	captar
bn:00084524v	importar
bn:00084524v	interesar
bn:00084524v	preocupar
bn:00084525v	atender
bn:00084525v	cuidar
bn:00084526v	deber
bn:00084526v	desear
bn:00084526v	gustar
bn:00084526v	importar
bn:00084526v	querer
bn:00084527v	abordar
bn:00084527v	atender
bn:00084527v	cuidar
bn:00084527v	manejar
bn:00084527v	tratar
bn:00084528v	importar
bn:00084528v	preocupar
bn:00084531v	apreciar
bn:00084531v	valorar
bn:00084532v	tratar
bn:00084533v	tambalear
bn:00084536v	acariciar
bn:00084538v	inquietar
bn:00084538v	preocupar
bn:00084554v	llevar
bn:00084554v	tener
bn:00084554v	traer
bn:00084554v	transportar
bn:00084555v	cargar
bn:00084555v	llevar
bn:00084555v	portar
bn:00084555v	tener
bn:00084555v	tomar
bn:00084556v	alcanzar
bn:00084556v	llevar
bn:00084556v	transmitir
bn:00084557v	expresar
bn:00084557v	llevar
bn:00084557v	tener
bn:00084557v	transmitir
bn:00084558v	cargar
bn:00084558v	llevar
bn:00084559v	llevar
bn:00084560v	llevar
bn:00084561v	acarrear
bn:00084562v	llevar
bn:00084563v	llevar
bn:00084564v	abastecer
bn:00084564v	llevar
bn:00084566v	acarrear
bn:00084573v	persuadir
bn:00084593v	conducir
bn:00084593v	continuar
bn:00084593v	dirigir
bn:00084593v	llevar
bn:00084593v	mantener
bn:00084593v	realizar
bn:00084594v	avanzar
bn:00084594v	continuar
bn:00084594v	proceder
bn:00084594v	seguir
bn:00084595v	cumplir
bn:00084595v	implementar
bn:00084595v	realizar
bn:00084596v	trasladar
bn:00084597v	trasladar
bn:00084601v	arrastrar
bn:00084601v	sacar
bn:00084601v	transportar
bn:00084606v	esculpir
bn:00084606v	tallar
bn:00084607v	tallar
bn:00084608v	cortar
bn:00084611v	dividir
bn:00084611v	repartir
bn:00084611v	separar
bn:00084618v	cobrar
bn:00084624v	arrojar
bn:00084624v	echar
bn:00084624v	lanzar
bn:00084624v	proyectar
bn:00084625v	emitir
bn:00084627v	arrojar
bn:00084627v	echar
bn:00084627v	lanzar
bn:00084629v	andar
bn:00084629v	deambular
bn:00084629v	desviar
bn:00084629v	flotar
bn:00084629v	pasear
bn:00084629v	recorrer
bn:00084629v	vagar
bn:00084631v	arrojar
bn:00084631v	derramar
bn:00084631v	expulsar
bn:00084631v	extender
bn:00084631v	proyectar
bn:00084633v	decir
bn:00084633v	exponer
bn:00084633v	expresar
bn:00084633v	formular
bn:00084633v	hacer
bn:00084633v	plantear
bn:00084633v	poner
bn:00084634v	arrojar
bn:00084634v	desechar
bn:00084634v	disponer
bn:00084634v	lanzar
bn:00084634v	quitar
bn:00084634v	tirar
bn:00084635v	deprimir
bn:00084638v	corregir
bn:00084638v	criticar
bn:00084641v	emascular
bn:00084645v	catalogar
bn:00084646v	catalogar
bn:00084648v	catapultar
bn:00084649v	catapultar
bn:00084651v	atrapar
bn:00084651v	detener
bn:00084651v	pillar
bn:00084651v	sorprender
bn:00084651v	tomar
bn:00084652v	captar
bn:00084652v	capturar
bn:00084652v	sorprender
bn:00084653v	alcanzar
bn:00084653v	atrapar
bn:00084653v	golpear
bn:00084653v	sorprender
bn:00084654v	agarrar
bn:00084654v	atrapar
bn:00084654v	enganchar
bn:00084656v	coger
bn:00084656v	tomar
bn:00084658v	alcanzar
bn:00084659v	atrapar
bn:00084662v	haber
bn:00084662v	mirar
bn:00084662v	observar
bn:00084662v	ver
bn:00084663v	atrapar
bn:00084664v	atrapar
bn:00084664v	tropezar
bn:00084665v	captar
bn:00084666v	contraer
bn:00084679v	encender
bn:00084679v	explotar
bn:00084681v	comprender
bn:00084681v	entender
bn:00084684v	dormir
bn:00084687v	compensar
bn:00084687v	recuperar
bn:00084689v	interrogar
bn:00084690v	categorizar
bn:00084692v	atender
bn:00084692v	ofrecer
bn:00084692v	proporcionar
bn:00084692v	proveer
bn:00084692v	suministrar
bn:00084699v	ayudar
bn:00084699v	causar
bn:00084699v	cometer
bn:00084699v	crear
bn:00084699v	formar
bn:00084699v	hacer
bn:00084699v	lograr
bn:00084699v	mandar
bn:00084699v	producir
bn:00084699v	provocar
bn:00084699v	realizar
bn:00084699v	servir
bn:00084699v	tener
bn:00084700v	actuar
bn:00084700v	causar
bn:00084700v	cometer
bn:00084700v	conseguir
bn:00084700v	dar
bn:00084700v	estimular
bn:00084700v	hacer
bn:00084700v	haz
bn:00084700v	inducir
bn:00084700v	llegar
bn:00084700v	poner
bn:00084700v	provocar
bn:00084700v	tener
bn:00084708v	retozar
bn:00084710v	abandonar
bn:00084710v	dejar
bn:00084710v	detener
bn:00084710v	discontinuar
bn:00084710v	hacer
bn:00084710v	parar
bn:00084710v	renunciar
bn:00084711v	cesar
bn:00084711v	finalizar
bn:00084711v	terminar
bn:00084712v	ceder
bn:00084712v	conceder
bn:00084713v	entregar
bn:00084714v	celebrar
bn:00084714v	observar
bn:00084715v	agasajar
bn:00084715v	celebrar
bn:00084716v	celebrar
bn:00084718v	consolidar
bn:00084725v	centrar
bn:00084725v	concentrar
bn:00084725v	enfocar
bn:00084726v	centrar
bn:00084726v	concentrar
bn:00084726v	enfocar
bn:00084730v	centralizar
bn:00084730v	concentrar
bn:00084731v	centrifugar
bn:00084733v	meditar
bn:00084733v	pensar
bn:00084733v	reflexionar
bn:00084736v	certificar
bn:00084737v	certificar
bn:00084738v	respaldar
bn:00084744v	rascar
bn:00084746v	regatear
bn:00084747v	charlar
bn:00084747v	visitar
bn:00084753v	moderar
bn:00084755v	dibujar
bn:00084757v	anotar
bn:00084758v	cuestionar
bn:00084758v	desafiar
bn:00084758v	disputar
bn:00084758v	impugnar
bn:00084759v	desafiar
bn:00084760v	desafiar
bn:00084761v	cuestionar
bn:00084766v	defender
bn:00084769v	cambiar
bn:00084769v	convertir
bn:00084770v	cambiar
bn:00084770v	conmutar
bn:00084771v	cambiar
bn:00084772v	cambiar
bn:00084772v	convertir
bn:00084772v	intercambiar
bn:00084773v	cambiar
bn:00084773v	intercambiar
bn:00084774v	cambiar
bn:00084777v	cambiar
bn:00084777v	desviar
bn:00084777v	dirigir
bn:00084777v	invertir
bn:00084784v	cambiar
bn:00084784v	desplazar
bn:00084784v	pasar
bn:00084785v	convertir
bn:00084787v	convertir
bn:00084787v	dar
bn:00084787v	dirigir
bn:00084787v	girar
bn:00084787v	volver
bn:00084790v	transferir
bn:00084790v	transmitir
bn:00084792v	apuntar
bn:00084792v	dirigir
bn:00084792v	guiar
bn:00084792v	maniobrar
bn:00084800v	caracterizar
bn:00084801v	caracterizar
bn:00084803v	acusar
bn:00084803v	cobrar
bn:00084804v	acusar
bn:00084806v	cargar
bn:00084807v	enviar
bn:00084813v	apuntar
bn:00084824v	tentar
bn:00084827v	graficar
bn:00084828v	contratar
bn:00084828v	fletar
bn:00084830v	tomar
bn:00084831v	ir
bn:00084831v	perseguir
bn:00084831v	seguir
bn:00084834v	ahuyentar
bn:00084834v	alejar
bn:00084834v	disipar
bn:00084834v	echar
bn:00084834v	expulsar
bn:00084837v	domesticar
bn:00084839v	castañetear
bn:00084842v	conducir
bn:00084845v	engañar
bn:00084846v	engañar
bn:00084847v	engañar
bn:00084848v	comprobar
bn:00084848v	investigar
bn:00084848v	revisar
bn:00084848v	verificar
bn:00084849v	comparar
bn:00084849v	comprobar
bn:00084849v	revisar
bn:00084849v	verificar
bn:00084850v	contener
bn:00084850v	controlar
bn:00084850v	detener
bn:00084852v	marcar
bn:00084853v	detener
bn:00084856v	disciplinar
bn:00084856v	entrenar
bn:00084868v	registrar
bn:00084870v	investigar
bn:00084879v	animar
bn:00084879v	envalentonar
bn:00084888v	masticar
bn:00084888v	rumiar
bn:00084889v	considerar
bn:00084889v	contemplar
bn:00084889v	meditar
bn:00084889v	pensar
bn:00084889v	reflexionar
bn:00084892v	enfriar
bn:00084893v	enfriar
bn:00084898v	tintinear
bn:00084904v	aportar
bn:00084904v	contribuir
bn:00084904v	dar
bn:00084918v	ahogar
bn:00084919v	ahogar
bn:00084931v	asumir
bn:00084931v	dar
bn:00084931v	decidir
bn:00084931v	elegir
bn:00084931v	optar
bn:00084931v	querer
bn:00084931v	seleccionar
bn:00084931v	tomar
bn:00084932v	decidir
bn:00084932v	elegir
bn:00084932v	optar
bn:00084932v	preferir
bn:00084932v	querer
bn:00084933v	decidir
bn:00084933v	elegir
bn:00084933v	optar
bn:00084935v	cortar
bn:00084935v	picar
bn:00084948v	corear
bn:00084955v	arrojar
bn:00084955v	lanzar
bn:00084958v	abandonar
bn:00084960v	resoplar
bn:00084968v	enfermar
bn:00084977v	rodear
bn:00084978v	rodear
bn:00084986v	circular
bn:00084986v	difundir
bn:00084986v	esparcir
bn:00084986v	extender
bn:00084987v	circular
bn:00084987v	distribuir
bn:00084988v	circular
bn:00084992v	caminar
bn:00084998v	limitar
bn:00085002v	bordear
bn:00085002v	esquivar
bn:00085002v	evadir
bn:00085002v	rodear
bn:00085005v	citar
bn:00085005v	mencionar
bn:00085006v	citar
bn:00085006v	mencionar
bn:00085007v	citar
bn:00085007v	cotizar
bn:00085009v	citar
bn:00085009v	convocar
bn:00085009v	llamar
bn:00085012v	capacitar
bn:00085012v	educar
bn:00085016v	afirmar
bn:00085016v	alegar
bn:00085016v	pretender
bn:00085016v	reclamar
bn:00085016v	sostener
bn:00085017v	reclamar
bn:00085018v	afirmar
bn:00085018v	reclamar
bn:00085019v	cobrar
bn:00085019v	quitar
bn:00085019v	reclamar
bn:00085019v	sostener
bn:00085019v	tomar
bn:00085021v	trepar
bn:00085022v	clamar
bn:00085023v	clamar
bn:00085025v	apretar
bn:00085025v	sujetar
bn:00085033v	aplaudir
bn:00085042v	aclarar
bn:00085059v	limpiar
bn:00085060v	limpiar
bn:00085061v	limpiar
bn:00085062v	limpiar
bn:00085069v	limpiar
bn:00085072v	limpiar
bn:00085077v	aclarar
bn:00085077v	despejar
bn:00085077v	limpiar
bn:00085078v	despejar
bn:00085078v	limpiar
bn:00085079v	despejar
bn:00085080v	aprobar
bn:00085080v	pasar
bn:00085082v	aclarar
bn:00085084v	despejar
bn:00085084v	iluminar
bn:00085099v	limpiar
bn:00085103v	aclarar
bn:00085103v	terminar
bn:00085106v	abrir
bn:00085106v	dividir
bn:00085109v	apretar
bn:00085113v	chasquear
bn:00085113v	marcar
bn:00085114v	chasquear
bn:00085116v	asimilar
bn:00085116v	calar
bn:00085116v	penetrar
bn:00085119v	culminar
bn:00085120v	levantar
bn:00085120v	subir
bn:00085120v	trepar
bn:00085121v	bajar
bn:00085121v	subir
bn:00085122v	aumentar
bn:00085122v	crecer
bn:00085122v	incrementar
bn:00085125v	aumentar
bn:00085125v	elevar
bn:00085125v	subir
bn:00085126v	alcanzar
bn:00085126v	elevar
bn:00085132v	aferrar
bn:00085134v	agarrar
bn:00085135v	chocar
bn:00085138v	recortar
bn:00085139v	trotar
bn:00085144v	enmascarar
bn:00085147v	cronometrar
bn:00085147v	pasar
bn:00085155v	sobrecargar
bn:00085162v	cerrar
bn:00085163v	cerrar
bn:00085163v	encerrar
bn:00085163v	terminar
bn:00085164v	apagar
bn:00085164v	cerrar
bn:00085165v	cerrar
bn:00085165v	clausurar
bn:00085166v	cerrar
bn:00085167v	cerrar
bn:00085180v	encerrar
bn:00085183v	descartar
bn:00085183v	excluir
bn:00085188v	coagular
bn:00085206v	agrupar
bn:00085207v	aferrar
bn:00085207v	agarrar
bn:00085207v	apretar
bn:00085207v	aprovechar
bn:00085207v	captar
bn:00085207v	capturar
bn:00085207v	confiscar
bn:00085207v	empuñar
bn:00085212v	coincidir
bn:00085214v	cooptar
bn:00085223v	capacitar
bn:00085233v	navegar
bn:00085234v	cubrir
bn:00085241v	amartillar
bn:00085242v	caminar
bn:00085244v	ondear
bn:00085244v	ondular
bn:00085252v	coaccionar
bn:00085252v	forzar
bn:00085252v	hacer
bn:00085252v	imponer
bn:00085252v	obligar
bn:00085252v	poder
bn:00085252v	presionar
bn:00085259v	tambalear
bn:00085261v	conocer
bn:00085261v	saber
bn:00085269v	acuñar
bn:00085271v	coincidir
bn:00085271v	concurrir
bn:00085272v	coincidir
bn:00085278v	derribar
bn:00085279v	colaborar
bn:00085279v	cooperar
bn:00085288v	cobrar
bn:00085288v	recaudar
bn:00085288v	recoger
bn:00085288v	recolectar
bn:00085288v	recopilar
bn:00085289v	acumular
bn:00085289v	coleccionar
bn:00085289v	recoger
bn:00085289v	recopilar
bn:00085289v	reunir
bn:00085290v	coleccionar
bn:00085290v	recoger
bn:00085290v	recolectar
bn:00085290v	reunir
bn:00085293v	acertar
bn:00085293v	atacar
bn:00085293v	chocar
bn:00085293v	golpear
bn:00085293v	topar
bn:00085299v	conspirar
bn:00085300v	colonizar
bn:00085302v	colorear
bn:00085302v	pintar
bn:00085303v	colorear
bn:00085304v	colorear
bn:00085309v	peinar
bn:00085310v	peinar
bn:00085310v	registrar
bn:00085310v	saquear
bn:00085313v	combinar
bn:00085314v	combinar
bn:00085315v	combinar
bn:00085315v	combine
bn:00085316v	combinar
bn:00085316v	unir
bn:00085319v	acabar
bn:00085319v	acudir
bn:00085319v	correr
bn:00085319v	encontrar
bn:00085319v	entrar
bn:00085319v	estar
bn:00085319v	ir
bn:00085319v	llegar
bn:00085319v	pasar
bn:00085319v	provenir
bn:00085319v	salir
bn:00085319v	ser
bn:00085319v	subir
bn:00085319v	surgir
bn:00085319v	venir
bn:00085320v	comenzar
bn:00085320v	entrar
bn:00085320v	llegar
bn:00085320v	ocurrir
bn:00085320v	provenir
bn:00085320v	salir
bn:00085320v	ser
bn:00085320v	surgir
bn:00085320v	venir
bn:00085320v	volver
bn:00085321v	descender
bn:00085321v	estar
bn:00085321v	llegar
bn:00085321v	recorrer
bn:00085321v	salir
bn:00085321v	surgir
bn:00085322v	pasar
bn:00085322v	provenir
bn:00085322v	resultar
bn:00085322v	surgir
bn:00085322v	venir
bn:00085323v	comenzar
bn:00085323v	estar
bn:00085323v	resultar
bn:00085323v	ser
bn:00085323v	surgir
bn:00085323v	venir
bn:00085324v	salir
bn:00085325v	proceder
bn:00085325v	provenir
bn:00085325v	venir
bn:00085326v	llegar
bn:00085327v	llegar
bn:00085327v	venir
bn:00085328v	recorrer
bn:00085328v	venir
bn:00085329v	caer
bn:00085329v	entrar
bn:00085329v	venir
bn:00085330v	llegar
bn:00085330v	surgir
bn:00085331v	entrar
bn:00085331v	llegar
bn:00085332v	ocurrir
bn:00085333v	derivar
bn:00085333v	descender
bn:00085334v	convenir
bn:00085334v	hacer
bn:00085334v	ir
bn:00085334v	lograr
bn:00085334v	prescindir
bn:00085337v	ocurrir
bn:00085337v	pasar
bn:00085337v	presentar
bn:00085337v	suceder
bn:00085339v	conocer
bn:00085339v	encontrar
bn:00085339v	mirar
bn:00085339v	ver
bn:00085342v	llevar
bn:00085342v	seguir
bn:00085343v	seguir
bn:00085343v	suceder
bn:00085346v	salir
bn:00085348v	volver
bn:00085349v	recordar
bn:00085349v	volver
bn:00085351v	replicar
bn:00085351v	responder
bn:00085352v	preceder
bn:00085353v	pasar
bn:00085354v	conseguir
bn:00085354v	encontrar
bn:00085354v	obtener
bn:00085356v	bajar
bn:00085356v	caer
bn:00085356v	descender
bn:00085357v	bajar
bn:00085357v	caer
bn:00085360v	emerger
bn:00085360v	salir
bn:00085360v	surgir
bn:00085362v	salir
bn:00085363v	entrar
bn:00085363v	ingresar
bn:00085363v	llegar
bn:00085363v	participar
bn:00085363v	pasar
bn:00085363v	salir
bn:00085363v	seguir
bn:00085363v	subir
bn:00085364v	llegar
bn:00085365v	añadir
bn:00085365v	interponer
bn:00085366v	resultar
bn:00085372v	pasar
bn:00085373v	aparecer
bn:00085373v	resultar
bn:00085373v	salir
bn:00085373v	surgir
bn:00085376v	resultar
bn:00085377v	salir
bn:00085382v	sobrevivir
bn:00085383v	dar
bn:00085383v	golpear
bn:00085384v	alcanzar
bn:00085390v	conseguir
bn:00085390v	encontrar
bn:00085390v	llegar
bn:00085390v	salir
bn:00085391v	crecer
bn:00085391v	elevar
bn:00085391v	levantar
bn:00085391v	subir
bn:00085391v	surgir
bn:00085392v	surgir
bn:00085393v	conseguir
bn:00085393v	encontrar
bn:00085398v	calmar
bn:00085398v	consolar
bn:00085398v	reconfortar
bn:00085399v	aliviar
bn:00085399v	calmar
bn:00085400v	comandar
bn:00085400v	mandar
bn:00085401v	mandar
bn:00085401v	ordenar
bn:00085401v	requerir
bn:00085402v	comandar
bn:00085402v	dirigir
bn:00085403v	dominar
bn:00085404v	controlar
bn:00085405v	secuestrar
bn:00085406v	conmemorar
bn:00085406v	marcar
bn:00085407v	conmemorar
bn:00085409v	comenzar
bn:00085409v	iniciar
bn:00085410v	elogiar
bn:00085410v	felicitar
bn:00085411v	recomendar
bn:00085412v	encomendar
bn:00085413v	recomendar
bn:00085415v	comentar
bn:00085415v	indicar
bn:00085415v	señalar
bn:00085423v	comisionar
bn:00085426v	cometer
bn:00085426v	perpetrar
bn:00085427v	dar
bn:00085427v	dedicar
bn:00085427v	destinar
bn:00085428v	confiar
bn:00085429v	invertir
bn:00085429v	poner
bn:00085435v	comunicar
bn:00085435v	pasar
bn:00085436v	comunicar
bn:00085437v	transmitir
bn:00085443v	conmutar
bn:00085445v	conmutar
bn:00085445v	transponer
bn:00085446v	conmutar
bn:00085448v	comprimir
bn:00085449v	contraer
bn:00085449v	presionar
bn:00085450v	comparar
bn:00085451v	comparar
bn:00085452v	comparar
bn:00085452v	equiparar
bn:00085458v	compadecer
bn:00085459v	obligar
bn:00085461v	compensar
bn:00085464v	corregir
bn:00085464v	reparar
bn:00085465v	compensar
bn:00085465v	pagar
bn:00085468v	competir
bn:00085469v	compilar
bn:00085469v	componer
bn:00085469v	recopilar
bn:00085471v	quejar
bn:00085474v	complementar
bn:00085475v	acabar
bn:00085475v	completar
bn:00085475v	concluir
bn:00085475v	terminar
bn:00085476v	completar
bn:00085477v	completar
bn:00085477v	cumplir
bn:00085477v	desempeñar
bn:00085477v	enviar
bn:00085478v	completar
bn:00085479v	completar
bn:00085479v	llenar
bn:00085483v	complicar
bn:00085484v	complicar
bn:00085485v	felicitar
bn:00085486v	felicitar
bn:00085487v	componer
bn:00085488v	componer
bn:00085488v	escribir
bn:00085488v	poner
bn:00085489v	componer
bn:00085489v	escribir
bn:00085489v	redactar
bn:00085491v	redactar
bn:00085493v	agravar
bn:00085493v	intensificar
bn:00085496v	percibir
bn:00085497v	abarcar
bn:00085497v	cubrir
bn:00085497v	incluir
bn:00085498v	comprender
bn:00085498v	constituir
bn:00085499v	albergar
bn:00085499v	comprender
bn:00085499v	consistir
bn:00085499v	contener
bn:00085499v	incluir
bn:00085499v	incorporar
bn:00085500v	ceder
bn:00085500v	comprometer
bn:00085506v	aprender
bn:00085506v	memorizar
bn:00085509v	esconder
bn:00085509v	ocultar
bn:00085511v	admitir
bn:00085511v	confesar
bn:00085511v	reconocer
bn:00085512v	admitir
bn:00085512v	ceder
bn:00085512v	conceder
bn:00085512v	otorgar
bn:00085512v	reconocer
bn:00085514v	concebir
bn:00085514v	considerar
bn:00085514v	imaginar
bn:00085515v	concebir
bn:00085516v	concebir
bn:00085516v	imaginar
bn:00085518v	concentrar
bn:00085519v	concentrar
bn:00085519v	condensar
bn:00085520v	concentrar
bn:00085522v	concernir
bn:00085522v	interesar
bn:00085522v	ocupar
bn:00085522v	preocupar
bn:00085527v	resolver
bn:00085528v	concluir
bn:00085528v	razonar
bn:00085529v	concluir
bn:00085530v	concluir
bn:00085530v	resolver
bn:00085535v	idear
bn:00085535v	pensar
bn:00085544v	condenar
bn:00085544v	criticar
bn:00085546v	condenar
bn:00085547v	condenar
bn:00085548v	condenar
bn:00085548v	sentenciar
bn:00085550v	condensar
bn:00085556v	descender
bn:00085559v	condicionar
bn:00085560v	especificar
bn:00085560v	establecer
bn:00085560v	estipular
bn:00085564v	condonar
bn:00085565v	conducir
bn:00085565v	contribuir
bn:00085566v	conducir
bn:00085566v	dirigir
bn:00085566v	llevar
bn:00085566v	manejar
bn:00085566v	realizar
bn:00085567v	conducir
bn:00085567v	dirigir
bn:00085567v	guiar
bn:00085567v	liderar
bn:00085567v	llevar
bn:00085567v	ordenar
bn:00085567v	querer
bn:00085570v	conferenciar
bn:00085570v	consultar
bn:00085574v	consultar
bn:00085575v	confesar
bn:00085577v	confiar
bn:00085579v	limitar
bn:00085582v	detener
bn:00085582v	sostener
bn:00085583v	confirmar
bn:00085583v	reafirmar
bn:00085584v	confirmar
bn:00085585v	confirmar
bn:00085591v	ajustar
bn:00085591v	conformar
bn:00085591v	encajar
bn:00085591v	satisfacer
bn:00085592v	ajustar
bn:00085593v	seguir
bn:00085594v	confundir
bn:00085595v	confrontar
bn:00085595v	enfrentar
bn:00085596v	afrontar
bn:00085596v	enfrentar
bn:00085597v	confrontar
bn:00085597v	enfrentar
bn:00085598v	enfrentar
bn:00085601v	refutar
bn:00085604v	coagular
bn:00085604v	congelar
bn:00085608v	felicitar
bn:00085611v	congregar
bn:00085612v	conjeturar
bn:00085612v	especular
bn:00085612v	hipotetizar
bn:00085612v	suponer
bn:00085612v	teorizar
bn:00085613v	juntar
bn:00085613v	unir
bn:00085614v	casar
bn:00085615v	conjugar
bn:00085620v	desmayar
bn:00085621v	agotar
bn:00085623v	conectar
bn:00085624v	conectar
bn:00085624v	unir
bn:00085625v	conectar
bn:00085627v	conectar
bn:00085636v	connotar
bn:00085636v	implicar
bn:00085636v	insinuar
bn:00085638v	conquistar
bn:00085638v	contener
bn:00085638v	inhibir
bn:00085638v	someter
bn:00085638v	suprimir
bn:00085638v	vencer
bn:00085641v	ordenar
bn:00085644v	conservar
bn:00085644v	mantener
bn:00085644v	preservar
bn:00085645v	economizar
bn:00085647v	considerar
bn:00085647v	observar
bn:00085647v	ver
bn:00085648v	considerar
bn:00085648v	estudiar
bn:00085649v	abordar
bn:00085649v	considerar
bn:00085649v	hacer
bn:00085649v	llevar
bn:00085649v	mirar
bn:00085649v	tomar
bn:00085649v	tratar
bn:00085649v	volver
bn:00085650v	considerar
bn:00085650v	contar
bn:00085650v	sopesar
bn:00085651v	considerar
bn:00085652v	considerar
bn:00085652v	contemplar
bn:00085652v	mirar
bn:00085652v	observar
bn:00085653v	contemplar
bn:00085653v	inspeccionar
bn:00085653v	mirar
bn:00085653v	observar
bn:00085653v	ver
bn:00085655v	consignar
bn:00085655v	enviar
bn:00085657v	consistir
bn:00085657v	habitar
bn:00085657v	yacer
bn:00085660v	consolidar
bn:00085661v	consolidar
bn:00085667v	puntear
bn:00085667v	salpicar
bn:00085670v	constituir
bn:00085670v	formar
bn:00085670v	producir
bn:00085670v	ser
bn:00085671v	establecer
bn:00085671v	fundar
bn:00085671v	instituir
bn:00085671v	plantar
bn:00085678v	construir
bn:00085678v	fabricar
bn:00085679v	construir
bn:00085682v	reconstruir
bn:00085683v	interpretar
bn:00085686v	buscar
bn:00085686v	consultar
bn:00085686v	referir
bn:00085688v	consumir
bn:00085689v	beber
bn:00085689v	consumir
bn:00085689v	haber
bn:00085689v	ingerir
bn:00085689v	tener
bn:00085689v	tomar
bn:00085690v	consumir
bn:00085692v	agotar
bn:00085692v	consumir
bn:00085692v	recorrer
bn:00085695v	completar
bn:00085696v	alcanzar
bn:00085696v	contactar
bn:00085696v	llegar
bn:00085698v	sostener
bn:00085700v	contaminar
bn:00085701v	contaminar
bn:00085702v	despreciar
bn:00085704v	considerar
bn:00085704v	contemplar
bn:00085705v	contemplar
bn:00085705v	estudiar
bn:00085708v	afirmar
bn:00085708v	sostener
bn:00085709v	impugnar
bn:00085709v	sostener
bn:00085710v	abordar
bn:00085710v	afrontar
bn:00085710v	considerar
bn:00085710v	lidiar
bn:00085710v	lograr
bn:00085710v	tratar
bn:00085711v	combatir
bn:00085711v	discutir
bn:00085711v	luchar
bn:00085711v	pelear
bn:00085714v	continuar
bn:00085714v	entrar
bn:00085714v	mantener
bn:00085714v	pasar
bn:00085714v	proceder
bn:00085714v	seguir
bn:00085715v	avanzar
bn:00085715v	continuar
bn:00085715v	ir
bn:00085715v	proceder
bn:00085716v	continuar
bn:00085716v	mantener
bn:00085716v	retener
bn:00085717v	continuar
bn:00085719v	permanecer
bn:00085719v	quedar
bn:00085719v	seguir
bn:00085719v	ser
bn:00085720v	cubrir
bn:00085720v	extender
bn:00085725v	contratar
bn:00085726v	contratar
bn:00085726v	firmar
bn:00085726v	registrar
bn:00085727v	contraer
bn:00085728v	contraer
bn:00085728v	encoger
bn:00085730v	estrechar
bn:00085734v	contradecir
bn:00085739v	contrastar
bn:00085740v	contrastar
bn:00085741v	contribuir
bn:00085742v	diseñar
bn:00085742v	idear
bn:00085742v	planear
bn:00085742v	proyectar
bn:00085743v	forjar
bn:00085743v	formular
bn:00085743v	idear
bn:00085743v	inventar
bn:00085744v	controlar
bn:00085744v	operar
bn:00085745v	controlar
bn:00085746v	verificar
bn:00085749v	refutar
bn:00085750v	recuperar
bn:00085752v	convocar
bn:00085752v	reunir
bn:00085756v	convergir
bn:00085756v	encontrar
bn:00085760v	conversar
bn:00085761v	convertir
bn:00085762v	convertir
bn:00085763v	convertir
bn:00085767v	convencer
bn:00085769v	expresar
bn:00085769v	transmitir
bn:00085771v	condenar
bn:00085776v	convulsionar
bn:00085777v	agitar
bn:00085783v	cocinar
bn:00085784v	arreglar
bn:00085784v	cocinar
bn:00085784v	preparar
bn:00085785v	cocinar
bn:00085788v	fabricar
bn:00085788v	inventar
bn:00085794v	coordinar
bn:00085794v	organizar
bn:00085795v	coordinar
bn:00085796v	coordinar
bn:00085799v	satisfacer
bn:00085804v	copiar
bn:00085805v	copiar
bn:00085805v	imitar
bn:00085805v	simular
bn:00085823v	acaparar
bn:00085827v	coronar
bn:00085831v	corregir
bn:00085835v	correlacionar
bn:00085837v	corresponder
bn:00085837v	igualar
bn:00085838v	mantener
bn:00085839v	presentar
bn:00085839v	representar
bn:00085844v	corromper
bn:00085845v	estropear
bn:00085847v	brillar
bn:00085848v	brillar
bn:00085851v	costar
bn:00085856v	toser
bn:00085859v	contar
bn:00085860v	contar
bn:00085860v	importar
bn:00085861v	contar
bn:00085862v	contar
bn:00085863v	contar
bn:00085871v	contrarrestar
bn:00085872v	contrarrestar
bn:00085873v	debilitar
bn:00085873v	socavar
bn:00085874v	contraatacar
bn:00085875v	oponer
bn:00085875v	señalar
bn:00085877v	transponer
bn:00085889v	compensar
bn:00085890v	coincidir
bn:00085890v	emparejar
bn:00085890v	igualar
bn:00085892v	emparejar
bn:00085894v	correr
bn:00085894v	fluir
bn:00085894v	recorrer
bn:00085896v	cortejar
bn:00085897v	cortejar
bn:00085903v	cubrir
bn:00085904v	cubrir
bn:00085905v	cubrir
bn:00085906v	atravesar
bn:00085906v	cruzar
bn:00085906v	cubrir
bn:00085906v	pasar
bn:00085906v	recorrer
bn:00085907v	abarcar
bn:00085907v	cubrir
bn:00085907v	reportar
bn:00085908v	cubrir
bn:00085910v	disimular
bn:00085911v	cubrir
bn:00085912v	cubrir
bn:00085913v	asegurar
bn:00085913v	cubrir
bn:00085924v	codiciar
bn:00085931v	engañar
bn:00085937v	crujir
bn:00085937v	sonar
bn:00085937v	tronar
bn:00085938v	crujir
bn:00085938v	estallar
bn:00085940v	agrietar
bn:00085941v	crujir
bn:00085941v	romper
bn:00085949v	chisporrotear
bn:00085961v	obstaculizar
bn:00085964v	moler
bn:00085966v	zigzaguear
bn:00085975v	caer
bn:00085975v	chocar
bn:00085975v	estallar
bn:00085975v	estrellar
bn:00085976v	chocar
bn:00085977v	embestir
bn:00085989v	ansiar
bn:00085991v	arrastrar
bn:00085991v	gatear
bn:00085991v	subir
bn:00085991v	trepar
bn:00085998v	chillar
bn:00085998v	chirriar
bn:00085998v	crujir
bn:00086004v	arrugar
bn:00086008v	avanzar
bn:00086008v	cometer
bn:00086008v	componer
bn:00086008v	constituir
bn:00086008v	construir
bn:00086008v	convertir
bn:00086008v	crear
bn:00086008v	dar
bn:00086008v	establecer
bn:00086008v	fabricar
bn:00086008v	formar
bn:00086008v	generar
bn:00086008v	hacer
bn:00086008v	haz
bn:00086008v	instalar
bn:00086008v	lograr
bn:00086008v	preparar
bn:00086008v	producir
bn:00086008v	realizar
bn:00086008v	ser
bn:00086008v	tener
bn:00086009v	crear
bn:00086009v	provocar
bn:00086010v	crear
bn:00086012v	convertir
bn:00086012v	fabricar
bn:00086012v	hacer
bn:00086013v	crear
bn:00086013v	fabricar
bn:00086013v	hacer
bn:00086013v	poner
bn:00086013v	producir
bn:00086013v	ser
bn:00086017v	atribuir
bn:00086018v	acreditar
bn:00086024v	incinerar
bn:00086038v	pellizcar
bn:00086039v	encoger
bn:00086042v	tostar
bn:00086046v	criticar
bn:00086048v	reseñar
bn:00086048v	revisar
bn:00086050v	murmurar
bn:00086052v	enganchar
bn:00086057v	canturrear
bn:00086059v	cultivar
bn:00086059v	trabajar
bn:00086062v	surgir
bn:00086065v	cruzar
bn:00086067v	abarcar
bn:00086067v	atravesar
bn:00086075v	registrar
bn:00086081v	eliminar
bn:00086081v	tachar
bn:00086086v	acuclillar
bn:00086089v	cantar
bn:00086090v	conducir
bn:00086090v	llenar
bn:00086092v	apiñar
bn:00086095v	coronar
bn:00086098v	crucificar
bn:00086101v	navegar
bn:00086108v	deteriorar
bn:00086114v	aplastar
bn:00086114v	oprimir
bn:00086114v	suprimir
bn:00086115v	aplastar
bn:00086115v	apretar
bn:00086115v	exprimir
bn:00086116v	aplastar
bn:00086120v	apagar
bn:00086122v	lamentar
bn:00086122v	llorar
bn:00086127v	cristalizar
bn:00086129v	cristalizar
bn:00086137v	recordar
bn:00086141v	recoger
bn:00086143v	culminar
bn:00086147v	cultivar
bn:00086154v	limitar
bn:00086154v	restringir
bn:00086166v	asear
bn:00086168v	maldecir
bn:00086169v	excomulgar
bn:00086173v	cortar
bn:00086173v	desviar
bn:00086173v	girar
bn:00086178v	atravesar
bn:00086178v	cortar
bn:00086179v	cortar
bn:00086183v	cortar
bn:00086184v	emitir
bn:00086186v	omitir
bn:00086201v	apagar
bn:00086205v	descartar
bn:00086205v	despreciar
bn:00086205v	ignorar
bn:00086207v	racionalizar
bn:00086210v	aislar
bn:00086210v	cortar
bn:00086211v	diluir
bn:00086215v	cruzar
bn:00086216v	cortar
bn:00086220v	cortar
bn:00086221v	atropellar
bn:00086221v	derribar
bn:00086221v	matar
bn:00086224v	derribar
bn:00086229v	cavar
bn:00086229v	hurgar
bn:00086229v	voltear
bn:00086231v	eliminar
bn:00086232v	recortar
bn:00086235v	interrumpir
bn:00086259v	jugar
bn:00086261v	dañar
bn:00086267v	reducir
bn:00086267v	sofocar
bn:00086268v	humedecer
bn:00086271v	bailar
bn:00086271v	danzar
bn:00086272v	bailar
bn:00086277v	balancear
bn:00086277v	colgar
bn:00086278v	colgar
bn:00086280v	osar
bn:00086281v	desafiar
bn:00086282v	oscurecer
bn:00086286v	revolotear
bn:00086287v	correr
bn:00086287v	disparar
bn:00086287v	lanzar
bn:00086289v	destrozar
bn:00086289v	romper
bn:00086291v	ahuyentar
bn:00086291v	asustar
bn:00086291v	desalentar
bn:00086295v	salir
bn:00086297v	datar
bn:00086298v	salir
bn:00086306v	retroceder
bn:00086309v	soñar
bn:00086317v	debilitar
bn:00086332v	abordar
bn:00086332v	tratar
bn:00086333v	comerciar
bn:00086333v	tratar
bn:00086333v	vender
bn:00086334v	tratar
bn:00086335v	repartir
bn:00086335v	tratar
bn:00086339v	suspender
bn:00086341v	debatir
bn:00086342v	debatir
bn:00086357v	verter
bn:00086362v	descomponer
bn:00086364v	desacelerar
bn:00086364v	ralentizar
bn:00086366v	descentralizar
bn:00086370v	decidir
bn:00086370v	determinar
bn:00086371v	decidir
bn:00086378v	declamar
bn:00086378v	recitar
bn:00086380v	declarar
bn:00086381v	declarar
bn:00086382v	declarar
bn:00086386v	proponer
bn:00086389v	declinar
bn:00086389v	disminuir
bn:00086389v	empeorar
bn:00086390v	negar
bn:00086390v	rechazar
bn:00086391v	declinar
bn:00086391v	negar
bn:00086391v	rechazar
bn:00086392v	disminuir
bn:00086400v	pudrir
bn:00086403v	relajar
bn:00086417v	caer
bn:00086417v	disminuir
bn:00086417v	menguar
bn:00086417v	reducir
bn:00086418v	disminuir
bn:00086419v	decretar
bn:00086430v	deducir
bn:00086430v	derivar
bn:00086430v	inferir
bn:00086430v	obtener
bn:00086431v	deducir
bn:00086432v	deducir
bn:00086432v	restar
bn:00086433v	deducir
bn:00086433v	retener
bn:00086435v	considerar
bn:00086435v	juzgar
bn:00086435v	sostener
bn:00086442v	intensificar
bn:00086444v	malversar
bn:00086448v	derrotar
bn:00086448v	superar
bn:00086448v	vencer
bn:00086449v	derrotar
bn:00086449v	matar
bn:00086449v	rechazar
bn:00086450v	desertar
bn:00086452v	apoyar
bn:00086452v	defender
bn:00086453v	defender
bn:00086454v	defender
bn:00086455v	combatir
bn:00086455v	defender
bn:00086455v	luchar
bn:00086455v	oponer
bn:00086455v	pelear
bn:00086456v	representar
bn:00086459v	aplazar
bn:00086459v	posponer
bn:00086459v	postergar
bn:00086464v	definir
bn:00086464v	delimitar
bn:00086464v	especificar
bn:00086465v	definir
bn:00086466v	definir
bn:00086468v	determinar
bn:00086468v	especificar
bn:00086468v	establecer
bn:00086468v	fijar
bn:00086478v	distraer
bn:00086480v	dañar
bn:00086487v	sufragar
bn:00086490v	desafiar
bn:00086490v	resistir
bn:00086490v	soportar
bn:00086491v	desafiar
bn:00086491v	negar
bn:00086491v	resistir
bn:00086494v	deteriorar
bn:00086497v	degradar
bn:00086514v	retrasar
bn:00086515v	demorar
bn:00086515v	posponer
bn:00086515v	retrasar
bn:00086516v	demorar
bn:00086516v	detener
bn:00086516v	retrasar
bn:00086517v	delegar
bn:00086519v	agradar
bn:00086519v	alegrar
bn:00086519v	complacer
bn:00086519v	deleitar
bn:00086519v	gustar
bn:00086520v	deleitar
bn:00086520v	disfrutar
bn:00086520v	gozar
bn:00086520v	gustar
bn:00086521v	cautivar
bn:00086521v	encantar
bn:00086525v	describir
bn:00086525v	dibujar
bn:00086525v	seguir
bn:00086525v	trazar
bn:00086530v	dar
bn:00086530v	entregar
bn:00086530v	presentar
bn:00086530v	pronunciar
bn:00086531v	entregar
bn:00086531v	llevar
bn:00086532v	entregar
bn:00086532v	ofrecer
bn:00086533v	liberar
bn:00086533v	rescatar
bn:00086534v	entregar
bn:00086535v	emitir
bn:00086535v	presentar
bn:00086535v	pronunciar
bn:00086537v	redimir
bn:00086537v	salvar
bn:00086542v	inundar
bn:00086546v	demandar
bn:00086546v	exigir
bn:00086546v	pedir
bn:00086546v	preguntar
bn:00086547v	demandar
bn:00086547v	exigir
bn:00086554v	desarmar
bn:00086557v	aparecer
bn:00086557v	demostrar
bn:00086557v	establecer
bn:00086557v	exhibir
bn:00086557v	mostrar
bn:00086557v	presentar
bn:00086561v	democratizar
bn:00086564v	destruir
bn:00086567v	confirmar
bn:00086567v	demostrar
bn:00086567v	enseñar
bn:00086567v	establecer
bn:00086567v	indicar
bn:00086567v	mostrar
bn:00086567v	probar
bn:00086567v	resultar
bn:00086568v	manifestar
bn:00086568v	marchar
bn:00086572v	objetar
bn:00086585v	designar
bn:00086586v	denotar
bn:00086587v	denotar
bn:00086587v	indicar
bn:00086587v	referir
bn:00086587v	representar
bn:00086588v	denunciar
bn:00086589v	denunciar
bn:00086591v	negar
bn:00086592v	negar
bn:00086593v	denegar
bn:00086593v	negar
bn:00086594v	negar
bn:00086594v	rechazar
bn:00086598v	reducir
bn:00086600v	desaparecer
bn:00086600v	hacer
bn:00086600v	ir
bn:00086600v	marchar
bn:00086600v	partir
bn:00086601v	desviar
bn:00086601v	variar
bn:00086602v	comenzar
bn:00086602v	despegar
bn:00086602v	partir
bn:00086602v	quitar
bn:00086602v	salir
bn:00086603v	despedir
bn:00086604v	dejar
bn:00086604v	salir
bn:00086606v	depender
bn:00086607v	depender
bn:00086611v	describir
bn:00086611v	mostrar
bn:00086611v	representar
bn:00086612v	describir
bn:00086612v	representar
bn:00086612v	trazar
bn:00086613v	representar
bn:00086613v	retratar
bn:00086616v	deplorar
bn:00086619v	arrancar
bn:00086622v	jurar
bn:00086624v	exiliar
bn:00086625v	destituir
bn:00086626v	depositar
bn:00086626v	meter
bn:00086627v	depositar
bn:00086636v	despojar
bn:00086636v	privar
bn:00086636v	quitar
bn:00086637v	privar
bn:00086652v	adquirir
bn:00086652v	derivar
bn:00086652v	ganar
bn:00086652v	lograr
bn:00086652v	obtener
bn:00086652v	recuperar
bn:00086653v	derivar
bn:00086654v	derivar
bn:00086663v	describir
bn:00086663v	identificar
bn:00086663v	nombrar
bn:00086664v	descubrir
bn:00086664v	detectar
bn:00086664v	identificar
bn:00086664v	ver
bn:00086665v	profanar
bn:00086666v	integrar
bn:00086666v	mezclar
bn:00086670v	merecer
bn:00086673v	diseñar
bn:00086674v	diseñar
bn:00086675v	diseñar
bn:00086679v	apuntar
bn:00086679v	indicar
bn:00086679v	mostrar
bn:00086679v	señalar
bn:00086681v	planear
bn:00086682v	desear
bn:00086682v	poder
bn:00086682v	querer
bn:00086683v	confiar
bn:00086683v	desear
bn:00086683v	esperar
bn:00086684v	desear
bn:00086685v	devastar
bn:00086688v	desesperar
bn:00086689v	despachar
bn:00086689v	enviar
bn:00086690v	despojar
bn:00086690v	saquear
bn:00086698v	destruir
bn:00086699v	arruinar
bn:00086699v	destruir
bn:00086704v	desprender
bn:00086704v	desvincular
bn:00086706v	detallar
bn:00086708v	dar
bn:00086708v	descubrir
bn:00086708v	detectar
bn:00086708v	encontrar
bn:00086708v	observar
bn:00086708v	ver
bn:00086709v	desalentar
bn:00086709v	desanimar
bn:00086710v	disuadir
bn:00086712v	deteriorar
bn:00086713v	determinar
bn:00086713v	formar
bn:00086713v	influenciar
bn:00086713v	influir
bn:00086713v	moldear
bn:00086713v	regular
bn:00086714v	colocar
bn:00086714v	decidir
bn:00086714v	determinar
bn:00086714v	establecer
bn:00086714v	fijar
bn:00086714v	hacer
bn:00086714v	sentar
bn:00086715v	determinar
bn:00086716v	acordar
bn:00086716v	determinar
bn:00086716v	resolver
bn:00086717v	detestar
bn:00086717v	odiar
bn:00086718v	derretir
bn:00086718v	descongelar
bn:00086733v	desarrollar
bn:00086734v	desarrollar
bn:00086735v	desarrollar
bn:00086735v	formular
bn:00086736v	capacitar
bn:00086736v	desarrollar
bn:00086736v	educar
bn:00086736v	entrenar
bn:00086736v	formar
bn:00086736v	preparar
bn:00086737v	desarrollar
bn:00086739v	desarrollar
bn:00086739v	modernizar
bn:00086740v	desarrollar
bn:00086741v	desarrollar
bn:00086749v	desviar
bn:00086753v	organizar
bn:00086753v	preparar
bn:00086761v	dar
bn:00086761v	dedicar
bn:00086761v	entregar
bn:00086766v	diagnosticar
bn:00086767v	diagnosticar
bn:00086770v	marcar
bn:00086778v	dictar
bn:00086778v	ordenar
bn:00086778v	prescribir
bn:00086779v	dictar
bn:00086781v	temblar
bn:00086782v	jugar
bn:00086783v	morir
bn:00086784v	morir
bn:00086793v	llevar
bn:00086793v	persistir
bn:00086793v	prevalecer
bn:00086797v	diferenciar
bn:00086797v	diferir
bn:00086797v	discrepar
bn:00086797v	variar
bn:00086798v	diferir
bn:00086798v	discrepar
bn:00086799v	diferenciar
bn:00086799v	distinguir
bn:00086799v	separar
bn:00086800v	diferenciar
bn:00086800v	distinguir
bn:00086800v	marcar
bn:00086806v	desplegar
bn:00086806v	difundir
bn:00086806v	extender
bn:00086806v	propagar
bn:00086807v	difundir
bn:00086807v	permear
bn:00086808v	cavar
bn:00086808v	excavar
bn:00086816v	examinar
bn:00086816v	explorar
bn:00086819v	digerir
bn:00086820v	digerir
bn:00086827v	dignificar
bn:00086832v	dilatar
bn:00086833v	ampliar
bn:00086833v	elaborar
bn:00086833v	exponer
bn:00086834v	procrastinar
bn:00086843v	cenar
bn:00086849v	sumergir
bn:00086850v	sumergir
bn:00086851v	bajar
bn:00086855v	hundir
bn:00086865v	dirigir
bn:00086865v	enviar
bn:00086865v	ordenar
bn:00086866v	dirigir
bn:00086867v	dirigir
bn:00086868v	dirigir
bn:00086868v	enviar
bn:00086869v	dirigir
bn:00086870v	organizar
bn:00086871v	deshabilitar
bn:00086873v	desengañar
bn:00086877v	prohibir
bn:00086877v	rechazar
bn:00086877v	vetar
bn:00086879v	desaparecer
bn:00086880v	desaparecer
bn:00086883v	decepcionar
bn:00086884v	desaprobar
bn:00086885v	desaprobar
bn:00086885v	rechazar
bn:00086892v	separar
bn:00086894v	disolver
bn:00086895v	disolver
bn:00086901v	desembolsar
bn:00086903v	desnudar
bn:00086903v	quitar
bn:00086904v	discernir
bn:00086904v	distinguir
bn:00086904v	reconocer
bn:00086906v	separar
bn:00086907v	descargar
bn:00086908v	liberar
bn:00086908v	relevar
bn:00086909v	descargar
bn:00086910v	disparar
bn:00086910v	sonar
bn:00086911v	liberar
bn:00086912v	dejar
bn:00086912v	descargar
bn:00086912v	lanzar
bn:00086913v	disparar
bn:00086915v	vaciar
bn:00086922v	molestar
bn:00086923v	desconectar
bn:00086924v	desconectar
bn:00086926v	suspender
bn:00086930v	desanimar
bn:00086931v	discutir
bn:00086931v	hablar
bn:00086933v	aprender
bn:00086933v	averiguar
bn:00086933v	captar
bn:00086933v	conocer
bn:00086933v	descubrir
bn:00086933v	enterar
bn:00086933v	escuchar
bn:00086933v	observar
bn:00086933v	oir
bn:00086933v	saber
bn:00086933v	ver
bn:00086934v	descubrir
bn:00086934v	encontrar
bn:00086934v	ver
bn:00086935v	descubrir
bn:00086935v	determinar
bn:00086935v	encontrar
bn:00086935v	parecer
bn:00086936v	descubrir
bn:00086937v	desacreditar
bn:00086939v	discriminar
bn:00086940v	discriminar
bn:00086940v	seleccionar
bn:00086942v	discutir
bn:00086942v	hablar
bn:00086943v	rechazar
bn:00086944v	liberar
bn:00086944v	librar
bn:00086951v	retirar
bn:00086952v	liberar
bn:00086954v	arreglar
bn:00086954v	desenredar
bn:00086958v	derramar
bn:00086960v	disfrazar
bn:00086962v	servir
bn:00086966v	desalentar
bn:00086973v	repudiar
bn:00086976v	desenterrar
bn:00086983v	detestar
bn:00086986v	desplazar
bn:00086986v	liberar
bn:00086987v	cambiar
bn:00086987v	desplazar
bn:00086987v	mover
bn:00086987v	trasladar
bn:00086988v	derribar
bn:00086988v	desmantelar
bn:00086990v	desmembrar
bn:00086991v	desestimar
bn:00086992v	despedir
bn:00086995v	desmontar
bn:00086996v	desobedecer
bn:00087000v	repudiar
bn:00087004v	escatimar
bn:00087004v	prescindir
bn:00087004v	renunciar
bn:00087005v	eximir
bn:00087005v	renunciar
bn:00087007v	dispersar
bn:00087007v	esparcir
bn:00087007v	espolvorear
bn:00087008v	desaparecer
bn:00087008v	dispersar
bn:00087010v	desplazar
bn:00087012v	mover
bn:00087012v	mudar
bn:00087012v	trasladar
bn:00087013v	demostrar
bn:00087013v	exhibir
bn:00087013v	exponer
bn:00087013v	mostrar
bn:00087016v	disponer
bn:00087025v	descuidar
bn:00087025v	ignorar
bn:00087027v	interrumpir
bn:00087028v	interrumpir
bn:00087032v	protestar
bn:00087032v	resistir
bn:00087037v	disipar
bn:00087040v	disolver
bn:00087051v	extraer
bn:00087052v	destilar
bn:00087054v	destilar
bn:00087056v	distorsionar
bn:00087056v	falsear
bn:00087056v	falsificar
bn:00087063v	distribuir
bn:00087063v	extender
bn:00087063v	sembrar
bn:00087064v	distribuir
bn:00087065v	distribuir
bn:00087065v	entregar
bn:00087071v	desconfiar
bn:00087071v	sospechar
bn:00087072v	alterar
bn:00087072v	molestar
bn:00087072v	perturbar
bn:00087072v	preocupar
bn:00087073v	perturbar
bn:00087073v	tocar
bn:00087074v	interrumpir
bn:00087076v	dividir
bn:00087076v	separar
bn:00087087v	precipitar
bn:00087087v	sumergir
bn:00087091v	divergir
bn:00087096v	desviar
bn:00087098v	dividir
bn:00087099v	dividir
bn:00087099v	separar
bn:00087100v	separar
bn:00087101v	dividir
bn:00087101v	separar
bn:00087106v	actuar
bn:00087106v	aplicar
bn:00087106v	avanzar
bn:00087106v	ayudar
bn:00087106v	cometer
bn:00087106v	crear
bn:00087106v	cumplir
bn:00087106v	dar
bn:00087106v	efectuar
bn:00087106v	hacer
bn:00087106v	haz
bn:00087106v	imponer
bn:00087106v	llegar
bn:00087106v	lograr
bn:00087106v	poner
bn:00087106v	practicar
bn:00087106v	producir
bn:00087106v	pronunciar
bn:00087106v	realizar
bn:00087106v	ser
bn:00087106v	tener
bn:00087107v	actuar
bn:00087107v	causar
bn:00087107v	ejecutar
bn:00087107v	hacer
bn:00087107v	interpretar
bn:00087107v	realizar
bn:00087108v	cumplir
bn:00087108v	hacer
bn:00087108v	realizar
bn:00087109v	arreglar
bn:00087109v	ejercer
bn:00087109v	hacer
bn:00087109v	importar
bn:00087109v	poner
bn:00087109v	trabajar
bn:00087110v	convertir
bn:00087110v	hacer
bn:00087110v	ir
bn:00087111v	cumplir
bn:00087112v	manejar
bn:00087113v	alcanzar
bn:00087115v	eliminar
bn:00087116v	manejar
bn:00087116v	tratar
bn:00087118v	asesinar
bn:00087118v	liquidar
bn:00087128v	funcionar
bn:00087128v	trabajar
bn:00087129v	atracar
bn:00087137v	documentar
bn:00087138v	documentar
bn:00087149v	residir
bn:00087150v	albergar
bn:00087151v	dominar
bn:00087151v	gobernar
bn:00087151v	prevalecer
bn:00087152v	dominar
bn:00087153v	dominar
bn:00087154v	eclipsar
bn:00087156v	donar
bn:00087156v	regalar
bn:00087169v	duplicar
bn:00087170v	doblar
bn:00087171v	doblar
bn:00087174v	duplicar
bn:00087174v	repetir
bn:00087189v	dudar
bn:00087190v	dudar
bn:00087197v	encajar
bn:00087200v	derribar
bn:00087201v	mejorar
bn:00087201v	refinar
bn:00087202v	degradar
bn:00087204v	minimizar
bn:00087209v	dormir
bn:00087209v	dormitar
bn:00087210v	redactar
bn:00087211v	reclutar
bn:00087212v	arrastrar
bn:00087212v	tirar
bn:00087215v	arrastrar
bn:00087215v	seguir
bn:00087218v	arrastrar
bn:00087222v	prolongar
bn:00087226v	agotar
bn:00087226v	drenar
bn:00087226v	salir
bn:00087229v	beber
bn:00087230v	dramatizar
bn:00087232v	colocar
bn:00087234v	arrastrar
bn:00087234v	atraer
bn:00087234v	forzar
bn:00087234v	jalar
bn:00087234v	obligar
bn:00087234v	pasar
bn:00087234v	quitar
bn:00087234v	sacar
bn:00087234v	tensar
bn:00087234v	tirar
bn:00087235v	cobrar
bn:00087235v	cosechar
bn:00087235v	extraer
bn:00087235v	obtener
bn:00087236v	crear
bn:00087236v	establecer
bn:00087236v	generar
bn:00087236v	hacer
bn:00087236v	realizar
bn:00087236v	sacar
bn:00087237v	desenfundar
bn:00087237v	dibujar
bn:00087237v	retirar
bn:00087237v	sacar
bn:00087238v	dibujar
bn:00087238v	hacer
bn:00087239v	extraer
bn:00087239v	sacar
bn:00087240v	provocar
bn:00087241v	cobrar
bn:00087241v	provocar
bn:00087243v	obtener
bn:00087243v	retirar
bn:00087245v	atraer
bn:00087246v	dibujar
bn:00087247v	redactar
bn:00087248v	dibujar
bn:00087256v	pasar
bn:00087256v	recorrer
bn:00087257v	conectar
bn:00087266v	retirar
bn:00087267v	retirar
bn:00087267v	retroceder
bn:00087274v	ampliar
bn:00087274v	prolongar
bn:00087274v	sacar
bn:00087276v	extraer
bn:00087276v	provocar
bn:00087277v	extraer
bn:00087277v	sacar
bn:00087281v	detener
bn:00087283v	arrastrar
bn:00087284v	temer
bn:00087285v	soñar
bn:00087288v	inundar
bn:00087291v	vestir
bn:00087293v	vestir
bn:00087295v	preparar
bn:00087305v	gotear
bn:00087307v	babear
bn:00087308v	desviar
bn:00087317v	entrenar
bn:00087321v	beber
bn:00087321v	tomar
bn:00087322v	beber
bn:00087322v	brindar
bn:00087325v	chorrear
bn:00087325v	gotear
bn:00087327v	conducir
bn:00087327v	ir
bn:00087327v	pilotar
bn:00087327v	seguir
bn:00087328v	conducir
bn:00087328v	dirigir
bn:00087328v	llevar
bn:00087328v	salir
bn:00087329v	impulsar
bn:00087329v	llevar
bn:00087330v	impulsar
bn:00087330v	llevar
bn:00087331v	impulsar
bn:00087331v	llevar
bn:00087332v	llevar
bn:00087333v	conducir
bn:00087333v	llevar
bn:00087335v	impulsar
bn:00087348v	repeler
bn:00087361v	ceder
bn:00087364v	arrojar
bn:00087364v	bajar
bn:00087364v	caer
bn:00087364v	dejar
bn:00087364v	lanzar
bn:00087365v	bajar
bn:00087365v	caer
bn:00087365v	dejar
bn:00087365v	lanzar
bn:00087366v	bajar
bn:00087366v	caer
bn:00087366v	disminuir
bn:00087367v	caer
bn:00087367v	hundir
bn:00087368v	dejar
bn:00087368v	eliminar
bn:00087369v	soltar
bn:00087370v	abandonar
bn:00087370v	dejar
bn:00087371v	perder
bn:00087372v	caer
bn:00087372v	gastar
bn:00087373v	bajar
bn:00087376v	descuidar
bn:00087376v	perder
bn:00087382v	escribir
bn:00087386v	disminuir
bn:00087387v	perder
bn:00087387v	retroceder
bn:00087393v	ahogar
bn:00087393v	inundar
bn:00087394v	ahogar
bn:00087395v	ahogar
bn:00087396v	ahogar
bn:00087401v	secar
bn:00087402v	secar
bn:00087410v	apodar
bn:00087411v	doblar
bn:00087413v	agachar
bn:00087414v	esquivar
bn:00087418v	amortiguar
bn:00087422v	arrojar
bn:00087422v	dejar
bn:00087422v	verter
bn:00087422v	volcar
bn:00087436v	desempolvar
bn:00087441v	habitar
bn:00087441v	poblar
bn:00087441v	vivir
bn:00087445v	disminuir
bn:00087445v	menguar
bn:00087449v	dinamitar
bn:00087452v	ganar
bn:00087452v	obtener
bn:00087452v	valer
bn:00087459v	ceder
bn:00087459v	dar
bn:00087460v	comer
bn:00087460v	consumir
bn:00087461v	comer
bn:00087462v	alimentar
bn:00087462v	comer
bn:00087463v	consumir
bn:00087465v	erosionar
bn:00087468v	terminar
bn:00087474v	repetir
bn:00087474v	resonar
bn:00087475v	resonar
bn:00087475v	reverberar
bn:00087475v	sonar
bn:00087476v	recordar
bn:00087477v	eclipsar
bn:00087478v	ahorrar
bn:00087479v	girar
bn:00087483v	edificar
bn:00087484v	editar
bn:00087487v	educar
bn:00087487v	tener
bn:00087488v	borrar
bn:00087491v	actuar
bn:00087491v	efectuar
bn:00087491v	provocar
bn:00087492v	efectuar
bn:00087492v	realizar
bn:00087494v	espumar
bn:00087496v	verter
bn:00087502v	incitar
bn:00087506v	rociar
bn:00087509v	sacar
bn:00087512v	elaborar
bn:00087512v	resolver
bn:00087513v	pasar
bn:00087513v	transcurrir
bn:00087517v	elegir
bn:00087518v	elegir
bn:00087518v	optar
bn:00087527v	elevar
bn:00087530v	eliminar
bn:00087531v	descartar
bn:00087531v	eliminar
bn:00087535v	extender
bn:00087537v	eludir
bn:00087537v	escapar
bn:00087541v	emanar
bn:00087543v	liberar
bn:00087544v	emancipar
bn:00087551v	aventurar
bn:00087554v	plantar
bn:00087556v	encarnar
bn:00087561v	aparecer
bn:00087561v	emerger
bn:00087561v	llegar
bn:00087561v	salir
bn:00087561v	surgir
bn:00087562v	emerger
bn:00087562v	surgir
bn:00087563v	emerger
bn:00087564v	emigrar
bn:00087565v	emitir
bn:00087566v	emitir
bn:00087566v	proferir
bn:00087566v	soltar
bn:00087568v	empalar
bn:00087571v	entender
bn:00087572v	subrayar
bn:00087576v	contratar
bn:00087576v	emplear
bn:00087577v	investir
bn:00087578v	vaciar
bn:00087579v	vaciar
bn:00087582v	emular
bn:00087587v	permitir
bn:00087588v	ordenar
bn:00087588v	promulgar
bn:00087593v	incluir
bn:00087594v	colocar
bn:00087594v	insertar
bn:00087594v	introducir
bn:00087594v	poner
bn:00087597v	encontrar
bn:00087597v	topar
bn:00087598v	encontrar
bn:00087598v	recibir
bn:00087599v	encontrar
bn:00087600v	alentar
bn:00087600v	animar
bn:00087600v	fomentar
bn:00087600v	incentivar
bn:00087601v	animar
bn:00087605v	invadir
bn:00087608v	acabar
bn:00087608v	finalizar
bn:00087608v	rescindir
bn:00087608v	terminar
bn:00087609v	finalizar
bn:00087609v	terminar
bn:00087611v	acabar
bn:00087611v	terminar
bn:00087612v	amenazar
bn:00087613v	exponer
bn:00087615v	intentar
bn:00087615v	luchar
bn:00087617v	durar
bn:00087617v	perdurar
bn:00087617v	sobrevivir
bn:00087617v	soportar
bn:00087617v	sostener
bn:00087617v	vivir
bn:00087618v	soportar
bn:00087618v	sufrir
bn:00087619v	desgastar
bn:00087620v	durar
bn:00087623v	desconcertar
bn:00087626v	aplicar
bn:00087626v	imponer
bn:00087628v	continuar
bn:00087628v	seguir
bn:00087631v	librar
bn:00087632v	obtener
bn:00087632v	reclutar
bn:00087636v	inscribir
bn:00087641v	aumentar
bn:00087641v	mejorar
bn:00087641v	realzar
bn:00087642v	mejorar
bn:00087642v	potenciar
bn:00087642v	realzar
bn:00087643v	prohibir
bn:00087644v	decir
bn:00087644v	instar
bn:00087644v	ordenar
bn:00087645v	disfrutar
bn:00087645v	gozar
bn:00087645v	tener
bn:00087646v	adorar
bn:00087646v	amar
bn:00087646v	disfrutar
bn:00087646v	encantar
bn:00087647v	disfrutar
bn:00087647v	gozar
bn:00087648v	enroscar
bn:00087648v	entrelazar
bn:00087648v	tejer
bn:00087649v	ampliar
bn:00087649v	aumentar
bn:00087650v	ampliar
bn:00087652v	alistar
bn:00087655v	investigar
bn:00087656v	preguntar
bn:00087658v	enriquecer
bn:00087662v	entrar
bn:00087662v	ingresar
bn:00087662v	inscribir
bn:00087662v	participar
bn:00087662v	reclutar
bn:00087669v	preparar
bn:00087670v	atrapar
bn:00087671v	lograr
bn:00087671v	resultar
bn:00087671v	seguir
bn:00087672v	conllevar
bn:00087672v	implicar
bn:00087672v	significar
bn:00087673v	implicar
bn:00087677v	entrar
bn:00087677v	ingresar
bn:00087677v	inscribir
bn:00087677v	participar
bn:00087678v	entrar
bn:00087678v	figurar
bn:00087678v	penetrar
bn:00087679v	grabar
bn:00087679v	ingresar
bn:00087679v	registrar
bn:00087680v	entrar
bn:00087681v	insertar
bn:00087681v	introducir
bn:00087682v	agasajar
bn:00087682v	alojar
bn:00087682v	entretener
bn:00087683v	albergar
bn:00087683v	pensar
bn:00087684v	mantener
bn:00087684v	sostener
bn:00087684v	tener
bn:00087685v	entronizar
bn:00087689v	atraer
bn:00087689v	seducir
bn:00087689v	tentar
bn:00087691v	titular
bn:00087694v	atrincherar
bn:00087695v	dejar
bn:00087700v	envenenar
bn:00087701v	entender
bn:00087701v	imaginar
bn:00087701v	observar
bn:00087701v	pensar
bn:00087701v	prever
bn:00087701v	ver
bn:00087701v	visualizar
bn:00087702v	imaginar
bn:00087702v	prever
bn:00087703v	envidiar
bn:00087704v	personificar
bn:00087706v	igualar
bn:00087706v	rivalizar
bn:00087710v	equipar
bn:00087712v	extirpar
bn:00087713v	borrar
bn:00087714v	construir
bn:00087714v	erigir
bn:00087714v	establecer
bn:00087714v	instalar
bn:00087714v	levantar
bn:00087714v	montar
bn:00087714v	poner
bn:00087717v	resbalar
bn:00087721v	aumentar
bn:00087721v	intensificar
bn:00087723v	escapar
bn:00087723v	evitar
bn:00087724v	escapar
bn:00087724v	evitar
bn:00087727v	escapar
bn:00087728v	evitar
bn:00087729v	acompañar
bn:00087729v	escoltar
bn:00087731v	deber
bn:00087731v	examinar
bn:00087731v	intentar
bn:00087731v	probar
bn:00087732v	establecer
bn:00087732v	fundar
bn:00087732v	lanzar
bn:00087732v	montar
bn:00087733v	establecer
bn:00087733v	hacer
bn:00087734v	dar
bn:00087734v	establecer
bn:00087734v	hacer
bn:00087735v	establecer
bn:00087735v	instalar
bn:00087736v	apreciar
bn:00087736v	respetar
bn:00087736v	valorar
bn:00087737v	considerar
bn:00087737v	pensar
bn:00087737v	reputar
bn:00087740v	grabar
bn:00087753v	elogiar
bn:00087756v	europeizar
bn:00087757v	evacuar
bn:00087763v	juzgar
bn:00087766v	evaporar
bn:00087769v	nivelar
bn:00087773v	resultar
bn:00087777v	decir
bn:00087777v	evidenciar
bn:00087778v	demostrar
bn:00087778v	expresar
bn:00087778v	expreso
bn:00087778v	mostrar
bn:00087778v	reflejar
bn:00087782v	sugerir
bn:00087783v	evolucionar
bn:00087784v	exagerar
bn:00087785v	exaltar
bn:00087785v	glorificar
bn:00087785v	proclamar
bn:00087787v	examinar
bn:00087788v	examinar
bn:00087788v	explorar
bn:00087788v	sondear
bn:00087789v	examinar
bn:00087793v	exceder
bn:00087793v	superar
bn:00087793v	trascender
bn:00087794v	exceder
bn:00087794v	sobresalir
bn:00087794v	superar
bn:00087794v	trascender
bn:00087795v	exceder
bn:00087795v	sobrepasar
bn:00087795v	superar
bn:00087796v	destacar
bn:00087796v	sobresalir
bn:00087796v	superar
bn:00087798v	excluir
bn:00087798v	omitir
bn:00087800v	cambiar
bn:00087802v	reemplazar
bn:00087802v	sustituir
bn:00087803v	borrar
bn:00087806v	emocionar
bn:00087806v	entusiasmar
bn:00087806v	excitar
bn:00087807v	emocionar
bn:00087807v	estimular
bn:00087807v	excitar
bn:00087808v	estimular
bn:00087809v	agitar
bn:00087809v	despertar
bn:00087809v	estimular
bn:00087809v	evocar
bn:00087811v	exclamar
bn:00087811v	proclamar
bn:00087811v	promulgar
bn:00087812v	excluir
bn:00087813v	excluir
bn:00087815v	torturar
bn:00087816v	torturar
bn:00087817v	perdonar
bn:00087818v	excusar
bn:00087819v	excusar
bn:00087819v	explicar
bn:00087820v	ejecutar
bn:00087821v	ejecutar
bn:00087823v	correr
bn:00087823v	manejar
bn:00087825v	ejemplificar
bn:00087825v	representar
bn:00087826v	ejemplificar
bn:00087826v	ilustrar
bn:00087827v	eximir
bn:00087827v	liberar
bn:00087829v	ejercer
bn:00087829v	esforzar
bn:00087830v	ejercitar
bn:00087830v	hacer
bn:00087830v	trabajar
bn:00087831v	ejercitar
bn:00087831v	entrenar
bn:00087831v	hacer
bn:00087831v	trabajar
bn:00087832v	ejercer
bn:00087832v	mantener
bn:00087839v	agotar
bn:00087839v	socavar
bn:00087841v	exhibir
bn:00087841v	mostrar
bn:00087842v	marchar
bn:00087843v	impulsar
bn:00087843v	incitar
bn:00087843v	insistir
bn:00087843v	instar
bn:00087843v	presionar
bn:00087844v	existir
bn:00087844v	sobrevivir
bn:00087844v	subsistir
bn:00087844v	vivir
bn:00087845v	dejar
bn:00087845v	salir
bn:00087847v	exorcizar
bn:00087848v	ampliar
bn:00087848v	expandir
bn:00087849v	ampliar
bn:00087849v	expandir
bn:00087850v	expandir
bn:00087851v	ir
bn:00087855v	acelerar
bn:00087855v	agilizar
bn:00087857v	echar
bn:00087857v	expulsar
bn:00087858v	derrotar
bn:00087859v	dedicar
bn:00087859v	gastar
bn:00087859v	usar
bn:00087859v	utilizar
bn:00087861v	atravesar
bn:00087861v	experimentar
bn:00087861v	pasar
bn:00087862v	conocer
bn:00087862v	experimentar
bn:00087862v	saber
bn:00087862v	vivir
bn:00087863v	captar
bn:00087863v	conseguir
bn:00087863v	experimentar
bn:00087863v	haber
bn:00087863v	obtener
bn:00087863v	recibir
bn:00087863v	sufrir
bn:00087863v	tener
bn:00087863v	tomar
bn:00087864v	experimentar
bn:00087864v	sentir
bn:00087864v	ver
bn:00087865v	tener
bn:00087866v	experimentar
bn:00087868v	expirar
bn:00087869v	explicar
bn:00087870v	explicar
bn:00087871v	explotar
bn:00087878v	aprovechar
bn:00087878v	explotar
bn:00087879v	explotar
bn:00087881v	buscar
bn:00087881v	explorar
bn:00087881v	investigar
bn:00087882v	explorar
bn:00087883v	explorar
bn:00087885v	exportar
bn:00087888v	exponer
bn:00087889v	descubrir
bn:00087889v	exponer
bn:00087894v	decir
bn:00087894v	expresar
bn:00087894v	mostrar
bn:00087894v	pronunciar
bn:00087895v	enunciar
bn:00087895v	expresar
bn:00087901v	reír
bn:00087903v	extender
bn:00087905v	conducir
bn:00087905v	correr
bn:00087905v	extender
bn:00087905v	ir
bn:00087905v	llevar
bn:00087905v	pasar
bn:00087905v	recorrer
bn:00087906v	extender
bn:00087907v	extender
bn:00087908v	ampliar
bn:00087908v	extender
bn:00087908v	ofrecer
bn:00087909v	estirar
bn:00087909v	extender
bn:00087910v	desplegar
bn:00087910v	estirar
bn:00087910v	extender
bn:00087917v	alcanzar
bn:00087917v	extender
bn:00087917v	llegar
bn:00087917v	rozar
bn:00087918v	atenuar
bn:00087918v	mitigar
bn:00087920v	exterminar
bn:00087922v	apagar
bn:00087922v	extinguir
bn:00087927v	extraer
bn:00087930v	extrapolar
bn:00087930v	generalizar
bn:00087930v	inferir
bn:00087931v	extrapolar
bn:00087940v	mirar
bn:00087940v	observar
bn:00087942v	enfrentar
bn:00087942v	mirar
bn:00087943v	enfrentar
bn:00087943v	mirar
bn:00087944v	enfrentar
bn:00087950v	ayudar
bn:00087953v	factorizar
bn:00087962v	cansar
bn:00087962v	desgastar
bn:00087966v	caer
bn:00087966v	descuidar
bn:00087966v	fallar
bn:00087967v	fallar
bn:00087967v	fracasar
bn:00087976v	caer
bn:00087977v	caer
bn:00087977v	salir
bn:00087978v	caer
bn:00087979v	caer
bn:00087980v	caer
bn:00087981v	caer
bn:00087982v	caer
bn:00087983v	caer
bn:00087984v	caer
bn:00087985v	corresponder
bn:00087985v	recaer
bn:00087994v	colgar
bn:00088004v	retroceder
bn:00088006v	recurrir
bn:00088013v	acompañar
bn:00088013v	unir
bn:00088017v	caer
bn:00088018v	caer
bn:00088018v	hundir
bn:00088019v	caer
bn:00088020v	derivar
bn:00088020v	resultar
bn:00088020v	seguir
bn:00088022v	caer
bn:00088026v	vacilar
bn:00088032v	avivar
bn:00088034v	separar
bn:00088035v	apreciar
bn:00088040v	cultivar
bn:00088042v	criar
bn:00088042v	cultivar
bn:00088042v	producir
bn:00088043v	subcontratar
bn:00088046v	fascinar
bn:00088048v	forjar
bn:00088048v	formar
bn:00088052v	asegurar
bn:00088052v	fijar
bn:00088052v	sujetar
bn:00088053v	fijar
bn:00088053v	unir
bn:00088055v	apretar
bn:00088055v	tensar
bn:00088056v	adoptar
bn:00088059v	cansar
bn:00088060v	favorecer
bn:00088060v	preferir
bn:00088061v	favorecer
bn:00088061v	preferir
bn:00088065v	temer
bn:00088066v	temer
bn:00088068v	venerar
bn:00088078v	aparecer
bn:00088078v	haber
bn:00088078v	incluir
bn:00088078v	ofrecer
bn:00088078v	presentar
bn:00088078v	tener
bn:00088084v	alimentar
bn:00088084v	comer
bn:00088084v	suministrar
bn:00088085v	alimentar
bn:00088085v	comer
bn:00088085v	dar
bn:00088086v	alimentar
bn:00088087v	alimentar
bn:00088087v	introducir
bn:00088088v	alimentar
bn:00088089v	alimentar
bn:00088095v	considerar
bn:00088095v	creer
bn:00088095v	descubrir
bn:00088095v	encontrar
bn:00088095v	parecer
bn:00088095v	pensar
bn:00088095v	sentir
bn:00088095v	ver
bn:00088096v	percibir
bn:00088096v	sentir
bn:00088097v	sentir
bn:00088098v	sentir
bn:00088099v	sentir
bn:00088100v	sentir
bn:00088101v	sentir
bn:00088102v	sentir
bn:00088103v	sentir
bn:00088103v	tocar
bn:00088103v	ver
bn:00088107v	apetecer
bn:00088121v	resistir
bn:00088129v	transportar
bn:00088146v	eludir
bn:00088146v	evitar
bn:00088150v	alterar
bn:00088159v	luchar
bn:00088160v	contraatacar
bn:00088161v	pensar
bn:00088162v	deducir
bn:00088162v	descifrar
bn:00088162v	descubrir
bn:00088162v	entender
bn:00088162v	resolver
bn:00088164v	registrar
bn:00088165v	limar
bn:00088175v	llenar
bn:00088176v	llenar
bn:00088177v	ocupar
bn:00088178v	aceptar
bn:00088178v	aprovechar
bn:00088178v	asumir
bn:00088178v	cubrir
bn:00088178v	desempeñar
bn:00088178v	interpretar
bn:00088178v	llenar
bn:00088178v	ocupar
bn:00088178v	realizar
bn:00088178v	tomar
bn:00088179v	cubrir
bn:00088179v	cumplir
bn:00088179v	desempeñar
bn:00088179v	llenar
bn:00088179v	satisfacer
bn:00088180v	llenar
bn:00088182v	llenar
bn:00088182v	saciar
bn:00088184v	llenar
bn:00088184v	reponer
bn:00088185v	informar
bn:00088185v	llenar
bn:00088186v	llenar
bn:00088186v	sombrear
bn:00088187v	reemplazar
bn:00088187v	sustituir
bn:00088188v	completar
bn:00088192v	filmar
bn:00088192v	fotografiar
bn:00088192v	tomar
bn:00088195v	filtrar
bn:00088195v	separar
bn:00088196v	filtrar
bn:00088199v	lograr
bn:00088201v	financiar
bn:00088204v	dar
bn:00088204v	descubrir
bn:00088204v	encontrar
bn:00088205v	concluir
bn:00088205v	descubrir
bn:00088205v	encontrar
bn:00088205v	observar
bn:00088205v	presenciar
bn:00088205v	ver
bn:00088206v	encontrar
bn:00088207v	considerar
bn:00088207v	determinar
bn:00088207v	encontrar
bn:00088208v	conseguir
bn:00088208v	encontrar
bn:00088208v	llegar
bn:00088208v	obtener
bn:00088208v	recibir
bn:00088209v	encontrar
bn:00088210v	recuperar
bn:00088222v	terminar
bn:00088224v	completar
bn:00088225v	disparar
bn:00088226v	cocer
bn:00088229v	fomentar
bn:00088230v	encender
bn:00088236v	pescar
bn:00088240v	ajustar
bn:00088240v	encajar
bn:00088240v	instalar
bn:00088241v	adaptar
bn:00088241v	ajustar
bn:00088241v	encajar
bn:00088241v	instalar
bn:00088244v	coincidir
bn:00088245v	arreglar
bn:00088245v	atrapar
bn:00088245v	conseguir
bn:00088246v	establecer
bn:00088246v	fijar
bn:00088247v	fijar
bn:00088248v	fijar
bn:00088250v	crear
bn:00088250v	dar
bn:00088250v	poner
bn:00088250v	preparar
bn:00088251v	arreglar
bn:00088256v	señalar
bn:00088257v	señalar
bn:00088270v	flanquear
bn:00088271v	agitar
bn:00088271v	mover
bn:00088271v	ondear
bn:00088277v	parpadear
bn:00088278v	desfilar
bn:00088278v	presumir
bn:00088280v	brillar
bn:00088285v	aplanar
bn:00088285v	arrasar
bn:00088291v	huir
bn:00088292v	robar
bn:00088301v	lanzar
bn:00088307v	parpadear
bn:00088310v	engañar
bn:00088311v	arrojar
bn:00088311v	echar
bn:00088311v	lanzar
bn:00088312v	echar
bn:00088314v	lanzar
bn:00088314v	tirar
bn:00088314v	voltear
bn:00088315v	lanzar
bn:00088317v	arrojar
bn:00088317v	lanzar
bn:00088322v	flotar
bn:00088322v	navegar
bn:00088323v	flotar
bn:00088332v	acudir
bn:00088333v	atacar
bn:00088333v	azotar
bn:00088333v	cortar
bn:00088334v	inundar
bn:00088343v	tambalear
bn:00088347v	prosperar
bn:00088348v	desobedecer
bn:00088349v	fluir
bn:00088349v	salir
bn:00088378v	saltar
bn:00088378v	volar
bn:00088379v	dirigir
bn:00088379v	volar
bn:00088380v	transportar
bn:00088380v	volar
bn:00088381v	volar
bn:00088384v	volar
bn:00088403v	agudizar
bn:00088404v	enfocar
bn:00088411v	doblar
bn:00088411v	subir
bn:00088412v	incorporar
bn:00088421v	observar
bn:00088421v	seguir
bn:00088422v	hacer
bn:00088422v	seguir
bn:00088423v	seguir
bn:00088424v	seguir
bn:00088425v	seguir
bn:00088426v	seguir
bn:00088427v	rastrear
bn:00088427v	remontar
bn:00088427v	seguir
bn:00088428v	cuidar
bn:00088428v	mantener
bn:00088428v	mirar
bn:00088428v	observar
bn:00088428v	seguir
bn:00088428v	ver
bn:00088428v	vigilar
bn:00088429v	mantener
bn:00088429v	seguir
bn:00088433v	perseguir
bn:00088442v	pagar
bn:00088445v	acechar
bn:00088445v	demorar
bn:00088445v	persistir
bn:00088454v	evitar
bn:00088454v	impedir
bn:00088454v	prevenir
bn:00088455v	forzar
bn:00088455v	obligar
bn:00088456v	apretar
bn:00088456v	empujar
bn:00088456v	forzar
bn:00088456v	impulsar
bn:00088456v	obligar
bn:00088456v	poder
bn:00088456v	presionar
bn:00088456v	pulsar
bn:00088457v	empujar
bn:00088457v	forzar
bn:00088457v	imponer
bn:00088457v	obligar
bn:00088458v	apretar
bn:00088458v	forzar
bn:00088458v	obligar
bn:00088459v	obligar
bn:00088460v	asaltar
bn:00088469v	abandonar
bn:00088469v	perder
bn:00088469v	renunciar
bn:00088470v	destacar
bn:00088477v	forjar
bn:00088480v	formar
bn:00088480v	moldear
bn:00088481v	olvidar
bn:00088482v	dejar
bn:00088483v	perdonar
bn:00088484v	perdonar
bn:00088488v	formar
bn:00088488v	organizar
bn:00088489v	formar
bn:00088490v	formar
bn:00088490v	moldear
bn:00088491v	formar
bn:00088494v	validar
bn:00088506v	enviar
bn:00088509v	fomentar
bn:00088509v	promover
bn:00088524v	fraccionar
bn:00088526v	romper
bn:00088531v	enmarcar
bn:00088538v	fraternizar
bn:00088544v	liberar
bn:00088544v	soltar
bn:00088545v	lanzar
bn:00088545v	liberar
bn:00088546v	abandonar
bn:00088546v	ceder
bn:00088546v	renunciar
bn:00088553v	congelar
bn:00088554v	congelar
bn:00088557v	congelar
bn:00088557v	suspender
bn:00088559v	congelar
bn:00088582v	asustar
bn:00088592v	glasear
bn:00088599v	fruncir
bn:00088600v	desaprobar
bn:00088614v	cumplir
bn:00088614v	satisfacer
bn:00088619v	fulminar
bn:00088622v	tantear
bn:00088629v	actuar
bn:00088629v	dirigir
bn:00088629v	funcionar
bn:00088629v	operar
bn:00088629v	trabajar
bn:00088630v	actuar
bn:00088630v	cumplir
bn:00088630v	funcionar
bn:00088630v	servir
bn:00088631v	funcionar
bn:00088640v	enrollar
bn:00088641v	despedir
bn:00088643v	abandonar
bn:00088643v	abastecer
bn:00088643v	aportar
bn:00088643v	brindar
bn:00088643v	disponer
bn:00088643v	emitir
bn:00088643v	equipar
bn:00088643v	ofrecer
bn:00088643v	otorgar
bn:00088643v	prestar
bn:00088643v	proporcionar
bn:00088643v	suministrar
bn:00088643v	suplir
bn:00088644v	amueblar
bn:00088646v	fundir
bn:00088654v	amordazar
bn:00088656v	bromear
bn:00088659v	ganar
bn:00088666v	sobresaltar
bn:00088666v	sorprender
bn:00088673v	encarcelar
bn:00088677v	jardinear
bn:00088688v	cortar
bn:00088689v	jadear
bn:00088689v	resoplar
bn:00088698v	coger
bn:00088698v	recoger
bn:00088705v	contemplar
bn:00088705v	mirar
bn:00088705v	observar
bn:00088724v	ceder
bn:00088724v	dar
bn:00088724v	generar
bn:00088724v	ofrecer
bn:00088725v	generar
bn:00088732v	gesticular
bn:00088733v	conseguir
bn:00088733v	dejar
bn:00088733v	haber
bn:00088733v	obtener
bn:00088733v	ser
bn:00088733v	tener
bn:00088733v	tomar
bn:00088734v	conseguir
bn:00088734v	hacer
bn:00088734v	lograr
bn:00088734v	tener
bn:00088735v	conseguir
bn:00088735v	llegar
bn:00088735v	recibir
bn:00088736v	convertir
bn:00088736v	crear
bn:00088736v	dar
bn:00088736v	formar
bn:00088736v	generar
bn:00088736v	hacer
bn:00088736v	haz
bn:00088736v	llegar
bn:00088736v	lograr
bn:00088736v	pasar
bn:00088736v	poner
bn:00088736v	realizar
bn:00088736v	ser
bn:00088736v	tener
bn:00088736v	volver
bn:00088737v	obtener
bn:00088745v	recibir
bn:00088745v	sufrir
bn:00088745v	tener
bn:00088746v	mirar
bn:00088754v	recuperar
bn:00088758v	poder
bn:00088759v	ingerir
bn:00088759v	tragar
bn:00088761v	comenzar
bn:00088761v	encender
bn:00088761v	ir
bn:00088762v	agarrar
bn:00088762v	coger
bn:00088762v	conseguir
bn:00088762v	llevar
bn:00088762v	quitar
bn:00088762v	tomar
bn:00088763v	entrar
bn:00088767v	bajar
bn:00088768v	salir
bn:00088769v	enviar
bn:00088779v	retirar
bn:00088779v	salir
bn:00088780v	sacar
bn:00088782v	dominar
bn:00088782v	superar
bn:00088783v	eliminar
bn:00088786v	dominar
bn:00088788v	pasar
bn:00088789v	alcanzar
bn:00088789v	cumplir
bn:00088789v	efectuar
bn:00088789v	hacer
bn:00088789v	llegar
bn:00088789v	lograr
bn:00088790v	llegar
bn:00088791v	conocer
bn:00088791v	encontrar
bn:00088791v	reunir
bn:00088798v	obsesionar
bn:00088803v	dar
bn:00088803v	entregar
bn:00088805v	reír
bn:00088808v	cojear
bn:00088814v	dar
bn:00088815v	dar
bn:00088815v	entregar
bn:00088816v	dar
bn:00088816v	entregar
bn:00088817v	dar
bn:00088817v	pagar
bn:00088818v	aumentar
bn:00088818v	dar
bn:00088818v	hacer
bn:00088818v	mantener
bn:00088818v	sostener
bn:00088818v	tener
bn:00088819v	dar
bn:00088819v	lanzar
bn:00088820v	dar
bn:00088821v	dar
bn:00088821v	dejar
bn:00088821v	entregar
bn:00088821v	impartir
bn:00088822v	dar
bn:00088823v	dar
bn:00088824v	dar
bn:00088824v	entregar
bn:00088824v	sacrificar
bn:00088825v	dar
bn:00088825v	entregar
bn:00088825v	pasar
bn:00088826v	dar
bn:00088827v	dar
bn:00088828v	conceder
bn:00088828v	dar
bn:00088828v	otorgar
bn:00088847v	regalar
bn:00088849v	devolver
bn:00088849v	reembolsar
bn:00088850v	dar
bn:00088853v	desprender
bn:00088854v	agradecer
bn:00088858v	abandonar
bn:00088858v	renunciar
bn:00088859v	rendir
bn:00088859v	renunciar
bn:00088861v	desahogar
bn:00088861v	expresar
bn:00088862v	ceder
bn:00088868v	romantizar
bn:00088869v	mirar
bn:00088870v	mirar
bn:00088871v	escanear
bn:00088871v	escudriñar
bn:00088871v	examinar
bn:00088871v	revisar
bn:00088881v	brillar
bn:00088884v	cosechar
bn:00088884v	recoger
bn:00088885v	deslizar
bn:00088885v	planear
bn:00088889v	vislumbrar
bn:00088895v	glorificar
bn:00088903v	brillar
bn:00088905v	pegar
bn:00088912v	desaparecer
bn:00088912v	hacer
bn:00088912v	ir
bn:00088912v	mover
bn:00088912v	mudar
bn:00088912v	recorrer
bn:00088912v	salir
bn:00088912v	trasladar
bn:00088912v	viajar
bn:00088913v	avanzar
bn:00088913v	hacer
bn:00088913v	ir
bn:00088913v	mover
bn:00088913v	proceder
bn:00088913v	salir
bn:00088913v	trasladar
bn:00088914v	ir
bn:00088915v	decir
bn:00088915v	ir
bn:00088916v	continuar
bn:00088916v	ir
bn:00088916v	salir
bn:00088917v	datar
bn:00088917v	desaparecer
bn:00088917v	ir
bn:00088918v	ir
bn:00088919v	hacer
bn:00088919v	resonar
bn:00088919v	sonar
bn:00088920v	ir
bn:00088921v	ir
bn:00088922v	ir
bn:00088927v	conducir
bn:00088927v	llevar
bn:00088932v	pasar
bn:00088933v	ir
bn:00088933v	perseguir
bn:00088938v	girar
bn:00088938v	rotar
bn:00088939v	dejar
bn:00088939v	partir
bn:00088939v	salir
bn:00088940v	regresar
bn:00088940v	volver
bn:00088941v	recuperar
bn:00088944v	pasar
bn:00088948v	asentar
bn:00088948v	hundir
bn:00088949v	pasar
bn:00088952v	poner
bn:00088954v	esperar
bn:00088959v	disparar
bn:00088959v	explotar
bn:00088963v	salir
bn:00088964v	salir
bn:00088967v	examinar
bn:00088967v	pasar
bn:00088967v	revisar
bn:00088968v	pasar
bn:00088972v	levantar
bn:00088973v	animar
bn:00088990v	gobernar
bn:00088990v	ordenar
bn:00088990v	regular
bn:00088991v	gobernar
bn:00088992v	dominar
bn:00088992v	gobernar
bn:00089002v	calificar
bn:00089002v	clasificar
bn:00089002v	colocar
bn:00089006v	graduar
bn:00089007v	graduar
bn:00089016v	agarrar
bn:00089016v	forcejear
bn:00089017v	agarrar
bn:00089017v	comprender
bn:00089025v	moler
bn:00089026v	rascar
bn:00089026v	raspar
bn:00089027v	satisfacer
bn:00089039v	reconocer
bn:00089039v	saludar
bn:00089040v	saludar
bn:00089041v	saludar
bn:00089042v	saludar
bn:00089048v	sonreír
bn:00089053v	agarrar
bn:00089058v	quejar
bn:00089060v	entrenar
bn:00089060v	preparar
bn:00089079v	agrupar
bn:00089082v	crecer
bn:00089082v	volver
bn:00089083v	crecer
bn:00089084v	crecer
bn:00089085v	crecer
bn:00089085v	cultivar
bn:00089086v	crecer
bn:00089086v	madurar
bn:00089089v	crecer
bn:00089089v	madurar
bn:00089090v	retumbar
bn:00089096v	retumbar
bn:00089099v	garantizar
bn:00089100v	emprender
bn:00089100v	garantizar
bn:00089102v	cuidar
bn:00089102v	evitar
bn:00089102v	vigilar
bn:00089103v	cuidar
bn:00089103v	guardar
bn:00089103v	proteger
bn:00089105v	adivinar
bn:00089105v	considerar
bn:00089105v	creer
bn:00089105v	imaginar
bn:00089105v	pensar
bn:00089105v	suponer
bn:00089106v	adivinar
bn:00089106v	arriesgar
bn:00089106v	aventurar
bn:00089106v	suponer
bn:00089107v	adivinar
bn:00089112v	guiar
bn:00089112v	llevar
bn:00089115v	tragar
bn:00089123v	abatir
bn:00089126v	brotar
bn:00089137v	girar
bn:00089140v	usar
bn:00089140v	utilizar
bn:00089149v	llamar
bn:00089154v	dejar
bn:00089154v	detener
bn:00089154v	parar
bn:00089159v	martillar
bn:00089172v	manejar
bn:00089172v	manipular
bn:00089173v	empuñar
bn:00089178v	caer
bn:00089178v	colgar
bn:00089178v	flotar
bn:00089179v	colgar
bn:00089180v	ahorcar
bn:00089180v	colgar
bn:00089181v	colgar
bn:00089181v	inclinar
bn:00089191v	volar
bn:00089192v	persistir
bn:00089196v	colgar
bn:00089197v	colgar
bn:00089198v	anhelar
bn:00089199v	ocurrir
bn:00089199v	suceder
bn:00089200v	materializar
bn:00089200v	ocurrir
bn:00089200v	pasar
bn:00089200v	suceder
bn:00089207v	endurecer
bn:00089211v	acostumbrar
bn:00089215v	dañar
bn:00089219v	reconciliar
bn:00089221v	aprovechar
bn:00089232v	acelerar
bn:00089232v	estimular
bn:00089232v	inducir
bn:00089235v	eclosionar
bn:00089238v	llevar
bn:00089239v	acechar
bn:00089240v	contener
bn:00089240v	haber
bn:00089240v	sostener
bn:00089240v	tener
bn:00089241v	poseer
bn:00089241v	tener
bn:00089242v	haber
bn:00089242v	tener
bn:00089243v	tener
bn:00089244v	tener
bn:00089245v	tener
bn:00089246v	recibir
bn:00089246v	tener
bn:00089247v	llevar
bn:00089247v	tener
bn:00089250v	considerar
bn:00089250v	pensar
bn:00089250v	significar
bn:00089252v	llevar
bn:00089252v	tener
bn:00089252v	usar
bn:00089252v	uso
bn:00089252v	vestir
bn:00089259v	dirigir
bn:00089260v	dirigir
bn:00089260v	encabezar
bn:00089260v	liderar
bn:00089260v	salir
bn:00089261v	comenzar
bn:00089261v	conducir
bn:00089261v	encabezar
bn:00089261v	ir
bn:00089261v	liderar
bn:00089261v	llevar
bn:00089262v	dirigir
bn:00089262v	encabezar
bn:00089271v	sanar
bn:00089272v	curar
bn:00089277v	escuchar
bn:00089277v	oir
bn:00089277v	oír
bn:00089278v	escuchar
bn:00089279v	escuchar
bn:00089280v	escuchar
bn:00089282v	calentar
bn:00089295v	escuchar
bn:00089302v	alcanzar
bn:00089302v	aumentar
bn:00089302v	crecer
bn:00089309v	ayudar
bn:00089309v	servir
bn:00089318v	regañar
bn:00089322v	adorar
bn:00089323v	dudar
bn:00089324v	dudar
bn:00089324v	vacilar
bn:00089329v	hibernar
bn:00089332v	esconder
bn:00089340v	dificultar
bn:00089340v	impedir
bn:00089342v	sugerir
bn:00089346v	golpear
bn:00089347v	dar
bn:00089347v	golpear
bn:00089348v	golpear
bn:00089348v	parecer
bn:00089349v	acertar
bn:00089349v	derribar
bn:00089349v	disparar
bn:00089349v	golpear
bn:00089349v	lanzar
bn:00089349v	pegar
bn:00089350v	tropezar
bn:00089351v	anotar
bn:00089351v	lograr
bn:00089351v	puntuar
bn:00089352v	atacar
bn:00089352v	golpear
bn:00089354v	tocar
bn:00089360v	estudiar
bn:00089368v	almacenar
bn:00089368v	invertir
bn:00089381v	levantar
bn:00089383v	izar
bn:00089384v	contener
bn:00089384v	continuar
bn:00089384v	guardar
bn:00089384v	mantener
bn:00089384v	reservar
bn:00089384v	seguir
bn:00089384v	sostener
bn:00089384v	sujetar
bn:00089385v	agarrar
bn:00089385v	levantar
bn:00089385v	mantener
bn:00089385v	sostener
bn:00089385v	sujetar
bn:00089386v	contener
bn:00089386v	mantener
bn:00089386v	retener
bn:00089386v	tener
bn:00089387v	apoyar
bn:00089387v	contener
bn:00089387v	levantar
bn:00089387v	mantener
bn:00089387v	soportar
bn:00089387v	sostener
bn:00089388v	aguantar
bn:00089388v	mantener
bn:00089389v	obtener
bn:00089389v	prevalecer
bn:00089393v	sostener
bn:00089400v	contener
bn:00089400v	mantener
bn:00089400v	restringir
bn:00089401v	esperar
bn:00089407v	guardar
bn:00089407v	mantener
bn:00089410v	reservar
bn:00089411v	esperar
bn:00089411v	resistir
bn:00089420v	asaltar
bn:00089420v	detener
bn:00089427v	gritar
bn:00089443v	perfeccionar
bn:00089449v	honrar
bn:00089449v	recompensar
bn:00089465v	brincar
bn:00089465v	saltar
bn:00089466v	saltar
bn:00089472v	esperar
bn:00089488v	cazar
bn:00089488v	rastrear
bn:00089488v	seguir
bn:00089489v	albergar
bn:00089493v	cerner
bn:00089496v	aullar
bn:00089496v	rugir
bn:00089498v	rugir
bn:00089503v	resoplar
bn:00089504v	abrazar
bn:00089508v	tararear
bn:00089511v	humanizar
bn:00089521v	buscar
bn:00089521v	cazar
bn:00089521v	localizar
bn:00089521v	rastrear
bn:00089528v	lanzar
bn:00089533v	doler
bn:00089533v	lastimar
bn:00089534v	doler
bn:00089535v	sufrir
bn:00089538v	silenciar
bn:00089574v	identificar
bn:00089574v	situar
bn:00089575v	identificar
bn:00089575v	nombrar
bn:00089576v	identificar
bn:00089578v	identificar
bn:00089581v	encender
bn:00089582v	ignorar
bn:00089584v	encender
bn:00089584v	iluminar
bn:00089586v	ilustrar
bn:00089587v	ilustrar
bn:00089593v	imitar
bn:00089596v	sumergir
bn:00089597v	sumergir
bn:00089610v	afectar
bn:00089614v	impulsar
bn:00089614v	propulsar
bn:00089621v	implementar
bn:00089623v	implicar
bn:00089625v	implicar
bn:00089625v	incluir
bn:00089625v	involucrar
bn:00089626v	importar
bn:00089628v	significar
bn:00089629v	insistir
bn:00089630v	imponer
bn:00089636v	impresionar
bn:00089637v	impresionar
bn:00089642v	aprisionar
bn:00089646v	inaugurar
bn:00089652v	encarnar
bn:00089655v	incitar
bn:00089660v	incluir
bn:00089661v	incluir
bn:00089662v	incluir
bn:00089663v	incorporar
bn:00089663v	integrar
bn:00089666v	aumentar
bn:00089666v	incrementar
bn:00089667v	aumentar
bn:00089667v	incrementar
bn:00089670v	incurrir
bn:00089678v	indexar
bn:00089681v	indicar
bn:00089682v	indicar
bn:00089682v	sugerir
bn:00089683v	acusar
bn:00089686v	personalizar
bn:00089690v	inducir
bn:00089693v	iniciar
bn:00089704v	infectar
bn:00089705v	contagiar
bn:00089708v	entender
bn:00089709v	superar
bn:00089713v	infiltrar
bn:00089715v	atravesar
bn:00089724v	informar
bn:00089725v	informar
bn:00089726v	informar
bn:00089731v	reafirmar
bn:00089731v	reiterar
bn:00089731v	repetir
bn:00089733v	habitar
bn:00089736v	heredar
bn:00089739v	inhibir
bn:00089743v	causar
bn:00089743v	comenzar
bn:00089743v	empezar
bn:00089743v	iniciar
bn:00089743v	originar
bn:00089743v	partir
bn:00089744v	iniciar
bn:00089746v	inyectar
bn:00089747v	inyectar
bn:00089751v	herir
bn:00089759v	innovar
bn:00089759v	introducir
bn:00089759v	presentar
bn:00089769v	insertar
bn:00089769v	meter
bn:00089773v	insistir
bn:00089776v	inspeccionar
bn:00089777v	inspeccionar
bn:00089777v	visitar
bn:00089778v	inspirar
bn:00089779v	impulsar
bn:00089779v	inspirar
bn:00089784v	engrosar
bn:00089785v	instalar
bn:00089785v	montar
bn:00089785v	poner
bn:00089791v	enseñar
bn:00089791v	instruir
bn:00089792v	instruir
bn:00089799v	aislar
bn:00089800v	aislar
bn:00089801v	asegurar
bn:00089804v	creer
bn:00089804v	intentar
bn:00089804v	pensar
bn:00089804v	planear
bn:00089804v	pretender
bn:00089804v	significar
bn:00089805v	pretender
bn:00089805v	significar
bn:00089806v	representar
bn:00089806v	significar
bn:00089808v	interactuar
bn:00089810v	detener
bn:00089810v	interceptar
bn:00089814v	interesar
bn:00089815v	importar
bn:00089816v	interferir
bn:00089817v	interferir
bn:00089817v	intervenir
bn:00089836v	interponer
bn:00089837v	interpretar
bn:00089838v	interpretar
bn:00089838v	representar
bn:00089839v	interpretar
bn:00089839v	representar
bn:00089840v	traducir
bn:00089841v	comprender
bn:00089841v	entender
bn:00089841v	traducir
bn:00089845v	interrogar
bn:00089852v	cuestionar
bn:00089852v	entrevistar
bn:00089853v	entrevistar
bn:00089854v	entrevistar
bn:00089855v	entrelazar
bn:00089855v	tejer
bn:00089856v	sugerir
bn:00089857v	intimidar
bn:00089861v	introducir
bn:00089862v	presentar
bn:00089869v	invadir
bn:00089872v	crecer
bn:00089872v	hinchar
bn:00089874v	invadir
bn:00089874v	ocupar
bn:00089882v	invertir
bn:00089884v	invertir
bn:00089884v	revertir
bn:00089885v	analizar
bn:00089885v	investigar
bn:00089889v	invitar
bn:00089890v	invitar
bn:00089891v	recibir
bn:00089893v	implicar
bn:00089893v	involucrar
bn:00089894v	implicar
bn:00089894v	involucrar
bn:00089905v	planchar
bn:00089906v	arreglar
bn:00089911v	irritar
bn:00089916v	aislar
bn:00089917v	separar
bn:00089921v	emitir
bn:00089921v	entregar
bn:00089921v	proporcionar
bn:00089921v	suministrar
bn:00089922v	emitir
bn:00089924v	picar
bn:00089951v	viajar
bn:00089958v	tirar
bn:00089961v	bromear
bn:00089962v	bromear
bn:00089967v	contonear
bn:00089983v	unir
bn:00089991v	empujar
bn:00089993v	viajar
bn:00089994v	viajar
bn:00089996v	alegrar
bn:00089999v	agitar
bn:00089999v	sacudir
bn:00089999v	temblar
bn:00090000v	juzgar
bn:00090001v	declarar
bn:00090001v	etiquetar
bn:00090001v	juzgar
bn:00090001v	pronunciar
bn:00090008v	mezclar
bn:00090010v	saltar
bn:00090013v	destacar
bn:00090013v	saltar
bn:00090013v	sobresalir
bn:00090018v	omitir
bn:00090018v	saltar
bn:00090019v	saltar
bn:00090022v	desechar
bn:00090024v	justificar
bn:00090024v	merecer
bn:00090025v	justificar
bn:00090025v	vindicar
bn:00090027v	sobresalir
bn:00090030v	dejar
bn:00090033v	guardar
bn:00090033v	impedir
bn:00090033v	mantener
bn:00090033v	prevenir
bn:00090034v	guardar
bn:00090034v	mantener
bn:00090035v	mantener
bn:00090035v	observar
bn:00090036v	mantener
bn:00090037v	mantener
bn:00090038v	mantener
bn:00090039v	mantener
bn:00090040v	mantener
bn:00090041v	guardar
bn:00090047v	preservar
bn:00090049v	retener
bn:00090051v	reprimir
bn:00090051v	someter
bn:00090055v	vigilar
bn:00090069v	continuar
bn:00090069v	seguir
bn:00090070v	mantener
bn:00090070v	seguir
bn:00090070v	sostener
bn:00090084v	patear
bn:00090085v	patear
bn:00090086v	patear
bn:00090098v	matar
bn:00090099v	erradicar
bn:00090119v	golpear
bn:00090120v	amasar
bn:00090121v	masajear
bn:00090125v	sonar
bn:00090125v	tocar
bn:00090126v	apuñalar
bn:00090127v	tejer
bn:00090128v	golpear
bn:00090141v	conocer
bn:00090141v	saber
bn:00090142v	conocer
bn:00090142v	saber
bn:00090143v	conocer
bn:00090143v	saber
bn:00090144v	conocer
bn:00090150v	etiquetar
bn:00090151v	etiquetar
bn:00090151v	marcar
bn:00090159v	lacerar
bn:00090161v	carecer
bn:00090161v	faltar
bn:00090161v	perder
bn:00090165v	cargar
bn:00090179v	aterrizar
bn:00090187v	chupar
bn:00090187v	lamer
bn:00090191v	apedrear
bn:00090194v	caer
bn:00090194v	hundir
bn:00090194v	pasar
bn:00090200v	azotar
bn:00090214v	lanzar
bn:00090215v	lanzar
bn:00090216v	lanzar
bn:00090216v	sumergir
bn:00090219v	lavar
bn:00090221v	lavar
bn:00090223v	prodigar
bn:00090224v	acercar
bn:00090224v	apartar
bn:00090224v	apoyar
bn:00090224v	colocar
bn:00090224v	dejar
bn:00090224v	guardar
bn:00090224v	hacer
bn:00090224v	mandar
bn:00090224v	meter
bn:00090224v	poner
bn:00090224v	volver
bn:00090225v	poner
bn:00090225v	yacer
bn:00090227v	poner
bn:00090229v	ahorrar
bn:00090229v	guardar
bn:00090231v	arriesgar
bn:00090232v	organizar
bn:00090232v	preparar
bn:00090234v	presentar
bn:00090237v	superponer
bn:00090242v	despojar
bn:00090243v	conducir
bn:00090243v	dejar
bn:00090243v	llevar
bn:00090243v	resultar
bn:00090244v	conducir
bn:00090244v	llevar
bn:00090245v	conducir
bn:00090245v	llevar
bn:00090245v	lograr
bn:00090245v	pasar
bn:00090246v	aventajar
bn:00090246v	encabezar
bn:00090246v	liderar
bn:00090247v	liderar
bn:00090247v	llevar
bn:00090247v	preceder
bn:00090248v	llevar
bn:00090255v	filtrar
bn:00090262v	apoyar
bn:00090262v	descansar
bn:00090266v	aprender
bn:00090266v	estudiar
bn:00090266v	leer
bn:00090266v	tomar
bn:00090267v	alquilar
bn:00090268v	alquilar
bn:00090271v	dejar
bn:00090271v	salir
bn:00090272v	dejar
bn:00090273v	dejar
bn:00090274v	dejar
bn:00090275v	dejar
bn:00090276v	dejar
bn:00090280v	dejar
bn:00090286v	aprobar
bn:00090286v	legislar
bn:00090286v	pasar
bn:00090289v	prestar
bn:00090291v	alargar
bn:00090293v	calmar
bn:00090293v	disminuir
bn:00090294v	dejar
bn:00090294v	permitir
bn:00090294v	soltar
bn:00090295v	dejar
bn:00090297v	liberar
bn:00090297v	soltar
bn:00090298v	soltar
bn:00090300v	desatar
bn:00090300v	liberar
bn:00090313v	reclutar
bn:00090319v	pesar
bn:00090321v	yacer
bn:00090322v	yacer
bn:00090323v	yacer
bn:00090324v	mentir
bn:00090325v	basar
bn:00090325v	descansar
bn:00090326v	acostar
bn:00090327v	descansar
bn:00090334v	levantar
bn:00090335v	levantar
bn:00090336v	levantar
bn:00090339v	alzar
bn:00090339v	elevar
bn:00090339v	surgir
bn:00090342v	robar
bn:00090350v	despegar
bn:00090350v	sacar
bn:00090362v	gustar
bn:00090363v	gustar
bn:00090364v	gustar
bn:00090369v	calentar
bn:00090379v	alinear
bn:00090382v	persistir
bn:00090392v	pagar
bn:00090395v	vender
bn:00090397v	enumerar
bn:00090397v	listar
bn:00090398v	enumerar
bn:00090400v	escuchar
bn:00090400v	oír
bn:00090408v	vivir
bn:00090415v	revivir
bn:00090423v	encontrar
bn:00090423v	localizar
bn:00090423v	ubicar
bn:00090424v	localizar
bn:00090424v	ubicar
bn:00090425v	colocar
bn:00090425v	ubicar
bn:00090426v	asentar
bn:00090426v	establecer
bn:00090426v	resolver
bn:00090426v	ubicar
bn:00090430v	cerrar
bn:00090430v	encerrar
bn:00090430v	guardar
bn:00090435v	cerrar
bn:00090437v	ocupar
bn:00090437v	residir
bn:00090442v	registrar
bn:00090448v	buscar
bn:00090448v	contemplar
bn:00090448v	esperar
bn:00090448v	examinar
bn:00090448v	mirar
bn:00090448v	observar
bn:00090448v	ver
bn:00090449v	lucir
bn:00090449v	parecer
bn:00090449v	ver
bn:00090450v	buscar
bn:00090450v	mirar
bn:00090450v	observar
bn:00090450v	registrar
bn:00090451v	dar
bn:00090454v	cuidar
bn:00090460v	buscar
bn:00090460v	considerar
bn:00090460v	tratar
bn:00090462v	parecer
bn:00090463v	mirar
bn:00090463v	observar
bn:00090463v	ver
bn:00090472v	aflojar
bn:00090473v	relajar
bn:00090481v	relajar
bn:00090485v	perder
bn:00090486v	perder
bn:00090487v	perder
bn:00090488v	extraviar
bn:00090488v	perder
bn:00090489v	perder
bn:00090490v	perder
bn:00090491v	perder
bn:00090492v	perder
bn:00090493v	perder
bn:00090497v	perder
bn:00090502v	bajar
bn:00090503v	bajar
bn:00090504v	amar
bn:00090504v	encantar
bn:00090504v	querer
bn:00090505v	amar
bn:00090507v	subestimar
bn:00090516v	adormecer
bn:00090523v	merodear
bn:00090525v	acechar
bn:00090547v	magnetizar
bn:00090548v	enviar
bn:00090552v	confirmar
bn:00090552v	mantener
bn:00090554v	hacer
bn:00090554v	haz
bn:00090554v	obligar
bn:00090555v	convertir
bn:00090555v	hacer
bn:00090555v	ser
bn:00090556v	hacer
bn:00090557v	hacer
bn:00090558v	convertir
bn:00090558v	hacer
bn:00090558v	ser
bn:00090559v	avanzar
bn:00090559v	hacer
bn:00090560v	hacer
bn:00090560v	nombrar
bn:00090561v	cometer
bn:00090563v	hacer
bn:00090585v	ser
bn:00090590v	pasar
bn:00090601v	ahorrar
bn:00090602v	fabricar
bn:00090616v	manejar
bn:00090616v	supervisar
bn:00090617v	mandar
bn:00090621v	operar
bn:00090624v	asesinar
bn:00090631v	multiplicar
bn:00090632v	manipular
bn:00090633v	manipular
bn:00090634v	manipular
bn:00090653v	marchar
bn:00090655v	marchar
bn:00090658v	marinar
bn:00090659v	marcar
bn:00090660v	marcar
bn:00090661v	anotar
bn:00090661v	marcar
bn:00090661v	notar
bn:00090662v	marcar
bn:00090663v	marcar
bn:00090664v	dar
bn:00090664v	establecer
bn:00090664v	imponer
bn:00090665v	anotar
bn:00090670v	comercializar
bn:00090675v	casar
bn:00090686v	cubrir
bn:00090692v	masacrar
bn:00090692v	matar
bn:00090693v	masajear
bn:00090696v	coincidir
bn:00090696v	igualar
bn:00090700v	matricular
bn:00090703v	madurar
bn:00090707v	murmurar
bn:00090709v	maximizar
bn:00090710v	maximizar
bn:00090711v	significar
bn:00090713v	serpentear
bn:00090714v	medir
bn:00090715v	medir
bn:00090716v	medir
bn:00090717v	calificar
bn:00090725v	conocer
bn:00090725v	encontrar
bn:00090726v	conocer
bn:00090726v	encontrar
bn:00090727v	encontrar
bn:00090736v	derretir
bn:00090740v	anotar
bn:00090740v	comentar
bn:00090740v	mencionar
bn:00090740v	notar
bn:00090740v	observar
bn:00090740v	señalar
bn:00090744v	comerciar
bn:00090744v	intercambiar
bn:00090745v	fusionar
bn:00090745v	unificar
bn:00090745v	unir
bn:00090759v	transformar
bn:00090759v	transmutar
bn:00090774v	migrar
bn:00090780v	ordeñar
bn:00090793v	importar
bn:00090794v	importar
bn:00090795v	atender
bn:00090795v	cuidar
bn:00090796v	extraer
bn:00090804v	minimizar
bn:00090835v	confundir
bn:00090852v	extrañar
bn:00090852v	perder
bn:00090853v	faltar
bn:00090853v	perder
bn:00090854v	fallar
bn:00090854v	perder
bn:00090869v	mezclar
bn:00090870v	mezclar
bn:00090877v	modelar
bn:00090877v	moldear
bn:00090878v	posar
bn:00090883v	modernizar
bn:00090884v	modificar
bn:00090885v	modificar
bn:00090887v	regular
bn:00090892v	molestar
bn:00090897v	monitorear
bn:00090900v	monopolizar
bn:00090901v	monopolizar
bn:00090911v	derrotar
bn:00090911v	vencer
bn:00090926v	cambiar
bn:00090926v	variar
bn:00090934v	montar
bn:00090935v	montar
bn:00090940v	lamentar
bn:00090943v	decir
bn:00090943v	dialogar
bn:00090943v	hablar
bn:00090943v	pronunciar
bn:00090946v	mover
bn:00090946v	trasladar
bn:00090947v	mudar
bn:00090947v	trasladar
bn:00090948v	mover
bn:00090949v	mover
bn:00090950v	mover
bn:00090952v	doblar
bn:00090952v	girar
bn:00090955v	mover
bn:00090955v	mudar
bn:00090960v	eliminar
bn:00090960v	sacar
bn:00090962v	atravesar
bn:00090972v	ahogar
bn:00090972v	sofocar
bn:00090977v	multiplicar
bn:00090978v	reproducir
bn:00090983v	murmurar
bn:00091002v	clavar
bn:00091005v	especificar
bn:00091006v	nombrar
bn:00091011v	contar
bn:00091011v	decir
bn:00091011v	hablar
bn:00091011v	informar
bn:00091011v	narrar
bn:00091011v	relatar
bn:00091012v	especializar
bn:00091023v	navegar
bn:00091028v	necesitar
bn:00091028v	querer
bn:00091028v	requerir
bn:00091029v	necesitar
bn:00091031v	neutralizar
bn:00091032v	descuidar
bn:00091037v	negociar
bn:00091038v	relinchar
bn:00091042v	anidar
bn:00091043v	anidar
bn:00091054v	neutralizar
bn:00091096v	notar
bn:00091096v	observar
bn:00091097v	notar
bn:00091098v	nutrir
bn:00091098v	sostener
bn:00091112v	obedecer
bn:00091114v	objetar
bn:00091119v	observar
bn:00091124v	obtener
bn:00091127v	ocasionar
bn:00091131v	dedicar
bn:00091131v	durar
bn:00091131v	llevar
bn:00091131v	necesitar
bn:00091131v	pasar
bn:00091131v	requerir
bn:00091131v	tardar
bn:00091131v	tomar
bn:00091134v	ofender
bn:00091135v	ofrecer
bn:00091135v	presentar
bn:00091136v	ofrecer
bn:00091136v	presentar
bn:00091137v	ofrecer
bn:00091138v	ofrecer
bn:00091139v	ofrecer
bn:00091140v	presentar
bn:00091142v	proporcionar
bn:00091146v	oficiar
bn:00091155v	chillar
bn:00091157v	filtrar
bn:00091165v	abrir
bn:00091166v	abrir
bn:00091167v	abrir
bn:00091168v	abrir
bn:00091169v	abrir
bn:00091169v	extender
bn:00091170v	abrir
bn:00091171v	abrir
bn:00091172v	abrir
bn:00091175v	pionero
bn:00091177v	administrar
bn:00091177v	dirigir
bn:00091177v	funcionar
bn:00091177v	llevar
bn:00091177v	manejar
bn:00091177v	operar
bn:00091177v	regentar
bn:00091178v	operar
bn:00091180v	oponer
bn:00091181v	reaccionar
bn:00091182v	perseguir
bn:00091188v	girar
bn:00091188v	orbitar
bn:00091192v	ordenar
bn:00091192v	pedir
bn:00091193v	ordenar
bn:00091194v	ordenar
bn:00091196v	organizar
bn:00091197v	apuntar
bn:00091197v	orientar
bn:00091201v	adaptar
bn:00091207v	vibrar
bn:00091223v	superar
bn:00091243v	producir
bn:00091282v	superar
bn:00091307v	alcanzar
bn:00091307v	pasar
bn:00091307v	superar
bn:00091317v	sobrecargar
bn:00091331v	revertir
bn:00091331v	revocar
bn:00091347v	esparcir
bn:00091347v	extender
bn:00091354v	volcar
bn:00091355v	revolucionar
bn:00091360v	deber
bn:00091361v	deber
bn:00091362v	deber
bn:00091374v	empaquetar
bn:00091389v	pintar
bn:00091390v	pintar
bn:00091391v	pintar
bn:00091400v	temblar
bn:00091414v	jadear
bn:00091426v	paralizar
bn:00091428v	parafrasear
bn:00091428v	reformular
bn:00091429v	parcelar
bn:00091433v	indultar
bn:00091437v	recortar
bn:00091439v	aparcar
bn:00091439v	estacionar
bn:00091440v	aparcar
bn:00091440v	estacionar
bn:00091442v	parodiar
bn:00091444v	repetir
bn:00091447v	participar
bn:00091448v	compartir
bn:00091451v	participar
bn:00091452v	especializar
bn:00091452v	especificar
bn:00091458v	dedicar
bn:00091458v	invertir
bn:00091458v	pasar
bn:00091459v	aprobar
bn:00091461v	pasar
bn:00091468v	presentar
bn:00091468v	relegar
bn:00091469v	limpiar
bn:00091469v	secar
bn:00091479v	patentar
bn:00091483v	patrullar
bn:00091485v	patrocinar
bn:00091493v	pagar
bn:00091496v	pagar
bn:00091502v	pagar
bn:00091505v	sonar
bn:00091507v	picotear
bn:00091525v	acribillar
bn:00091527v	castigar
bn:00091527v	penalizar
bn:00091529v	penetrar
bn:00091534v	poblar
bn:00091539v	caminar
bn:00091541v	apoyar
bn:00091550v	actuar
bn:00091550v	realizar
bn:00091551v	actuar
bn:00091551v	interpretar
bn:00091551v	realizar
bn:00091560v	perpetuar
bn:00091562v	permanecer
bn:00091562v	persistir
bn:00091562v	quedar
bn:00091564v	sudar
bn:00091565v	persuadir
bn:00091581v	filosofar
bn:00091585v	disparar
bn:00091585v	fotografiar
bn:00091597v	quitar
bn:00091599v	coger
bn:00091599v	descolgar
bn:00091599v	recoger
bn:00091600v	recoger
bn:00091601v	recoger
bn:00091602v	recoger
bn:00091603v	captar
bn:00091603v	recibir
bn:00091633v	descansar
bn:00091652v	abatir
bn:00091652v	balear
bn:00091652v	disparar
bn:00091652v	echar
bn:00091652v	fusilar
bn:00091653v	chillar
bn:00091653v	chirriar
bn:00091653v	gritar
bn:00091671v	girar
bn:00091673v	colocar
bn:00091673v	poner
bn:00091673v	situar
bn:00091674v	apostar
bn:00091674v	colocar
bn:00091675v	colocar
bn:00091676v	estimar
bn:00091676v	situar
bn:00091677v	enviar
bn:00091682v	dejar
bn:00091682v	poner
bn:00091683v	levantar
bn:00091685v	planear
bn:00091686v	cepillar
bn:00091687v	rozar
bn:00091689v	entablar
bn:00091692v	plantar
bn:00091696v	salpicar
bn:00091708v	jugar
bn:00091709v	jugar
bn:00091709v	poner
bn:00091710v	tocar
bn:00091711v	jugar
bn:00091712v	tocar
bn:00091713v	tocar
bn:00091714v	jugar
bn:00091715v	jugar
bn:00091716v	jugar
bn:00091717v	jugar
bn:00091718v	jugar
bn:00091719v	actuar
bn:00091720v	jugar
bn:00091721v	jugar
bn:00091723v	ejecutar
bn:00091723v	reproducir
bn:00091724v	jugar
bn:00091741v	rogar
bn:00091749v	prometer
bn:00091755v	tramar
bn:00091762v	golpear
bn:00091776v	saquear
bn:00091800v	señalar
bn:00091805v	envenenar
bn:00091806v	envenenar
bn:00091814v	polarizar
bn:00091815v	polarizar
bn:00091821v	pulir
bn:00091866v	retratar
bn:00091867v	presentar
bn:00091868v	plantear
bn:00091868v	presentar
bn:00091870v	afirmar
bn:00091870v	decir
bn:00091870v	declarar
bn:00091870v	exponer
bn:00091870v	expresar
bn:00091870v	presentar
bn:00091873v	poseer
bn:00091882v	colocar
bn:00091882v	poner
bn:00091892v	descender
bn:00091893v	chocar
bn:00091897v	verter
bn:00091902v	derramar
bn:00091905v	pulverizar
bn:00091912v	ensayar
bn:00091912v	practicar
bn:00091913v	alabar
bn:00091913v	elogiar
bn:00091921v	orar
bn:00091921v	rezar
bn:00091922v	predicar
bn:00091926v	preceder
bn:00091929v	precipitar
bn:00091941v	proclamar
bn:00091949v	preferir
bn:00091970v	preparar
bn:00091972v	capacitar
bn:00091972v	entrenar
bn:00091979v	organizar
bn:00091979v	presentar
bn:00091980v	enviar
bn:00091980v	presentar
bn:00091983v	ahorrar
bn:00091983v	conservar
bn:00091983v	guardar
bn:00091983v	preservar
bn:00091983v	salvar
bn:00091985v	presidir
bn:00091986v	presionar
bn:00091987v	presionar
bn:00091990v	presionar
bn:00092001v	presuponer
bn:00092002v	presuponer
bn:00092006v	prevalecer
bn:00092006v	triunfar
bn:00092011v	pinchar
bn:00092015v	hormiguear
bn:00092023v	imprimir
bn:00092023v	publicar
bn:00092032v	tratar
bn:00092033v	procesar
bn:00092034v	procesar
bn:00092035v	trabajar
bn:00092036v	cumplir
bn:00092036v	notificar
bn:00092036v	servir
bn:00092037v	proclamar
bn:00092039v	adquirir
bn:00092039v	asegurar
bn:00092039v	conseguir
bn:00092039v	garantizar
bn:00092039v	lograr
bn:00092039v	obtener
bn:00092040v	pretender
bn:00092040v	profesar
bn:00092041v	profesar
bn:00092051v	programar
bn:00092052v	programar
bn:00092053v	proyectar
bn:00092054v	proyectar
bn:00092055v	proyectar
bn:00092056v	proyectar
bn:00092058v	proponer
bn:00092058v	proyectar
bn:00092065v	prometer
bn:00092066v	prometer
bn:00092069v	promulgar
bn:00092077v	apuntalar
bn:00092077v	reforzar
bn:00092083v	esparcir
bn:00092083v	extender
bn:00092087v	profetizar
bn:00092095v	procesar
bn:00092096v	procesar
bn:00092103v	proteger
bn:00092105v	protestar
bn:00092109v	demostrar
bn:00092109v	probar
bn:00092109v	resultar
bn:00092110v	demostrar
bn:00092111v	aumentar
bn:00092115v	disponer
bn:00092115v	ofrecer
bn:00092115v	proporcionar
bn:00092118v	provocar
bn:00092119v	merodear
bn:00092119v	patrullar
bn:00092122v	escupir
bn:00092123v	escribir
bn:00092123v	publicar
bn:00092135v	inflar
bn:00092142v	desgarrar
bn:00092142v	rasgar
bn:00092142v	romper
bn:00092159v	pulsar
bn:00092163v	bombear
bn:00092165v	bombear
bn:00092174v	perforar
bn:00092188v	murmurar
bn:00092194v	pretender
bn:00092196v	fruncir
bn:00092197v	arrugar
bn:00092201v	apartar
bn:00092204v	colocar
bn:00092204v	dejar
bn:00092204v	enviar
bn:00092204v	guardar
bn:00092204v	hacer
bn:00092204v	meter
bn:00092204v	poner
bn:00092204v	presentar
bn:00092204v	vestir
bn:00092211v	devolver
bn:00092211v	reemplazar
bn:00092211v	volver
bn:00092212v	presentar
bn:00092213v	desanimar
bn:00092214v	poner
bn:00092215v	poner
bn:00092216v	poner
bn:00092219v	apagar
bn:00092226v	hacer
bn:00092226v	trabajar
bn:00092227v	aportar
bn:00092240v	cuadruplicar
bn:00092243v	calificar
bn:00092244v	calificar
bn:00092257v	sofocar
bn:00092261v	cuestionar
bn:00092261v	interrogar
bn:00092261v	preguntar
bn:00092265v	cuestionar
bn:00092265v	preguntar
bn:00092267v	abrir
bn:00092280v	competir
bn:00092300v	irradiar
bn:00092301v	irradiar
bn:00092315v	irrumpir
bn:00092315v	rugir
bn:00092316v	rugir
bn:00092330v	llover
bn:00092332v	alzar
bn:00092332v	aumentar
bn:00092332v	elevar
bn:00092332v	obtener
bn:00092332v	subir
bn:00092333v	levantar
bn:00092333v	plantear
bn:00092334v	aumentar
bn:00092334v	recaudar
bn:00092334v	reunir
bn:00092343v	resucitar
bn:00092360v	crecer
bn:00092360v	ir
bn:00092360v	oscilar
bn:00092360v	variar
bn:00092362v	ir
bn:00092377v	valorar
bn:00092379v	firmar
bn:00092379v	ratificar
bn:00092387v	vibrar
bn:00092401v	recrear
bn:00092403v	reaparecer
bn:00092405v	volver
bn:00092408v	reinterpretar
bn:00092413v	reanudar
bn:00092413v	retomar
bn:00092415v	alcanzar
bn:00092415v	extender
bn:00092415v	llegar
bn:00092416v	luchar
bn:00092421v	reaccionar
bn:00092421v	responder
bn:00092422v	reaccionar
bn:00092423v	reactivar
bn:00092424v	interpretar
bn:00092424v	leer
bn:00092425v	afirmar
bn:00092425v	decir
bn:00092425v	leer
bn:00092426v	leer
bn:00092427v	leer
bn:00092428v	interpretar
bn:00092428v	leer
bn:00092429v	asumir
bn:00092429v	considerar
bn:00092429v	dar
bn:00092429v	entender
bn:00092429v	interpretar
bn:00092429v	leer
bn:00092429v	tener
bn:00092429v	tomar
bn:00092430v	demostrar
bn:00092430v	leer
bn:00092430v	mostrar
bn:00092430v	registrar
bn:00092439v	reafirmar
bn:00092443v	comprender
bn:00092443v	considerar
bn:00092443v	entender
bn:00092443v	mirar
bn:00092443v	observar
bn:00092443v	obtener
bn:00092443v	percibir
bn:00092443v	ver
bn:00092450v	alzar
bn:00092450v	levantar
bn:00092455v	reorganizar
bn:00092456v	razonar
bn:00092460v	reasignar
bn:00092460v	transferir
bn:00092460v	trasladar
bn:00092461v	tranquilizar
bn:00092467v	rebelar
bn:00092469v	repetir
bn:00092470v	despreciar
bn:00092470v	rechazar
bn:00092471v	reconstruir
bn:00092473v	rebatir
bn:00092473v	refutar
bn:00092481v	recapturar
bn:00092490v	recibir
bn:00092491v	dar
bn:00092491v	recibir
bn:00092492v	recibir
bn:00092498v	recargar
bn:00092502v	recitar
bn:00092504v	reclamar
bn:00092513v	reconocer
bn:00092524v	reconciliar
bn:00092527v	explorar
bn:00092530v	reconsiderar
bn:00092533v	reconstruir
bn:00092534v	restablecer
bn:00092534v	restaurar
bn:00092534v	volver
bn:00092535v	remodelar
bn:00092537v	reconvertir
bn:00092540v	grabar
bn:00092540v	registrar
bn:00092541v	registrar
bn:00092548v	reclutar
bn:00092553v	recurrir
bn:00092553v	repetir
bn:00092558v	reutilizar
bn:00092578v	redescubrir
bn:00092580v	redistribuir
bn:00092582v	redoblar
bn:00092588v	reducir
bn:00092589v	reducir
bn:00092590v	reducir
bn:00092591v	reducir
bn:00092592v	disminuir
bn:00092592v	reducir
bn:00092594v	reducir
bn:00092595v	reducir
bn:00092605v	apestar
bn:00092606v	apestar
bn:00092610v	reelegir
bn:00092613v	reforzar
bn:00092614v	restablecer
bn:00092618v	reexaminar
bn:00092618v	revisar
bn:00092621v	referir
bn:00092622v	referir
bn:00092622v	remitir
bn:00092635v	reflejar
bn:00092636v	reflejar
bn:00092637v	brillar
bn:00092637v	reflejar
bn:00092647v	reformar
bn:00092657v	repostar
bn:00092658v	repostar
bn:00092661v	rechazar
bn:00092663v	renovar
bn:00092665v	restaurar
bn:00092670v	revitalizar
bn:00092674v	expresar
bn:00092674v	registrar
bn:00092675v	registrar
bn:00092681v	regresar
bn:00092681v	revertir
bn:00092681v	volver
bn:00092683v	lamentar
bn:00092684v	lamentar
bn:00092685v	lamentar
bn:00092687v	reagrupar
bn:00092703v	reinar
bn:00092705v	reembolsar
bn:00092710v	renovar
bn:00092711v	reforzar
bn:00092712v	reinstalar
bn:00092713v	reinstalar
bn:00092723v	rechazar
bn:00092725v	reunir
bn:00092733v	contar
bn:00092733v	relatar
bn:00092734v	relacionar
bn:00092736v	relajar
bn:00092738v	retransmitir
bn:00092738v	transmitir
bn:00092741v	dirigir
bn:00092741v	liberar
bn:00092742v	liberar
bn:00092742v	secretar
bn:00092743v	ceder
bn:00092744v	apoderar
bn:00092744v	asumir
bn:00092744v	relevar
bn:00092744v	tomar
bn:00092745v	ahorrar
bn:00092745v	evitar
bn:00092745v	eximir
bn:00092745v	preservar
bn:00092745v	rescatar
bn:00092745v	salvar
bn:00092746v	aliviar
bn:00092747v	aliviar
bn:00092756v	descansar
bn:00092756v	estar
bn:00092756v	haber
bn:00092756v	permanecer
bn:00092756v	quedar
bn:00092756v	seguir
bn:00092756v	ser
bn:00092756v	sobrevivir
bn:00092757v	existir
bn:00092757v	permanecer
bn:00092757v	quedar
bn:00092757v	seguir
bn:00092757v	ser
bn:00092759v	alzar
bn:00092759v	mantener
bn:00092759v	resistir
bn:00092759v	ser
bn:00092761v	remitir
bn:00092763v	acordar
bn:00092763v	considerar
bn:00092763v	pensar
bn:00092763v	recordar
bn:00092764v	recordar
bn:00092765v	recordar
bn:00092770v	recordar
bn:00092779v	protestar
bn:00092779v	reprochar
bn:00092783v	eliminar
bn:00092783v	extraer
bn:00092783v	llevar
bn:00092783v	quitar
bn:00092783v	remover
bn:00092783v	retirar
bn:00092783v	sacar
bn:00092783v	separar
bn:00092783v	tomar
bn:00092783v	trasladar
bn:00092784v	destituir
bn:00092784v	eliminar
bn:00092784v	remover
bn:00092784v	retirar
bn:00092785v	alejar
bn:00092785v	trasladar
bn:00092787v	renombrar
bn:00092789v	dejar
bn:00092789v	hacer
bn:00092789v	prestar
bn:00092791v	devolver
bn:00092791v	responder
bn:00092799v	reabrir
bn:00092802v	reorganizar
bn:00092811v	pagar
bn:00092812v	repetir
bn:00092813v	repeler
bn:00092816v	reemplazar
bn:00092816v	sustituir
bn:00092817v	reemplazar
bn:00092817v	suplantar
bn:00092817v	sustituir
bn:00092818v	replantar
bn:00092823v	informar
bn:00092823v	reportar
bn:00092824v	informar
bn:00092824v	presentar
bn:00092825v	informar
bn:00092825v	reportar
bn:00092826v	denunciar
bn:00092829v	descansar
bn:00092837v	representar
bn:00092837v	significar
bn:00092837v	simbolizar
bn:00092838v	representar
bn:00092839v	representar
bn:00092840v	representar
bn:00092848v	censurar
bn:00092850v	reproducir
bn:00092854v	repudiar
bn:00092857v	pedir
bn:00092857v	solicitar
bn:00092861v	releer
bn:00092866v	reprogramar
bn:00092869v	investigar
bn:00092876v	asemejar
bn:00092877v	resentir
bn:00092878v	reservar
bn:00092879v	reservar
bn:00092896v	resolver
bn:00092897v	resolver
bn:00092902v	responder
bn:00092903v	apoyar
bn:00092903v	descansar
bn:00092903v	estar
bn:00092903v	quedar
bn:00092904v	descansar
bn:00092905v	descansar
bn:00092908v	devolver
bn:00092911v	restringir
bn:00092914v	reanudar
bn:00092914v	retomar
bn:00092915v	reanudar
bn:00092915v	retomar
bn:00092916v	resumir
bn:00092921v	revivir
bn:00092923v	revivir
bn:00092928v	retener
bn:00092934v	repensar
bn:00092940v	jubilar
bn:00092940v	retirar
bn:00092941v	retirar
bn:00092943v	jubilar
bn:00092944v	retirar
bn:00092947v	revisar
bn:00092951v	rastrear
bn:00092951v	repasar
bn:00092951v	retroceder
bn:00092969v	devolver
bn:00092969v	regresar
bn:00092969v	volver
bn:00092971v	devolver
bn:00092974v	reunificar
bn:00092976v	acelerar
bn:00092979v	renovar
bn:00092988v	revisar
bn:00092991v	resurgir
bn:00092991v	revivir
bn:00092997v	reescribir
bn:00093007v	torcer
bn:00093008v	acribillar
bn:00093013v	cabalgar
bn:00093013v	montar
bn:00093013v	subir
bn:00093014v	andar
bn:00093014v	cabalgar
bn:00093014v	ir
bn:00093014v	montar
bn:00093014v	subir
bn:00093014v	viajar
bn:00093035v	manipular
bn:00093043v	bordear
bn:00093046v	resonar
bn:00093048v	enjuagar
bn:00093049v	enjuagar
bn:00093049v	lavar
bn:00093058v	elevar
bn:00093059v	elevar
bn:00093066v	rugir
bn:00093066v	tronar
bn:00093069v	asar
bn:00093070v	robar
bn:00093072v	balancear
bn:00093072v	ondear
bn:00093072v	sacudir
bn:00093072v	temblar
bn:00093076v	caer
bn:00093076v	dar
bn:00093076v	extender
bn:00093076v	girar
bn:00093076v	rodar
bn:00093076v	subir
bn:00093077v	girar
bn:00093077v	rodar
bn:00093078v	ondular
bn:00093079v	enrollar
bn:00093079v	extender
bn:00093081v	enrollar
bn:00093081v	enroscar
bn:00093081v	envolver
bn:00093083v	liar
bn:00093084v	rodar
bn:00093107v	techar
bn:00093113v	establecer
bn:00093119v	rotar
bn:00093134v	doblar
bn:00093134v	rodear
bn:00093135v	redondear
bn:00093137v	reunir
bn:00093143v	remar
bn:00093144v	frotar
bn:00093166v	descartar
bn:00093168v	hurgar
bn:00093168v	rebuscar
bn:00093170v	correr
bn:00093170v	ir
bn:00093171v	correr
bn:00093172v	funcionar
bn:00093174v	correr
bn:00093174v	hacer
bn:00093177v	hacer
bn:00093180v	operar
bn:00093181v	correr
bn:00093196v	acabar
bn:00093196v	agotar
bn:00093197v	derramar
bn:00093200v	coser
bn:00093202v	apresurar
bn:00093211v	susurrar
bn:00093216v	endulzar
bn:00093226v	proteger
bn:00093226v	salvaguardar
bn:00093228v	bajar
bn:00093229v	navegar
bn:00093230v	navegar
bn:00093231v	navegar
bn:00093235v	salivar
bn:00093244v	saludar
bn:00093245v	saludar
bn:00093251v	muestrear
bn:00093251v	probar
bn:00093252v	sancionar
bn:00093254v	lijar
bn:00093272v	saturar
bn:00093276v	pasear
bn:00093279v	ahorrar
bn:00093280v	conservar
bn:00093280v	escatimar
bn:00093280v	salvar
bn:00093281v	escribir
bn:00093282v	saber
bn:00093282v	saborear
bn:00093283v	saborear
bn:00093286v	roncar
bn:00093287v	afirmar
bn:00093287v	contar
bn:00093287v	decir
bn:00093287v	declarar
bn:00093287v	describir
bn:00093287v	digamos
bn:00093287v	exponer
bn:00093287v	expresar
bn:00093287v	hablar
bn:00093287v	hacer
bn:00093287v	indicar
bn:00093287v	informar
bn:00093287v	llamar
bn:00093287v	manifestar
bn:00093287v	marcar
bn:00093287v	querer
bn:00093287v	rezar
bn:00093288v	decir
bn:00093288v	suponer
bn:00093289v	decir
bn:00093300v	pesar
bn:00093316v	desbaratar
bn:00093317v	escanear
bn:00093317v	escudriñar
bn:00093317v	examinar
bn:00093331v	esparcir
bn:00093332v	dispersar
bn:00093336v	programar
bn:00093337v	programar
bn:00093341v	educar
bn:00093350v	sacar
bn:00093360v	fregar
bn:00093362v	fruncir
bn:00093363v	garabatear
bn:00093364v	trepar
bn:00093368v	rascar
bn:00093368v	rasguñar
bn:00093368v	raspar
bn:00093368v	rayar
bn:00093368v	rozar
bn:00093372v	gritar
bn:00093374v	probar
bn:00093390v	fregar
bn:00093394v	escudriñar
bn:00093394v	evaluar
bn:00093394v	examinar
bn:00093399v	arrastrar
bn:00093402v	esculpir
bn:00093405v	sellar
bn:00093406v	sellar
bn:00093407v	sellar
bn:00093412v	buscar
bn:00093413v	sentar
bn:00093414v	sentar
bn:00093419v	retirar
bn:00093430v	asegurar
bn:00093430v	conocer
bn:00093430v	considerar
bn:00093430v	observar
bn:00093430v	reconocer
bn:00093430v	ver
bn:00093430v	volver
bn:00093431v	ver
bn:00093432v	ver
bn:00093432v	visitar
bn:00093433v	ver
bn:00093433v	visitar
bn:00093434v	ver
bn:00093435v	ver
bn:00093436v	ver
bn:00093447v	sembrar
bn:00093452v	buscar
bn:00093455v	buscar
bn:00093464v	segregar
bn:00093469v	agarrar
bn:00093469v	aprovechar
bn:00093472v	vender
bn:00093473v	vender
bn:00093474v	vender
bn:00093475v	vender
bn:00093479v	vender
bn:00093485v	emitir
bn:00093485v	enviar
bn:00093485v	mandar
bn:00093486v	enviar
bn:00093489v	enviar
bn:00093494v	sensibilizar
bn:00093501v	separar
bn:00093509v	servir
bn:00093510v	servir
bn:00093511v	atender
bn:00093511v	operar
bn:00093511v	servir
bn:00093512v	atender
bn:00093512v	servir
bn:00093513v	cumplir
bn:00093513v	servir
bn:00093517v	atender
bn:00093518v	fijar
bn:00093518v	hacer
bn:00093518v	poner
bn:00093519v	colocar
bn:00093520v	ajustar
bn:00093520v	colocar
bn:00093521v	prender
bn:00093526v	prender
bn:00093527v	suspender
bn:00093534v	establecer
bn:00093534v	organizar
bn:00093535v	asentar
bn:00093535v	establecer
bn:00093537v	establecer
bn:00093537v	poblar
bn:00093538v	asentar
bn:00093539v	arreglar
bn:00093556v	seguir
bn:00093560v	sacudir
bn:00093560v	tambalear
bn:00093563v	estrechar
bn:00093573v	compartir
bn:00093574v	compartir
bn:00093575v	compartir
bn:00093578v	afilar
bn:00093579v	agudizar
bn:00093580v	afilar
bn:00093584v	destrozar
bn:00093584v	romper
bn:00093587v	afeitar
bn:00093591v	cortar
bn:00093607v	proteger
bn:00093610v	guiar
bn:00093612v	desplazar
bn:00093612v	transferir
bn:00093613v	cambiar
bn:00093614v	cambiar
bn:00093615v	cambiar
bn:00093625v	brillar
bn:00093639v	temblar
bn:00093640v	temblar
bn:00093668v	acortar
bn:00093668v	reducir
bn:00093676v	gritar
bn:00093679v	empujar
bn:00093680v	meter
bn:00093682v	marcar
bn:00093682v	mostrar
bn:00093683v	aparecer
bn:00093683v	asomar
bn:00093683v	mostrar
bn:00093683v	presentar
bn:00093684v	demostrar
bn:00093684v	mostrar
bn:00093689v	duchar
bn:00093693v	encoger
bn:00093693v	reducir
bn:00093721v	colar
bn:00093721v	filtrar
bn:00093724v	suspirar
bn:00093725v	suspirar
bn:00093726v	avistar
bn:00093731v	firmar
bn:00093731v	suscribir
bn:00093732v	firmar
bn:00093733v	señalar
bn:00093740v	significar
bn:00093752v	hervir
bn:00093755v	simplificar
bn:00093756v	pecar
bn:00093757v	cantar
bn:00093758v	cantar
bn:00093760v	silbar
bn:00093769v	hundir
bn:00093770v	caer
bn:00093770v	hundir
bn:00093776v	estar
bn:00093776v	permanecer
bn:00093776v	quedar
bn:00093776v	sentar
bn:00093777v	estar
bn:00093777v	montar
bn:00093777v	quedar
bn:00093777v	sentar
bn:00093778v	estar
bn:00093778v	sentar
bn:00093779v	estar
bn:00093805v	derrapar
bn:00093805v	patinar
bn:00093808v	deslizar
bn:00093808v	resbalar
bn:00093809v	rozar
bn:00093824v	bordear
bn:00093836v	aflojar
bn:00093846v	abofetear
bn:00093846v	azotar
bn:00093846v	golpear
bn:00093847v	reducir
bn:00093862v	dormir
bn:00093867v	curiosear
bn:00093867v	espiar
bn:00093868v	cortar
bn:00093875v	deslizar
bn:00093875v	resbalar
bn:00093876v	deslizar
bn:00093882v	colar
bn:00093882v	deslizar
bn:00093882v	resbalar
bn:00093882v	robar
bn:00093883v	deslizar
bn:00093883v	meter
bn:00093884v	bajar
bn:00093884v	resbalar
bn:00093899v	derramar
bn:00093899v	verter
bn:00093906v	caer
bn:00093919v	golpear
bn:00093929v	oler
bn:00093930v	oler
bn:00093930v	olfatear
bn:00093931v	oler
bn:00093934v	sonreir
bn:00093934v	sonreír
bn:00093939v	fumar
bn:00093941v	arder
bn:00093944v	alisar
bn:00093944v	suavizar
bn:00093947v	rodear
bn:00093949v	contrabandear
bn:00093949v	pasar
bn:00093956v	enganchar
bn:00093966v	agarrar
bn:00093966v	arrebatar
bn:00093966v	quitar
bn:00093966v	robar
bn:00093971v	agarrar
bn:00093972v	quitar
bn:00093978v	olfatear
bn:00093979v	olfatear
bn:00093981v	zumbar
bn:00093986v	resoplar
bn:00093987v	resoplar
bn:00093989v	nevar
bn:00093998v	remojar
bn:00094005v	llorar
bn:00094005v	sollozar
bn:00094009v	socializar
bn:00094019v	suavizar
bn:00094026v	soldar
bn:00094045v	calmar
bn:00094051v	absorber
bn:00094053v	expresar
bn:00094053v	parecer
bn:00094053v	sonar
bn:00094054v	parecer
bn:00094054v	sonar
bn:00094056v	resonar
bn:00094056v	vocalizar
bn:00094068v	espaciar
bn:00094077v	ahorrar
bn:00094089v	expresar
bn:00094089v	hablar
bn:00094090v	hablar
bn:00094090v	pronunciar
bn:00094100v	especializar
bn:00094104v	especular
bn:00094106v	acelerar
bn:00094108v	deletrear
bn:00094109v	escribir
bn:00094113v	explicar
bn:00094115v	dedicar
bn:00094115v	gastar
bn:00094116v	condimentar
bn:00094123v	hablar
bn:00094125v	girar
bn:00094139v	escupir
bn:00094140v	escupir
bn:00094141v	chapotear
bn:00094141v	rociar
bn:00094141v	salpicar
bn:00094149v	empalmar
bn:00094165v	patrocinar
bn:00094182v	yacer
bn:00094183v	salir
bn:00094184v	rociar
bn:00094190v	extender
bn:00094194v	extender
bn:00094204v	estimular
bn:00094205v	espolear
bn:00094206v	espolear
bn:00094216v	cuadrar
bn:00094224v	apretar
bn:00094226v	excluir
bn:00094230v	entrecerrar
bn:00094234v	deformar
bn:00094234v	girar
bn:00094234v	serpentear
bn:00094238v	estabilizar
bn:00094250v	teñir
bn:00094251v	teñir
bn:00094264v	estampar
bn:00094265v	estampar
bn:00094266v	marcar
bn:00094267v	sellar
bn:00094275v	alzar
bn:00094275v	estar
bn:00094275v	mantener
bn:00094275v	parar
bn:00094275v	permanecer
bn:00094275v	poner
bn:00094275v	quedar
bn:00094276v	destacar
bn:00094276v	estar
bn:00094276v	mantener
bn:00094276v	permanecer
bn:00094276v	quedar
bn:00094276v	ser
bn:00094277v	estar
bn:00094277v	mantener
bn:00094277v	parar
bn:00094277v	permanecer
bn:00094277v	quedar
bn:00094278v	estar
bn:00094278v	ser
bn:00094279v	ser
bn:00094280v	mantener
bn:00094280v	resistir
bn:00094280v	ser
bn:00094281v	ser
bn:00094288v	detener
bn:00094289v	defender
bn:00094292v	estandarizar
bn:00094300v	arrancar
bn:00094300v	comenzar
bn:00094300v	encender
bn:00094301v	comenzar
bn:00094301v	empezar
bn:00094301v	tomar
bn:00094302v	comenzar
bn:00094307v	detener
bn:00094307v	haber
bn:00094307v	permanecer
bn:00094307v	quedar
bn:00094308v	quedar
bn:00094314v	robar
bn:00094315v	robar
bn:00094331v	guiar
bn:00094332v	provenir
bn:00094337v	dar
bn:00094337v	entrar
bn:00094338v	avanzar
bn:00094338v	entrar
bn:00094338v	pisar
bn:00094345v	pisar
bn:00094346v	salir
bn:00094347v	esterilizar
bn:00094361v	endurecer
bn:00094362v	endurecer
bn:00094373v	agitar
bn:00094373v	remover
bn:00094373v	revolver
bn:00094374v	conmover
bn:00094374v	tocar
bn:00094382v	avivar
bn:00094397v	acabar
bn:00094397v	detener
bn:00094398v	detener
bn:00094400v	acumular
bn:00094400v	almacenar
bn:00094400v	guardar
bn:00094406v	alcanzar
bn:00094408v	ametrallar
bn:00094409v	arreglar
bn:00094409v	enderezar
bn:00094410v	enderezar
bn:00094411v	enderezar
bn:00094413v	forzar
bn:00094413v	tensar
bn:00094418v	asfixiar
bn:00094425v	estratificar
bn:00094426v	estratificar
bn:00094434v	ondear
bn:00094439v	fortalecer
bn:00094441v	extender
bn:00094442v	estirar
bn:00094442v	extender
bn:00094444v	estirar
bn:00094445v	extender
bn:00094453v	atacar
bn:00094453v	golpear
bn:00094454v	sonar
bn:00094455v	hacer
bn:00094455v	salir
bn:00094456v	golpear
bn:00094465v	ponchar
bn:00094476v	desmantelar
bn:00094484v	acariciar
bn:00094490v	afilar
bn:00094491v	estructurar
bn:00094492v	luchar
bn:00094501v	estudiar
bn:00094502v	llenar
bn:00094502v	rellenar
bn:00094507v	tropezar
bn:00094510v	aturdir
bn:00094520v	someter
bn:00094521v	someter
bn:00094523v	entregar
bn:00094523v	presentar
bn:00094528v	sublimar
bn:00094535v	sumergir
bn:00094537v	someter
bn:00094538v	cargar
bn:00094538v	recibir
bn:00094538v	someter
bn:00094538v	soportar
bn:00094538v	sufrir
bn:00094538v	tomar
bn:00094543v	citar
bn:00094545v	suscribir
bn:00094546v	apoyar
bn:00094546v	suscribir
bn:00094547v	tomar
bn:00094551v	subsidiar
bn:00094560v	subvencionar
bn:00094565v	chupar
bn:00094565v	succionar
bn:00094566v	aspirar
bn:00094566v	succionar
bn:00094573v	permitir
bn:00094573v	sufrir
bn:00094574v	sufrir
bn:00094575v	sufrir
bn:00094583v	sulfatar
bn:00094589v	convocar
bn:00094589v	llamar
bn:00094591v	separar
bn:00094607v	complementar
bn:00094609v	suplicar
bn:00094612v	apoyar
bn:00094612v	mantener
bn:00094612v	sostener
bn:00094624v	suponer
bn:00094625v	sospechar
bn:00094626v	coronar
bn:00094627v	sorprender
bn:00094628v	sorprender
bn:00094630v	encuestar
bn:00094630v	examinar
bn:00094630v	vigilar
bn:00094633v	sospechar
bn:00094634v	suspender
bn:00094635v	suspender
bn:00094637v	mantener
bn:00094640v	limpiar
bn:00094644v	absorber
bn:00094646v	retirar
bn:00094650v	cambiar
bn:00094650v	intercambiar
bn:00094655v	balancear
bn:00094655v	girar
bn:00094655v	oscilar
bn:00094656v	jurar
bn:00094675v	nadar
bn:00094678v	agitar
bn:00094678v	balancear
bn:00094678v	girar
bn:00094689v	girar
bn:00094692v	encender
bn:00094692v	volver
bn:00094700v	simpatizar
bn:00094702v	sincronizar
bn:00094713v	sintetizar
bn:00094716v	sistematizar
bn:00094717v	tabular
bn:00094722v	abordar
bn:00094722v	asumir
bn:00094722v	enfrentar
bn:00094724v	etiquetar
bn:00094725v	etiquetar
bn:00094730v	aprovechar
bn:00094730v	considerar
bn:00094730v	dar
bn:00094730v	encargar
bn:00094730v	hacer
bn:00094730v	ocupar
bn:00094730v	tener
bn:00094730v	tomar
bn:00094731v	aceptar
bn:00094731v	extraer
bn:00094731v	ganar
bn:00094731v	llevar
bn:00094731v	quitar
bn:00094731v	tomar
bn:00094732v	dar
bn:00094732v	hacer
bn:00094732v	llevar
bn:00094732v	realizar
bn:00094732v	tomar
bn:00094733v	aceptar
bn:00094733v	dar
bn:00094733v	hacer
bn:00094733v	querer
bn:00094733v	realizar
bn:00094733v	tomar
bn:00094734v	atrapar
bn:00094734v	llevar
bn:00094734v	querer
bn:00094734v	tomar
bn:00094735v	tomar
bn:00094736v	tomar
bn:00094737v	aceptar
bn:00094746v	aprovechar
bn:00094748v	excluir
bn:00094748v	quitar
bn:00094748v	sacar
bn:00094749v	alejar
bn:00094754v	tener
bn:00094758v	acoger
bn:00094758v	entender
bn:00094759v	abarcar
bn:00094768v	quitar
bn:00094770v	despegar
bn:00094776v	desempacar
bn:00094776v	sacar
bn:00094777v	sacar
bn:00094778v	sacar
bn:00094792v	recibir
bn:00094792v	retomar
bn:00094793v	comenzar
bn:00094793v	tomar
bn:00094794v	ocupar
bn:00094794v	tomar
bn:00094797v	hablar
bn:00094812v	aprovechar
bn:00094813v	golpear
bn:00094813v	tocar
bn:00094832v	probar
bn:00094832v	saborear
bn:00094836v	gravar
bn:00094841v	arrancar
bn:00094841v	desgarrar
bn:00094841v	despedazar
bn:00094843v	arrancar
bn:00094855v	televisar
bn:00094859v	telescopar
bn:00094862v	contar
bn:00094862v	decir
bn:00094862v	hablar
bn:00094862v	indicar
bn:00094862v	informar
bn:00094862v	revelar
bn:00094863v	decir
bn:00094863v	querer
bn:00094870v	atender
bn:00094870v	cuidar
bn:00094878v	denominar
bn:00094878v	llamar
bn:00094885v	aterrorizar
bn:00094906v	pensar
bn:00094907v	pensar
bn:00094914v	pensar
bn:00094914v	reflexionar
bn:00094916v	pensar
bn:00094927v	amenazar
bn:00094928v	amenazar
bn:00094929v	emocionar
bn:00094931v	latir
bn:00094934v	arrojar
bn:00094934v	echar
bn:00094934v	expulsar
bn:00094934v	lanzar
bn:00094935v	lanzar
bn:00094936v	lanzar
bn:00094943v	imponer
bn:00094943v	lanzar
bn:00094943v	meter
bn:00094943v	poner
bn:00094948v	retumbar
bn:00094956v	atar
bn:00094961v	vincular
bn:00094964v	tensar
bn:00094970v	cronometrar
bn:00094984v	inclinar
bn:00094984v	volcar
bn:00094986v	tumbar
bn:00094990v	tejer
bn:00095009v	tocar
bn:00095032v	caer
bn:00095032v	derribar
bn:00095032v	rodar
bn:00095035v	lanzar
bn:00095040v	tocar
bn:00095041v	tocar
bn:00095042v	tocar
bn:00095043v	tocar
bn:00095046v	aterrizar
bn:00095047v	tocar
bn:00095049v	recorrer
bn:00095058v	seguir
bn:00095060v	comerciar
bn:00095060v	intercambiar
bn:00095060v	vender
bn:00095061v	negociar
bn:00095067v	entrenar
bn:00095070v	caminar
bn:00095073v	pisotear
bn:00095078v	transcribir
bn:00095079v	transcribir
bn:00095085v	transferir
bn:00095086v	transferir
bn:00095086v	trasplantar
bn:00095087v	transferir
bn:00095088v	trasladar
bn:00095089v	transformar
bn:00095090v	transformar
bn:00095091v	traducir
bn:00095105v	traducir
bn:00095106v	trasladar
bn:00095121v	transportar
bn:00095127v	atrapar
bn:00095130v	visitar
bn:00095134v	caminar
bn:00095139v	tratar
bn:00095149v	temblar
bn:00095165v	detonar
bn:00095186v	trotar
bn:00095204v	confiar
bn:00095214v	tirar
bn:00095219v	rodar
bn:00095228v	ajustar
bn:00095230v	sintonizar
bn:00095233v	apagar
bn:00095233v	aparecer
bn:00095233v	apartar
bn:00095233v	convertir
bn:00095233v	dar
bn:00095233v	desviar
bn:00095233v	dirigir
bn:00095233v	girar
bn:00095233v	regresar
bn:00095233v	voltear
bn:00095233v	volver
bn:00095234v	girar
bn:00095234v	volver
bn:00095235v	girar
bn:00095239v	volver
bn:00095259v	resultar
bn:00095260v	hacer
bn:00095260v	producir
bn:00095261v	asistir
bn:00095261v	salir
bn:00095288v	torcer
bn:00095295v	escribir
bn:00095313v	desatar
bn:00095325v	desenmascarar
bn:00095350v	subestimar
bn:00095351v	subestimar
bn:00095360v	subyacer
bn:00095365v	sustentar
bn:00095375v	comprender
bn:00095375v	entender
bn:00095378v	deshacer
bn:00095379v	deshacer
bn:00095386v	descubrir
bn:00095386v	desenterrar
bn:00095387v	desenganchar
bn:00095389v	descubrir
bn:00095394v	desenganchar
bn:00095400v	unir
bn:00095410v	desatar
bn:00095411v	desencadenar
bn:00095412v	abrir
bn:00095412v	desbloquear
bn:00095414v	desbloquear
bn:00095421v	desenrollar
bn:00095423v	descifrar
bn:00095424v	desenroscar
bn:00095431v	desenvainar
bn:00095450v	actualizar
bn:00095454v	mejorar
bn:00095455v	mejorar
bn:00095459v	defender
bn:00095465v	alterar
bn:00095480v	validar
bn:00095482v	valorar
bn:00095489v	variar
bn:00095503v	velar
bn:00095516v	verificar
bn:00095531v	preocupar
bn:00095534v	victimizar
bn:00095542v	violar
bn:00095561v	expresar
bn:00095569v	ofrecer
bn:00095572v	votar
bn:00095573v	votar
bn:00095574v	votar
bn:00095577v	votar
bn:00095581v	conceder
bn:00095582v	jurar
bn:00095582v	prometer
bn:00095588v	vadear
bn:00095591v	agitar
bn:00095591v	mover
bn:00095593v	espera
bn:00095593v	esperar
bn:00095595v	despertar
bn:00095597v	andar
bn:00095597v	caminar
bn:00095597v	ir
bn:00095597v	pasar
bn:00095597v	pasear
bn:00095600v	caminar
bn:00095601v	caminar
bn:00095625v	disminuir
bn:00095627v	querer
bn:00095628v	querer
bn:00095636v	calentar
bn:00095639v	calentar
bn:00095641v	calentar
bn:00095642v	advertir
bn:00095654v	acompañar
bn:00095656v	lavar
bn:00095663v	desperdiciar
bn:00095663v	perder
bn:00095665v	mirar
bn:00095665v	observar
bn:00095665v	ver
bn:00095665v	vigilar
bn:00095667v	regar
bn:00095668v	lagrimear
bn:00095671v	suavizar
bn:00095681v	encerar
bn:00095682v	debilitar
bn:00095683v	debilitar
bn:00095687v	desgastar
bn:00095688v	llevar
bn:00095701v	pesar
bn:00095705v	acoger
bn:00095705v	dar
bn:00095705v	recibir
bn:00095706v	recibir
bn:00095714v	mojar
bn:00095724v	girar
bn:00095725v	girar
bn:00095727v	resollar
bn:00095734v	ondear
bn:00095747v	susurrar
bn:00095748v	silbar
bn:00095749v	silbar
bn:00095750v	silbar
bn:00095754v	blanquear
bn:00095763v	gritar
bn:00095769v	ampliar
bn:00095770v	ensanchar
bn:00095774v	querer
bn:00095774v	ser
bn:00095777v	conseguir
bn:00095777v	ganar
bn:00095777v	lograr
bn:00095777v	vencer
bn:00095789v	guiñar
bn:00095789v	parpadear
bn:00095795v	limpiar
bn:00095801v	bromear
bn:00095802v	desear
bn:00095802v	querer
bn:00095802v	tener
bn:00095803v	desear
bn:00095804v	desear
bn:00095805v	desear
bn:00095806v	presenciar
bn:00095806v	ver
bn:00095812v	trabajar
bn:00095813v	trabajar
bn:00095814v	trabajar
bn:00095815v	mover
bn:00095823v	trabajar
bn:00095827v	resolver
bn:00095829v	preocupar
bn:00095832v	adorar
bn:00095833v	adorar
bn:00095836v	envolver
bn:00095847v	anotar
bn:00095847v	escribir
bn:00095848v	escriba
bn:00095848v	escribir
bn:00095849v	escribir
bn:00095859v	escribir
bn:00095864v	ladrar
bn:00095868v	bostezar
bn:00095887a	único
bn:00095898a	décimo
bn:00095904a	undécimo
bn:00095910a	duodécimo
bn:00095916a	decimotercer
bn:00095928a	decimoquinto
bn:00095949a	primero
bn:00095955a	vigésimo
bn:00095974a	segundo
bn:00095976a	tridimensional
bn:00095981a	trigésimo
bn:00096000a	tercer
bn:00096000a	tercero
bn:00096026a	cuarta
bn:00096026a	cuarto
bn:00096032a	quincuagésimo
bn:00096043a	quinto
bn:00096059a	sexto
bn:00096074a	séptimo
bn:00096089a	octavo
bn:00096104a	noveno
bn:00096106a	súper
bn:00096117a	abandonado
bn:00096119a	avergonzado
bn:00096124a	abreviado
bn:00096124a	breve
bn:00096127a	abdominal
bn:00096133a	aberrante
bn:00096136a	duradero
bn:00096139a	bajo
bn:00096139a	miserable
bn:00096147a	encendido
bn:00096150a	inflamado
bn:00096151a	capaz
bn:00096152a	capaz
bn:00096158a	anormal
bn:00096164a	odioso
bn:00096165a	espantoso
bn:00096165a	horrible
bn:00096165a	terrible
bn:00096168a	nativo
bn:00096169a	primitivo
bn:00096171a	fallido
bn:00096171a	infructuoso
bn:00096173a	abundante
bn:00096180a	áspero
bn:00096186a	abrupto
bn:00096187a	abrupto
bn:00096188a	agudo
bn:00096188a	brusco
bn:00096192a	ausente
bn:00096194a	distraído
bn:00096195a	absoluto
bn:00096196a	absoluto
bn:00096196a	completo
bn:00096196a	mero
bn:00096196a	puro
bn:00096197a	absoluto
bn:00096204a	absorto
bn:00096205a	absorbido
bn:00096208a	absorbente
bn:00096208a	fascinante
bn:00096212a	abstracto
bn:00096213a	abstracto
bn:00096217a	absurdo
bn:00096218a	absurdo
bn:00096218a	ridículo
bn:00096219a	abundante
bn:00096220a	abusado
bn:00096228a	académico
bn:00096229a	académico
bn:00096230a	académico
bn:00096230a	pedante
bn:00096240a	acelerado
bn:00096246a	aceptable
bn:00096248a	satisfactorio
bn:00096251a	aceptado
bn:00096251a	reconocido
bn:00096271a	acompañado
bn:00096273a	consecuente
bn:00096273a	consiguiente
bn:00096273a	resultante
bn:00096275a	competente
bn:00096276a	cumplido
bn:00096276a	terminado
bn:00096277a	establecido
bn:00096279a	concordante
bn:00096290a	acumulativo
bn:00096292a	preciso
bn:00096293a	exacto
bn:00096293a	preciso
bn:00096295a	acusador
bn:00096298a	acostumbrado
bn:00096298a	habitual
bn:00096299a	habitual
bn:00096305a	astringente
bn:00096306a	amargo
bn:00096347a	acústico
bn:00096351a	adquirido
bn:00096355a	amargado
bn:00096355a	amargo
bn:00096357a	acrobático
bn:00096357a	gimnástico
bn:00096366a	amplio
bn:00096366a	extenso
bn:00096369a	interino
bn:00096377a	activado
bn:00096382a	activo
bn:00096383a	activo
bn:00096384a	activo
bn:00096385a	activo
bn:00096386a	activo
bn:00096387a	activo
bn:00096388a	activo
bn:00096389a	activo
bn:00096397a	actual
bn:00096397a	real
bn:00096398a	real
bn:00096399a	genuina
bn:00096399a	literal
bn:00096399a	real
bn:00096399a	verdadero
bn:00096400a	fáctico
bn:00096400a	real
bn:00096404a	afilado
bn:00096404a	agudo
bn:00096407a	agudo
bn:00096408a	agudo
bn:00096409a	afilado
bn:00096409a	agudo
bn:00096409a	incisivo
bn:00096409a	mordaz
bn:00096414a	improvisado
bn:00096421a	firme
bn:00096421a	inexorable
bn:00096421a	inflexible
bn:00096430a	adicto
bn:00096433a	lineal
bn:00096437a	confuso
bn:00096444a	nasal
bn:00096445a	bueno
bn:00096445a	competente
bn:00096445a	experto
bn:00096445a	hábil
bn:00096446a	adecuado
bn:00096446a	suficiente
bn:00096447a	adecuado
bn:00096447a	suficiente
bn:00096448a	adecuado
bn:00096449a	adecuado
bn:00096449a	capaz
bn:00096455a	adyacente
bn:00096455a	siguiente
bn:00096456a	adyacente
bn:00096458a	adjetival
bn:00096461a	asistente
bn:00096467a	ajustado
bn:00096474a	administrativo
bn:00096475a	admirable
bn:00096476a	admirable
bn:00096478a	admisible
bn:00096486a	adolescente
bn:00096492a	adoptivo
bn:00096494a	entrañable
bn:00096500a	suprarrenal
bn:00096515a	adulto
bn:00096515a	crecido
bn:00096520a	extramarital
bn:00096526a	avanzado
bn:00096527a	adelantado
bn:00096527a	avanzado
bn:00096528a	avanzado
bn:00096529a	avanzado
bn:00096529a	moderno
bn:00096530a	avanzado
bn:00096531a	avanzado
bn:00096531a	sofisticado
bn:00096532a	avanzado
bn:00096533a	avanzado
bn:00096535a	ventajoso
bn:00096541a	audaz
bn:00096543a	adverbial
bn:00096545a	adverso
bn:00096556a	egeo
bn:00096562a	eterno
bn:00096562a	interminable
bn:00096566a	etéreo
bn:00096572a	aerodinámico
bn:00096582a	médico
bn:00096583a	estético
bn:00096584a	estético
bn:00096591a	afable
bn:00096591a	amable
bn:00096591a	cordial
bn:00096592a	afectado
bn:00096595a	conmovedor
bn:00096597a	afectuoso
bn:00096597a	cálido
bn:00096597a	cariñoso
bn:00096599a	afiliado
bn:00096599a	conectado
bn:00096611a	doloroso
bn:00096612a	adinerado
bn:00096612a	rico
bn:00096618a	inundado
bn:00096622a	dicho
bn:00096625a	temeroso
bn:00096629a	africano
bn:00096640a	abierto
bn:00096644a	anciano
bn:00096644a	envejecido
bn:00096658a	agregado
bn:00096660a	agresivo
bn:00096662a	beligerante
bn:00096663a	atónito
bn:00096664a	ágil
bn:00096664a	rápido
bn:00096669a	reluciente
bn:00096671a	luminoso
bn:00096694a	agrícola
bn:00096701a	adelantado
bn:00096701a	principal
bn:00096707a	propio
bn:00096719a	aéreo
bn:00096719a	aerotransportado
bn:00096720a	aireado
bn:00096720a	ligero
bn:00096721a	mareado
bn:00096728a	similar
bn:00096735a	alarmado
bn:00096756a	rápido
bn:00096765a	argelino
bn:00096773a	ajeno
bn:00096773a	extraño
bn:00096774a	ajeno
bn:00096774a	exótico
bn:00096776a	alienado
bn:00096782a	parecido
bn:00096782a	similar
bn:00096783a	nutriente
bn:00096787a	vivo
bn:00096788a	vivo
bn:00096789a	animado
bn:00096793a	alcalino
bn:00096803a	esencial
bn:00096804a	omnisciente
bn:00096815a	muerto
bn:00096816a	terminado
bn:00096817a	fino
bn:00096821a	presunto
bn:00096822a	llamado
bn:00096822a	presunto
bn:00096822a	supuesto
bn:00096869a	solo
bn:00096870a	solitario
bn:00096870a	solo
bn:00096872a	único
bn:00096890a	terapéutico
bn:00096893a	alterno
bn:00096894a	alternativo
bn:00096895a	alternado
bn:00096898a	alternativo
bn:00096911a	alveolar
bn:00096915a	consolidado
bn:00096919a	amateur
bn:00096919a	recreativo
bn:00096921a	amoroso
bn:00096922a	romántico
bn:00096924a	asombrado
bn:00096924a	atónito
bn:00096925a	asombroso
bn:00096926a	asombroso
bn:00096926a	increíble
bn:00096929a	ámbar
bn:00096934a	ambiguo
bn:00096935a	ambiguo
bn:00096936a	ambiguo
bn:00096938a	ambicioso
bn:00096939a	ambicioso
bn:00096939a	desafiante
bn:00096952a	susceptible
bn:00096963a	americana
bn:00096963a	americano
bn:00096963a	estadounidense
bn:00096964a	americana
bn:00096964a	estadounidense
bn:00096965a	indígena
bn:00096972a	amable
bn:00096973a	amistoso
bn:00096987a	amorfo
bn:00097000a	abundante
bn:00097000a	amplio
bn:00097000a	suficiente
bn:00097001a	abundante
bn:00097001a	amplio
bn:00097002a	considerable
bn:00097004a	divertido
bn:00097006a	cómico
bn:00097006a	divertido
bn:00097006a	gracioso
bn:00097020a	anémico
bn:00097021a	anaeróbica
bn:00097030a	analéptico
bn:00097034a	análogo
bn:00097034a	similar
bn:00097039a	analítica
bn:00097039a	analítico
bn:00097040a	analítica
bn:00097040a	analítico
bn:00097059a	anastomótico
bn:00097060a	anatómico
bn:00097063a	ancestral
bn:00097066a	antiguo
bn:00097067a	antiguo
bn:00097071a	andino
bn:00097090a	angelical
bn:00097092a	dulce
bn:00097099a	anglicano
bn:00097103a	anglosajón
bn:00097107a	enfadado
bn:00097107a	enojado
bn:00097107a	furioso
bn:00097108a	enfadado
bn:00097108a	furioso
bn:00097112a	angustiado
bn:00097112a	atormentado
bn:00097113a	angular
bn:00097114a	anguloso
bn:00097119a	animal
bn:00097119a	carnal
bn:00097119a	sensual
bn:00097121a	animado
bn:00097123a	sensible
bn:00097128a	aniónico
bn:00097142a	devastador
bn:00097143a	devastador
bn:00097145a	molesto
bn:00097147a	molesto
bn:00097153a	anómalo
bn:00097154a	anónimo
bn:00097155a	anónimo
bn:00097174a	contrario
bn:00097174a	hostil
bn:00097175a	antagónico
bn:00097180a	prebélico
bn:00097191a	anterior
bn:00097192a	previo
bn:00097206a	antropomórfico
bn:00097208a	anti
bn:00097212a	antisemita
bn:00097219a	fantástico
bn:00097223a	anticipado
bn:00097244a	antimonopolio
bn:00097257a	antiguo
bn:00097258a	anticuado
bn:00097258a	antiguo
bn:00097260a	antiséptico
bn:00097261a	antiséptico
bn:00097269a	antitético
bn:00097283a	ansioso
bn:00097291a	indiferente
bn:00097318a	apocalíptico
bn:00097323a	apócrifo
bn:00097341a	apostólico
bn:00097342a	papal
bn:00097348a	espantoso
bn:00097349a	vestido
bn:00097350a	aparente
bn:00097350a	evidente
bn:00097351a	aparente
bn:00097354a	atractivo
bn:00097355a	atractivo
bn:00097368a	encomiable
bn:00097372a	aplicable
bn:00097382a	pertinente
bn:00097385a	apreciable
bn:00097389a	comprensible
bn:00097389a	inteligible
bn:00097396a	próximo
bn:00097398a	adecuado
bn:00097398a	apropiado
bn:00097398a	correspondiente
bn:00097400a	aprobado
bn:00097401a	aproximado
bn:00097407a	apto
bn:00097407a	propenso
bn:00097408a	propenso
bn:00097409a	inteligente
bn:00097417a	acuoso
bn:00097420a	enganchado
bn:00097424a	cultivable
bn:00097433a	arbitrario
bn:00097436a	arbóreo
bn:00097439a	bucólico
bn:00097441a	arqueado
bn:00097442a	condescendiente
bn:00097444a	travieso
bn:00097446a	arqueológico
bn:00097448a	primitivo
bn:00097457a	prototípico
bn:00097461a	arquitectónico
bn:00097465a	ártico
bn:00097467a	ardiente
bn:00097467a	ferviente
bn:00097470a	arduo
bn:00097470a	duro
bn:00097477a	plateado
bn:00097488a	despierto
bn:00097493a	aristocrático
bn:00097493a	gentil
bn:00097494a	aristotélico
bn:00097496a	armado
bn:00097505a	blindado
bn:00097517a	emocionado
bn:00097521a	absoluto
bn:00097521a	completo
bn:00097521a	puro
bn:00097521a	total
bn:00097523a	impresionante
bn:00097523a	sensacional
bn:00097526a	arrogante
bn:00097531a	arterial
bn:00097532a	arteriolar
bn:00097545a	articulado
bn:00097548a	artificial
bn:00097549a	artificial
bn:00097552a	artístico
bn:00097553a	artístico
bn:00097564a	dominante
bn:00097565a	ascendente
bn:00097581a	avergonzado
bn:00097582a	pálido
bn:00097585a	inane
bn:00097588a	inclinado
bn:00097589a	dormido
bn:00097591a	fallecido
bn:00097599a	abierto
bn:00097606a	asertivo
bn:00097611a	asignado
bn:00097622a	diverso
bn:00097622a	mixto
bn:00097623a	diferente
bn:00097628a	seguro
bn:00097646a	asombroso
bn:00097649a	astral
bn:00097654a	astronómico
bn:00097655a	astronómico
bn:00097657a	agudo
bn:00097657a	astuto
bn:00097660a	asimétrica
bn:00097660a	asimétrico
bn:00097663a	asintótica
bn:00097668a	desconcertado
bn:00097669a	atrapado
bn:00097671a	disponible
bn:00097672a	inminente
bn:00097673a	libre
bn:00097675a	conflictivo
bn:00097677a	confundido
bn:00097677a	confuso
bn:00097677a	desconcertado
bn:00097686a	ateo
bn:00097690a	hambriento
bn:00097691a	atlético
bn:00097694a	atlántico
bn:00097695a	atmosférico
bn:00097696a	atómico
bn:00097697a	atómico
bn:00097697a	nuclear
bn:00097709a	monstruoso
bn:00097710a	espantoso
bn:00097710a	horrible
bn:00097710a	terrible
bn:00097711a	atrófico
bn:00097725a	atento
bn:00097733a	atractivo
bn:00097734a	atractivo
bn:00097736a	atribuible
bn:00097741a	atípico
bn:00097745a	descalzo
bn:00097745a	desnudo
bn:00097748a	valiente
bn:00097749a	descarado
bn:00097752a	audible
bn:00097762a	gran
bn:00097762a	noble
bn:00097763a	venerable
bn:00097768a	florido
bn:00097769a	dorado
bn:00097782a	austero
bn:00097782a	severo
bn:00097783a	severo
bn:00097793a	auténtico
bn:00097793a	confiable
bn:00097794a	auténtico
bn:00097794a	verdadero
bn:00097795a	autorizado
bn:00097797a	autoritario
bn:00097799a	autorizado
bn:00097800a	clásico
bn:00097807a	perentorio
bn:00097823a	automático
bn:00097824a	automático
bn:00097826a	automotriz
bn:00097828a	autonómico
bn:00097828a	autónomo
bn:00097829a	independiente
bn:00097829a	soberano
bn:00097831a	autosuficiente
bn:00097844a	auxiliar
bn:00097844a	suplementario
bn:00097846a	disponible
bn:00097849a	vanguardista
bn:00097854a	medio
bn:00097854a	promedio
bn:00097855a	ordinario
bn:00097855a	promedio
bn:00097857a	intermedio
bn:00097857a	medio
bn:00097858a	modal
bn:00097875a	despierto
bn:00097879a	atento
bn:00097879a	consciente
bn:00097884a	cansado
bn:00097884a	fatigado
bn:00097890a	aterrador
bn:00097890a	espantoso
bn:00097890a	terrible
bn:00097894a	incómodo
bn:00097897a	torpe
bn:00097898a	embarazoso
bn:00097907a	axial
bn:00097912a	axiomático
bn:00097912a	evidente
bn:00097938a	trasero
bn:00097939a	posterior
bn:00097943a	consecutivo
bn:00097959a	bacteriana
bn:00097959a	bacteriano
bn:00097966a	fuerte
bn:00097966a	mal
bn:00097966a	malo
bn:00097967a	gran
bn:00097974a	especulativo
bn:00097980a	grosero
bn:00097981a	quisquilloso
bn:00097982a	desconcertante
bn:00097984a	holgado
bn:00097992a	equilibrado
bn:00097995a	calvo
bn:00097999a	amenazante
bn:00098000a	amenazante
bn:00098000a	ominoso
bn:00098000a	siniestro
bn:00098003a	esférico
bn:00098013a	trivial
bn:00098021a	excelente
bn:00098021a	genial
bn:00098021a	grande
bn:00098029a	diminuto
bn:00098029a	minúsculo
bn:00098029a	pequeño
bn:00098042a	brutal
bn:00098042a	cruel
bn:00098042a	salvaje
bn:00098042a	vicioso
bn:00098044a	barbudo
bn:00098049a	escaso
bn:00098049a	mínimo
bn:00098053a	mero
bn:00098053a	sencillo
bn:00098053a	simple
bn:00098055a	desolado
bn:00098063a	descalzo
bn:00098073a	majestuoso
bn:00098073a	noble
bn:00098074a	barroco
bn:00098085a	básico
bn:00098090a	inmoral
bn:00098091a	mezquino
bn:00098095a	basado
bn:00098096a	basado
bn:00098097a	vacío
bn:00098098a	tímido
bn:00098100a	básico
bn:00098100a	fundamental
bn:00098101a	básico
bn:00098116a	profundo
bn:00098117a	falso
bn:00098117a	ficticio
bn:00098121a	fortificado
bn:00098123a	sentimental
bn:00098129a	maltrecho
bn:00098149a	radiante
bn:00098151a	radiante
bn:00098164a	bestial
bn:00098164a	bruto
bn:00098171a	bello
bn:00098171a	hermoso
bn:00098174a	adecuado
bn:00098187a	fornido
bn:00098187a	ronco
bn:00098197a	primero
bn:00098199a	oscuro
bn:00098199a	sórdido
bn:00098213a	belga
bn:00098214a	creíble
bn:00098221a	abultado
bn:00098224a	amado
bn:00098224a	querido
bn:00098226a	subterráneo
bn:00098242a	filantrópico
bn:00098243a	beneficioso
bn:00098243a	bueno
bn:00098246a	comprensivo
bn:00098257a	arrugado
bn:00098269a	borracho
bn:00098272a	prometido
bn:00098274a	mejor
bn:00098275a	mejor
bn:00098277a	favorito
bn:00098277a	preferido
bn:00098282a	mejor
bn:00098283a	mejor
bn:00098286a	apuesto
bn:00098286a	guapo
bn:00098292a	cautivador
bn:00098293a	indudable
bn:00098303a	bíblico
bn:00098305a	bibliográfico
bn:00098312a	borracho
bn:00098340a	bifurcado
bn:00098340a	ramificado
bn:00098342a	corpulento
bn:00098342a	gran
bn:00098342a	grande
bn:00098342a	mayor
bn:00098343a	gran
bn:00098343a	grande
bn:00098343a	importante
bn:00098344a	grande
bn:00098345a	destacado
bn:00098345a	gran
bn:00098345a	prominente
bn:00098351a	liberal
bn:00098352a	grávido
bn:00098361a	mayor
bn:00098363a	engreído
bn:00098369a	bilateral
bn:00098377a	bilingüe
bn:00098402a	vinculante
bn:00098404a	binomial
bn:00098408a	bioquímica
bn:00098416a	biográfico
bn:00098417a	biológico
bn:00098421a	biomédico
bn:00098445a	panorámico
bn:00098461a	amargo
bn:00098462a	amargo
bn:00098468a	diminuto
bn:00098477a	excéntrico
bn:00098477a	extraño
bn:00098480a	negro
bn:00098480a	oscuro
bn:00098481a	negro
bn:00098481a	oscuro
bn:00098483a	sombrío
bn:00098484a	oscuro
bn:00098484a	siniestro
bn:00098485a	desastroso
bn:00098485a	negro
bn:00098487a	negro
bn:00098488a	sombrío
bn:00098491a	vergonzoso
bn:00098518a	condenado
bn:00098518a	maldito
bn:00098521a	insípido
bn:00098523a	suave
bn:00098530a	aburrido
bn:00098543a	descarado
bn:00098543a	evidente
bn:00098544a	clamoroso
bn:00098544a	vociferante
bn:00098545a	abrasador
bn:00098549a	borroso
bn:00098550a	borroso
bn:00098550a	confuso
bn:00098562a	ciego
bn:00098563a	ciego
bn:00098564a	ciego
bn:00098564a	irracional
bn:00098566a	vendado
bn:00098571a	alegre
bn:00098578a	rubio
bn:00098581a	carmesí
bn:00098581a	rojo
bn:00098594a	ensangrentado
bn:00098604a	ventoso
bn:00098606a	azul
bn:00098616a	trabajador
bn:00098629a	escarpado
bn:00098633a	crudo
bn:00098633a	directo
bn:00098633a	franco
bn:00098633a	sincero
bn:00098638a	rosado
bn:00098639a	ventoso
bn:00098645a	corporativo
bn:00098645a	encarnado
bn:00098649a	somático
bn:00098654a	lodoso
bn:00098654a	turbio
bn:00098658a	bullicioso
bn:00098661a	audaz
bn:00098662a	audaz
bn:00098681a	delgado
bn:00098681a	escuálido
bn:00098681a	flaco
bn:00098683a	cadavérico
bn:00098683a	delgado
bn:00098683a	demacrado
bn:00098683a	huesudo
bn:00098684a	óseo
bn:00098691a	exitoso
bn:00098691a	próspero
bn:00098694a	neandertal
bn:00098697a	inútil
bn:00098698a	obsequioso
bn:00098703a	fronterizo
bn:00098703a	marginal
bn:00098707a	aburrido
bn:00098708a	aburrido
bn:00098708a	tedioso
bn:00098709a	nacido
bn:00098748a	rocoso
bn:00098753a	ligado
bn:00098754a	encuadernado
bn:00098761a	acotado
bn:00098763a	grosero
bn:00098764a	ilimitado
bn:00098771a	bovino
bn:00098776a	feroz
bn:00098783a	juvenil
bn:00098794a	fresco
bn:00098794a	refrescante
bn:00098805a	enojado
bn:00098805a	loco
bn:00098805a	macabro
bn:00098807a	brillante
bn:00098807a	inteligente
bn:00098825a	fuerte
bn:00098825a	llamativo
bn:00098827a	valiente
bn:00098828a	alegre
bn:00098831a	brasileño
bn:00098854a	breve
bn:00098855a	breve
bn:00098857a	brillante
bn:00098858a	brillante
bn:00098859a	brillante
bn:00098859a	inteligente
bn:00098860a	brillante
bn:00098860a	luminoso
bn:00098864a	brillante
bn:00098866a	esperanzador
bn:00098866a	prometedor
bn:00098870a	brillante
bn:00098870a	excelente
bn:00098870a	magnífico
bn:00098871a	brillante
bn:00098871a	magnífico
bn:00098872a	brillante
bn:00098882a	británico
bn:00098883a	británico
bn:00098887a	amplio
bn:00098887a	ancho
bn:00098887a	vasto
bn:00098888a	amplio
bn:00098889a	general
bn:00098889a	marcado
bn:00098890a	pleno
bn:00098891a	amplio
bn:00098893a	liberal
bn:00098905a	amplio
bn:00098905a	enorme
bn:00098905a	grande
bn:00098905a	inmenso
bn:00098905a	vasto
bn:00098906a	elevado
bn:00098909a	roto
bn:00098911a	quebrado
bn:00098916a	confuso
bn:00098931a	bronquial
bn:00098938a	bronceado
bn:00098939a	reflexivo
bn:00098942a	castaño
bn:00098942a	marrón
bn:00098942a	moreno
bn:00098952a	marrón
bn:00098979a	rígido
bn:00098982a	budista
bn:00098985a	presupuestaria
bn:00098994a	incorporado
bn:00098994a	inherente
bn:00098994a	integrado
bn:00098994a	integral
bn:00099003a	voluminoso
bn:00099012a	barato
bn:00099015a	rústico
bn:00099023a	flotante
bn:00099030a	burocrático
bn:00099057a	activo
bn:00099057a	concurrido
bn:00099057a	ocupado
bn:00099058a	ocupado
bn:00099059a	ocupado
bn:00099060a	concurrido
bn:00099079a	pasado
bn:00099082a	enredado
bn:00099082a	tortuoso
bn:00099104a	astuto
bn:00099104a	inteligente
bn:00099120a	deliberado
bn:00099142a	insensible
bn:00099144a	novato
bn:00099145a	calmado
bn:00099145a	tranquilo
bn:00099147a	térmico
bn:00099152a	calorimétrico
bn:00099173a	canadiense
bn:00099183a	incandescente
bn:00099197a	ulcerado
bn:00099202a	tubular
bn:00099215a	capaz
bn:00099216a	capaz
bn:00099217a	capaz
bn:00099227a	capitalista
bn:00099228a	capitalista
bn:00099258a	cardinal
bn:00099258a	central
bn:00099258a	fundamental
bn:00099263a	cardiovascular
bn:00099266a	despreocupado
bn:00099268a	cuidado
bn:00099268a	cuidadoso
bn:00099270a	deliberado
bn:00099273a	descuidado
bn:00099274a	descuidado
bn:00099276a	demacrado
bn:00099309a	tallado
bn:00099313a	individual
bn:00099314a	endurecido
bn:00099327a	casual
bn:00099327a	ocasional
bn:00099328a	casual
bn:00099329a	casual
bn:00099330a	casual
bn:00099331a	superficial
bn:00099359a	catastrófico
bn:00099359a	ruinoso
bn:00099370a	rotundo
bn:00099380a	católico
bn:00099396a	causal
bn:00099400a	corrosivo
bn:00099402a	cauteloso
bn:00099403a	conservador
bn:00099407a	incesante
bn:00099411a	famoso
bn:00099411a	ilustre
bn:00099411a	notable
bn:00099412a	legendario
bn:00099414a	celeste
bn:00099414a	celestial
bn:00099415a	celestial
bn:00099426a	celta
bn:00099435a	centenario
bn:00099436a	central
bn:00099438a	centrado
bn:00099441a	central
bn:00099442a	centroamericano
bn:00099452a	sensorial
bn:00099460a	cerámico
bn:00099464a	cerebral
bn:00099465a	cerebral
bn:00099474a	cierto
bn:00099474a	determinado
bn:00099475a	cierto
bn:00099475a	seguro
bn:00099476a	cierto
bn:00099476a	seguro
bn:00099477a	seguro
bn:00099479a	seguro
bn:00099485a	certificado
bn:00099486a	calificado
bn:00099507a	premiado
bn:00099517a	cambiado
bn:00099518a	cambiado
bn:00099521a	constante
bn:00099521a	invariable
bn:00099526a	caótico
bn:00099527a	caótico
bn:00099529a	desinflado
bn:00099531a	agrietado
bn:00099532a	característico
bn:00099536a	cargado
bn:00099540a	benéfico
bn:00099540a	caritativo
bn:00099541a	caritativo
bn:00099542a	encantador
bn:00099543a	mágico
bn:00099557a	barato
bn:00099557a	económico
bn:00099560a	malo
bn:00099564a	alegre
bn:00099566a	reconfortante
bn:00099568a	alegre
bn:00099568a	gay
bn:00099568a	soleado
bn:00099577a	químico
bn:00099578a	químico
bn:00099583a	precioso
bn:00099583a	querido
bn:00099594a	elegante
bn:00099594a	inteligente
bn:00099596a	cobarde
bn:00099598a	principal
bn:00099602a	infantil
bn:00099604a	infantil
bn:00099605a	infantil
bn:00099605a	simple
bn:00099608a	escalofriante
bn:00099614a	chino
bn:00099616a	bermellón
bn:00099620a	alegre
bn:00099627a	caballeresco
bn:00099634a	escogido
bn:00099634a	prime
bn:00099634a	primero
bn:00099634a	selecto
bn:00099644a	exigente
bn:00099652a	coreográfico
bn:00099655a	cristiano
bn:00099656a	cristiano
bn:00099665a	cromatográfico
bn:00099667a	crónico
bn:00099679a	churchilliano
bn:00099684a	turbulento
bn:00099688a	fusiform
bn:00099694a	cinematográfico
bn:00099702a	circular
bn:00099702a	redondeado
bn:00099702a	redondo
bn:00099708a	circundante
bn:00099712a	limitado
bn:00099713a	circunspecto
bn:00099725a	cívico
bn:00099727a	civil
bn:00099733a	civil
bn:00099734a	civilizado
bn:00099735a	culto
bn:00099735a	educado
bn:00099736a	vestido
bn:00099742a	húmedo
bn:00099743a	clandestino
bn:00099743a	encubierto
bn:00099743a	secreto
bn:00099753a	clásico
bn:00099754a	helénico
bn:00099758a	distintivo
bn:00099759a	clasificatorio
bn:00099760a	clasificado
bn:00099775a	pesado
bn:00099776a	limpio
bn:00099777a	limpio
bn:00099778a	claro
bn:00099778a	ligero
bn:00099778a	limpio
bn:00099779a	limpio
bn:00099780a	limpio
bn:00099787a	deportivo
bn:00099795a	claro
bn:00099796a	inocente
bn:00099802a	claro
bn:00099802a	evidente
bn:00099803a	claro
bn:00099804a	claro
bn:00099804a	despejado
bn:00099804a	libre
bn:00099805a	claro
bn:00099805a	transparente
bn:00099806a	alejado
bn:00099808a	limpio
bn:00099813a	legible
bn:00099815a	claro
bn:00099827a	administrativo
bn:00099828a	clerical
bn:00099838a	clínico
bn:00099839a	clínico
bn:00099846a	disfrazado
bn:00099847a	envuelto
bn:00099850a	cuajada
bn:00099853a	monástico
bn:00099856a	clónico
bn:00099857a	cercano
bn:00099858a	cercano
bn:00099858a	estrecho
bn:00099859a	cercano
bn:00099860a	minucioso
bn:00099860a	similar
bn:00099861a	cercano
bn:00099861a	cómodo
bn:00099861a	fiel
bn:00099862a	cerrado
bn:00099876a	cerrado
bn:00099877a	cerrado
bn:00099878a	cerrado
bn:00099879a	cerrado
bn:00099880a	cerrado
bn:00099891a	último
bn:00099893a	nublado
bn:00099898a	nublado
bn:00099900a	turbio
bn:00099903a	dulzón
bn:00099911a	desgarbado
bn:00099911a	torpe
bn:00099916a	concurrente
bn:00099916a	simultáneo
bn:00099928a	tosca
bn:00099929a	tosca
bn:00099929a	vulgar
bn:00099936a	costero
bn:00099937a	costero
bn:00099941a	coaxial
bn:00099943a	transparente
bn:00099949a	loco
bn:00099949a	tonto
bn:00099953a	arrogante
bn:00099953a	engreído
bn:00099959a	coexistent
bn:00099966a	afín
bn:00099970a	coherente
bn:00099971a	coherente
bn:00099974a	cohesivo
bn:00099981a	frío
bn:00099981a	helado
bn:00099982a	frío
bn:00099983a	frío
bn:00099988a	frío
bn:00099989a	inhumano
bn:00099995a	desapasionado
bn:00100003a	plegable
bn:00100012a	colectivo
bn:00100018a	universitario
bn:00100020a	coloidal
bn:00100021a	coloquial
bn:00100021a	conversacional
bn:00100023a	colombiano
bn:00100024a	colonial
bn:00100042a	colosal
bn:00100042a	enorme
bn:00100042a	prodigioso
bn:00100060a	combinado
bn:00100064a	comestible
bn:00100066a	cometario
bn:00100067a	cómodo
bn:00100068a	cómodo
bn:00100071a	próspero
bn:00100073a	consolador
bn:00100073a	reconfortante
bn:00100075a	cómico
bn:00100076a	dominante
bn:00100080a	proporcional
bn:00100081a	comercial
bn:00100082a	comercial
bn:00100088a	comprometido
bn:00100090a	común
bn:00100091a	común
bn:00100092a	común
bn:00100092a	mutuo
bn:00100093a	común
bn:00100093a	habitual
bn:00100094a	común
bn:00100095a	común
bn:00100100a	común
bn:00100102a	comunitario
bn:00100103a	comunal
bn:00100106a	comunicativo
bn:00100108a	comunista
bn:00100117a	comparable
bn:00100118a	comparable
bn:00100118a	correspondiente
bn:00100121a	comparativo
bn:00100122a	relativo
bn:00100126a	compatible
bn:00100131a	remunerativo
bn:00100133a	competente
bn:00100134a	competente
bn:00100136a	competitivo
bn:00100137a	competitivo
bn:00100144a	absoluto
bn:00100144a	completo
bn:00100144a	total
bn:00100145a	completo
bn:00100148a	complejo
bn:00100150a	complejo
bn:00100150a	complicado
bn:00100152a	gratuito
bn:00100152a	libre
bn:00100154a	compuesto
bn:00100155a	compuesto
bn:00100162a	completo
bn:00100162a	comprensivo
bn:00100162a	integral
bn:00100164a	apretado
bn:00100165a	comprimido
bn:00100171a	compulsivo
bn:00100173a	obligatorio
bn:00100173a	requerido
bn:00100179a	cóncava
bn:00100179a	cóncavo
bn:00100181a	oculto
bn:00100184a	vanidoso
bn:00100186a	concentrado
bn:00100187a	concentrado
bn:00100188a	concentrado
bn:00100190a	saturado
bn:00100194a	conceptual
bn:00100196a	implicado
bn:00100196a	interesado
bn:00100196a	preocupado
bn:00100197a	implicado
bn:00100197a	interesado
bn:00100197a	preocupado
bn:00100199a	concertado
bn:00100199a	cooperativo
bn:00100202a	conciso
bn:00100203a	final
bn:00100203a	último
bn:00100204a	concluyente
bn:00100206a	concreto
bn:00100210a	reprensible
bn:00100211a	condenatorio
bn:00100213a	condicional
bn:00100218a	contributivo
bn:00100223a	confederado
bn:00100224a	confiado
bn:00100224a	seguro
bn:00100225a	convencido
bn:00100227a	confidencial
bn:00100236a	restrictivo
bn:00100240a	positivo
bn:00100251a	confuso
bn:00100251a	inconexo
bn:00100252a	confundido
bn:00100252a	perdido
bn:00100253a	confuso
bn:00100255a	confuso
bn:00100255a	enigmático
bn:00100261a	congénito
bn:00100262a	congestionado
bn:00100263a	congestivo
bn:00100269a	congresional
bn:00100273a	hipotético
bn:00100275a	conyugal
bn:00100278a	conjugado
bn:00100287a	conectado
bn:00100291a	conectivo
bn:00100298a	concienzudo
bn:00100301a	consciente
bn:00100302a	consciente
bn:00100303a	consciente
bn:00100305a	santificado
bn:00100306a	secuencial
bn:00100306a	sucesivo
bn:00100307a	consecutivo
bn:00100309a	unánime
bn:00100312a	conservador
bn:00100313a	conservador
bn:00100315a	considerable
bn:00100316a	considerado
bn:00100318a	coherente
bn:00100318a	consistente
bn:00100319a	reproducible
bn:00100320a	uniforme
bn:00100326a	consonántico
bn:00100329a	visible
bn:00100331a	constante
bn:00100334a	establecido
bn:00100341a	constructivo
bn:00100348a	magistral
bn:00100348a	virtuoso
bn:00100359a	contemporáneo
bn:00100360a	contemporáneo
bn:00100361a	actual
bn:00100361a	contemporáneo
bn:00100362a	despreciable
bn:00100363a	desdeñoso
bn:00100363a	despectivo
bn:00100364a	contento
bn:00100370a	inmediato
bn:00100373a	continental
bn:00100380a	constante
bn:00100380a	continuo
bn:00100383a	continuo
bn:00100385a	continuo
bn:00100386a	continuo
bn:00100391a	contractual
bn:00100392a	contradictorio
bn:00100398a	contrario
bn:00100399a	contrario
bn:00100400a	caprichoso
bn:00100406a	arrepentido
bn:00100409a	controlado
bn:00100411a	controvertido
bn:00100415a	conveniente
bn:00100416a	convencional
bn:00100417a	convencional
bn:00100417a	establecido
bn:00100418a	convencional
bn:00100420a	convencional
bn:00100420a	esquemático
bn:00100421a	convencional
bn:00100431a	convencido
bn:00100433a	convincente
bn:00100434a	alegre
bn:00100436a	convulsivo
bn:00100441a	fresco
bn:00100441a	frío
bn:00100442a	frío
bn:00100442a	sereno
bn:00100447a	cooperativo
bn:00100484a	corporativo
bn:00100487a	corpóreo
bn:00100490a	correcto
bn:00100491a	adecuado
bn:00100491a	correcto
bn:00100492a	correcto
bn:00100499a	correlacionado
bn:00100502a	correspondiente
bn:00100503a	correspondiente
bn:00100509a	corrugada
bn:00100510a	corrupto
bn:00100519a	cortical
bn:00100526a	kosher
bn:00100528a	decorativo
bn:00100530a	cósmico
bn:00100536a	universal
bn:00100544a	costoso
bn:00100545a	costoso
bn:00100547a	acogedor
bn:00100561a	incontable
bn:00100561a	innumerable
bn:00100561a	multitudinario
bn:00100562a	rústico
bn:00100569a	cortés
bn:00100577a	cubierto
bn:00100580a	deseado
bn:00100581a	celoso
bn:00100582a	cobarde
bn:00100585a	recatado
bn:00100588a	íntimo
bn:00100591a	idiota
bn:00100594a	astuto
bn:00100596a	montañoso
bn:00100603a	apestoso
bn:00100603a	pésimo
bn:00100603a	podrido
bn:00100607a	deseado
bn:00100610a	loco
bn:00100611a	loco
bn:00100617a	cremoso
bn:00100622a	creativo
bn:00100623a	creativo
bn:00100626a	creíble
bn:00100628a	meritorio
bn:00100643a	crestado
bn:00100649a	criminal
bn:00100654a	rojo
bn:00100661a	lisiado
bn:00100663a	afilado
bn:00100663a	agudo
bn:00100663a	marcado
bn:00100663a	nítido
bn:00100663a	preciso
bn:00100668a	lacónico
bn:00100672a	crítico
bn:00100673a	crítico
bn:00100674a	crítico
bn:00100675a	crítico
bn:00100675a	vital
bn:00100676a	crítico
bn:00100677a	crítico
bn:00100679a	gutural
bn:00100684a	torcido
bn:00100687a	cruzado
bn:00100687a	transversal
bn:00100697a	transversal
bn:00100702a	cruzado
bn:00100709a	concurrido
bn:00100716a	crucial
bn:00100716a	importante
bn:00100717a	crucial
bn:00100721a	crudo
bn:00100721a	tosco
bn:00100722a	crudo
bn:00100722a	terrenal
bn:00100724a	primitivo
bn:00100725a	crudo
bn:00100728a	arrugado
bn:00100729a	aplastante
bn:00100736a	evidente
bn:00100740a	enigmático
bn:00100740a	inescrutable
bn:00100740a	misterioso
bn:00100744a	transparente
bn:00100745a	lúcido
bn:00100750a	cubano
bn:00100753a	cubista
bn:00100761a	cultural
bn:00100762a	cultural
bn:00100762a	étnico
bn:00100763a	cultural
bn:00100766a	engorroso
bn:00100772a	lindo
bn:00100783a	curioso
bn:00100783a	divertido
bn:00100783a	extraño
bn:00100783a	gracioso
bn:00100783a	peculiar
bn:00100783a	raro
bn:00100784a	curioso
bn:00100787a	rizado
bn:00100790a	actual
bn:00100790a	vigente
bn:00100791a	curricular
bn:00100795a	condenado
bn:00100795a	maldito
bn:00100802a	curvo
bn:00100813a	acostumbrado
bn:00100813a	habitual
bn:00100814a	cortado
bn:00100815a	cortado
bn:00100828a	lindo
bn:00100846a	cilíndrica
bn:00100846a	cilíndrico
bn:00100849a	cínico
bn:00100876a	delicado
bn:00100877a	delicado
bn:00100884a	perjudicial
bn:00100889a	maldito
bn:00100892a	húmedo
bn:00100895a	peligroso
bn:00100896a	grave
bn:00100896a	peligroso
bn:00100896a	serio
bn:00100897a	danés
bn:00100899a	elegante
bn:00100900a	moteado
bn:00100902a	oscuro
bn:00100903a	oscuro
bn:00100904a	oscuro
bn:00100906a	hosco
bn:00100906a	malhumorado
bn:00100906a	sombrío
bn:00100914a	verde
bn:00100915a	moreno
bn:00100924a	punteado
bn:00100927a	experimental
bn:00100929a	anticuado
bn:00100942a	deslumbrante
bn:00100948a	muerto
bn:00100949a	muerto
bn:00100951a	muerto
bn:00100956a	estancado
bn:00100966a	cierto
bn:00100969a	mortal
bn:00100970a	letal
bn:00100971a	virulento
bn:00100972a	mortal
bn:00100974a	inexpresivo
bn:00100975a	sordo
bn:00100980a	ensordecedor
bn:00100981a	querido
bn:00100991a	debilitante
bn:00100993a	suave
bn:00100994a	decadente
bn:00101000a	agradable
bn:00101000a	amable
bn:00101000a	decente
bn:00101006a	engañoso
bn:00101007a	engañoso
bn:00101009a	determinante
bn:00101014a	decisivo
bn:00101020a	declarado
bn:00101030a	reducido
bn:00101037a	dedicado
bn:00101040a	deducible
bn:00101041a	deductiva
bn:00101043a	hondo
bn:00101043a	profundo
bn:00101044a	profundo
bn:00101045a	profundo
bn:00101046a	profundo
bn:00101047a	profundo
bn:00101048a	profundo
bn:00101048a	rico
bn:00101057a	frito
bn:00101064a	hundido
bn:00101070a	decepcionado
bn:00101070a	frustrado
bn:00101071a	defectuoso
bn:00101072a	defectuoso
bn:00101075a	defendible
bn:00101077a	desnudo
bn:00101078a	defensivo
bn:00101079a	defensivo
bn:00101082a	desafiante
bn:00101083a	deficiente
bn:00101088a	definido
bn:00101090a	claro
bn:00101090a	definido
bn:00101090a	definitivo
bn:00101090a	evidente
bn:00101091a	definitivo
bn:00101092a	definitivo
bn:00101099a	diestro
bn:00101099a	hábil
bn:00101110a	seco
bn:00101121a	delicado
bn:00101122a	delicado
bn:00101123a	delicado
bn:00101123a	frágil
bn:00101124a	delicado
bn:00101125a	delicado
bn:00101126a	delicado
bn:00101128a	delicioso
bn:00101128a	encantador
bn:00101129a	encantado
bn:00101137a	frenético
bn:00101144a	opulento
bn:00101144a	suntuoso
bn:00101146a	exigente
bn:00101147a	humillante
bn:00101148a	democrático
bn:00101149a	demócrata
bn:00101149a	democrático
bn:00101150a	popular
bn:00101154a	diabólico
bn:00101155a	demostrable
bn:00101177a	denso
bn:00101179a	denso
bn:00101180a	aburrido
bn:00101180a	idiota
bn:00101180a	tonto
bn:00101181a	dental
bn:00101186a	confiable
bn:00101186a	fiable
bn:00101187a	confiable
bn:00101187a	honesto
bn:00101192a	dependiente
bn:00101201a	deplorable
bn:00101202a	miserable
bn:00101208a	deprimido
bn:00101211a	burlón
bn:00101215a	derivado
bn:00101221a	descendente
bn:00101224a	descriptivo
bn:00101230a	merecedor
bn:00101236a	deseable
bn:00101241a	desesperado
bn:00101248a	despreciado
bn:00101256a	destruido
bn:00101257a	arruinado
bn:00101257a	destruido
bn:00101259a	destructivo
bn:00101263a	aislado
bn:00101263a	separado
bn:00101268a	detallado
bn:00101268a	minucioso
bn:00101269a	detectable
bn:00101271a	detectado
bn:00101275a	determinado
bn:00101277a	decidido
bn:00101286a	desarrollado
bn:00101289a	subdesarrollado
bn:00101292a	diabólico
bn:00101296a	dedicado
bn:00101296a	devoto
bn:00101309a	diacrónico
bn:00101314a	sintomático
bn:00101315a	diagonal
bn:00101316a	diagonalizable
bn:00101323a	opuesto
bn:00101329a	diatómico
bn:00101346a	dietético
bn:00101347a	diferente
bn:00101348a	diferente
bn:00101349a	diferente
bn:00101350a	diferente
bn:00101354a	diferencial
bn:00101356a	diferenciado
bn:00101358a	difícil
bn:00101358a	duro
bn:00101367a	digestible
bn:00101368a	digestivo
bn:00101375a	digno
bn:00101378a	tangencial
bn:00101382a	diligente
bn:00101384a	diluido
bn:00101386a	oscuro
bn:00101386a	tenue
bn:00101387a	oscuro
bn:00101387a	tenue
bn:00101387a	vago
bn:00101390a	simple
bn:00101391a	dimensional
bn:00101394a	disminuido
bn:00101394a	reducido
bn:00101396a	menguante
bn:00101405a	diplomático
bn:00101406a	diplomático
bn:00101411a	directo
bn:00101412a	directo
bn:00101413a	directo
bn:00101424a	direccional
bn:00101429a	manchado
bn:00101429a	sucio
bn:00101430a	sucio
bn:00101431a	sucio
bn:00101440a	discapacitado
bn:00101448a	decepcionante
bn:00101454a	escéptico
bn:00101457a	discernible
bn:00101458a	discernible
bn:00101459a	evidente
bn:00101467a	disciplinado
bn:00101468a	disciplinado
bn:00101473a	desconcertante
bn:00101489a	descortés
bn:00101496a	discreto
bn:00101496a	separado
bn:00101497a	discrecional
bn:00101501a	exigente
bn:00101506a	preferente
bn:00101507a	altanero
bn:00101515a	insatisfecho
bn:00101516a	cansado
bn:00101516a	disgustado
bn:00101517a	repugnante
bn:00101519a	desgreñado
bn:00101520a	deshonesto
bn:00101528a	desinteresado
bn:00101535a	aislado
bn:00101541a	antipatriótico
bn:00101546a	desobediente
bn:00101550a	desordenado
bn:00101552a	desorganizado
bn:00101554a	dispar
bn:00101558a	disperso
bn:00101560a	disgustado
bn:00101566a	desproporcionado
bn:00101567a	desproporcionado
bn:00101571a	preocupado
bn:00101573a	olvidado
bn:00101577a	disruptivo
bn:00101580a	divisivo
bn:00101583a	distinto
bn:00101592a	femenino
bn:00101593a	distal
bn:00101595a	distante
bn:00101595a	lejano
bn:00101596a	distante
bn:00101596a	lejano
bn:00101597a	lejano
bn:00101597a	remoto
bn:00101598a	distante
bn:00101598a	remoto
bn:00101601a	distinto
bn:00101602a	claro
bn:00101602a	distinto
bn:00101602a	preciso
bn:00101603a	distintivo
bn:00101603a	típico
bn:00101604a	distinguible
bn:00101605a	distinguida
bn:00101605a	distinguido
bn:00101606a	distinguido
bn:00101610a	afligido
bn:00101614a	inquietante
bn:00101617a	distributivo
bn:00101626a	divergent
bn:00101628a	diverso
bn:00101629a	diverso
bn:00101630a	diversificado
bn:00101633a	dividido
bn:00101637a	divino
bn:00101638a	divino
bn:00101639a	divino
bn:00101641a	divino
bn:00101653a	dócil
bn:00101657a	doctrinario
bn:00101658a	doctrinal
bn:00101662a	senil
bn:00101665a	agotado
bn:00101665a	exhausto
bn:00101665a	fatigado
bn:00101669a	dogmático
bn:00101680a	doméstico
bn:00101680a	nacional
bn:00101681a	doméstico
bn:00101682a	doméstico
bn:00101687a	dominante
bn:00101687a	predominante
bn:00101698a	hecho
bn:00101698a	terminado
bn:00101713a	inactivo
bn:00101722a	moteado
bn:00101722a	salpicado
bn:00101723a	doble
bn:00101724a	doble
bn:00101724a	dual
bn:00101725a	doble
bn:00101741a	dudoso
bn:00101742a	dudoso
bn:00101744a	escéptico
bn:00101753a	descendente
bn:00101778a	monótono
bn:00101778a	triste
bn:00101786a	agotador
bn:00101787a	dramático
bn:00101788a	dramático
bn:00101788a	espectacular
bn:00101788a	llamativo
bn:00101788a	notable
bn:00101788a	sorprendente
bn:00101793a	drástico
bn:00101795a	amplio
bn:00101795a	extenso
bn:00101795a	prolongado
bn:00101800a	onírico
bn:00101801a	soñador
bn:00101802a	lánguido
bn:00101808a	elegante
bn:00101809a	seco
bn:00101836a	borracho
bn:00101837a	embriagado
bn:00101839a	seco
bn:00101840a	irónico
bn:00101840a	seco
bn:00101867a	debido
bn:00101868a	debido
bn:00101871a	dulce
bn:00101872a	aburrido
bn:00101872a	apagado
bn:00101873a	apagado
bn:00101873a	opaco
bn:00101874a	sordo
bn:00101875a	apagado
bn:00101900a	gemelo
bn:00101901a	duradero
bn:00101901a	longevo
bn:00101905a	oscuro
bn:00101908a	holandés
bn:00101916a	moribundo
bn:00101917a	dinámico
bn:00101930a	ansioso
bn:00101930a	deseoso
bn:00101935a	inicial
bn:00101935a	primero
bn:00101935a	pronto
bn:00101935a	temprano
bn:00101936a	inicial
bn:00101936a	primero
bn:00101936a	temprano
bn:00101937a	temprano
bn:00101938a	primero
bn:00101938a	temprano
bn:00101943a	ganado
bn:00101944a	serio
bn:00101956a	terroso
bn:00101957a	terrenal
bn:00101967a	oriental
bn:00101968a	oriental
bn:00101973a	fácil
bn:00101973a	natural
bn:00101973a	sencillo
bn:00101974a	fácil
bn:00101975a	fácil
bn:00101976a	natural
bn:00101988a	exuberant
bn:00101988a	exuberante
bn:00101989a	excéntrica
bn:00101990a	eclesiástico
bn:00101997a	auténtico
bn:00101997a	genuina
bn:00101997a	genuino
bn:00101998a	ecléctico
bn:00102001a	económico
bn:00102002a	económico
bn:00102003a	económico
bn:00102006a	económico
bn:00102007a	extático
bn:00102018a	afilado
bn:00102021a	inquieto
bn:00102021a	nervioso
bn:00102025a	editorial
bn:00102027a	educado
bn:00102029a	educativo
bn:00102030a	educativo
bn:00102038a	efectivo
bn:00102038a	eficaz
bn:00102039a	efectivo
bn:00102039a	eficaz
bn:00102039a	eficiente
bn:00102040a	efectivo
bn:00102041a	efectivo
bn:00102042a	efectivo
bn:00102044a	legal
bn:00102048a	eficaz
bn:00102049a	eficiente
bn:00102056a	ovalado
bn:00102068a	elástico
bn:00102069a	elástico
bn:00102069a	flexible
bn:00102075a	mayor
bn:00102076a	extraño
bn:00102079a	electo
bn:00102081a	electoral
bn:00102083a	eléctrico
bn:00102086a	eléctrico
bn:00102087a	emocionante
bn:00102093a	electromagnético
bn:00102099a	electrónico
bn:00102102a	electrostática
bn:00102102a	electrostático
bn:00102103a	elegante
bn:00102108a	elemental
bn:00102111a	elemental
bn:00102111a	sencillo
bn:00102111a	simple
bn:00102113a	gigante
bn:00102114a	alto
bn:00102115a	elevado
bn:00102115a	exaltado
bn:00102123a	elegible
bn:00102132a	alargado
bn:00102133a	elocuente
bn:00102134a	elusivo
bn:00102136a	sutil
bn:00102142a	embarazoso
bn:00102144a	incrustado
bn:00102147a	emblemático
bn:00102147a	simbólico
bn:00102158a	alto
bn:00102159a	elevado
bn:00102161a	emocional
bn:00102162a	emocional
bn:00102163a	emocional
bn:00102166a	enfático
bn:00102171a	empírico
bn:00102173a	empleado
bn:00102176a	vacío
bn:00102177a	vacío
bn:00102184a	sublime
bn:00102192a	encantado
bn:00102193a	rodeado
bn:00102212a	eterno
bn:00102212a	interminable
bn:00102213a	interminable
bn:00102228a	endotelial
bn:00102231a	dotado
bn:00102235a	energético
bn:00102235a	enérgico
bn:00102236a	enérgico
bn:00102248a	inglés
bn:00102254a	enigmático
bn:00102256a	placentero
bn:00102261a	iluminado
bn:00102268a	enorme
bn:00102268a	grande
bn:00102268a	tremendo
bn:00102269a	siguiente
bn:00102274a	emprendedor
bn:00102276a	entusiasta
bn:00102277a	completo
bn:00102277a	entero
bn:00102277a	pleno
bn:00102277a	total
bn:00102278a	entero
bn:00102278a	intacto
bn:00102278a	integral
bn:00102279a	completo
bn:00102291a	ambiental
bn:00102295a	enzimático
bn:00102300a	efímero
bn:00102300a	pasajero
bn:00102302a	épico
bn:00102302a	heroico
bn:00102303a	épico
bn:00102307a	lujoso
bn:00102310a	epidémico
bn:00102315a	epiléptico
bn:00102324a	ocasional
bn:00102335a	plácido
bn:00102336a	comparable
bn:00102336a	equivalente
bn:00102336a	igual
bn:00102356a	equitativo
bn:00102376a	erótico
bn:00102379a	errático
bn:00102379a	mercurial
bn:00102384a	erróneo
bn:00102387a	anterior
bn:00102387a	antiguo
bn:00102387a	ex
bn:00102388a	erudito
bn:00102393a	eritroide
bn:00102397a	esotérico
bn:00102398a	especial
bn:00102398a	excepcional
bn:00102398a	particular
bn:00102400a	esencial
bn:00102400a	indispensable
bn:00102401a	esencial
bn:00102408a	bueno
bn:00102408a	respetable
bn:00102417a	ético
bn:00102418a	ético
bn:00102419a	ético
bn:00102425a	etimológico
bn:00102436a	eufórico
bn:00102438a	eurasiático
bn:00102440a	europeo
bn:00102445a	evangélico
bn:00102452a	esquivo
bn:00102452a	evasiva
bn:00102455a	igual
bn:00102455a	uniforme
bn:00102458a	regular
bn:00102463a	eventual
bn:00102469a	cotidiano
bn:00102469a	mundano
bn:00102469a	rutinario
bn:00102474a	maligno
bn:00102474a	malo
bn:00102475a	malo
bn:00102481a	evolutivo
bn:00102487a	exacto
bn:00102489a	severo
bn:00102491a	exagerado
bn:00102493a	exasperante
bn:00102495a	excepcional
bn:00102496a	excelente
bn:00102499a	adicional
bn:00102499a	excedente
bn:00102499a	extra
bn:00102499a	redundant
bn:00102500a	excesivo
bn:00102501a	extravagante
bn:00102508a	emocionado
bn:00102509a	emocionante
bn:00102509a	excitante
bn:00102510a	emocionante
bn:00102511a	exclusivo
bn:00102511a	único
bn:00102521a	factible
bn:00102521a	posible
bn:00102521a	practicable
bn:00102521a	viable
bn:00102523a	ejecutivo
bn:00102525a	ejemplar
bn:00102527a	exento
bn:00102534a	agotador
bn:00102535a	completo
bn:00102535a	exhaustivo
bn:00102535a	profundo
bn:00102542a	existente
bn:00102543a	real
bn:00102543a	verdadero
bn:00102544a	existencial
bn:00102544a	experiencial
bn:00102548a	actual
bn:00102548a	existente
bn:00102549a	existente
bn:00102565a	gran
bn:00102565a	grande
bn:00102565a	grandioso
bn:00102565a	heroico
bn:00102570a	conveniente
bn:00102574a	prescindible
bn:00102576a	caro
bn:00102576a	costoso
bn:00102577a	experimentado
bn:00102578a	experiencial
bn:00102579a	experimental
bn:00102580a	experimental
bn:00102586a	interpretable
bn:00102589a	explícito
bn:00102594a	exploratorio
bn:00102595a	explosivo
bn:00102596a	explosivo
bn:00102600a	abierto
bn:00102600a	expuesto
bn:00102601a	expuesto
bn:00102606a	expresable
bn:00102608a	expresivo
bn:00102610a	exquisito
bn:00102613a	existente
bn:00102617a	amplio
bn:00102617a	extenso
bn:00102624a	externo
bn:00102625a	externo
bn:00102626a	externo
bn:00102626a	internacional
bn:00102642a	extralegal
bn:00102646a	extraño
bn:00102647a	extraño
bn:00102649a	extraordinario
bn:00102651a	extraordinario
bn:00102655a	extravagant
bn:00102658a	extremo
bn:00102658a	máximo
bn:00102659a	extremo
bn:00102660a	extremo
bn:00102662a	radical
bn:00102662a	ultra
bn:00102670a	exuberante
bn:00102670a	tumultuoso
bn:00102671a	jubilant
bn:00102671a	triunfante
bn:00102679a	fabuloso
bn:00102682a	legendario
bn:00102683a	ficticio
bn:00102684a	mitológico
bn:00102713a	indolente
bn:00102713a	perezoso
bn:00102715a	tenue
bn:00102719a	bueno
bn:00102719a	justo
bn:00102720a	razonable
bn:00102728a	fiel
bn:00102730a	traidor
bn:00102731a	simulado
bn:00102741a	imperfecto
bn:00102742a	descendente
bn:00102744a	barbecho
bn:00102746a	falso
bn:00102757a	genético
bn:00102758a	conocido
bn:00102758a	familiar
bn:00102758a	familiarizado
bn:00102759a	familiar
bn:00102760a	íntimo
bn:00102765a	fantasioso
bn:00102766a	imaginario
bn:00102768a	elegante
bn:00102768a	lujoso
bn:00102774a	fantástico
bn:00102774a	maravilloso
bn:00102774a	tremendo
bn:00102775a	fantástico
bn:00102776a	fantástico
bn:00102778a	alejado
bn:00102778a	lejano
bn:00102780a	lejano
bn:00102782a	extendido
bn:00102782a	extenso
bn:00102782a	generalizado
bn:00102784a	lejano
bn:00102786a	reaccionario
bn:00102796a	fascinado
bn:00102797a	fascista
bn:00102802a	rápido
bn:00102807a	rápido
bn:00102818a	exigente
bn:00102820a	gordo
bn:00102820a	grueso
bn:00102821a	gordo
bn:00102821a	grueso
bn:00102823a	jugoso
bn:00102824a	rico
bn:00102827a	fatal
bn:00102828a	fatal
bn:00102828a	fatídico
bn:00102831a	portentoso
bn:00102845a	favorable
bn:00102846a	favorable
bn:00102847a	favorable
bn:00102848a	amigable
bn:00102848a	amistoso
bn:00102850a	favorito
bn:00102852a	temeroso
bn:00102855a	intrépido
bn:00102856a	emplumado
bn:00102861a	destacado
bn:00102868a	fecundo
bn:00102869a	fértil
bn:00102869a	prolífico
bn:00102870a	federal
bn:00102871a	federal
bn:00102872a	federal
bn:00102875a	débil
bn:00102881a	feliz
bn:00102884a	femenino
bn:00102884a	hembra
bn:00102886a	femenino
bn:00102887a	femenino
bn:00102895a	salvaje
bn:00102901a	feroz
bn:00102904a	ferromagnética
bn:00102904a	ferromagnético
bn:00102905a	fértil
bn:00102909a	alegre
bn:00102909a	festivo
bn:00102911a	atractivo
bn:00102912a	fétido
bn:00102912a	maloliente
bn:00102913a	encadenado
bn:00102914a	feudal
bn:00102918a	agitado
bn:00102918a	febril
bn:00102935a	ficticio
bn:00102938a	pequeño
bn:00102938a	trivial
bn:00102943a	feroz
bn:00102943a	intenso
bn:00102943a	vehemente
bn:00102948a	figurado
bn:00102948a	figurativo
bn:00102959a	lleno
bn:00102965a	sucio
bn:00102969a	final
bn:00102969a	neto
bn:00102969a	último
bn:00102970a	final
bn:00102971a	financiero
bn:00102971a	fiscal
bn:00102973a	fino
bn:00102975a	fino
bn:00102977a	fino
bn:00102977a	pulverizado
bn:00102985a	quisquilloso
bn:00102986a	terminado
bn:00102987a	terminado
bn:00102991a	finito
bn:00102997a	firme
bn:00102997a	inquebrantable
bn:00102998a	firme
bn:00102998a	sólido
bn:00102999a	firme
bn:00103000a	firme
bn:00103004a	firme
bn:00103006a	primero
bn:00103007a	inaugural
bn:00103007a	primero
bn:00103008a	primero
bn:00103008a	principal
bn:00103017a	dudoso
bn:00103017a	extraño
bn:00103017a	gracioso
bn:00103017a	sospechoso
bn:00103023a	adecuado
bn:00103023a	apto
bn:00103023a	digno
bn:00103024a	listo
bn:00103031a	adecuado
bn:00103040a	fijo
bn:00103041a	fijo
bn:00103041a	rígido
bn:00103042a	fijo
bn:00103051a	vistoso
bn:00103057a	llamativo
bn:00103058a	plano
bn:00103059a	plano
bn:00103060a	plano
bn:00103060a	postrado
bn:00103061a	plano
bn:00103081a	impecable
bn:00103082a	arenoso
bn:00103088a	rápido
bn:00103088a	veloz
bn:00103089a	fugaz
bn:00103089a	momentáneo
bn:00103097a	flexible
bn:00103098a	flexible
bn:00103099a	flexible
bn:00103110a	descarado
bn:00103110a	insolent
bn:00103113a	flotante
bn:00103118a	lanoso
bn:00103122a	floral
bn:00103125a	florentino
bn:00103127a	rubicundo
bn:00103134a	suave
bn:00103135a	fluido
bn:00103139a	fluorescent
bn:00103143a	rosado
bn:00103154a	focal
bn:00103170a	folicular
bn:00103171a	siguiente
bn:00103172a	próximo
bn:00103172a	siguiente
bn:00103173a	siguiente
bn:00103178a	imprudente
bn:00103178a	temerario
bn:00103179a	insensato
bn:00103179a	tonto
bn:00103180a	infalible
bn:00103185a	despreocupado
bn:00103189a	seguro
bn:00103191a	prohibido
bn:00103191a	tabú
bn:00103192a	forzado
bn:00103193a	forzado
bn:00103202a	anterior
bn:00103205a	exterior
bn:00103205a	extranjero
bn:00103206a	extranjero
bn:00103206a	extraño
bn:00103210a	forense
bn:00103213a	previsible
bn:00103216a	olvidadizo
bn:00103223a	formal
bn:00103224a	formal
bn:00103225a	formal
bn:00103232a	anterior
bn:00103232a	antiguo
bn:00103232a	primero
bn:00103233a	anterior
bn:00103233a	antiguo
bn:00103233a	ex
bn:00103233a	previo
bn:00103236a	formidable
bn:00103248a	afortunado
bn:00103249a	afortunado
bn:00103251a	adelantado
bn:00103251a	avanzado
bn:00103261a	encontrado
bn:00103279a	fraccionario
bn:00103282a	frágil
bn:00103283a	fragmentario
bn:00103284a	fragante
bn:00103285a	frágil
bn:00103286a	enmarcado
bn:00103291a	frenético
bn:00103295a	deshilachado
bn:00103299a	gratuito
bn:00103299a	libre
bn:00103300a	libre
bn:00103301a	libre
bn:00103316a	separado
bn:00103321a	francés
bn:00103324a	frecuente
bn:00103325a	frecuente
bn:00103326a	fresco
bn:00103326a	nuevo
bn:00103327a	fresco
bn:00103327a	nuevo
bn:00103328a	fresco
bn:00103328a	novedoso
bn:00103328a	nuevo
bn:00103329a	fresco
bn:00103332a	refrescado
bn:00103335a	listo
bn:00103337a	quejumbroso
bn:00103344a	amigable
bn:00103344a	amistoso
bn:00103347a	asustado
bn:00103348a	asustado
bn:00103348a	aterrorizado
bn:00103349a	congelado
bn:00103349a	helado
bn:00103355a	marginal
bn:00103358a	frívolo
bn:00103359a	delantero
bn:00103359a	frontal
bn:00103359a	primero
bn:00103360a	frontal
bn:00103366a	congelado
bn:00103373a	desaliñado
bn:00103373a	descuidado
bn:00103374a	congelado
bn:00103375a	congelado
bn:00103378a	fructífero
bn:00103381a	frustrante
bn:00103391a	completo
bn:00103391a	lleno
bn:00103392a	completo
bn:00103392a	pleno
bn:00103392a	total
bn:00103393a	lleno
bn:00103394a	pleno
bn:00103395a	pleno
bn:00103396a	ancho
bn:00103416a	funcional
bn:00103417a	funcional
bn:00103419a	operativo
bn:00103419a	utilizable
bn:00103424a	fundamental
bn:00103424a	rudimentario
bn:00103425a	fundamental
bn:00103426a	fundamentalista
bn:00103444a	furtivo
bn:00103448a	fútil
bn:00103448a	infructuoso
bn:00103449a	futuro
bn:00103450a	futuro
bn:00103451a	futuro
bn:00103451a	próximo
bn:00103451a	siguiente
bn:00103456a	peludo
bn:00103466a	galante
bn:00103467a	majestuoso
bn:00103467a	orgulloso
bn:00103472a	galvánico
bn:00103472a	voltaico
bn:00103487a	gaseoso
bn:00103493a	gastrointestinal
bn:00103495a	torpe
bn:00103500a	alegre
bn:00103500a	jovial
bn:00103501a	alegre
bn:00103502a	alegre
bn:00103507a	general
bn:00103508a	general
bn:00103509a	general
bn:00103514a	productivo
bn:00103519a	generoso
bn:00103521a	generoso
bn:00103533a	gentil
bn:00103534a	gentil
bn:00103534a	suave
bn:00103535a	amable
bn:00103535a	dulce
bn:00103536a	suave
bn:00103538a	genuino
bn:00103538a	verdadero
bn:00103541a	geográfico
bn:00103543a	geológico
bn:00103544a	geométrico
bn:00103545a	geométrico
bn:00103560a	alemán
bn:00103565a	teutónico
bn:00103567a	germinal
bn:00103576a	macabro
bn:00103581a	gigante
bn:00103581a	gigantesco
bn:00103601a	contento
bn:00103606a	atractivo
bn:00103623a	brillante
bn:00103624a	global
bn:00103624a	mundial
bn:00103625a	glomerular
bn:00103627a	glorioso
bn:00103628a	espléndido
bn:00103637a	pegado
bn:00103638a	pegajoso
bn:00103664a	dorado
bn:00103672a	bueno
bn:00103673a	bueno
bn:00103675a	íntegro
bn:00103678a	bueno
bn:00103680a	serio
bn:00103682a	saludable
bn:00103689a	saludable
bn:00103691a	respetable
bn:00103699a	medieval
bn:00103702a	gobernante
bn:00103705a	grácil
bn:00103716a	gradual
bn:00103722a	gramatical
bn:00103727a	pomposo
bn:00103728a	grandioso
bn:00103738a	gráfico
bn:00103739a	gráfico
bn:00103742a	vívido
bn:00103751a	agradecido
bn:00103754a	dulce
bn:00103755a	áspero
bn:00103756a	gratuito
bn:00103758a	grave
bn:00103758a	serio
bn:00103758a	sobrio
bn:00103758a	solemne
bn:00103764a	gris
bn:00103765a	canoso
bn:00103765a	gris
bn:00103777a	aceitoso
bn:00103777a	grasiento
bn:00103777a	graso
bn:00103777a	grasoso
bn:00103779a	grande
bn:00103780a	grande
bn:00103781a	grande
bn:00103785a	griego
bn:00103796a	gregario
bn:00103797a	gregario
bn:00103803a	inexorable
bn:00103803a	severo
bn:00103803a	sombrío
bn:00103809a	bruto
bn:00103813a	grotesco
bn:00103813a	monstruoso
bn:00103822a	ronco
bn:00103825a	guatemalteco
bn:00103831a	culpable
bn:00103856a	habitable
bn:00103864a	hemolítico
bn:00103869a	peludo
bn:00103877a	medio
bn:00103878a	medio
bn:00103887a	indiferente
bn:00103931a	miserable
bn:00103931a	patético
bn:00103931a	pobre
bn:00103933a	alegre
bn:00103933a	feliz
bn:00103935a	táctil
bn:00103936a	duro
bn:00103937a	duro
bn:00103938a	fuerte
bn:00103938a	severo
bn:00103945a	estricto
bn:00103947a	duro
bn:00103956a	práctico
bn:00103970a	laborioso
bn:00103971a	fuerte
bn:00103971a	resuelto
bn:00103971a	robusto
bn:00103971a	sólido
bn:00103975a	inofensivo
bn:00103976a	armónico
bn:00103987a	duro
bn:00103988a	áspero
bn:00103988a	duro
bn:00103993a	apresurado
bn:00103996a	odioso
bn:00103997a	malo
bn:00103997a	mezquino
bn:00104000a	obsesionado
bn:00104003a	persistente
bn:00104006a	bélico
bn:00104006a	belicoso
bn:00104006a	militante
bn:00104007a	arriesgado
bn:00104023a	saludable
bn:00104025a	saludable
bn:00104025a	sano
bn:00104026a	saludable
bn:00104027a	inteligente
bn:00104027a	sensato
bn:00104027a	sólido
bn:00104027a	sonoro
bn:00104036a	sincero
bn:00104037a	sólido
bn:00104045a	providencial
bn:00104050a	pesado
bn:00104051a	pesado
bn:00104052a	pesado
bn:00104053a	pesado
bn:00104054a	pesado
bn:00104060a	sonoro
bn:00104061a	pesado
bn:00104078a	hebraico
bn:00104079a	hebreo
bn:00104091a	helénico
bn:00104094a	servicial
bn:00104094a	útil
bn:00104095a	indefenso
bn:00104096a	indefenso
bn:00104097a	indefenso
bn:00104103a	hemisférico
bn:00104122a	hermético
bn:00104123a	heroico
bn:00104134a	heterogéneo
bn:00104153a	escandaloso
bn:00104162a	alto
bn:00104162a	elevado
bn:00104163a	alto
bn:00104164a	agudo
bn:00104164a	alto
bn:00104165a	elevado
bn:00104221a	histórico
bn:00104223a	histórico
bn:00104224a	histórico
bn:00104239a	hueco
bn:00104253a	interno
bn:00104253a	nacional
bn:00104260a	casero
bn:00104263a	hogareño
bn:00104266a	casero
bn:00104286a	homogéneo
bn:00104297a	homosexual
bn:00104302a	honesto
bn:00104302a	honorable
bn:00104302a	sincero
bn:00104303a	honesto
bn:00104307a	miel
bn:00104321a	desesperado
bn:00104328a	horizontal
bn:00104343a	hostil
bn:00104348a	caliente
bn:00104348a	caluroso
bn:00104352a	caliente
bn:00104353a	caliente
bn:00104380a	malhumorado
bn:00104381a	enfadado
bn:00104381a	enojado
bn:00104384a	humano
bn:00104385a	humano
bn:00104386a	humano
bn:00104387a	humanitario
bn:00104389a	humano
bn:00104392a	humanista
bn:00104395a	humilde
bn:00104395a	pequeño
bn:00104397a	criado
bn:00104398a	monótono
bn:00104407a	hambriento
bn:00104411a	herido
bn:00104416a	tranquilo
bn:00104433a	hidrofílico
bn:00104447a	hiperbólico
bn:00104447a	inflado
bn:00104473a	hipotalámico
bn:00104498a	helado
bn:00104500a	ideal
bn:00104501a	ideal
bn:00104505a	idéntico
bn:00104506a	idéntico
bn:00104506a	mero
bn:00104510a	identificable
bn:00104511a	identificado
bn:00104516a	idiomático
bn:00104520a	inactivo
bn:00104520a	ocioso
bn:00104527a	idílico
bn:00104533a	ignorante
bn:00104534a	analfabeta
bn:00104534a	ignorante
bn:00104534a	iletrado
bn:00104536a	descuidado
bn:00104538a	enfermo
bn:00104549a	notorio
bn:00104557a	inadecuado
bn:00104562a	ilegal
bn:00104564a	ilegítimo
bn:00104567a	ilícito
bn:00104568a	ilimitado
bn:00104572a	iluminado
bn:00104574a	ilusorio
bn:00104575a	ilustre
bn:00104576a	imaginativo
bn:00104576a	inventivo
bn:00104580a	impecable
bn:00104580a	inmaculado
bn:00104580a	limpio
bn:00104587a	indiferente
bn:00104588a	inmaduro
bn:00104589a	joven
bn:00104589a	menor
bn:00104589a	pequeño
bn:00104594a	inmediato
bn:00104595a	inmediato
bn:00104596a	inmediato
bn:00104604a	inmoral
bn:00104605a	inmortal
bn:00104610a	resistente
bn:00104628a	imparcial
bn:00104630a	intransitable
bn:00104631a	impasible
bn:00104632a	impaciente
bn:00104633a	impaciente
bn:00104635a	inocente
bn:00104643a	imperativo
bn:00104646a	imperfecto
bn:00104655a	provisional
bn:00104655a	temporal
bn:00104660a	impersonal
bn:00104661a	impersonal
bn:00104661a	neutral
bn:00104661a	neutro
bn:00104664a	impermeable
bn:00104667a	impío
bn:00104669a	implacable
bn:00104673a	sugestivo
bn:00104674a	implícito
bn:00104676a	subyacente
bn:00104680a	importante
bn:00104681a	importante
bn:00104681a	significativo
bn:00104687a	imposible
bn:00104688a	imposible
bn:00104688a	inconcebible
bn:00104701a	impresionante
bn:00104703a	improbable
bn:00104707a	ilegal
bn:00104708a	equivocado
bn:00104708a	incorrecto
bn:00104711a	mejorado
bn:00104715a	improvisado
bn:00104729a	medio
bn:00104745a	operativo
bn:00104756a	inalcanzable
bn:00104757a	inexacto
bn:00104758a	inactivo
bn:00104759a	inactivo
bn:00104762a	pasivo
bn:00104766a	estático
bn:00104766a	inmóvil
bn:00104766a	quieto
bn:00104767a	inadecuado
bn:00104767a	insuficiente
bn:00104768a	escaso
bn:00104775a	inalterable
bn:00104776a	inanimado
bn:00104781a	inapropiado
bn:00104788a	inaudible
bn:00104789a	inaugural
bn:00104790a	desafortunado
bn:00104795a	incalculable
bn:00104798a	incapaz
bn:00104799a	incapaz
bn:00104809a	incierto
bn:00104809a	inseguro
bn:00104814a	incidente
bn:00104815a	incidental
bn:00104828a	inconsciente
bn:00104833a	entrante
bn:00104844a	incompatible
bn:00104851a	incompleto
bn:00104853a	inexplicable
bn:00104865a	inconsistente
bn:00104866a	inconsistente
bn:00104872a	positivo
bn:00104873a	inconveniente
bn:00104877a	integrado
bn:00104877a	unificado
bn:00104880a	equivocado
bn:00104880a	incorrecto
bn:00104887a	aumentado
bn:00104888a	creciente
bn:00104891a	increíble
bn:00104899a	incurable
bn:00104915a	incansable
bn:00104917a	indefendible
bn:00104917a	insostenible
bn:00104921a	inefable
bn:00104922a	indefinido
bn:00104928a	independiente
bn:00104934a	indeterminado
bn:00104941a	indígena
bn:00104941a	indio
bn:00104944a	indiferente
bn:00104946a	inerte
bn:00104946a	neutro
bn:00104949a	regular
bn:00104953a	indirecto
bn:00104954a	indirecto
bn:00104961a	indiscriminado
bn:00104964a	indispensable
bn:00104967a	insoluble
bn:00104971a	individual
bn:00104971a	sencillo
bn:00104971a	simple
bn:00104971a	solo
bn:00104971a	único
bn:00104972a	individual
bn:00104973a	individual
bn:00104975a	individualista
bn:00104976a	individualista
bn:00104987a	inducido
bn:00104995a	industrial
bn:00104996a	industrial
bn:00104997a	industrial
bn:00105014a	inevitable
bn:00105018a	infalible
bn:00105019a	inert
bn:00105019a	inerte
bn:00105020a	torpe
bn:00105024a	inevitable
bn:00105025a	inevitable
bn:00105027a	inexcusable
bn:00105029a	inagotable
bn:00105033a	inexperto
bn:00105035a	inexpresable
bn:00105041a	inextricable
bn:00105042a	infalible
bn:00105045a	séptico
bn:00105046a	infeccioso
bn:00105047a	infeccioso
bn:00105049a	patogénico
bn:00105049a	patógeno
bn:00105055a	inferior
bn:00105056a	inferior
bn:00105063a	infértil
bn:00105064a	infinito
bn:00105067a	diminuto
bn:00105067a	minucioso
bn:00105078a	inflexible
bn:00105079a	intransigente
bn:00105081a	rígido
bn:00105081a	riguroso
bn:00105083a	influyente
bn:00105084a	informal
bn:00105085a	informal
bn:00105088a	instructivo
bn:00105090a	informado
bn:00105098a	inocente
bn:00105104a	habitado
bn:00105110a	represivo
bn:00105112a	inhóspito
bn:00105118a	pecaminoso
bn:00105119a	inicial
bn:00105122a	herido
bn:00105130a	interior
bn:00105130a	interno
bn:00105131a	interior
bn:00105131a	interno
bn:00105132a	interior
bn:00105132a	interno
bn:00105136a	inocente
bn:00105150a	inorgánico
bn:00105154a	curioso
bn:00105159a	profundo
bn:00105161a	desquiciado
bn:00105161a	loco
bn:00105175a	indiferente
bn:00105176a	inconsciente
bn:00105177a	insensible
bn:00105179a	inseparable
bn:00105183a	interior
bn:00105190a	insignificante
bn:00105196a	repetitivo
bn:00105206a	instantáneo
bn:00105209a	institucional
bn:00105214a	instrumental
bn:00105217a	insustancial
bn:00105230a	intacto
bn:00105241a	intelectual
bn:00105242a	intelectual
bn:00105243a	inteligente
bn:00105244a	informado
bn:00105244a	inteligente
bn:00105251a	intenso
bn:00105256a	intensivo
bn:00105259a	intencional
bn:00105269a	intercontinental
bn:00105272a	interdependiente
bn:00105275a	interesado
bn:00105276a	interesante
bn:00105280a	interino
bn:00105281a	interior
bn:00105286a	interlobular
bn:00105288a	intermedio
bn:00105289a	intermitente
bn:00105290a	intermolecular
bn:00105292a	interno
bn:00105293a	interno
bn:00105294a	internacional
bn:00105300a	interpersonal
bn:00105305a	mixto
bn:00105314a	interestelar
bn:00105315a	intersticial
bn:00105322a	íntimo
bn:00105333a	intratable
bn:00105348a	complejo
bn:00105348a	complicado
bn:00105348a	intrincado
bn:00105350a	intrínseco
bn:00105352a	introductorio
bn:00105355a	introspectivo
bn:00105372a	invariable
bn:00105373a	invariant
bn:00105376a	inverso
bn:00105385a	invisible
bn:00105390a	involuntario
bn:00105394a	involucrado
bn:00105396a	involucrado
bn:00105399a	interior
bn:00105406a	iónico
bn:00105416a	opalescente
bn:00105419a	irlandés
bn:00105427a	irracional
bn:00105434a	irregular
bn:00105442a	irrelevante
bn:00105444a	irremediable
bn:00105446a	irreparable
bn:00105450a	irresistible
bn:00105453a	irresponsable
bn:00105456a	irreversible
bn:00105457a	irrevocable
bn:00105470a	aislado
bn:00105470a	perdido
bn:00105471a	varado
bn:00105474a	aislacionista
bn:00105483a	isotónico
bn:00105486a	isotónico
bn:00105489a	isotópico
bn:00105490a	isotrópico
bn:00105493a	italiano
bn:00105506a	hastiado
bn:00105516a	japonés
bn:00105527a	jocoso
bn:00105531a	judío
bn:00105532a	ortodoxo
bn:00105545a	sacudido
bn:00105558a	judicial
bn:00105563a	jugoso
bn:00105564a	jugoso
bn:00105564a	voluptuoso
bn:00105570a	junior
bn:00105571a	junior
bn:00105573a	humilde
bn:00105580a	justo
bn:00105585a	juvenil
bn:00105610a	caqui
bn:00105617a	amable
bn:00105622a	cinético
bn:00105634a	poderoso
bn:00105644a	erudito
bn:00105645a	conocido
bn:00105648a	coreano
bn:00105655a	marcado
bn:00105662a	tenso
bn:00105670a	rasgado
bn:00105685a	cargado
bn:00105688a	laico
bn:00105733a	larval
bn:00105739a	pasado
bn:00105739a	último
bn:00105740a	último
bn:00105741a	último
bn:00105742a	último
bn:00105743a	máximo
bn:00105748a	duradero
bn:00105748a	permanente
bn:00105751a	tardío
bn:00105752a	reciente
bn:00105752a	último
bn:00105753a	difunto
bn:00105758a	latente
bn:00105759a	latente
bn:00105760a	posterior
bn:00105763a	último
bn:00105765a	latino
bn:00105773a	segundo
bn:00105773a	último
bn:00105788a	legítimo
bn:00105792a	laxo
bn:00105799a	perezoso
bn:00105799a	vago
bn:00105808a	estelar
bn:00105808a	principal
bn:00105809a	preeminente
bn:00105809a	principal
bn:00105821a	delgado
bn:00105821a	fino
bn:00105832a	desconfiado
bn:00105832a	suspicaz
bn:00105835a	residual
bn:00105835a	restante
bn:00105848a	legal
bn:00105849a	legal
bn:00105850a	legal
bn:00105853a	legendario
bn:00105858a	numeroso
bn:00105859a	legislativo
bn:00105860a	legislativo
bn:00105861a	legítimo
bn:00105862a	legítimo
bn:00105862a	lógico
bn:00105863a	legítimo
bn:00105891a	menor
bn:00105896a	nivelado
bn:00105901a	léxico
bn:00105909a	liberal
bn:00105910a	liberal
bn:00105937a	ligero
bn:00105937a	liviano
bn:00105938a	claro
bn:00105939a	ligero
bn:00105940a	ligero
bn:00105941a	ligero
bn:00105942a	claro
bn:00105942a	luminoso
bn:00105943a	ligero
bn:00105944a	ligero
bn:00105945a	ligero
bn:00105951a	escaso
bn:00105967a	encendido
bn:00105977a	similar
bn:00105978a	igual
bn:00105978a	similar
bn:00105981a	probable
bn:00105982a	probable
bn:00105983a	potencial
bn:00105999a	limitado
bn:00106000a	limitado
bn:00106001a	modificado
bn:00106003a	especial
bn:00106006a	ilimitado
bn:00106013a	lineal
bn:00106016a	arrugado
bn:00106019a	lingüístico
bn:00106021a	lingüístico
bn:00106033a	líquido
bn:00106038a	ágil
bn:00106038a	esbelta
bn:00106040a	apático
bn:00106041a	literal
bn:00106044a	literario
bn:00106058a	bajo
bn:00106058a	leve
bn:00106058a	menor
bn:00106058a	pequeño
bn:00106059a	poca
bn:00106060a	pequeño
bn:00106062a	bajo
bn:00106062a	corto
bn:00106066a	menor
bn:00106080a	animado
bn:00106080a	vivaz
bn:00106088a	vivo
bn:00106089a	viviente
bn:00106089a	vivo
bn:00106090a	viviente
bn:00106100a	reacio
bn:00106100a	reticente
bn:00106101a	repugnante
bn:00106107a	lobular
bn:00106108a	local
bn:00106109a	local
bn:00106113a	situado
bn:00106117a	lógico
bn:00106118a	logístico
bn:00106120a	solitario
bn:00106122a	solo
bn:00106124a	extenso
bn:00106124a	hondo
bn:00106124a	larga
bn:00106124a	largo
bn:00106124a	prolongado
bn:00106125a	alto
bn:00106125a	grande
bn:00106125a	larga
bn:00106125a	largo
bn:00106126a	larga
bn:00106127a	retentivo
bn:00106142a	conocido
bn:00106169a	suelto
bn:00106171a	suelto
bn:00106173a	flojo
bn:00106173a	laxo
bn:00106174a	abierto
bn:00106185a	perdido
bn:00106186a	perdido
bn:00106188a	perdido
bn:00106192a	fuerte
bn:00106192a	ruidoso
bn:00106195a	pésimo
bn:00106201a	hermoso
bn:00106204a	amoroso
bn:00106205a	bajo
bn:00106206a	bajo
bn:00106207a	bajo
bn:00106208a	bajo
bn:00106209a	bajo
bn:00106223a	subordinado
bn:00106242a	leal
bn:00106243a	patriótico
bn:00106246a	lascivo
bn:00106249a	desafortunado
bn:00106250a	afortunado
bn:00106254a	tibio
bn:00106255a	lumbar
bn:00106257a	luminiscente
bn:00106260a	lunar
bn:00106261a	lunático
bn:00106318a	magnético
bn:00106319a	magnético
bn:00106331a	majestuoso
bn:00106332a	mayor
bn:00106333a	mayor
bn:00106334a	mayor
bn:00106335a	mayor
bn:00106336a	mayor
bn:00106347a	torpe
bn:00106354a	masculino
bn:00106355a	viril
bn:00106371a	sintético
bn:00106387a	maníaco
bn:00106391a	múltiple
bn:00106408a	múltiple
bn:00106411a	multilateral
bn:00106422a	marino
bn:00106423a	náutico
bn:00106429a	pronunciado
bn:00106438a	marroquí
bn:00106442a	núbil
bn:00106443a	casado
bn:00106448a	marciano
bn:00106449a	milagroso
bn:00106450a	marxista
bn:00106452a	masculino
bn:00106453a	masculino
bn:00106463a	masivo
bn:00106478a	material
bn:00106479a	material
bn:00106480a	material
bn:00106484a	maternal
bn:00106488a	matemático
bn:00106501a	pragmático
bn:00106503a	maduro
bn:00106504a	maduro
bn:00106506a	maduro
bn:00106509a	malva
bn:00106517a	máximo
bn:00106520a	escaso
bn:00106524a	firme
bn:00106525a	serpenteante
bn:00106525a	sinuoso
bn:00106526a	significativo
bn:00106527a	significativo
bn:00106539a	mecánico
bn:00106540a	mecánico
bn:00106541a	mecánico
bn:00106547a	medieval
bn:00106554a	médico
bn:00106555a	médico
bn:00106584a	melódico
bn:00106587a	melodramático
bn:00106592a	inolvidable
bn:00106592a	memorable
bn:00106593a	mentiroso
bn:00106601a	mental
bn:00106602a	mental
bn:00106620a	mero
bn:00106626a	meritorio
bn:00106629a	mesentérico
bn:00106638a	musculoso
bn:00106643a	metabólico
bn:00106649a	metálico
bn:00106655a	segmental
bn:00106660a	metafísico
bn:00106661a	metafísico
bn:00106666a	meteorológico
bn:00106670a	metódico
bn:00106671a	metodista
bn:00106679a	metropolitano
bn:00106681a	mexicano
bn:00106686a	microbiano
bn:00106695a	microscópico
bn:00106702a	medio
bn:00106703a	medio
bn:00106713a	poderoso
bn:00106719a	leve
bn:00106719a	suave
bn:00106724a	militar
bn:00106725a	militar
bn:00106726a	militar
bn:00106755a	minimal
bn:00106755a	mínimo
bn:00106760a	ministerial
bn:00106764a	menor
bn:00106765a	menor
bn:00106766a	menor
bn:00106767a	menor
bn:00106768a	menor
bn:00106773a	menor
bn:00106773a	pequeño
bn:00106790a	miserable
bn:00106801a	desaparecido
bn:00106811a	mitral
bn:00106816a	errante
bn:00106816a	móvil
bn:00106822a	moderno
bn:00106826a	moderado
bn:00106827a	moderado
bn:00106831a	moderno
bn:00106832a	moderno
bn:00106836a	modesto
bn:00106837a	modesto
bn:00106838a	modesto
bn:00106841a	modificado
bn:00106847a	molal
bn:00106855a	molecular
bn:00106877a	monacal
bn:00106878a	monofónico
bn:00106905a	monótono
bn:00106911a	monstruoso
bn:00106916a	monumental
bn:00106928a	moral
bn:00106930a	moralista
bn:00106945a	mortal
bn:00106957a	desgastado
bn:00106957a	gastado
bn:00106966a	motivado
bn:00106975a	montañoso
bn:00106976a	montañoso
bn:00106990a	conmovedor
bn:00107016a	multidimensional
bn:00107028a	múltiple
bn:00107040a	silencioso
bn:00107043a	municipal
bn:00107052a	muscular
bn:00107056a	musical
bn:00107057a	musical
bn:00107067a	mutacional
bn:00107069a	mudo
bn:00107072a	recíproco
bn:00107080a	miocárdico
bn:00107084a	miope
bn:00107090a	misterioso
bn:00107092a	místico
bn:00107096a	molesto
bn:00107096a	regañón
bn:00107098a	ingenuo
bn:00107104a	crudo
bn:00107104a	desnudo
bn:00107108a	desconocido
bn:00107110a	napoleónico
bn:00107117a	narrativo
bn:00107118a	estrecho
bn:00107120a	estrecho
bn:00107134a	natal
bn:00107136a	nacional
bn:00107137a	nacional
bn:00107138a	nacional
bn:00107139a	nacional
bn:00107140a	nacional
bn:00107142a	nazi
bn:00107144a	natal
bn:00107144a	nativo
bn:00107145a	natal
bn:00107151a	natural
bn:00107152a	natural
bn:00107153a	natural
bn:00107154a	natural
bn:00107156a	crudo
bn:00107159a	realista
bn:00107164a	enferma
bn:00107164a	enfermo
bn:00107165a	naval
bn:00107171a	nazi
bn:00107176a	cercano
bn:00107177a	pulcro
bn:00107182a	necesario
bn:00107183a	necesario
bn:00107194a	necesario
bn:00107194a	requerido
bn:00107197a	villano
bn:00107198a	negativo
bn:00107199a	negativo
bn:00107200a	negativo
bn:00107203a	descuidado
bn:00107204a	negligente
bn:00107205a	insignificante
bn:00107205a	negligible
bn:00107209a	negro
bn:00107219a	neoliberal
bn:00107231a	nervioso
bn:00107237a	neto
bn:00107239a	inferior
bn:00107241a	neuronal
bn:00107249a	neurológico
bn:00107252a	neuromuscular
bn:00107256a	neurótico
bn:00107257a	neurótico
bn:00107262a	neutral
bn:00107267a	nuevo
bn:00107268a	nuevo
bn:00107269a	nuevo
bn:00107287a	newtoniano
bn:00107292a	agradable
bn:00107292a	amable
bn:00107292a	bonito
bn:00107292a	bueno
bn:00107305a	nilpotent
bn:00107305a	nilpotente
bn:00107322a	noble
bn:00107323a	noble
bn:00107328a	nocturno
bn:00107330a	nodular
bn:00107334a	ruidoso
bn:00107336a	nominal
bn:00107337a	nominal
bn:00107337a	simbólico
bn:00107426a	inexistente
bn:00107440a	solitario
bn:00107485a	trascendental
bn:00107555a	objetivo
bn:00107587a	normal
bn:00107596a	escandinavo
bn:00107598a	norte
bn:00107603a	norcoreano
bn:00107606a	noreste
bn:00107610a	norteño
bn:00107627a	destacable
bn:00107627a	notable
bn:00107630a	notable
bn:00107631a	notable
bn:00107636a	especulativo
bn:00107641a	nuclear
bn:00107642a	nuclear
bn:00107646a	nulo
bn:00107649a	numérico
bn:00107651a	numérico
bn:00107664a	nutricional
bn:00107669a	desagradable
bn:00107674a	obligado
bn:00107678a	oblicuo
bn:00107685a	obsceno
bn:00107686a	vago
bn:00107687a	desconocido
bn:00107697a	obstinado
bn:00107697a	tenaz
bn:00107697a	terco
bn:00107706a	evidente
bn:00107706a	obvio
bn:00107707a	ocasional
bn:00107709a	occipital
bn:00107715a	ocupado
bn:00107729a	ocular
bn:00107730a	visual
bn:00107732a	impar
bn:00107733a	extraño
bn:00107741a	dulce
bn:00107741a	perfumado
bn:00107770a	oficial
bn:00107771a	oficial
bn:00107772a	oficial
bn:00107785a	aceitoso
bn:00107786a	antiguo
bn:00107786a	viejo
bn:00107787a	antiguo
bn:00107787a	viejo
bn:00107788a	viejo
bn:00107791a	anterior
bn:00107791a	previo
bn:00107803a	olivo
bn:00107811a	olímpico
bn:00107818a	ubicuo
bn:00107820a	encendido
bn:00107839a	laboral
bn:00107862a	unilateral
bn:00107877a	opaco
bn:00107879a	abierto
bn:00107880a	abierto
bn:00107881a	abierto
bn:00107882a	abierto
bn:00107883a	abierto
bn:00107884a	abierto
bn:00107885a	abierto
bn:00107886a	abierto
bn:00107887a	abierto
bn:00107888a	abierto
bn:00107889a	abierto
bn:00107896a	abierto
bn:00107897a	abierto
bn:00107910a	operístico
bn:00107912a	operacional
bn:00107912a	operativo
bn:00107913a	operativo
bn:00107925a	oportunista
bn:00107926a	opuesto
bn:00107927a	opuesto
bn:00107928a	opuesto
bn:00107929a	opuesto
bn:00107930a	opuesto
bn:00107931a	opuesto
bn:00107937a	óptimo
bn:00107938a	optimista
bn:00107941a	oral
bn:00107945a	anaranjado
bn:00107945a	naranja
bn:00107954a	orbital
bn:00107956a	orquestal
bn:00107959a	ordenado
bn:00107960a	ordenado
bn:00107963a	ordinario
bn:00107964a	orgánico
bn:00107970a	organizacional
bn:00107973a	organizado
bn:00107974a	organizado
bn:00107976a	oriental
bn:00107979a	original
bn:00107980a	original
bn:00107981a	original
bn:00107989a	ortodoxo
bn:00107991a	rectangular
bn:00107992a	ortográfico
bn:00107994a	ortopédico
bn:00108011a	otro
bn:00108026a	obsoleto
bn:00108027a	exterior
bn:00108042a	remoto
bn:00108049a	exterior
bn:00108050a	externo
bn:00108054a	saliente
bn:00108059a	exterior
bn:00108060a	exterior
bn:00108062a	exterior
bn:00108063a	remoto
bn:00108066a	abierto
bn:00108066a	vocal
bn:00108068a	destacado
bn:00108068a	excepcional
bn:00108069a	destacado
bn:00108069a	importante
bn:00108069a	prominente
bn:00108072a	externo
bn:00108083a	general
bn:00108084a	general
bn:00108119a	abrumador
bn:00108125a	supremo
bn:00108168a	doloroso
bn:00108169a	indoloro
bn:00108172a	pintado
bn:00108173a	pintado
bn:00108188a	pálido
bn:00108189a	pálido
bn:00108190a	pálido
bn:00108191a	pálido
bn:00108208a	palpable
bn:00108231a	papilar
bn:00108244a	paradójico
bn:00108246a	paralelo
bn:00108250a	paramagnético
bn:00108252a	paramétrico
bn:00108255a	paranoico
bn:00108261a	parasimpático
bn:00108274a	parisino
bn:00108276a	parlamentario
bn:00108277a	parlamentario
bn:00108279a	peligroso
bn:00108279a	precario
bn:00108280a	parroquial
bn:00108290a	parcial
bn:00108291a	parcial
bn:00108295a	especial
bn:00108295a	particular
bn:00108295a	peculiar
bn:00108296a	particular
bn:00108297a	especial
bn:00108316a	apasionado
bn:00108318a	pasivo
bn:00108320a	pasado
bn:00108325a	pálido
bn:00108328a	pastoral
bn:00108339a	patético
bn:00108340a	ridículo
bn:00108342a	patológico
bn:00108343a	patológico
bn:00108344a	paciente
bn:00108346a	patriarcal
bn:00108352a	patrístico
bn:00108362a	pacífico
bn:00108363a	pacífico
bn:00108383a	pedagógico
bn:00108392a	pélvico
bn:00108398a	pendiente
bn:00108405a	arrepentido
bn:00108430a	perceptible
bn:00108433a	perspicaz
bn:00108434a	perceptual
bn:00108435a	percusivo
bn:00108439a	perenne
bn:00108441a	recurrente
bn:00108441a	repetido
bn:00108442a	perfecto
bn:00108450a	perfumado
bn:00108458a	periódico
bn:00108461a	periférico
bn:00108462a	periférico
bn:00108482a	perpendicular
bn:00108482a	vertical
bn:00108484a	perplejo
bn:00108485a	persistente
bn:00108488a	personal
bn:00108489a	personal
bn:00108490a	personal
bn:00108495a	persuasivo
bn:00108496a	pertinente
bn:00108501a	pesimista
bn:00108520a	farmacológico
bn:00108527a	filarmónico
bn:00108530a	filológico
bn:00108531a	filosófico
bn:00108538a	fonémico
bn:00108539a	fonético
bn:00108553a	fotográfico
bn:00108566a	físico
bn:00108567a	físico
bn:00108568a	físico
bn:00108569a	físico
bn:00108570a	físico
bn:00108574a	fisiológico
bn:00108580a	pianístico
bn:00108587a	pintoresco
bn:00108590a	piezoeléctrico
bn:00108605a	rosado
bn:00108623a	salado
bn:00108633a	resinoso
bn:00108635a	despiadado
bn:00108635a	implacable
bn:00108641a	reconocible
bn:00108644a	plácido
bn:00108644a	suave
bn:00108644a	tranquilo
bn:00108650a	puro
bn:00108654a	planar
bn:00108654a	plano
bn:00108656a	planetario
bn:00108657a	terrestre
bn:00108660a	planeado
bn:00108671a	platónico
bn:00108674a	plausible
bn:00108676a	jugable
bn:00108680a	agradable
bn:00108680a	placentero
bn:00108681a	agradable
bn:00108684a	satisfecho
bn:00108686a	jurado
bn:00108688a	abundante
bn:00108692a	pleural
bn:00108714a	pluralista
bn:00108716a	positivo
bn:00108724a	pulmonar
bn:00108730a	poético
bn:00108731a	poético
bn:00108734a	conmovedor
bn:00108742a	listo
bn:00108746a	polar
bn:00108753a	polaco
bn:00108756a	educado
bn:00108758a	político
bn:00108759a	político
bn:00108760a	político
bn:00108798a	pobre
bn:00108799a	pobre
bn:00108803a	popular
bn:00108806a	popular
bn:00108807a	popular
bn:00108809a	poblado
bn:00108813a	poroso
bn:00108815a	portátil
bn:00108817a	portentoso
bn:00108818a	corpulento
bn:00108822a	positivo
bn:00108823a	positivo
bn:00108824a	positivista
bn:00108827a	posesivo
bn:00108829a	posible
bn:00108830a	posible
bn:00108830a	potencial
bn:00108838a	posterior
bn:00108861a	poderoso
bn:00108861a	potente
bn:00108862a	fuerte
bn:00108862a	potente
bn:00108863a	potente
bn:00108878a	poderoso
bn:00108879a	impotente
bn:00108880a	práctico
bn:00108881a	virtual
bn:00108901a	inestable
bn:00108901a	precario
bn:00108910a	precioso
bn:00108913a	preciso
bn:00108916a	precoz
bn:00108931a	predecible
bn:00108932a	predictivo
bn:00108938a	preferible
bn:00108938a	preferido
bn:00108943a	prehistórico
bn:00108946a	prejuiciado
bn:00108949a	preliminar
bn:00108959a	principal
bn:00108961a	premium
bn:00108965a	preparado
bn:00108967a	preposicional
bn:00108977a	actual
bn:00108977a	presente
bn:00108978a	presente
bn:00108979a	presentable
bn:00108985a	presidencial
bn:00108988a	apremiante
bn:00108988a	urgente
bn:00108998a	bonito
bn:00108999a	bonito
bn:00109003a	preventivo
bn:00109011a	primario
bn:00109012a	primario
bn:00109016a	primitivo
bn:00109026a	privado
bn:00109028a	secreto
bn:00109029a	privilegiado
bn:00109045a	probable
bn:00109046a	provisional
bn:00109046a	tentativo
bn:00109049a	procedimental
bn:00109049a	procesal
bn:00109051a	refinado
bn:00109059a	productivo
bn:00109060a	productivo
bn:00109067a	profesional
bn:00109068a	profesional
bn:00109069a	profesional
bn:00109070a	profesional
bn:00109073a	técnico
bn:00109075a	rentable
bn:00109077a	profundo
bn:00109078a	profundo
bn:00109083a	progresivo
bn:00109084a	progresista
bn:00109096a	prometedor
bn:00109098a	promocional
bn:00109101a	rápido
bn:00109104a	propenso
bn:00109114a	adecuado
bn:00109114a	correcto
bn:00109114a	propio
bn:00109115a	adecuado
bn:00109117a	adecuado
bn:00109117a	apropiado
bn:00109119a	profético
bn:00109123a	proporcional
bn:00109125a	proporcional
bn:00109126a	proporcional
bn:00109130a	prosódico
bn:00109131a	futuro
bn:00109131a	posible
bn:00109142a	protector
bn:00109148a	protestante
bn:00109157a	orgulloso
bn:00109166a	provincial
bn:00109167a	provinciano
bn:00109169a	provocativo
bn:00109172a	proximal
bn:00109173a	próximo
bn:00109185a	psiquiátrico
bn:00109186a	psíquico
bn:00109195a	psicológico
bn:00109196a	psicológico
bn:00109200a	psicofarmacológico
bn:00109203a	psicoterapéutico
bn:00109204a	psicótico
bn:00109209a	pubescente
bn:00109211a	público
bn:00109212a	público
bn:00109216a	publicado
bn:00109225a	rudo
bn:00109237a	punitivo
bn:00109244a	puro
bn:00109245a	puro
bn:00109246a	puro
bn:00109247a	puro
bn:00109255a	púrpura
bn:00109269a	determinado
bn:00109308a	charlatán
bn:00109315a	pintoresco
bn:00109317a	calificado
bn:00109318a	calificado
bn:00109320a	cualitativo
bn:00109325a	cuantitativo
bn:00109330a	trimestral
bn:00109343a	cuestionable
bn:00109345a	rápido
bn:00109347a	ágil
bn:00109358a	seguro
bn:00109358a	tranquilo
bn:00109359a	callado
bn:00109359a	silencioso
bn:00109359a	tranquilo
bn:00109362a	acolchado
bn:00109368a	quijotesco
bn:00109377a	racial
bn:00109378a	racial
bn:00109384a	radial
bn:00109385a	radial
bn:00109391a	radical
bn:00109391a	revolucionario
bn:00109397a	radiactivo
bn:00109404a	andrajoso
bn:00109410a	impermeable
bn:00109413a	elevado
bn:00109423a	agrio
bn:00109425a	aleatorio
bn:00109437a	rápido
bn:00109438a	veloz
bn:00109440a	raro
bn:00109441a	rara
bn:00109441a	raro
bn:00109442a	rara
bn:00109452a	racional
bn:00109462a	estridente
bn:00109466a	loco
bn:00109469a	crudo
bn:00109470a	bruto
bn:00109471a	bruto
bn:00109473a	sensible
bn:00109485a	disponible
bn:00109485a	dispuesto
bn:00109485a	listo
bn:00109485a	preparado
bn:00109486a	listo
bn:00109487a	dispuesto
bn:00109488a	listo
bn:00109490a	hecho
bn:00109494a	real
bn:00109494a	verdadero
bn:00109495a	real
bn:00109495a	verdadero
bn:00109496a	real
bn:00109496a	tangible
bn:00109499a	verídico
bn:00109501a	realista
bn:00109505a	trasero
bn:00109506a	inverso
bn:00109507a	razonable
bn:00109507a	sensato
bn:00109512a	reconfortante
bn:00109514a	rebelde
bn:00109521a	reciente
bn:00109521a	último
bn:00109522a	receptivo
bn:00109536a	reconocible
bn:00109546a	recuperable
bn:00109549a	recreativo
bn:00109553a	rectangular
bn:00109583a	pelirrojo
bn:00109588a	reducido
bn:00109601a	refinado
bn:00109609a	reformado
bn:00109616a	refrigerado
bn:00109623a	regional
bn:00109624a	regional
bn:00109628a	gobernante
bn:00109632a	habitual
bn:00109632a	regular
bn:00109633a	verdadero
bn:00109634a	regular
bn:00109635a	regular
bn:00109636a	regular
bn:00109637a	ordinario
bn:00109645a	regulador
bn:00109650a	relacionado
bn:00109651a	relacionado
bn:00109654a	relativista
bn:00109657a	relajado
bn:00109659a	relevante
bn:00109661a	espiritual
bn:00109661a	religioso
bn:00109662a	religioso
bn:00109667a	reacio
bn:00109668a	reacio
bn:00109669a	notable
bn:00109669a	singular
bn:00109700a	representativo
bn:00109701a	representativo
bn:00109704a	republicano
bn:00109711a	resentido
bn:00109714a	residente
bn:00109715a	residencial
bn:00109716a	residencial
bn:00109717a	residual
bn:00109725a	resistivo
bn:00109727a	resuelto
bn:00109732a	resuelto
bn:00109733a	resonante
bn:00109736a	respetable
bn:00109738a	respetuoso
bn:00109740a	respectivo
bn:00109741a	respiratorio
bn:00109742a	responsable
bn:00109743a	responsable
bn:00109747a	inquieto
bn:00109754a	restrictivo
bn:00109755a	restrictivo
bn:00109758a	retrasado
bn:00109762a	modesto
bn:00109765a	jubilado
bn:00109765a	retirado
bn:00109778a	retrógrado
bn:00109794a	reversible
bn:00109800a	revisado
bn:00109811a	gratificante
bn:00109823a	trigonal
bn:00109827a	rítmico
bn:00109833a	rico
bn:00109834a	rico
bn:00109835a	rico
bn:00109842a	destartalado
bn:00109842a	tembloroso
bn:00109848a	derecho
bn:00109848a	recto
bn:00109849a	buen
bn:00109849a	correcto
bn:00109858a	derecho
bn:00109868a	legítimo
bn:00109871a	rígido
bn:00109872a	rígido
bn:00109874a	estricto
bn:00109874a	riguroso
bn:00109875a	riguroso
bn:00109896a	asado
bn:00109906a	duro
bn:00109913a	romano
bn:00109914a	romano
bn:00109917a	rumano
bn:00109919a	romántico
bn:00109931a	halagüeño
bn:00109941a	rotativo
bn:00109947a	áspero
bn:00109947a	difícil
bn:00109947a	tosca
bn:00109948a	brusco
bn:00109948a	rudo
bn:00109959a	redondo
bn:00109964a	redondeado
bn:00109969a	real
bn:00109970a	real
bn:00109978a	rudimentario
bn:00109981a	resistente
bn:00109981a	robusto
bn:00109981a	rudo
bn:00109982a	difícil
bn:00109982a	duro
bn:00109989a	desbocado
bn:00109992a	corriente
bn:00109997a	rural
bn:00109998a	rural
bn:00110004a	ruso
bn:00110006a	rojizo
bn:00110014a	oxidado
bn:00110031a	sagrado
bn:00110032a	sagrado
bn:00110036a	triste
bn:00110044a	sádico
bn:00110046a	salvo
bn:00110046a	seguro
bn:00110047a	seguro
bn:00110056a	vendible
bn:00110063a	salival
bn:00110064a	cetrino
bn:00110075a	igual
bn:00110075a	mismo
bn:00110076a	igual
bn:00110076a	mismo
bn:00110076a	parecido
bn:00110077a	igual
bn:00110077a	mismo
bn:00110084a	sano
bn:00110114a	satírico
bn:00110115a	satisfactorio
bn:00110116a	satisfecho
bn:00110123a	salvado
bn:00110125a	agradable
bn:00110156a	disperso
bn:00110156a	esparcido
bn:00110158a	escénico
bn:00110158a	pintoresco
bn:00110160a	perfumado
bn:00110164a	programado
bn:00110166a	esquizofrénico
bn:00110168a	esquizofrénico
bn:00110170a	escolar
bn:00110171a	escolástico
bn:00110175a	científico
bn:00110176a	científico
bn:00110193a	chillón
bn:00110193a	chirriante
bn:00110210a	escultórico
bn:00110228a	sórdido
bn:00110234a	oportuno
bn:00110235a	estacional
bn:00110237a	veterano
bn:00110238a	sentado
bn:00110247a	secundario
bn:00110252a	usado
bn:00110253a	secreto
bn:00110254a	secreto
bn:00110269a	seguro
bn:00110270a	seguro
bn:00110277a	visible
bn:00110287a	segmental
bn:00110288a	segregado
bn:00110291a	seleccionado
bn:00110292a	selectivo
bn:00110300a	seguro
bn:00110308a	autónomo
bn:00110319a	espontáneo
bn:00110321a	autoimpuesto
bn:00110333a	presumido
bn:00110340a	autosuficiente
bn:00110345a	egoísta
bn:00110347a	semántico
bn:00110396a	translúcida
bn:00110398a	senatorial
bn:00110403a	sensacional
bn:00110409a	sensible
bn:00110410a	delicado
bn:00110410a	sensible
bn:00110412a	sensorial
bn:00110416a	sensorial
bn:00110421a	sentimental
bn:00110423a	separado
bn:00110425a	separado
bn:00110444a	grave
bn:00110444a	serio
bn:00110445a	grave
bn:00110445a	serio
bn:00110448a	reflexivo
bn:00110464a	asentado
bn:00110464a	resuelto
bn:00110471a	fuerte
bn:00110471a	grave
bn:00110471a	severo
bn:00110472a	riguroso
bn:00110486a	sexual
bn:00110487a	sexual
bn:00110492a	sombreado
bn:00110495a	fantasmal
bn:00110500a	temblorosa
bn:00110500a	tembloroso
bn:00110513a	compartido
bn:00110516a	agudo
bn:00110517a	cortante
bn:00110518a	afilado
bn:00110532a	afeitado
bn:00110543a	blindado
bn:00110549a	brillante
bn:00110558a	calzado
bn:00110558a	herrado
bn:00110561a	breve
bn:00110561a	corto
bn:00110562a	corto
bn:00110576a	corto
bn:00110605a	siciliano
bn:00110607a	lateral
bn:00110620a	considerable
bn:00110620a	importante
bn:00110620a	significativo
bn:00110620a	sustancial
bn:00110621a	significativo
bn:00110624a	silencioso
bn:00110624a	tranquilo
bn:00110625a	entendido
bn:00110634a	plateado
bn:00110635a	plateado
bn:00110645a	plateado
bn:00110647a	similar
bn:00110649a	sencillo
bn:00110649a	simple
bn:00110655a	simplificado
bn:00110656a	simplista
bn:00110658a	sincero
bn:00110660a	malvado
bn:00110668a	soltero
bn:00110679a	solo
bn:00110707a	esquelético
bn:00110711a	experto
bn:00110711a	hábil
bn:00110711a	habilidoso
bn:00110738a	somnoliento
bn:00110738a	soñoliento
bn:00110742a	delgado
bn:00110742a	esbelta
bn:00110742a	esbelto
bn:00110743a	débil
bn:00110743a	delgado
bn:00110743a	esbelto
bn:00110743a	estrecho
bn:00110745a	escaso
bn:00110752a	deslizante
bn:00110756a	resbaladizo
bn:00110762a	descuidado
bn:00110767a	lento
bn:00110768a	lento
bn:00110772a	lento
bn:00110775a	somnoliento
bn:00110777a	denso
bn:00110784a	pequeño
bn:00110789a	astuto
bn:00110789a	inteligente
bn:00110803a	fluido
bn:00110803a	liso
bn:00110803a	suave
bn:00110804a	suave
bn:00110815a	sofocante
bn:00110822a	turbio
bn:00110834a	acogedor
bn:00110836a	largo
bn:00110837a	sobrio
bn:00110842a	social
bn:00110843a	social
bn:00110844a	social
bn:00110845a	social
bn:00110849a	socialista
bn:00110852a	socioeconómico
bn:00110854a	sociológico
bn:00110857a	empapada
bn:00110857a	empapado
bn:00110858a	blando
bn:00110858a	suave
bn:00110859a	suave
bn:00110860a	suave
bn:00110879a	solar
bn:00110887a	sólido
bn:00110888a	sólido
bn:00110889a	sólido
bn:00110890a	sólido
bn:00110891a	sólido
bn:00110893a	sólido
bn:00110894a	sólido
bn:00110905a	soluble
bn:00110911a	cierto
bn:00110922a	sofisticado
bn:00110939a	sano
bn:00110939a	sólido
bn:00110940a	sólido
bn:00110950a	sur
bn:00110961a	sur
bn:00110963a	sur
bn:00110963a	sureño
bn:00110970a	supremo
bn:00110971a	soviético
bn:00110975a	espacial
bn:00110978a	español
bn:00110980a	elegante
bn:00110982a	brillante
bn:00110984a	escaso
bn:00110995a	especial
bn:00110996a	especial
bn:00110997a	especializado
bn:00111001a	específico
bn:00111002a	específico
bn:00111005a	especificado
bn:00111007a	espectacular
bn:00111008a	espectral
bn:00111016a	esférica
bn:00111016a	esférico
bn:00111039a	enérgico
bn:00111042a	espiritual
bn:00111043a	espiritual
bn:00111045a	visceral
bn:00111054a	hablado
bn:00111056a	esponjoso
bn:00111059a	esporádico
bn:00111062a	deportivo
bn:00111063a	deportivo
bn:00111084a	cuadrado
bn:00111087a	directo
bn:00111087a	sencillo
bn:00111108a	estable
bn:00111109a	estable
bn:00111113a	apilado
bn:00111119a	manchado
bn:00111129a	estándar
bn:00111130a	estándar
bn:00111131a	estándar
bn:00111155a	inicial
bn:00111156a	asustado
bn:00111156a	sorprendido
bn:00111157a	sorprendente
bn:00111158a	hambriento
bn:00111167a	estadístico
bn:00111170a	legal
bn:00111172a	firme
bn:00111172a	leal
bn:00111175a	constante
bn:00111175a	estable
bn:00111185a	empinado
bn:00111195a	estereofónico
bn:00111198a	estereotipado
bn:00111209a	rígido
bn:00111210a	fuerte
bn:00111218a	estático
bn:00111223a	estimulante
bn:00111236a	estoico
bn:00111256a	tormentosa
bn:00111256a	tormentoso
bn:00111262a	heterosexual
bn:00111262a	recto
bn:00111263a	liso
bn:00111264a	erguido
bn:00111277a	directo
bn:00111279a	tenso
bn:00111281a	extraño
bn:00111281a	inusual
bn:00111282a	extraño
bn:00111285a	estratégico
bn:00111286a	estratégico
bn:00111288a	pajizo
bn:00111292a	rayado
bn:00111297a	arduo
bn:00111302a	estirado
bn:00111306a	fibroso
bn:00111312a	firme
bn:00111312a	fuerte
bn:00111312a	intenso
bn:00111312a	sólido
bn:00111313a	fuerte
bn:00111321a	estructural
bn:00111322a	estructural
bn:00111323a	estructural
bn:00111324a	estructural
bn:00111334a	relleno
bn:00111342a	estúpido
bn:00111344a	fuerte
bn:00111347a	estilístico
bn:00111359a	subconsciente
bn:00111366a	subhumano
bn:00111370a	subjetivo
bn:00111381a	submarino
bn:00111382a	submarino
bn:00111384a	sumiso
bn:00111392a	posterior
bn:00111392a	siguiente
bn:00111396a	sustancial
bn:00111396a	sustantivo
bn:00111406a	suburbano
bn:00111408a	siguiente
bn:00111409a	exitoso
bn:00111415a	inesperado
bn:00111415a	repentino
bn:00111417a	sufriente
bn:00111418a	suficiente
bn:00111427a	adecuado
bn:00111445a	bronceado
bn:00111458a	superficial
bn:00111465a	superior
bn:00111466a	superior
bn:00111476a	sobrenatural
bn:00111482a	supersónico
bn:00111483a	ultrasónico
bn:00111484a	supersticioso
bn:00111494a	supuesto
bn:00111502a	supremo
bn:00111503a	supremo
bn:00111505a	seguro
bn:00111512a	superficial
bn:00111523a	sorprendido
bn:00111524a	sorprendente
bn:00111525a	susceptible
bn:00111528a	suspendido
bn:00111537a	sueco
bn:00111540a	dulce
bn:00111541a	dulce
bn:00111542a	dulce
bn:00111553a	suizo
bn:00111563a	simbólico
bn:00111564a	simbólico
bn:00111565a	simétrico
bn:00111566a	simpático
bn:00111567a	comprensivo
bn:00111567a	simpático
bn:00111570a	sinfónico
bn:00111577a	sincrónico
bn:00111591a	sinónimo
bn:00111596a	sintáctico
bn:00111603a	sirio
bn:00111605a	sistemático
bn:00111629a	talismánico
bn:00111630a	alto
bn:00111630a	mayor
bn:00111642a	palpable
bn:00111649a	tentador
bn:00111673a	tenso
bn:00111684a	técnico
bn:00111685a	técnico
bn:00111685a	tecnológico
bn:00111688a	tecnológico
bn:00111695a	telegráfico
bn:00111704a	terrestre
bn:00111712a	temporal
bn:00111719a	sostenible
bn:00111721a	tierno
bn:00111723a	tierno
bn:00111760a	aterrador
bn:00111760a	terrorífico
bn:00111761a	territorial
bn:00111772a	probado
bn:00111773a	probado
bn:00111791a	ingrato
bn:00111795a	teatral
bn:00111796a	teatral
bn:00111800a	temático
bn:00111805a	teológico
bn:00111806a	teórico
bn:00111810a	terapéutico
bn:00111814a	termodinámica
bn:00111814a	termodinámico
bn:00111818a	termométrico
bn:00111824a	corpulento
bn:00111824a	fuerte
bn:00111824a	grueso
bn:00111825a	denso
bn:00111825a	espeso
bn:00111826a	espeso
bn:00111841a	ladrón
bn:00111843a	delgado
bn:00111843a	fino
bn:00111859a	exhaustivo
bn:00111859a	minucioso
bn:00111860a	pensativo
bn:00111860a	reflexivo
bn:00111863a	inconsciente
bn:00111868a	amenazado
bn:00111896a	palpitante
bn:00111904a	atronador
bn:00111911a	tibetano
bn:00111919a	atado
bn:00111923a	ajustado
bn:00111923a	apretado
bn:00111923a	tenso
bn:00111924a	estricto
bn:00111925a	ajustado
bn:00111940a	oportuno
bn:00111940a	puntual
bn:00111951a	cansado
bn:00111952a	titánico
bn:00111964a	junto
bn:00111968a	tolerante
bn:00111972a	tonal
bn:00111973a	tonal
bn:00111992a	superior
bn:00111997a	tópico
bn:00112002a	topográfico
bn:00112005a	desgarrado
bn:00112013a	serpenteante
bn:00112018a	totalitario
bn:00112019a	totémico
bn:00112021a	tambaleante
bn:00112025a	duro
bn:00112025a	endurecido
bn:00112026a	fuerte
bn:00112026a	resistente
bn:00112032a	tóxico
bn:00112043a	tradicional
bn:00112044a	tradicional
bn:00112046a	trágico
bn:00112047a	trágico
bn:00112048a	tragicómico
bn:00112051a	entrenado
bn:00112088a	traicionero
bn:00112089a	tratado
bn:00112096a	triangular
bn:00112100a	tribal
bn:00112104a	tricolor
bn:00112128a	triunfante
bn:00112137a	tropical
bn:00112143a	problemático
bn:00112146a	cierto
bn:00112146a	verdadero
bn:00112147a	fiel
bn:00112147a	verdadero
bn:00112162a	confiable
bn:00112187a	turco
bn:00112216a	típico
bn:00112218a	tipográfico
bn:00112223a	feo
bn:00112229a	definitivo
bn:00112229a	final
bn:00112229a	máximo
bn:00112229a	último
bn:00112230a	definitivo
bn:00112230a	eventual
bn:00112230a	final
bn:00112235a	ultramoderno
bn:00112237a	ultravioleta
bn:00112254a	incapaz
bn:00112255a	incapaz
bn:00112258a	inaceptable
bn:00112266a	inexplicable
bn:00112271a	inalcanzable
bn:00112291a	indiferente
bn:00112305a	inequívoco
bn:00112328a	desarmado
bn:00112345a	independiente
bn:00112395a	inquebrantable
bn:00112398a	ininterrumpido
bn:00112398a	intacto
bn:00112420a	incierto
bn:00112428a	indiscutible
bn:00112463a	incómodo
bn:00112464a	incómodo
bn:00112468a	raro
bn:00112482a	despreocupado
bn:00112482a	distante
bn:00112485a	incondicional
bn:00112497a	inconsciente
bn:00112499a	inconsciente
bn:00112501a	inconstitucional
bn:00112511a	incontrolable
bn:00112563a	vago
bn:00112568a	innegable
bn:00112592a	desfavorecido
bn:00112596a	comprensivo
bn:00112598a	entendido
bn:00112604a	indeseable
bn:00112619a	indiferenciado
bn:00112632a	inexplorado
bn:00112658a	excesivo
bn:00112658a	indebido
bn:00112659a	indebido
bn:00112665a	inquieto
bn:00112668a	antieconómico
bn:00112668a	derrochador
bn:00112675a	desempleado
bn:00112698a	desigual
bn:00112714a	inesperado
bn:00112718a	inexplicado
bn:00112727a	injusto
bn:00112728a	infiel
bn:00112731a	desconocido
bn:00112740a	desfavorable
bn:00112766a	inolvidable
bn:00112770a	desafortunado
bn:00112770a	lamentable
bn:00112813a	desdichado
bn:00112813a	infeliz
bn:00112816a	ileso
bn:00112843a	uniforme
bn:00112845a	uniformado
bn:00112853a	insignificante
bn:00112865a	intacto
bn:00112884a	involuntario
bn:00112889a	ininterrumpido
bn:00112899a	único
bn:00112908a	unido
bn:00112909a	univalente
bn:00112913a	universalista
bn:00112919a	cruel
bn:00112923a	desconocido
bn:00112924a	desconocido
bn:00112939a	improbable
bn:00112962a	soltera
bn:00112975a	inconfundible
bn:00112987a	antinatural
bn:00112987a	artificial
bn:00112990a	innecesario
bn:00113008a	desocupado
bn:00113022a	heterodoxo
bn:00113025a	pendiente
bn:00113057a	desagradable
bn:00113060a	impopular
bn:00113076a	sencillo
bn:00113093a	desprotegido
bn:00113101a	inédito
bn:00113103a	impune
bn:00113118a	irreal
bn:00113124a	irreconocible
bn:00113190a	insatisfactorio
bn:00113192a	insaturado
bn:00113200a	inescrupuloso
bn:00113215a	desinteresado
bn:00113248a	erguido
bn:00113248a	vertical
bn:00113268a	inestable
bn:00113269a	inestable
bn:00113290a	infructuoso
bn:00113316a	salvaje
bn:00113338a	incalculable
bn:00113355a	falso
bn:00113366a	inusual
bn:00113367a	inusual
bn:00113386a	inoportuno
bn:00113393a	imprudente
bn:00113399a	indigno
bn:00113412a	actualizado
bn:00113423a	alto
bn:00113423a	superior
bn:00113424a	superior
bn:00113439a	urbano
bn:00113440a	urbano
bn:00113446a	urinario
bn:00113452a	utilizable
bn:00113453a	utilizado
bn:00113454a	acostumbrado
bn:00113455a	útil
bn:00113456a	utilitario
bn:00113457a	inútil
bn:00113459a	habitual
bn:00113459a	usual
bn:00113466a	utópico
bn:00113474a	vacío
bn:00113486a	válido
bn:00113489a	valioso
bn:00113490a	valioso
bn:00113501a	variable
bn:00113502a	variable
bn:00113502a	variado
bn:00113503a	variable
bn:00113507a	variado
bn:00113509a	variado
bn:00113515a	vascular
bn:00113525a	velado
bn:00113531a	aterciopelada
bn:00113531a	aterciopelado
bn:00113536a	venerable
bn:00113548a	verbal
bn:00113549a	verbal
bn:00113562a	primaveral
bn:00113568a	vertebral
bn:00113573a	mero
bn:00113573a	mismo
bn:00113576a	vesicular
bn:00113583a	veterinario
bn:00113587a	vibrante
bn:00113587a	vivaz
bn:00113594a	vicario
bn:00113602a	victoriano
bn:00113604a	ganador
bn:00113605a	vienés
bn:00113610a	enérgico
bn:00113610a	fuerte
bn:00113610a	vigoroso
bn:00113611a	vigoroso
bn:00113616a	violento
bn:00113617a	violento
bn:00113626a	virgen
bn:00113636a	viscoelástico
bn:00113639a	visible
bn:00113648a	vívido
bn:00113650a	vocal
bn:00113653a	vocálico
bn:00113655a	profesional
bn:00113655a	vocacional
bn:00113659a	volátil
bn:00113670a	volumétrico
bn:00113671a	voluminoso
bn:00113672a	voluntario
bn:00113674a	votivo
bn:00113677a	vulnerable
bn:00113680a	astuto
bn:00113698a	cálido
bn:00113698a	caliente
bn:00113698a	tibio
bn:00113699a	cálido
bn:00113699a	caluroso
bn:00113708a	cálido
bn:00113710a	cauteloso
bn:00113712a	lavado
bn:00113730a	aguada
bn:00113732a	ondulado
bn:00113737a	débil
bn:00113770a	bienvenido
bn:00113771a	acogedor
bn:00113774a	bueno
bn:00113790a	conocido
bn:00113800a	leído
bn:00113808a	oeste
bn:00113813a	occidental
bn:00113814a	occidental
bn:00113818a	empapado
bn:00113818a	húmedo
bn:00113818a	mojado
bn:00113830a	blanco
bn:00113831a	blanco
bn:00113852a	completo
bn:00113852a	entero
bn:00113854a	saludable
bn:00113858a	abierto
bn:00113858a	grande
bn:00113864a	amplio
bn:00113864a	extendido
bn:00113864a	generalizado
bn:00113870a	salvaje
bn:00113876a	intencionado
bn:00113877a	dispuesto
bn:00113897a	gélido
bn:00113899a	cableado
bn:00113905a	prudente
bn:00113905a	sabio
bn:00113911a	ingenioso
bn:00113913a	lamentable
bn:00113922a	boscoso
bn:00113937a	mundial
bn:00113940a	peor
bn:00113944a	peor
bn:00113948a	digno
bn:00113957a	escrito
bn:00113959a	equivocado
bn:00113959a	incorrecto
bn:00113959a	mal
bn:00113959a	malo
bn:00113968a	amarillo
bn:00113976a	yanqui
bn:00113986a	amarillo
bn:00114000a	dócil
bn:00114015a	nulo
bn:00114024a	zodiacal
bn:00114039r	entre
bn:00114044r	poco
bn:00114047r	mucho
bn:00114048r	mucho
bn:00114055r	inicialmente
bn:00114063r	competentemente
bn:00114064r	anormalmente
bn:00114065r	a
bn:00114066r	en
bn:00114073r	alrededor
bn:00114073r	aproximadamente
bn:00114073r	casi
bn:00114073r	cerca
bn:00114073r	de
bn:00114074r	alrededor
bn:00114074r	de
bn:00114075r	alrededor
bn:00114075r	cerca
bn:00114075r	de
bn:00114075r	por
bn:00114076r	a
bn:00114076r	por
bn:00114079r	casi
bn:00114079r	cerca
bn:00114079r	prácticamente
bn:00114080r	arriba
bn:00114081r	arriba
bn:00114081r	encima
bn:00114081r	sobre
bn:00114084r	honestamente
bn:00114089r	abruptamente
bn:00114089r	repentinamente
bn:00114090r	distraídamente
bn:00114091r	absolutamente
bn:00114091r	completamente
bn:00114091r	perfectamente
bn:00114099r	académicamente
bn:00114102r	inesperadamente
bn:00114103r	incidentalmente
bn:00114106r	consecuentemente
bn:00114109r	precisamente
bn:00114111r	acústicamente
bn:00114116r	activamente
bn:00114117r	realmente
bn:00114118r	realmente
bn:00114121r	intensamente
bn:00114121r	profundamente
bn:00114122r	agudamente
bn:00114123r	bruscamente
bn:00114128r	improvisadamente
bn:00114134r	además
bn:00114135r	adecuadamente
bn:00114139r	admirablemente
bn:00114152r	deliberadamente
bn:00114152r	intencionalmente
bn:00114159r	cariñosamente
bn:00114165r	después
bn:00114165r	luego
bn:00114165r	posteriormente
bn:00114171r	además
bn:00114171r	nuevamente
bn:00114176r	bruscamente
bn:00114177r	ágilmente
bn:00114178r	antes
bn:00114178r	atrás
bn:00114180r	agradablemente
bn:00114182r	adelante
bn:00114182r	delante
bn:00114183r	adelante
bn:00114184r	adelante
bn:00114184r	delante
bn:00114190r	temprano
bn:00114196r	desafortunadamente
bn:00114196r	lamentablemente
bn:00114199r	afuera
bn:00114200r	algebraicamente
bn:00114203r	a
bn:00114203r	completamente
bn:00114203r	en
bn:00114203r	enteramente
bn:00114203r	para
bn:00114203r	totalmente
bn:00114210r	repentinamente
bn:00114213r	bien
bn:00114214r	bien
bn:00114215r	bien
bn:00114216r	aun
bn:00114216r	aún
bn:00114216r	todavía
bn:00114223r	demasiado
bn:00114234r	completamente
bn:00114234r	exclusivamente
bn:00114234r	meramente
bn:00114234r	solamente
bn:00114234r	solo
bn:00114234r	sólo
bn:00114234r	únicamente
bn:00114235r	solo
bn:00114236r	en
bn:00114236r	por
bn:00114237r	con
bn:00114238r	por
bn:00114243r	ruidosamente
bn:00114245r	ya
bn:00114246r	además
bn:00114246r	asimismo
bn:00114246r	más
bn:00114246r	también
bn:00114247r	alternadamente
bn:00114247r	alternativamente
bn:00114248r	alternativamente
bn:00114250r	siempre
bn:00114251r	constantemente
bn:00114251r	invariablemente
bn:00114252r	siempre
bn:00114258r	asombrosamente
bn:00114258r	sorprendentemente
bn:00114266r	imperfectamente
bn:00114271r	ampliamente
bn:00114272r	completamente
bn:00114272r	plenamente
bn:00114274r	anacrónicamente
bn:00114276r	analíticamente
bn:00114278r	anatómicamente
bn:00114279r	antiguamente
bn:00114281r	entonces
bn:00114281r	luego
bn:00114286r	airadamente
bn:00114290r	anualmente
bn:00114297r	anteriormente
bn:00114297r	previamente
bn:00114301r	ansiosamente
bn:00114303r	más
bn:00114303r	ya
bn:00114307r	pronto
bn:00114307r	rápidamente
bn:00114308r	aparte
bn:00114309r	aparte
bn:00114318r	aparentemente
bn:00114319r	evidentemente
bn:00114319r	obviamente
bn:00114322r	apreciablemente
bn:00114324r	adecuadamente
bn:00114328r	arbitrariamente
bn:00114328r	indiscriminadamente
bn:00114335r	correctamente
bn:00114338r	alrededor
bn:00114338r	por
bn:00114341r	alrededor
bn:00114344r	arrogantemente
bn:00114350r	artificialmente
bn:00114351r	artísticamente
bn:00114354r	como
bn:00114354r	de
bn:00114354r	igualmente
bn:00114354r	mientras
bn:00114363r	afortunadamente
bn:00114365r	intrínsecamente
bn:00114369r	aún
bn:00114369r	todavía
bn:00114377r	aparte
bn:00114377r	fuera
bn:00114389r	ciertamente
bn:00114397r	asimétricamente
bn:00114398r	asintóticamente
bn:00114401r	abajo
bn:00114401r	debajo
bn:00114417r	al
bn:00114417r	finalmente
bn:00114422r	ahora
bn:00114422r	directamente
bn:00114422r	inmediatamente
bn:00114422r	instantáneamente
bn:00114422r	pronto
bn:00114423r	anteriormente
bn:00114423r	antes
bn:00114424r	actualmente
bn:00114424r	ahora
bn:00114427r	ahí
bn:00114427r	allá
bn:00114427r	allí
bn:00114428r	simultáneamente
bn:00114431r	ocasionalmente
bn:00114435r	sobre
bn:00114437r	atentamente
bn:00114438r	bellamente
bn:00114443r	auditivamente
bn:00114450r	automáticamente
bn:00114451r	mecánicamente
bn:00114455r	fuera
bn:00114455r	lejos
bn:00114456r	lejos
bn:00114457r	fuera
bn:00114463r	mucho
bn:00114463r	terriblemente
bn:00114464r	horriblemente
bn:00114466r	torpemente
bn:00114472r	atrás
bn:00114472r	detrás
bn:00114473r	atrás
bn:00114473r	detrás
bn:00114475r	atrás
bn:00114481r	atrás
bn:00114485r	gravemente
bn:00114485r	mal
bn:00114485r	seriamente
bn:00114485r	severamente
bn:00114486r	mal
bn:00114504r	apenas
bn:00114504r	difícilmente
bn:00114504r	justo
bn:00114505r	apenas
bn:00114507r	tímidamente
bn:00114508r	básicamente
bn:00114508r	esencialmente
bn:00114508r	fundamentalmente
bn:00114512r	ante
bn:00114512r	anteriormente
bn:00114512r	antes
bn:00114513r	pronto
bn:00114514r	atrás
bn:00114514r	detrás
bn:00114515r	atrás
bn:00114519r	tarde
bn:00114523r	probablemente
bn:00114525r	abajo
bn:00114527r	abajo
bn:00114534r	además
bn:00114535r	más
bn:00114535r	mejor
bn:00114536r	mejor
bn:00114537r	mejor
bn:00114540r	temprano
bn:00114541r	mejor
bn:00114542r	entre
bn:00114546r	más
bn:00114547r	más
bn:00114568r	gradualmente
bn:00114570r	amargamente
bn:00114583r	ciegamente
bn:00114585r	felizmente
bn:00114585r	jubilosamente
bn:00114589r	corporalmente
bn:00114593r	audazmente
bn:00114593r	valientemente
bn:00114594r	rígidamente
bn:00114600r	infinitamente
bn:00114604r	valientemente
bn:00114610r	brevemente
bn:00114611r	brevemente
bn:00114612r	brillantemente
bn:00114613r	brillantemente
bn:00114616r	generalmente
bn:00114620r	salvajemente
bn:00114626r	apenas
bn:00114626r	justo
bn:00114626r	meramente
bn:00114626r	simplemente
bn:00114626r	solamente
bn:00114626r	solo
bn:00114626r	sólo
bn:00114626r	únicamente
bn:00114629r	con
bn:00114632r	decididamente
bn:00114632r	definitivamente
bn:00114632r	enfáticamente
bn:00114633r	después
bn:00114634r	generalmente
bn:00114634r	principalmente
bn:00114638r	experimentalmente
bn:00114645r	naturalmente
bn:00114651r	empíricamente
bn:00114663r	con
bn:00114663r	francamente
bn:00114663r	honestamente
bn:00114663r	sinceramente
bn:00114671r	atentamente
bn:00114671r	cuidadosamente
bn:00114672r	cautelosamente
bn:00114672r	cuidadosamente
bn:00114678r	casualmente
bn:00114680r	catastróficamente
bn:00114681r	claramente
bn:00114681r	rotundamente
bn:00114683r	causalmente
bn:00114687r	continuamente
bn:00114687r	interminablemente
bn:00114689r	centralmente
bn:00114694r	ciertamente
bn:00114694r	claro
bn:00114694r	seguramente
bn:00114694r	seguro
bn:00114699r	característicamente
bn:00114709r	alegremente
bn:00114710r	agradablemente
bn:00114712r	químicamente
bn:00114714r	principalmente
bn:00114723r	cronológicamente
bn:00114731r	ruidosamente
bn:00114736r	limpiamente
bn:00114739r	claramente
bn:00114740r	claramente
bn:00114741r	claramente
bn:00114742r	claramente
bn:00114743r	hábilmente
bn:00114745r	clínicamente
bn:00114747r	cerca
bn:00114748r	cerca
bn:00114750r	cerca
bn:00114750r	estrechamente
bn:00114751r	cerca
bn:00114751r	íntimamente
bn:00114755r	torpemente
bn:00114763r	fríamente
bn:00114771r	cómodamente
bn:00114772r	cómodamente
bn:00114775r	cómicamente
bn:00114777r	comercialmente
bn:00114778r	comúnmente
bn:00114778r	generalmente
bn:00114778r	habitualmente
bn:00114778r	normalmente
bn:00114778r	ordinariamente
bn:00114778r	usualmente
bn:00114784r	comparativamente
bn:00114784r	relativamente
bn:00114785r	compasivamente
bn:00114790r	completamente
bn:00114793r	compulsivamente
bn:00114800r	posiblemente
bn:00114801r	conceptualmente
bn:00114803r	concluyentemente
bn:00114804r	concretamente
bn:00114807r	confidencialmente
bn:00114817r	escrupulosamente
bn:00114818r	conscientemente
bn:00114823r	bien
bn:00114823r	considerablemente
bn:00114823r	sustancialmente
bn:00114825r	consistentemente
bn:00114825r	sistemáticamente
bn:00114827r	prominentemente
bn:00114830r	constructivamente
bn:00114837r	continuamente
bn:00114838r	continuamente
bn:00114848r	convenientemente
bn:00114849r	convencionalmente
bn:00114854r	convulsivamente
bn:00114869r	naturalmente
bn:00114874r	locamente
bn:00114876r	creativamente
bn:00114882r	críticamente
bn:00114893r	cruelmente
bn:00114899r	culturalmente
bn:00114903r	curiosamente
bn:00114905r	actualmente
bn:00114911r	obstinadamente
bn:00114912r	habitualmente
bn:00114917r	diariamente
bn:00114919r	delicadamente
bn:00114935r	legalmente
bn:00114945r	engañosamente
bn:00114946r	adecuadamente
bn:00114946r	bien
bn:00114946r	correctamente
bn:00114946r	debidamente
bn:00114946r	propiamente
bn:00114954r	profundamente
bn:00114957r	profundamente
bn:00114967r	deliberadamente
bn:00114969r	deliciosamente
bn:00114972r	deliciosamente
bn:00114985r	densamente
bn:00114987r	fielmente
bn:00114995r	desesperadamente
bn:00114996r	desesperadamente
bn:00114997r	desesperadamente
bn:00115012r	diametralmente
bn:00115023r	tenuemente
bn:00115029r	directamente
bn:00115029r	justo
bn:00115030r	directamente
bn:00115031r	directamente
bn:00115047r	discretamente
bn:00115067r	independientemente
bn:00115080r	dolorosamente
bn:00115089r	tenazmente
bn:00115091r	dogmáticamente
bn:00115102r	doblemente
bn:00115106r	indudablemente
bn:00115109r	abajo
bn:00115109r	bajo
bn:00115109r	por
bn:00115110r	abajo
bn:00115110r	por
bn:00115118r	absolutamente
bn:00115119r	abajo
bn:00115126r	dramáticamente
bn:00115126r	más
bn:00115127r	dramáticamente
bn:00115127r	drásticamente
bn:00115128r	dramáticamente
bn:00115129r	drásticamente
bn:00115131r	secamente
bn:00115142r	debidamente
bn:00115150r	antes
bn:00115153r	con
bn:00115153r	temprano
bn:00115154r	seriamente
bn:00115154r	sinceramente
bn:00115155r	fácilmente
bn:00115156r	fácilmente
bn:00115157r	bien
bn:00115161r	despacio
bn:00115161r	lentamente
bn:00115168r	económicamente
bn:00115177r	efectivamente
bn:00115177r	eficazmente
bn:00115178r	efectivamente
bn:00115180r	eficientemente
bn:00115184r	tampoco
bn:00115186r	eléctricamente
bn:00115192r	en
bn:00115194r	eminentemente
bn:00115195r	emocionalmente
bn:00115196r	emocionalmente
bn:00115206r	infinitamente
bn:00115206r	interminablemente
bn:00115213r	enérgicamente
bn:00115215r	enormemente
bn:00115215r	tremendamente
bn:00115216r	bastante
bn:00115216r	suficientemente
bn:00115226r	equitativamente
bn:00115226r	igualmente
bn:00115232r	erróneamente
bn:00115235r	especialmente
bn:00115235r	particularmente
bn:00115236r	especialmente
bn:00115239r	siempre
bn:00115244r	aun
bn:00115244r	aún
bn:00115244r	hasta
bn:00115244r	incluso
bn:00115244r	también
bn:00115244r	ya
bn:00115245r	incluso
bn:00115246r	aún
bn:00115246r	incluso
bn:00115246r	ya
bn:00115250r	justamente
bn:00115252r	eventualmente
bn:00115252r	finalmente
bn:00115253r	jamás
bn:00115253r	nunca
bn:00115253r	siempre
bn:00115254r	siempre
bn:00115261r	malvadamente
bn:00115266r	exactamente
bn:00115266r	justo
bn:00115266r	precisamente
bn:00115267r	exactamente
bn:00115267r	precisamente
bn:00115268r	precisamente
bn:00115271r	extremadamente
bn:00115271r	sumamente
bn:00115271r	súper
bn:00115272r	espléndidamente
bn:00115272r	excelentemente
bn:00115272r	magníficamente
bn:00115273r	excepcionalmente
bn:00115274r	demasiado
bn:00115274r	mucho
bn:00115274r	también
bn:00115278r	completamente
bn:00115278r	exhaustivamente
bn:00115291r	expresamente
bn:00115293r	ampliamente
bn:00115293r	extensamente
bn:00115300r	extremadamente
bn:00115312r	débilmente
bn:00115313r	algo
bn:00115313r	bastante
bn:00115313r	moderadamente
bn:00115313r	mucho
bn:00115313r	razonablemente
bn:00115313r	relativamente
bn:00115318r	familiarmente
bn:00115322r	lejos
bn:00115322r	mucho
bn:00115323r	fuera
bn:00115323r	lejos
bn:00115323r	mucho
bn:00115325r	lejos
bn:00115329r	además
bn:00115329r	lejos
bn:00115329r	más
bn:00115330r	lejos
bn:00115330r	más
bn:00115331r	lejos
bn:00115335r	rápidamente
bn:00115337r	más
bn:00115341r	fatalmente
bn:00115346r	favorablemente
bn:00115359r	ferozmente
bn:00115360r	fervientemente
bn:00115362r	febrilmente
bn:00115368r	finalmente
bn:00115369r	financieramente
bn:00115373r	firmemente
bn:00115374r	firmemente
bn:00115376r	primero
bn:00115377r	primero
bn:00115378r	primero
bn:00115379r	primero
bn:00115380r	bien
bn:00115392r	rápidamente
bn:00115397r	directamente
bn:00115397r	justo
bn:00115404r	imprudentemente
bn:00115410r	permanentemente
bn:00115418r	mayormente
bn:00115418r	principalmente
bn:00115423r	siempre
bn:00115427r	formalmente
bn:00115427r	oficialmente
bn:00115431r	adelante
bn:00115434r	adelante
bn:00115446r	frenéticamente
bn:00115450r	libremente
bn:00115452r	frecuentemente
bn:00115453r	recién
bn:00115474r	completamente
bn:00115474r	plenamente
bn:00115476r	completamente
bn:00115480r	furiosamente
bn:00115481r	furiosamente
bn:00115483r	además
bn:00115484r	además
bn:00115485r	furtivamente
bn:00115488r	alegremente
bn:00115495r	generalmente
bn:00115498r	generosamente
bn:00115501r	suavemente
bn:00115502r	suavemente
bn:00115503r	ligeramente
bn:00115503r	suavemente
bn:00115504r	genuinamente
bn:00115504r	realmente
bn:00115504r	verdaderamente
bn:00115505r	geográficamente
bn:00115530r	bien
bn:00115530r	mucho
bn:00115531r	bien
bn:00115531r	completamente
bn:00115531r	exhaustivamente
bn:00115549r	gravemente
bn:00115553r	enormemente
bn:00115557r	sombríamente
bn:00115559r	groseramente
bn:00115560r	grotescamente
bn:00115567r	habitualmente
bn:00115569r	medio
bn:00115592r	severamente
bn:00115600r	inofensivamente
bn:00115624r	pesadamente
bn:00115625r	pesadamente
bn:00115628r	pesadamente
bn:00115635r	así
bn:00115635r	entonces
bn:00115639r	aquí
bn:00115640r	aquí
bn:00115641r	aquí
bn:00115642r	aquí
bn:00115649r	aquí
bn:00115674r	históricamente
bn:00115682r	homogéneamente
bn:00115701r	humanamente
bn:00115703r	humildemente
bn:00115718r	idealmente
bn:00115742r	inmediatamente
bn:00115744r	inmensamente
bn:00115744r	mucho
bn:00115755r	impacientemente
bn:00115756r	impecablemente
bn:00115759r	imperceptiblemente
bn:00115768r	increíblemente
bn:00115781r	en
bn:00115782r	instantáneamente
bn:00115817r	personalmente
bn:00115820r	públicamente
bn:00115829r	ahí
bn:00115832r	originalmente
bn:00115845r	sucesivamente
bn:00115856r	inconscientemente
bn:00115870r	incompletamente
bn:00115879r	mal
bn:00115880r	más
bn:00115880r	progresivamente
bn:00115888r	ciertamente
bn:00115888r	efectivamente
bn:00115888r	realmente
bn:00115891r	indefinidamente
bn:00115893r	independientemente
bn:00115900r	indirectamente
bn:00115904r	individualmente
bn:00115906r	adentro
bn:00115906r	dentro
bn:00115914r	inevitablemente
bn:00115917r	inevitablemente
bn:00115917r	necesariamente
bn:00115920r	inexorablemente
bn:00115958r	adentro
bn:00115958r	dentro
bn:00115958r	por
bn:00115969r	insolentemente
bn:00115972r	algo
bn:00115972r	antes
bn:00115972r	más
bn:00115973r	instintivamente
bn:00115979r	intelectualmente
bn:00115981r	intensamente
bn:00115990r	internamente
bn:00115991r	internacionalmente
bn:00116004r	inversamente
bn:00116031r	de
bn:00116052r	justo
bn:00116052r	recién
bn:00116052r	simplemente
bn:00116053r	simplemente
bn:00116059r	correctamente
bn:00116059r	justamente
bn:00116060r	bien
bn:00116060r	justamente
bn:00116064r	algo
bn:00116064r	bastante
bn:00116064r	más
bn:00116064r	mucho
bn:00116085r	recién
bn:00116085r	recientemente
bn:00116089r	ridículamente
bn:00116091r	legítimamente
bn:00116094r	menos
bn:00116098r	legalmente
bn:00116104r	menos
bn:00116105r	menos
bn:00116115r	ligeramente
bn:00116115r	suavemente
bn:00116118r	suavemente
bn:00116119r	ligeramente
bn:00116119r	suavemente
bn:00116120r	suavemente
bn:00116128r	asimismo
bn:00116128r	igualmente
bn:00116128r	también
bn:00116140r	literalmente
bn:00116141r	literalmente
bn:00116143r	poco
bn:00116146r	localmente
bn:00116150r	lógicamente
bn:00116153r	mucho
bn:00116164r	bajo
bn:00116199r	maravillosamente
bn:00116207r	matemáticamente
bn:00116211r	posiblemente
bn:00116211r	que
bn:00116211r	quizá
bn:00116211r	quizás
bn:00116223r	médicamente
bn:00116237r	mentalmente
bn:00116246r	metódicamente
bn:00116248r	meticulosamente
bn:00116257r	militarmente
bn:00116263r	milagrosamente
bn:00116264r	miserablemente
bn:00116266r	vagamente
bn:00116268r	modestamente
bn:00116280r	moralmente
bn:00116284r	más
bn:00116285r	más
bn:00116286r	algo
bn:00116286r	ligeramente
bn:00116295r	mucho
bn:00116296r	mucho
bn:00116297r	mucho
bn:00116321r	nacionalmente
bn:00116323r	naturalmente
bn:00116326r	jamás
bn:00116326r	nunca
bn:00116327r	cerca
bn:00116330r	necesariamente
bn:00116331r	necesariamente
bn:00116338r	unánimemente
bn:00116345r	después
bn:00116346r	bien
bn:00116348r	no
bn:00116349r	no
bn:00116358r	ruidosamente
bn:00116360r	no
bn:00116377r	notablemente
bn:00116381r	ahora
bn:00116381r	ya
bn:00116382r	ahora
bn:00116382r	hoy
bn:00116382r	ya
bn:00116383r	ahora
bn:00116383r	ya
bn:00116387r	ya
bn:00116412r	oficialmente
bn:00116423r	arriba
bn:00116424r	regularmente
bn:00116447r	solo
bn:00116448r	solo
bn:00116450r	solo
bn:00116455r	abiertamente
bn:00116469r	orgánicamente
bn:00116472r	originalmente
bn:00116483r	inesperadamente
bn:00116495r	afuera
bn:00116495r	fuera
bn:00116498r	extraordinariamente
bn:00116498r	inusualmente
bn:00116498r	notablemente
bn:00116502r	entre
bn:00116511r	demasiado
bn:00116517r	abiertamente
bn:00116529r	paradójicamente
bn:00116535r	parcialmente
bn:00116538r	apasionadamente
bn:00116540r	pasivamente
bn:00116548r	pacientemente
bn:00116562r	perfectamente
bn:00116565r	periódicamente
bn:00116575r	personalmente
bn:00116576r	personalmente
bn:00116577r	personalmente
bn:00116578r	personalmente
bn:00116590r	filosóficamente
bn:00116596r	fotográficamente
bn:00116599r	físicamente
bn:00116623r	simplemente
bn:00116642r	políticamente
bn:00116643r	políticamente
bn:00116647r	pomposamente
bn:00116652r	popularmente
bn:00116663r	potencialmente
bn:00116668r	prácticamente
bn:00116681r	antes
bn:00116681r	más
bn:00116681r	preferiblemente
bn:00116692r	presumiblemente
bn:00116692r	presuntamente
bn:00116714r	profesionalmente
bn:00116719r	con
bn:00116719r	pronto
bn:00116719r	rápidamente
bn:00116720r	con
bn:00116720r	pronto
bn:00116721r	rápidamente
bn:00116724r	proporcionalmente
bn:00116730r	orgullosamente
bn:00116752r	completamente
bn:00116752r	estrictamente
bn:00116752r	puramente
bn:00116753r	supuestamente
bn:00116767r	discretamente
bn:00116768r	discretamente
bn:00116768r	silenciosamente
bn:00116768r	suavemente
bn:00116771r	bastante
bn:00116771r	completamente
bn:00116771r	mucho
bn:00116772r	bastante
bn:00116772r	completamente
bn:00116772r	mucho
bn:00116773r	bastante
bn:00116780r	radicalmente
bn:00116787r	raramente
bn:00116788r	racionalmente
bn:00116789r	bien
bn:00116789r	más
bn:00116789r	mucho
bn:00116789r	que
bn:00116790r	ruidosamente
bn:00116794r	fácilmente
bn:00116797r	prudentemente
bn:00116797r	razonablemente
bn:00116801r	temerariamente
bn:00116819r	religiosamente
bn:00116826r	repetidamente
bn:00116829r	supuestamente
bn:00116843r	respectivamente
bn:00116844r	responsablemente
bn:00116860r	directamente
bn:00116860r	justo
bn:00116861r	justo
bn:00116861r	mismo
bn:00116869r	rigurosamente
bn:00116883r	toscamente
bn:00116886r	rutinariamente
bn:00116892r	tristemente
bn:00116893r	tristemente
bn:00116895r	sabiamente
bn:00116899r	satíricamente
bn:00116900r	satisfactoriamente
bn:00116910r	científicamente
bn:00116922r	secundariamente
bn:00116935r	semánticamente
bn:00116948r	severamente
bn:00116949r	sexualmente
bn:00116950r	sexualmente
bn:00116986r	significativamente
bn:00116987r	significativamente
bn:00116989r	simplemente
bn:00116990r	sinceramente
bn:00117027r	enérgicamente
bn:00117027r	vigorosamente
bn:00117031r	suavemente
bn:00117036r	subrepticiamente
bn:00117043r	así
bn:00117043r	después
bn:00117043r	entonces
bn:00117043r	porque
bn:00117043r	tanto
bn:00117044r	así
bn:00117044r	tanto
bn:00117045r	así
bn:00117045r	porque
bn:00117045r	tanto
bn:00117046r	así
bn:00117046r	tanto
bn:00117047r	así
bn:00117047r	luego
bn:00117048r	así
bn:00117053r	socialmente
bn:00117059r	suavemente
bn:00117060r	solemnemente
bn:00117062r	sólidamente
bn:00117068r	en
bn:00117091r	escasamente
bn:00117094r	específicamente
bn:00117096r	espectacularmente
bn:00117104r	espiritualmente
bn:00117106r	espontáneamente
bn:00117111r	directamente
bn:00117118r	teatralmente
bn:00117126r	estadísticamente
bn:00117130r	sigilosamente
bn:00117137r	rígidamente
bn:00117138r	aun
bn:00117138r	aún
bn:00117138r	todavía
bn:00117138r	ya
bn:00117154r	estrictamente
bn:00117156r	notablemente
bn:00117157r	fuertemente
bn:00117158r	estructuralmente
bn:00117159r	cuidadosamente
bn:00117170r	sustancialmente
bn:00117171r	sutilmente
bn:00117172r	exitosamente
bn:00117173r	tanto
bn:00117174r	suficientemente
bn:00117179r	superficialmente
bn:00117186r	efectivamente
bn:00117190r	sorprendentemente
bn:00117196r	simbólicamente
bn:00117198r	simétricamente
bn:00117205r	sintácticamente
bn:00117222r	técnicamente
bn:00117223r	técnicamente
bn:00117233r	temporalmente
bn:00117247r	mucho
bn:00117250r	así
bn:00117250r	entonces
bn:00117250r	luego
bn:00117250r	pues
bn:00117250r	ya
bn:00117251r	así
bn:00117251r	entonces
bn:00117251r	luego
bn:00117251r	ya
bn:00117254r	después
bn:00117254r	luego
bn:00117257r	teóricamente
bn:00117258r	teóricamente
bn:00117260r	ahí
bn:00117260r	allí
bn:00117263r	así
bn:00117263r	por
bn:00117297r	hasta
bn:00117297r	por
bn:00117298r	hasta
bn:00117298r	por
bn:00117315r	hoy
bn:00117317r	entre
bn:00117323r	mañana
bn:00117332r	tradicionalmente
bn:00117333r	trágicamente
bn:00117342r	transversalmente
bn:00117361r	típicamente
bn:00117370r	inequívocamente
bn:00117398r	incondicionalmente
bn:00117399r	inconscientemente
bn:00117428r	comprensivamente
bn:00117433r	indebidamente
bn:00117437r	infaliblemente
bn:00117454r	uniformemente
bn:00117457r	indudablemente
bn:00117463r	ininterrumpidamente
bn:00117465r	universalmente
bn:00117478r	innecesariamente
bn:00117485r	desagradablemente
bn:00117522r	arriba
bn:00117522r	hasta
bn:00117543r	inútilmente
bn:00117559r	mucho
bn:00117562r	victoriosamente
bn:00117565r	violentamente
bn:00117566r	prácticamente
bn:00117570r	visiblemente
bn:00117571r	visiblemente
bn:00117572r	visualmente
bn:00117583r	voluntariamente
bn:00117596r	débilmente
bn:00117603r	bien
bn:00117603r	ya
bn:00117604r	bien
bn:00117604r	mucho
bn:00117605r	bien
bn:00117606r	bien
bn:00117625r	ampliamente
bn:00117625r	considerablemente
bn:00117625r	mucho
bn:00117626r	ampliamente
bn:00117628r	frenéticamente
bn:00117628r	salvajemente
bn:00117629r	frenéticamente
bn:00117631r	deliberadamente
bn:00117641r	peor
bn:00117654r	aun
bn:00117654r	aún
bn:00117654r	todavía
bn:14866890n	árbitro
