bn:00000004n	صفر
bn:00000005n	ایک
bn:00000008n	دس
bn:00000009n	سینکڑوں
bn:00000010n	ہزار
bn:00000016n	ارب
bn:00000020n	بارہ
bn:00000020n	جن
bn:00000023n	تیرہ
bn:00000027n	پندرہ
bn:00000075n	دو
bn:00000079n	بیس
bn:00000086n	دن
bn:00000086n	روز
bn:00000100n	تین
bn:00000111n	چار
bn:00000119n	پانچ
bn:00000127n	وقت
bn:00000127n	گھنٹہ
bn:00000127n	گھڑی
bn:00000129n	سات
bn:00000138n	نو
bn:00000216n	ذلت
bn:00000249n	پیٹ
bn:00000266n	اغوا
bn:00000301n	رہائش
bn:00000317n	صلاحیت
bn:00000318n	صلاحیت
bn:00000318n	طاقت
bn:00000343n	انکار
bn:00000355n	رہائش
bn:00000355n	گاہ
bn:00000355n	گھر
bn:00000356n	جگہ
bn:00000356n	منزل
bn:00000356n	مکان
bn:00000356n	گھر
bn:00000367n	باشندہ
bn:00000372n	حمل
bn:00000392n	خراش
bn:00000395n	سختی
bn:00000427n	عدم
bn:00000427n	موجودگی
bn:00000428n	موجودگی
bn:00000440n	مطلق
bn:00000445n	اکثریت
bn:00000449n	حرارت
bn:00000459n	آمریت
bn:00000459n	ظلم
bn:00000471n	جذب
bn:00000472n	جذب
bn:00000489n	خاکہ
bn:00000494n	استدلال
bn:00000517n	کثرت
bn:00000521n	توہین
bn:00000554n	ڈگری
bn:00000638n	لہجہ
bn:00000639n	زور
bn:00000639n	لہجہ
bn:00000640n	بولی
bn:00000641n	دباؤ
bn:00000641n	زور
bn:00000641n	کشیدگی
bn:00000648n	قبولیت
bn:00000649n	قبولیت
bn:00000650n	قبولیت
bn:00000651n	قبولیت
bn:00000663n	قریب
bn:00000690n	حادثہ
bn:00000691n	اتفاق
bn:00000691n	حادثہ
bn:00000694n	زخم
bn:00000694n	چوٹ
bn:00000703n	اضافہ
bn:00000704n	اعزاز
bn:00000716n	ساتھ
bn:00000717n	حمایت
bn:00000717n	ساتھ
bn:00000724n	حصول
bn:00000724n	کامیابی
bn:00000725n	مہارت
bn:00000725n	پیشہ
bn:00000725n	ہنر
bn:00000726n	اتفاق
bn:00000726n	معاہدہ
bn:00000728n	معاہدہ
bn:00000738n	بیان
bn:00000738n	تاریخ
bn:00000738n	کہانی
bn:00000739n	بیان
bn:00000739n	حساب
bn:00000739n	خبر
bn:00000739n	رپورٹ
bn:00000739n	کہانی
bn:00000741n	بیان
bn:00000741n	وضاحت
bn:00000743n	حساب
bn:00000745n	خبر
bn:00000745n	رپورٹ
bn:00000746n	حساب
bn:00000759n	اندراج
bn:00000775n	ثقافت
bn:00000777n	مجموعہ
bn:00000782n	حقیقت
bn:00000782n	سچ
bn:00000784n	الزام
bn:00000790n	ستارہ
bn:00000825n	تلخی
bn:00000859n	درد
bn:00000870n	کامیابی
bn:00000902n	تیزاب
bn:00000937n	شناخت
bn:00000937n	پہچان
bn:00000939n	حوالہ
bn:00000939n	ذکر
bn:00000942n	اونچائی
bn:00000942n	چوٹی
bn:00000943n	چوٹی
bn:00000990n	واقفیت
bn:00000991n	واقفیت
bn:00001005n	حصول
bn:00001019n	زمین
bn:00001077n	عمل
bn:00001078n	عمل
bn:00001079n	اداکاری
bn:00001079n	عمل
bn:00001092n	اداکاری
bn:00001127n	اثر
bn:00001127n	اقدام
bn:00001127n	عمل
bn:00001127n	کارروائی
bn:00001127n	کام
bn:00001128n	اثر
bn:00001128n	حرکت
bn:00001128n	سرگرمی
bn:00001128n	عمل
bn:00001128n	کارروائی
bn:00001128n	کام
bn:00001129n	عمل
bn:00001129n	کار
bn:00001129n	کارروائی
bn:00001130n	عمل
bn:00001130n	کارروائی
bn:00001134n	کارروائی
bn:00001172n	سرگرمی
bn:00001173n	سرگرمی
bn:00001176n	اداکار
bn:00001176n	کھلاڑی
bn:00001181n	اداکارہ
bn:00001227n	اشتہار
bn:00001236n	کہاوت
bn:00001252n	ہیرا
bn:00001276n	اضافہ
bn:00001279n	ضمیمہ
bn:00001293n	اضافہ
bn:00001294n	اضافہ
bn:00001294n	منافع
bn:00001302n	پتہ
bn:00001303n	پتہ
bn:00001304n	تقریر
bn:00001304n	خطاب
bn:00001305n	خطاب
bn:00001360n	پابندی
bn:00001362n	شاگرد
bn:00001386n	چربی
bn:00001395n	صفت
bn:00001396n	صفت
bn:00001410n	تبدیلی
bn:00001410n	ترمیم
bn:00001422n	انتظامیہ
bn:00001423n	ادارہ
bn:00001423n	انتظامیہ
bn:00001423n	تنظیم
bn:00001425n	انتظامیہ
bn:00001425n	صدارت
bn:00001426n	حکومت
bn:00001434n	منتظم
bn:00001435n	منتظم
bn:00001453n	تعریف
bn:00001454n	تعجب
bn:00001454n	حیرت
bn:00001455n	قدر
bn:00001456n	حامی
bn:00001460n	بار
bn:00001460n	داخلہ
bn:00001469n	انتباہ
bn:00001469n	نصیحت
bn:00001472n	ہلچل
bn:00001530n	عورت
bn:00001533n	آدم
bn:00001533n	آدمی
bn:00001533n	انسان
bn:00001533n	مرد
bn:00001544n	پختگی
bn:00001548n	ترقی
bn:00001548n	پیش
bn:00001549n	بہتری
bn:00001549n	میں
bn:00001551n	ترقی
bn:00001557n	ترقی
bn:00001557n	رفت
bn:00001557n	پیش
bn:00001559n	فائدہ
bn:00001589n	اشتہار
bn:00001592n	مشورہ
bn:00001592n	نصیحت
bn:00001598n	مشیر
bn:00001602n	وکالت
bn:00001603n	وکیل
bn:00001697n	جہاز
bn:00001734n	بات
bn:00001734n	معاملہ
bn:00001734n	چیز
bn:00001735n	رابطہ
bn:00001735n	معاملہ
bn:00001736n	معاملہ
bn:00001736n	موقع
bn:00001740n	اثر
bn:00001744n	محبت
bn:00001763n	رشتہ
bn:00001785n	دولت
bn:00001793n	خوف
bn:00001793n	دہشت
bn:00001796n	افغان
bn:00001867n	اثر
bn:00001874n	نتیجہ
bn:00001875n	پہر
bn:00001877n	چائے
bn:00001887n	چاندی
bn:00001936n	عمر
bn:00001937n	دور
bn:00001937n	زمانہ
bn:00001937n	عمر
bn:00001938n	عمر
bn:00001961n	دفتر
bn:00001961n	ذریعہ
bn:00001961n	عہدہ
bn:00001965n	اوقات
bn:00001965n	ذریعہ
bn:00001965n	راستہ
bn:00001965n	طرح
bn:00001965n	طریقہ
bn:00001965n	طور
bn:00001967n	بندی
bn:00001967n	میں
bn:00001972n	ایجنٹ
bn:00001973n	ایجنٹ
bn:00001974n	ایجنٹ
bn:00001975n	ایجنٹ
bn:00001992n	ڈھیر
bn:00002012n	جمع
bn:00002014n	جارحیت
bn:00002015n	جارحیت
bn:00002016n	جارحیت
bn:00002021n	آور
bn:00002032n	جوش
bn:00002071n	عذاب
bn:00002072n	تکلیف
bn:00002072n	مصیبت
bn:00002086n	معاہدہ
bn:00002087n	اتفاق
bn:00002087n	مطابقت
bn:00002087n	معاہدہ
bn:00002088n	انتظامات
bn:00002088n	معاہدہ
bn:00002091n	زراعت
bn:00002096n	زراعت
bn:00002154n	امداد
bn:00002154n	مدد
bn:00002155n	امداد
bn:00002155n	مدد
bn:00002156n	امداد
bn:00002156n	مدد
bn:00002157n	احتیاط
bn:00002157n	توجہ
bn:00002157n	خیال
bn:00002171n	شکایت
bn:00002178n	ارادہ
bn:00002178n	مقصد
bn:00002178n	نیت
bn:00002178n	کام
bn:00002179n	مقصد
bn:00002179n	ہدف
bn:00002180n	مقصد
bn:00002189n	فضا
bn:00002189n	ماحول
bn:00002216n	ہوا
bn:00002275n	جہاز
bn:00002306n	جہاز
bn:00002315n	پٹی
bn:00002410n	انتباہ
bn:00002519n	شراب
bn:00002714n	عذر
bn:00002715n	عذر
bn:00002726n	اجنبی
bn:00002761n	جان
bn:00002761n	حیات
bn:00002761n	زندگی
bn:00002819n	وعدہ
bn:00002819n	وفاداری
bn:00002822n	مثال
bn:00002848n	راحت
bn:00002851n	گلی
bn:00002946n	حوالہ
bn:00002954n	سیلاب
bn:00002956n	دوست
bn:00002966n	خالق
bn:00002966n	خداوند
bn:00002966n	رب
bn:00002966n	مالک
bn:00003005n	فاصلہ
bn:00003057n	حرف
bn:00003125n	تبدیلی
bn:00003126n	ثانی
bn:00003126n	نظر
bn:00003132n	اختیار
bn:00003132n	انتخاب
bn:00003164n	التحصیل
bn:00003200n	نوکرانی
bn:00003242n	حیرت
bn:00003251n	سفیر
bn:00003263n	فضا
bn:00003263n	ماحول
bn:00003268n	دائرہ
bn:00003268n	مدار
bn:00003268n	پہنچنا
bn:00003269n	خواب
bn:00003341n	امریکہ
bn:00003342n	امریکہ
bn:00003537n	دوستی
bn:00003543n	بارود
bn:00003543n	گولا
bn:00003601n	رقم
bn:00003601n	مقدار
bn:00003602n	تعداد
bn:00003602n	رقم
bn:00003602n	مقدار
bn:00003603n	اقدام
bn:00003603n	مقدار
bn:00003604n	رقم
bn:00003604n	مقدار
bn:00003664n	فائدہ
bn:00003793n	تجزیہ
bn:00003794n	تجزیہ
bn:00003795n	تجزیہ
bn:00003801n	تجزیہ
bn:00003801n	کار
bn:00003810n	یاد
bn:00003879n	ساخت
bn:00003879n	ڈھانچہ
bn:00003882n	شکل
bn:00003882n	گوشت
bn:00003893n	خون
bn:00003893n	نسب
bn:00003895n	لنگر
bn:00003896n	ریڑھ
bn:00003896n	لنگر
bn:00004063n	فرشتہ
bn:00004085n	غصہ
bn:00004086n	غصہ
bn:00004117n	زاویہ
bn:00004118n	زاویہ
bn:00004188n	شکنجہ
bn:00004188n	عذاب
bn:00004222n	جانور
bn:00004264n	سرگرمی
bn:00004273n	دشمنی
bn:00004339n	سالگرہ
bn:00004350n	میں
bn:00004352n	اعلان
bn:00004353n	اعلان
bn:00004451n	جواب
bn:00004452n	جواب
bn:00004452n	حل
bn:00004452n	نتائج
bn:00004452n	نتیجہ
bn:00004453n	جواب
bn:00004630n	مذاق
bn:00004630n	چال
bn:00004638n	پیش
bn:00004639n	توقع
bn:00004801n	اضطراب
bn:00004801n	پریشانی
bn:00004802n	پریشانی
bn:00004840n	رخی
bn:00005007n	لباس
bn:00005011n	افق
bn:00005012n	تحریک
bn:00005012n	حرکت
bn:00005015n	سایہ
bn:00005017n	اپیل
bn:00005017n	دعا
bn:00005018n	اپیل
bn:00005018n	میں
bn:00005019n	اپیل
bn:00005020n	مجموعہ
bn:00005023n	شکل
bn:00005023n	ظہور
bn:00005024n	شکل
bn:00005025n	حاضری
bn:00005026n	شکل
bn:00005027n	شکل
bn:00005032n	نام
bn:00005033n	رکن
bn:00005043n	ضمیمہ
bn:00005054n	سیب
bn:00005091n	والا
bn:00005092n	استعمال
bn:00005111n	تاریخ
bn:00005121n	تخمینہ
bn:00005123n	کار
bn:00005125n	قبضہ
bn:00005125n	قدر
bn:00005126n	ذائقہ
bn:00005133n	خطرہ
bn:00005136n	گرفتاری
bn:00005137n	شاگرد
bn:00005141n	حملہ
bn:00005142n	آمد
bn:00005142n	قریب
bn:00005158n	منظوری
bn:00005158n	نعمت
bn:00005159n	منظوری
bn:00005160n	منظوری
bn:00005164n	اندازہ
bn:00005164n	تخمینہ
bn:00005168n	سامان
bn:00005169n	اپریل
bn:00005361n	قوس
bn:00005362n	قوس
bn:00005380n	ڈگری
bn:00005435n	معمار
bn:00005439n	منصوبہ
bn:00005439n	نقشہ
bn:00005441n	تعمیر
bn:00005442n	تعمیر
bn:00005443n	تعمیر
bn:00005509n	جوش
bn:00005511n	آگ
bn:00005513n	زمین
bn:00005513n	علاقہ
bn:00005513n	ملک
bn:00005514n	علاقہ
bn:00005515n	خطہ
bn:00005515n	علاقہ
bn:00005516n	دائرہ
bn:00005516n	شعبہ
bn:00005516n	علاقہ
bn:00005516n	مدار
bn:00005516n	میدان
bn:00005517n	علاقہ
bn:00005518n	علاقہ
bn:00005518n	وسعت
bn:00005599n	بحث
bn:00005599n	تنازعہ
bn:00005599n	دلیل
bn:00005600n	بحث
bn:00005600n	بیان
bn:00005600n	دلیل
bn:00005601n	بحث
bn:00005601n	مباحثہ
bn:00005602n	بحث
bn:00005605n	سلسلہ
bn:00005605n	لائن
bn:00005605n	میں
bn:00005633n	خشکی
bn:00005659n	اشرافیہ
bn:00005674n	ارسطو
bn:00005676n	حساب
bn:00005702n	بازو
bn:00005702n	کمر
bn:00005702n	ہاتھ
bn:00005703n	بازو
bn:00005704n	اسلحہ
bn:00005704n	ہتھیار
bn:00005705n	بازو
bn:00005706n	شاخ
bn:00005729n	کرسی
bn:00005731n	جنگ
bn:00005731n	میں
bn:00005732n	فوجی
bn:00005737n	خدمت
bn:00005803n	فوج
bn:00005804n	فوج
bn:00005813n	جھونپڑی
bn:00005845n	خوشبو
bn:00005846n	خوشبو
bn:00005862n	انتظامات
bn:00005862n	ترتیب
bn:00005863n	انتظامات
bn:00005863n	ترتیب
bn:00005863n	تنظیم
bn:00005863n	نظام
bn:00005864n	ترتیب
bn:00005865n	انتظامات
bn:00005885n	آمد
bn:00005887n	آمد
bn:00005896n	تیر
bn:00005913n	دم
bn:00005913n	نشست
bn:00005913n	پیچھے
bn:00005926n	فن
bn:00005927n	فن
bn:00005928n	فن
bn:00005929n	فن
bn:00006121n	مضامین
bn:00006121n	مضمون
bn:00006122n	چیز
bn:00006125n	لباس
bn:00006125n	کپڑا
bn:00006128n	یقین
bn:00006140n	گھٹنا
bn:00006143n	کلائی
bn:00006150n	آواز
bn:00006157n	ہنر
bn:00006172n	توپ
bn:00006173n	توپ
bn:00006174n	توپ
bn:00006174n	ہتھیار
bn:00006182n	کار
bn:00006188n	معصومیت
bn:00006248n	تسلط
bn:00006248n	غلبہ
bn:00006248n	میں
bn:00006253n	اضافہ
bn:00006258n	عروج
bn:00006362n	میں
bn:00006382n	پہلو
bn:00006383n	پہلو
bn:00006384n	منظر
bn:00006384n	نظارہ
bn:00006384n	نظر
bn:00006384n	پہلو
bn:00006386n	نظر
bn:00006386n	چہرہ
bn:00006461n	قاتل
bn:00006466n	حملہ
bn:00006467n	حملہ
bn:00006479n	اجتماع
bn:00006481n	اجتماع
bn:00006502n	فیصلہ
bn:00006504n	اثاثہ
bn:00006515n	عطیہ
bn:00006521n	طالب
bn:00006522n	مدد
bn:00006523n	مدد
bn:00006531n	ساتھی
bn:00006532n	ساتھی
bn:00006539n	انجمن
bn:00006540n	انجمن
bn:00006542n	انجمن
bn:00006555n	بندی
bn:00006555n	درجہ
bn:00006558n	مفروضہ
bn:00006559n	خود
bn:00006565n	اختیار
bn:00006565n	اعتماد
bn:00006565n	دہانی
bn:00006565n	یقین
bn:00006566n	یقین
bn:00006567n	یقین
bn:00006605n	ستارہ
bn:00006663n	فلکیات
bn:00006701n	امن
bn:00006752n	میدان
bn:00006759n	کھیل
bn:00006803n	فضا
bn:00006803n	ماحول
bn:00006806n	ماحول
bn:00006807n	فضا
bn:00006808n	موسم
bn:00006815n	ذرہ
bn:00006859n	تانبہ
bn:00006992n	بانڈز
bn:00006994n	حملہ
bn:00006995n	حملہ
bn:00006996n	حملہ
bn:00006997n	حملہ
bn:00006997n	کوشش
bn:00006998n	حملہ
bn:00007011n	کوشش
bn:00007013n	حاضری
bn:00007017n	نوکر
bn:00007020n	توجہ
bn:00007021n	توجہ
bn:00007022n	توجہ
bn:00007023n	توجہ
bn:00007024n	توجہ
bn:00007032n	گواہ
bn:00007046n	لباس
bn:00007047n	رویہ
bn:00007048n	رویہ
bn:00007051n	وکیل
bn:00007061n	کشش
bn:00007062n	کشش
bn:00007064n	کشش
bn:00007067n	صفات
bn:00007068n	صفات
bn:00007070n	توبہ
bn:00007098n	سماعت
bn:00007099n	انٹرویو
bn:00007099n	مشاورت
bn:00007099n	مشورہ
bn:00007101n	آواز
bn:00007134n	آواز
bn:00007140n	اگست
bn:00007146n	صفر
bn:00007182n	خالہ
bn:00007184n	ہالہ
bn:00007188n	تاج
bn:00007190n	کان
bn:00007205n	صبح
bn:00007286n	صداقت
bn:00007287n	مصنف
bn:00007287n	نگار
bn:00007288n	مصنف
bn:00007292n	اختیار
bn:00007293n	اختیار
bn:00007293n	اقتدار
bn:00007294n	اختیار
bn:00007299n	حکومت
bn:00007299n	سرکاری
bn:00007300n	اختیار
bn:00007301n	اختیار
bn:00007306n	تحریر
bn:00007309n	گاڑی
bn:00007329n	بس
bn:00007335n	ظالم
bn:00007366n	کاری
bn:00007389n	آزادی
bn:00007389n	خودمختاری
bn:00007406n	خزاں
bn:00007427n	مدد
bn:00007434n	لالچ
bn:00007449n	اوسط
bn:00007449n	معیار
bn:00007481n	شوق
bn:00007496n	انعام
bn:00007496n	فیصلہ
bn:00007497n	انعام
bn:00007497n	انعامات
bn:00007498n	واقفیت
bn:00007528n	اصول
bn:00007530n	محور
bn:00007536n	محور
bn:00007630n	بچہ
bn:00007675n	بچپن
bn:00007699n	تمباکو
bn:00007727n	پیٹھ
bn:00007727n	پیچھے
bn:00007728n	پیچھے
bn:00007729n	پیٹھ
bn:00007729n	پیچھے
bn:00007767n	ریڑھ
bn:00007781n	منظر
bn:00007782n	زمین
bn:00007782n	منظر
bn:00007783n	منظر
bn:00007784n	منظر
bn:00007785n	منظر
bn:00007786n	منظر
bn:00007797n	حمایت
bn:00007837n	راحت
bn:00007875n	برائی
bn:00007884n	بدقسمتی
bn:00007885n	بدقسمتی
bn:00007886n	بدقسمتی
bn:00007896n	نشان
bn:00007912n	شدت
bn:00007922n	تھیلی
bn:00007924n	بنیاد
bn:00007927n	قبضہ
bn:00007940n	سامان
bn:00007985n	شعبہ
bn:00007985n	ضبط
bn:00007985n	مضمون
bn:00007985n	مطالعہ
bn:00007985n	موضوع
bn:00007985n	میدان
bn:00007998n	دام
bn:00008043n	توازن
bn:00008044n	توازن
bn:00008045n	توازن
bn:00008047n	باقی
bn:00008120n	گیند
bn:00008121n	گیند
bn:00008122n	گیند
bn:00008127n	ٹکڑا
bn:00008141n	کلب
bn:00008250n	دھماکا
bn:00008279n	حلقہ
bn:00008279n	گروہ
bn:00008333n	دھماکا
bn:00008334n	دھماکا
bn:00008363n	بینک
bn:00008364n	بینک
bn:00008365n	بینک
bn:00008433n	دعوت
bn:00008433n	ضیافت
bn:00008463n	خانہ
bn:00008530n	تار
bn:00008568n	معاہدہ
bn:00008572n	تاجر
bn:00008594n	چھال
bn:00008639n	بادشاہ
bn:00008690n	بیرل
bn:00008691n	بیرل
bn:00008713n	رکاوٹ
bn:00008714n	رکاوٹ
bn:00008715n	رکاوٹ
bn:00008782n	بنیاد
bn:00008783n	بنیاد
bn:00008784n	بنیاد
bn:00008785n	بنیاد
bn:00008786n	بنیاد
bn:00008792n	گھر
bn:00008793n	جڑ
bn:00008800n	میں
bn:00008824n	خانہ
bn:00008864n	حوض
bn:00008870n	بنیاد
bn:00008870n	زمین
bn:00008872n	ٹوکری
bn:00008873n	ٹوکری
bn:00008912n	آواز
bn:00008985n	مقدار
bn:00008985n	ڈھیر
bn:00008990n	غسل
bn:00008991n	غسل
bn:00009020n	خانہ
bn:00009041n	چھڑی
bn:00009078n	جنگ
bn:00009079n	جنگ
bn:00009080n	تنازع
bn:00009183n	جنگ
bn:00009186n	لڑاکا
bn:00009205n	طوائف
bn:00009212n	خلیج
bn:00009213n	خلیج
bn:00009254n	بازار
bn:00009263n	ساحل
bn:00009291n	قطرہ
bn:00009313n	شعاع
bn:00009314n	کرن
bn:00009315n	شعاع
bn:00009316n	کرن
bn:00009361n	داڑھی
bn:00009379n	موجودگی
bn:00009395n	دل
bn:00009472n	بستر
bn:00009473n	بستر
bn:00009474n	بستر
bn:00009477n	پرت
bn:00009485n	بستر
bn:00009493n	چادر
bn:00009503n	افراتفری
bn:00009543n	گوشت
bn:00009544n	گوشت
bn:00009586n	شیطان
bn:00009589n	جو
bn:00009616n	باپ
bn:00009616n	والد
bn:00009617n	بھیک
bn:00009631n	بانی
bn:00009632n	آغاز
bn:00009632n	شروع
bn:00009633n	آغاز
bn:00009633n	شروع
bn:00009634n	آغاز
bn:00009634n	شروع
bn:00009635n	آغاز
bn:00009635n	اصل
bn:00009635n	جڑ
bn:00009635n	ماخذ
bn:00009636n	آغاز
bn:00009636n	شروع
bn:00009652n	جانب
bn:00009653n	خاطر
bn:00009654n	رویہ
bn:00009655n	رویہ
bn:00009656n	رویہ
bn:00009668n	مبصر
bn:00009676n	زندگی
bn:00009676n	موجودگی
bn:00009676n	وجود
bn:00009716n	ایمان
bn:00009716n	عقیدہ
bn:00009716n	یقین
bn:00009717n	احساس
bn:00009717n	اندازہ
bn:00009717n	تاثر
bn:00009717n	تصور
bn:00009717n	خیال
bn:00009717n	عقیدہ
bn:00009717n	یقین
bn:00009720n	مومن
bn:00009727n	گھنٹا
bn:00009727n	گھنٹی
bn:00009728n	گھنٹی
bn:00009796n	پیٹ
bn:00009815n	املاک
bn:00009815n	ملکیت
bn:00009819n	شہد
bn:00009819n	عزیز
bn:00009819n	محبت
bn:00009852n	عدلیہ
bn:00009867n	باری
bn:00009867n	موڑ
bn:00009868n	موڑ
bn:00009869n	موڑ
bn:00009897n	مدد
bn:00009904n	فائدہ
bn:00009905n	بہبود
bn:00009905n	فائدہ
bn:00009992n	میراث
bn:00010073n	جگہ
bn:00010073n	حیثیت
bn:00010073n	عہدہ
bn:00010073n	مقام
bn:00010073n	میں
bn:00010110n	والا
bn:00010111n	شرط
bn:00010147n	حماقت
bn:00010148n	دغا
bn:00010161n	ساتھی
bn:00010203n	بھارت
bn:00010217n	کتاب
bn:00010243n	جھگڑا
bn:00010248n	بائیسکل
bn:00010260n	حکم
bn:00010260n	پیشکش
bn:00010261n	کھیل
bn:00010270n	مرغی
bn:00010307n	ڈھیر
bn:00010390n	غصہ
bn:00010392n	اقدام
bn:00010395n	وقت
bn:00010411n	الزام
bn:00010422n	میں
bn:00010429n	بٹوہ
bn:00010534n	حیات
bn:00010534n	زندگی
bn:00010543n	حیاتیات
bn:00010605n	پرندہ
bn:00010606n	پرندہ
bn:00010649n	آواز
bn:00010649n	گیت
bn:00010663n	پیدائش
bn:00010664n	پیدائش
bn:00010665n	پیدائش
bn:00010678n	سالگرہ
bn:00010679n	سالگرہ
bn:00010686n	پیدائش
bn:00010712n	روم
bn:00010726n	ٹکڑا
bn:00010727n	ٹکڑا
bn:00010728n	لمحہ
bn:00010728n	منٹ
bn:00010729n	ٹکڑا
bn:00010732n	میں
bn:00010744n	میں
bn:00010788n	تلخی
bn:00010816n	سیاہی
bn:00010817n	سیاہی
bn:00010894n	رکاوٹ
bn:00010937n	گاڑی
bn:00011081n	تلوار
bn:00011095n	الزام
bn:00011110n	جگہ
bn:00011117n	جگہ
bn:00011135n	دھماکا
bn:00011224n	مریم
bn:00011225n	احسان
bn:00011241n	خدا
bn:00011241n	ساتھی
bn:00011241n	لڑکا
bn:00011246n	اندھا
bn:00011246n	اندھے
bn:00011247n	اندھا
bn:00011271n	پن
bn:00011276n	لمحہ
bn:00011303n	پھولنا
bn:00011305n	دھبہ
bn:00011327n	محاصرہ
bn:00011346n	خون
bn:00011347n	خون
bn:00011348n	خون
bn:00011357n	بھائی
bn:00011392n	خون
bn:00011394n	خون
bn:00011396n	رگ
bn:00011421n	پھول
bn:00011422n	پھول
bn:00011423n	پھول
bn:00011424n	پھول
bn:00011425n	چوٹی
bn:00011428n	غلطی
bn:00011436n	داغ
bn:00011436n	دھبہ
bn:00011442n	چوٹ
bn:00011444n	جھٹکا
bn:00011468n	دھماکا
bn:00011477n	نیلا
bn:00011479n	نیلا
bn:00011639n	تختہ
bn:00011672n	فخر
bn:00011674n	کشتی
bn:00011737n	پیش
bn:00011744n	جسم
bn:00011745n	ادارہ
bn:00011745n	جسم
bn:00011746n	جسم
bn:00011747n	جسم
bn:00011748n	جسم
bn:00011749n	جسم
bn:00011750n	جسم
bn:00011766n	آب
bn:00011766n	پانی
bn:00011781n	محافظ
bn:00011849n	والا
bn:00011973n	بانڈز
bn:00011974n	بانڈز
bn:00011984n	غلامی
bn:00011999n	ہڈی
bn:00012000n	ہڈی
bn:00012001n	ہاتھی
bn:00012017n	ہڈی
bn:00012047n	سینہ
bn:00012054n	پیسہ
bn:00012059n	کتاب
bn:00012060n	کتاب
bn:00012061n	ریکارڈ
bn:00012061n	کتاب
bn:00012062n	کتاب
bn:00012083n	حوالہ
bn:00012133n	کتابچہ
bn:00012135n	طالب
bn:00012135n	علم
bn:00012157n	حوصلہ
bn:00012166n	جوتا
bn:00012171n	ٹھوکر
bn:00012195n	شراب
bn:00012196n	شراب
bn:00012212n	سرحد
bn:00012213n	حاشیہ
bn:00012213n	سرحد
bn:00012214n	کنارہ
bn:00012232n	بوریت
bn:00012273n	مویشی
bn:00012286n	سینہ
bn:00012287n	سینہ
bn:00012289n	دل
bn:00012293n	مالک
bn:00012295n	مالک
bn:00012327n	مصیبت
bn:00012327n	پریشانی
bn:00012399n	شاخ
bn:00012403n	چٹان
bn:00012411n	چھلانگ
bn:00012411n	چھلانگوں
bn:00012417n	حد
bn:00012417n	سرحد
bn:00012418n	سرحد
bn:00012419n	حد
bn:00012441n	طبقہ
bn:00012465n	قوس
bn:00012465n	کمان
bn:00012466n	قوس
bn:00012467n	قوس
bn:00012468n	قوس
bn:00012524n	خانہ
bn:00012525n	خانہ
bn:00012526n	خانہ
bn:00012569n	لڑکا
bn:00012570n	لڑکا
bn:00012571n	بچہ
bn:00012571n	بیٹا
bn:00012571n	لڑکا
bn:00012572n	لڑکا
bn:00012596n	جوڑا
bn:00012596n	جوڑی
bn:00012597n	جوڑا
bn:00012679n	دماغ
bn:00012680n	دماغ
bn:00012680n	ذہن
bn:00012680n	ذہنیت
bn:00012681n	دماغ
bn:00012681n	ذہن
bn:00012681n	سر
bn:00012682n	دماغ
bn:00012705n	حوصلہ
bn:00012706n	بصیرت
bn:00012738n	شاخ
bn:00012739n	شاخ
bn:00012758n	قسم
bn:00012759n	قسم
bn:00012789n	پیتل
bn:00012839n	بہادری
bn:00012839n	ہمت
bn:00012873n	روٹی
bn:00012877n	حمایت
bn:00012877n	روزی
bn:00012886n	پیٹ
bn:00012892n	وسعت
bn:00012892n	چوڑائی
bn:00012893n	چوڑائی
bn:00012898n	ٹوٹنا
bn:00012899n	آرام
bn:00012901n	وقفہ
bn:00012930n	ناشتا
bn:00012930n	ناشتہ
bn:00012940n	دریافت
bn:00012944n	علیحدگی
bn:00012950n	سینہ
bn:00012965n	سانس
bn:00012966n	سانس
bn:00012968n	سانس
bn:00012973n	سانس
bn:00012992n	تعلیم
bn:00012993n	پرورش
bn:00013043n	رشوت
bn:00013047n	اینٹ
bn:00013048n	اینٹ
bn:00013066n	دلہن
bn:00013077n	پل
bn:00013078n	پل
bn:00013079n	پل
bn:00013080n	پل
bn:00013081n	پل
bn:00013121n	روشنی
bn:00013123n	روشنی
bn:00013135n	کنارا
bn:00013144n	کنارا
bn:00013173n	برطانیہ
bn:00013194n	پاؤنڈ
bn:00013238n	نشریات
bn:00013281n	غم
bn:00013326n	کانسی
bn:00013340n	جو
bn:00013371n	بھائی
bn:00013372n	دوست
bn:00013380n	خیرات
bn:00013389n	پیشانی
bn:00013464n	زخم
bn:00013493n	ملاقات
bn:00013560n	قزاق
bn:00013590n	بالٹی
bn:00013623n	کسان
bn:00013628n	بدھ
bn:00013632n	بدھ
bn:00013639n	بجٹ
bn:00013640n	بجٹ
bn:00013697n	کیڑا
bn:00013719n	والا
bn:00013722n	تعمیر
bn:00013722n	عمارت
bn:00013723n	تعمیر
bn:00013723n	عمارت
bn:00013767n	اکثریت
bn:00013768n	حجم
bn:00013768n	مقدار
bn:00013807n	گولی
bn:00013843n	دھمکی
bn:00013874n	گروہ
bn:00013874n	ہجوم
bn:00013875n	گروہ
bn:00013896n	احمقانہ
bn:00013941n	بوجھ
bn:00013942n	بوجھ
bn:00013943n	اثر
bn:00013980n	تدفین
bn:00013980n	دفن
bn:00013984n	قبرستان
bn:00013984n	قبرستانوں
bn:00014010n	جلن
bn:00014066n	دھماکا
bn:00014068n	پھٹنا
bn:00014095n	جھاڑی
bn:00014097n	جھاڑی
bn:00014136n	کاروبار
bn:00014136n	کاروباروں
bn:00014136n	کام
bn:00014137n	کاروبار
bn:00014138n	لائن
bn:00014138n	ملازمت
bn:00014138n	نوکری
bn:00014138n	پیشہ
bn:00014138n	کاروبار
bn:00014138n	کام
bn:00014139n	کاروبار
bn:00014139n	کام
bn:00014140n	کاروبار
bn:00014140n	کام
bn:00014141n	کاروبار
bn:00014142n	تجارت
bn:00014142n	کاروبار
bn:00014152n	تجارت
bn:00014152n	سودا
bn:00014152n	معاہدہ
bn:00014152n	کاروبار
bn:00014155n	شہر
bn:00014160n	کمپنی
bn:00014160n	گھر
bn:00014169n	دفتر
bn:00014169n	پیشہ
bn:00014175n	تاجر
bn:00014182n	بوسہ
bn:00014237n	ہدف
bn:00014238n	سگریٹ
bn:00014249n	مکھن
bn:00014334n	خریداری
bn:00014410n	سازش
bn:00014445n	کابینہ
bn:00014457n	لائن
bn:00014457n	میں
bn:00014500n	جذبہ
bn:00014500n	جنون
bn:00014512n	لاش
bn:00014512n	لاشہ
bn:00014574n	قفس
bn:00014575n	قفس
bn:00014640n	آفت
bn:00014640n	تباہی
bn:00014640n	سانحہ
bn:00014688n	حساب
bn:00014689n	حساب
bn:00014710n	ماہ
bn:00014710n	مہینا
bn:00014710n	مہینہ
bn:00014711n	ہفتہ
bn:00014731n	معیار
bn:00014743n	خلیفہ
bn:00014793n	آواز
bn:00014793n	پکار
bn:00014793n	چیخ
bn:00014793n	چیخنا
bn:00014794n	آواز
bn:00014824n	صحبت
bn:00014824n	کمپنی
bn:00014839n	پیشہ
bn:00014878n	خاموشی
bn:00014878n	پرسکون
bn:00015008n	کیمرہ
bn:00015009n	کیمرہ
bn:00015050n	مہم
bn:00015051n	تحریک
bn:00015051n	جنگ
bn:00015051n	مہم
bn:00015052n	مہم
bn:00015056n	امیدوار
bn:00015103n	میں
bn:00015205n	امکان
bn:00015205n	امیدوار
bn:00015211n	بتی
bn:00015211n	شمع
bn:00015211n	موم
bn:00015223n	بتی
bn:00015267n	کتا
bn:00015303n	توپ
bn:00015320n	کینن
bn:00015387n	سروے
bn:00015398n	ٹوپی
bn:00015399n	ٹوپی
bn:00015400n	ٹوپی
bn:00015401n	ٹوپی
bn:00015404n	چھت
bn:00015409n	صلاحیت
bn:00015410n	صلاحیت
bn:00015418n	صلاحیت
bn:00015419n	صلاحیت
bn:00015420n	صلاحیت
bn:00015496n	سرمایہ
bn:00015497n	سرمایہ
bn:00015607n	پیش
bn:00015663n	داری
bn:00015663n	سرمایہ
bn:00015720n	بکری
bn:00015749n	کپتان
bn:00015750n	کپتان
bn:00015751n	کپتان
bn:00015752n	کپتان
bn:00015752n	کپتانوں
bn:00015753n	کپتان
bn:00015767n	قیدی
bn:00015774n	قبضہ
bn:00015784n	دماغ
bn:00015784n	سر
bn:00015795n	گاڑی
bn:00015839n	کار
bn:00015914n	کارڈ
bn:00015915n	کارڈ
bn:00015916n	کارڈ
bn:00016012n	احتیاط
bn:00016012n	بھال
bn:00016013n	تشویش
bn:00016013n	خطرہ
bn:00016013n	خوف
bn:00016013n	فکر
bn:00016015n	ذمہ
bn:00016016n	خیال
bn:00016032n	غفلت
bn:00016047n	بوجھ
bn:00016205n	فرش
bn:00016205n	قالین
bn:00016214n	جوتی
bn:00016240n	گاڑی
bn:00016241n	گاڑی
bn:00016257n	اخبار
bn:00016257n	جو
bn:00016286n	عمل
bn:00016286n	کارکردگی
bn:00016291n	گاڑی
bn:00016338n	میں
bn:00016356n	مجسمہ
bn:00016360n	مجسمہ
bn:00016401n	صورت
bn:00016401n	مثال
bn:00016401n	معاملہ
bn:00016401n	کیس
bn:00016402n	صورت
bn:00016402n	معاملہ
bn:00016402n	واقعات
bn:00016403n	صورت
bn:00016403n	معاملہ
bn:00016403n	مقدمہ
bn:00016403n	کیس
bn:00016404n	صورت
bn:00016404n	معاملہ
bn:00016405n	کیس
bn:00016406n	صورت
bn:00016406n	کیس
bn:00016407n	کیس
bn:00016408n	معاملہ
bn:00016408n	کیس
bn:00016409n	معاملہ
bn:00016409n	کیس
bn:00016413n	اقسام
bn:00016413n	قسم
bn:00016413n	کردار
bn:00016426n	مثال
bn:00016448n	نقد
bn:00016478n	تابوت
bn:00016529n	شکل
bn:00016569n	محل
bn:00016606n	بلی
bn:00016652n	فہرست
bn:00016689n	آفت
bn:00016689n	تباہی
bn:00016715n	دریافت
bn:00016731n	بندی
bn:00016731n	درجہ
bn:00016733n	خاندان
bn:00016733n	درجہ
bn:00016733n	ذیل
bn:00016733n	زمرہ
bn:00016733n	طبقہ
bn:00016733n	قسم
bn:00016734n	زمرہ
bn:00016734n	قسم
bn:00016776n	کیتھولک
bn:00016808n	پھیلنا
bn:00016822n	سفید
bn:00016845n	وجہ
bn:00016850n	سبب
bn:00016850n	وجہ
bn:00016851n	سبب
bn:00016851n	وجہ
bn:00016859n	طنز
bn:00016878n	غار
bn:00016896n	گڑھا
bn:00016974n	چھت
bn:00016975n	چھت
bn:00016986n	جشن
bn:00016987n	جشن
bn:00016991n	شہرت
bn:00016993n	تیزی
bn:00017014n	مدار
bn:00017026n	خلیہ
bn:00017056n	فلم
bn:00017097n	شماری
bn:00017120n	درمیان
bn:00017120n	دل
bn:00017120n	مرکز
bn:00017120n	وسط
bn:00017121n	مرکز
bn:00017122n	مرکز
bn:00017123n	مرکز
bn:00017124n	جوہر
bn:00017124n	دل
bn:00017124n	مادہ
bn:00017124n	مرکز
bn:00017125n	مرکز
bn:00017131n	مرکز
bn:00017153n	توجہ
bn:00017168n	تبادلہ
bn:00017234n	صدی
bn:00017236n	درد
bn:00017236n	سر
bn:00017339n	سوچ
bn:00017339n	غور
bn:00017345n	تقریب
bn:00017348n	تقریب
bn:00017349n	تقریب
bn:00017362n	یقین
bn:00017363n	یقین
bn:00017395n	گردن
bn:00017395n	گلا
bn:00017483n	ذلت
bn:00017483n	غم
bn:00017487n	زنجیر
bn:00017487n	سلسلہ
bn:00017489n	زنجیر
bn:00017489n	سلسلہ
bn:00017490n	زنجیر
bn:00017515n	کرسی
bn:00017517n	صدر
bn:00017517n	چیئرمین
bn:00017557n	آگے
bn:00017562n	حریف
bn:00017583n	ایوان
bn:00017609n	میدان
bn:00017614n	عنوان
bn:00017621n	مواقع
bn:00017621n	موقع
bn:00017622n	اتفاق
bn:00017622n	قسمت
bn:00017622n	موقع
bn:00017623n	موقع
bn:00017624n	احتمال
bn:00017625n	امکان
bn:00017651n	تبدیلی
bn:00017652n	تبدیلی
bn:00017653n	تبدیلی
bn:00017656n	تبدیلی
bn:00017666n	سفر
bn:00017718n	ٹوپی
bn:00017730n	باب
bn:00017731n	باب
bn:00017732n	باب
bn:00017746n	کردار
bn:00017747n	معیار
bn:00017747n	کردار
bn:00017747n	کیفیت
bn:00017748n	کردار
bn:00017749n	حصہ
bn:00017749n	کردار
bn:00017750n	کردار
bn:00017751n	حوالہ
bn:00017751n	کردار
bn:00017758n	تصویر
bn:00017761n	خصوصیت
bn:00017762n	خصوصیت
bn:00017789n	حملہ
bn:00017790n	الزام
bn:00017793n	ذمہ
bn:00017794n	ذمہ
bn:00017803n	شرح
bn:00017819n	خیرات
bn:00017891n	جادو
bn:00017892n	جادو
bn:00017904n	چارٹ
bn:00017905n	چارٹ
bn:00017920n	تعاقب
bn:00017970n	والا
bn:00017984n	تصدیق
bn:00018038n	پنیر
bn:00018059n	شاہکار
bn:00018072n	ناخن
bn:00018105n	عناصر
bn:00018109n	توازن
bn:00018111n	گروپ
bn:00018121n	رد
bn:00018121n	عمل
bn:00018123n	کیمیا
bn:00018207n	سینہ
bn:00018207n	چھاتی
bn:00018208n	صندوق
bn:00018256n	چال
bn:00018265n	مرغی
bn:00018266n	مرغی
bn:00018319n	سربراہ
bn:00018319n	سردار
bn:00018323n	صدر
bn:00018324n	صدر
bn:00018345n	بچہ
bn:00018345n	نابالغ
bn:00018345n	نوجوان
bn:00018346n	بچہ
bn:00018350n	کھیل
bn:00018365n	بچپن
bn:00018366n	بچپن
bn:00018388n	سردی
bn:00018393n	سردی
bn:00018452n	چینی
bn:00018660n	انتخاب
bn:00018661n	انتخاب
bn:00018696n	چربی
bn:00018756n	ملازمت
bn:00018756n	کام
bn:00018818n	عیسائی
bn:00018818n	مسیحی
bn:00018828n	عیسائیت
bn:00018835n	کرسمس
bn:00018836n	کرسمس
bn:00018869n	رنگ
bn:00018913n	سلسلہ
bn:00018991n	وقوف
bn:00019003n	باپ
bn:00019032n	چھتری
bn:00019056n	داغ
bn:00019169n	حلقہ
bn:00019169n	دائرہ
bn:00019196n	گردش
bn:00019197n	گردش
bn:00019218n	حال
bn:00019218n	حالات
bn:00019218n	صورت
bn:00019219n	حالات
bn:00019220n	حالات
bn:00019220n	صورت
bn:00019220n	فکر
bn:00019222n	قسمت
bn:00019227n	سرکس
bn:00019228n	سرکس
bn:00019266n	حوالہ
bn:00019281n	شہری
bn:00019283n	عوام
bn:00019283n	قوم
bn:00019283n	لوگ
bn:00019284n	کمیٹی
bn:00019319n	شہر
bn:00019320n	شہر
bn:00019321n	شہر
bn:00019378n	جنگی
bn:00019378n	خانہ
bn:00019383n	ثقافت
bn:00019403n	دعوہ
bn:00019403n	دعوی
bn:00019404n	دعوہ
bn:00019404n	دعوی
bn:00019405n	دعوہ
bn:00019406n	دعوہ
bn:00019406n	دعوی
bn:00019407n	دعوہ
bn:00019407n	عنوان
bn:00019439n	زبان
bn:00019459n	وضاحت
bn:00019472n	جھڑپ
bn:00019475n	قبضہ
bn:00019475n	گرفت
bn:00019477n	درجہ
bn:00019478n	طبقہ
bn:00019479n	نصاب
bn:00019481n	سال
bn:00019603n	شق
bn:00019618n	ناخن
bn:00019708n	رحم
bn:00019708n	رحمت
bn:00019727n	پادری
bn:00019762n	گاہک
bn:00019763n	صارف
bn:00019763n	صارفین
bn:00019763n	گاہک
bn:00019780n	آب
bn:00019786n	عروج
bn:00019787n	عروج
bn:00019788n	عروج
bn:00019832n	جیل
bn:00019848n	اوقات
bn:00019848n	بار
bn:00019848n	وقت
bn:00019878n	بد
bn:00019887n	گھڑی
bn:00019893n	وقت
bn:00019918n	پاس
bn:00019934n	اسرار
bn:00019934n	راز
bn:00019934n	پہیلی
bn:00019944n	اپنی
bn:00019944n	میں
bn:00019951n	واقفیت
bn:00019955n	الماری
bn:00019957n	الماری
bn:00019976n	قرارداد
bn:00019978n	خون
bn:00019980n	مواد
bn:00019980n	کپڑا
bn:00019995n	دکان
bn:00020001n	بادل
bn:00020002n	بادل
bn:00020012n	بارش
bn:00020039n	حکم
bn:00020039n	معاشرہ
bn:00020039n	کلب
bn:00020041n	کلب
bn:00020042n	کلب
bn:00020058n	اشارہ
bn:00020118n	ساتھی
bn:00020119n	مینیجر
bn:00020164n	ساحل
bn:00020184n	کوٹ
bn:00020266n	مرغا
bn:00020320n	ناریل
bn:00020323n	ناریل
bn:00020352n	ضابطہ
bn:00020352n	کوڈ
bn:00020353n	کوڈ
bn:00020400n	ضرورت
bn:00020407n	نسل
bn:00020446n	ثبوت
bn:00020448n	مطالعہ
bn:00020452n	علم
bn:00020457n	عمل
bn:00020471n	آہنگی
bn:00020497n	سکہ
bn:00020509n	اتفاق
bn:00020534n	سردی
bn:00020535n	سردی
bn:00020592n	ساتھی
bn:00020602n	خیمہ
bn:00020621n	ساتھی
bn:00020625n	مجموعہ
bn:00020641n	کالج
bn:00020688n	سازش
bn:00020712n	بستی
bn:00020718n	بستی
bn:00020718n	معاہدہ
bn:00020726n	رنگ
bn:00020727n	رنگ
bn:00020728n	رنگ
bn:00020729n	رنگ
bn:00020822n	ستون
bn:00020824n	ستون
bn:00020858n	آپ
bn:00020858n	جھگڑا
bn:00020861n	زخم
bn:00020896n	لالچ
bn:00020913n	آرام
bn:00020914n	آرام
bn:00020914n	تسلی
bn:00020930n	واپسی
bn:00020933n	ملاقات
bn:00020944n	عبور
bn:00020944n	مہارت
bn:00020944n	میں
bn:00020960n	حکم
bn:00020977n	تبصرہ
bn:00020978n	تبصرہ
bn:00020979n	شپ
bn:00020980n	مبصر
bn:00020982n	تجارت
bn:00021008n	افسوس
bn:00021015n	کمیٹی
bn:00021019n	وفد
bn:00021033n	وابستگی
bn:00021034n	وعدہ
bn:00021039n	تحریر
bn:00021051n	سبز
bn:00021160n	نمک
bn:00021164n	احساس
bn:00021164n	عقل
bn:00021207n	جمہوریت
bn:00021207n	جمہوریہ
bn:00021212n	ہلچل
bn:00021213n	شور
bn:00021221n	مواصلات
bn:00021222n	مواصلات
bn:00021233n	اشتراک
bn:00021248n	آہنگی
bn:00021248n	برادری
bn:00021248n	جماعت
bn:00021248n	قوم
bn:00021249n	برادری
bn:00021250n	برادری
bn:00021279n	کثافت
bn:00021281n	ساتھی
bn:00021284n	صحبت
bn:00021284n	کمپنی
bn:00021286n	کمپنی
bn:00021287n	کمپنی
bn:00021288n	کمپنی
bn:00021289n	کمپنی
bn:00021290n	جماعت
bn:00021290n	پارٹی
bn:00021303n	مقابلہ
bn:00021303n	مماثلت
bn:00021304n	مقابلہ
bn:00021319n	رحم
bn:00021329n	معاوضہ
bn:00021337n	مقابلہ
bn:00021338n	مقابلہ
bn:00021339n	مقابلہ
bn:00021370n	پیچیدہ
bn:00021386n	پیچیدگی
bn:00021391n	تعریف
bn:00021394n	عناصر
bn:00021394n	عنصر
bn:00021394n	کار
bn:00021395n	حصہ
bn:00021396n	عناصر
bn:00021396n	عنصر
bn:00021408n	ٹکڑا
bn:00021410n	کاغذ
bn:00021457n	مجبوری
bn:00021464n	کمپیوٹر
bn:00021527n	رعایت
bn:00021547n	تصور
bn:00021549n	حمل
bn:00021550n	تصور
bn:00021551n	ایجاد
bn:00021551n	تصور
bn:00021556n	تشویش
bn:00021556n	خیال
bn:00021556n	فکر
bn:00021557n	تشویش
bn:00021558n	تشویش
bn:00021558n	درد
bn:00021558n	میں
bn:00021570n	رعایت
bn:00021584n	فیصلہ
bn:00021584n	نتیجہ
bn:00021585n	نتیجہ
bn:00021586n	نتیجہ
bn:00021587n	نتیجہ
bn:00021588n	خاتمہ
bn:00021590n	فیصلہ
bn:00021598n	آہنگی
bn:00021624n	مذمت
bn:00021625n	مذمت
bn:00021626n	لعنت
bn:00021628n	سزا
bn:00021644n	حالات
bn:00021644n	حالت
bn:00021644n	حیثیت
bn:00021644n	شرط
bn:00021644n	طرح
bn:00021644n	طور
bn:00021645n	حالات
bn:00021645n	حالت
bn:00021645n	شرط
bn:00021645n	طور
bn:00021646n	حالت
bn:00021675n	تار
bn:00021704n	خرگوش
bn:00021712n	سازش
bn:00021713n	سازش
bn:00021721n	کانفرنس
bn:00021722n	کانفرنس
bn:00021723n	کانفرنس
bn:00021742n	اعتماد
bn:00021743n	اعتماد
bn:00021751n	شکل
bn:00021753n	قید
bn:00021757n	تصدیق
bn:00021767n	تنازع
bn:00021769n	فرق
bn:00021780n	مقابلہ
bn:00021783n	مخالفت
bn:00021789n	انتشار
bn:00021804n	دار
bn:00021834n	تعریف
bn:00021852n	نمائندہ
bn:00021869n	اندازہ
bn:00021870n	اندازہ
bn:00021880n	اتحاد
bn:00021891n	جادو
bn:00021893n	چال
bn:00021901n	تعلق
bn:00021901n	رابطہ
bn:00021901n	سلسلہ
bn:00021902n	تعلق
bn:00021902n	سلسلہ
bn:00021921n	دورہ
bn:00021921n	منظر
bn:00021938n	فتح
bn:00021939n	فاتح
bn:00021940n	فتح
bn:00021945n	ضمیر
bn:00021946n	ضمیر
bn:00021947n	ضمیر
bn:00021951n	ہوش
bn:00021954n	بھرتی
bn:00021958n	اتفاق
bn:00021958n	رائے
bn:00021961n	اثر
bn:00021961n	انجام
bn:00021961n	عمل
bn:00021961n	نتائج
bn:00021961n	نتیجہ
bn:00021962n	اثر
bn:00021962n	نتیجہ
bn:00021975n	پسند
bn:00021989n	تعلق
bn:00021989n	فکر
bn:00022000n	تسلی
bn:00022006n	مضبوطی
bn:00022007n	مضبوطی
bn:00022026n	قانون
bn:00022026n	پولیس
bn:00022052n	آئین
bn:00022069n	تعمیر
bn:00022069n	ساخت
bn:00022070n	تعمیر
bn:00022071n	ساخت
bn:00022071n	ڈھانچہ
bn:00022072n	ساخت
bn:00022091n	مشاورت
bn:00022092n	حوالہ
bn:00022095n	صارفین
bn:00022107n	کھپت
bn:00022109n	استعمال
bn:00022112n	رابطہ
bn:00022113n	رابطہ
bn:00022114n	رابطہ
bn:00022115n	رابطہ
bn:00022116n	رابطہ
bn:00022117n	رابطہ
bn:00022118n	رابطہ
bn:00022136n	آلودگی
bn:00022136n	داغ
bn:00022140n	سوچ
bn:00022140n	غور
bn:00022143n	جدیدیت
bn:00022146n	توہین
bn:00022146n	نفرت
bn:00022154n	پیغام
bn:00022157n	موضوع
bn:00022163n	مقابلہ
bn:00022168n	سباق
bn:00022173n	براعظم
bn:00022174n	براعظم
bn:00022191n	عرصہ
bn:00022191n	مدت
bn:00022192n	مدت
bn:00022227n	معاہدہ
bn:00022228n	معاہدہ
bn:00022261n	تضاد
bn:00022262n	تضاد
bn:00022264n	تضاد
bn:00022269n	حصہ
bn:00022283n	ضبط
bn:00022283n	قابو
bn:00022283n	میں
bn:00022284n	میں
bn:00022285n	میں
bn:00022286n	میں
bn:00022287n	قابو
bn:00022287n	میں
bn:00022288n	ضبط
bn:00022288n	میں
bn:00022289n	میں
bn:00022301n	لاٹھی
bn:00022334n	اصول
bn:00022334n	قوانین
bn:00022334n	نمونہ
bn:00022349n	بات
bn:00022349n	چیت
bn:00022349n	گفتگو
bn:00022379n	حمل
bn:00022381n	حمل
bn:00022381n	منتقلی
bn:00022381n	و
bn:00022403n	ہنگامہ
bn:00022407n	باورچی
bn:00022526n	طرح
bn:00022556n	مرجان
bn:00022589n	تار
bn:00022606n	مہمان
bn:00022626n	مرکز
bn:00022733n	زاویہ
bn:00022733n	کونا
bn:00022733n	گوشہ
bn:00022734n	کونا
bn:00022735n	کونا
bn:00022736n	کونا
bn:00022737n	کونا
bn:00022738n	کونا
bn:00022739n	کونا
bn:00022750n	سینگ
bn:00022777n	دولت
bn:00022792n	ماتم
bn:00022841n	اصلاح
bn:00022842n	اصلاح
bn:00022861n	خط
bn:00022861n	کتابت
bn:00022865n	نگار
bn:00022991n	دنیا
bn:00022991n	کائنات
bn:00022995n	خرچ
bn:00022995n	قیمت
bn:00022995n	لاگت
bn:00022996n	قیمت
bn:00022996n	لاگت
bn:00022997n	قیمت
bn:00023028n	لباس
bn:00023072n	کپاس
bn:00023073n	کپاس
bn:00023101n	صوفہ
bn:00023134n	سمت
bn:00023134n	طرف
bn:00023134n	ہدایات
bn:00023134n	ہدایت
bn:00023139n	گننا
bn:00023140n	گننا
bn:00023152n	پابندی
bn:00023154n	مقابلہ
bn:00023155n	مقابلہ
bn:00023235n	زمین
bn:00023235n	سرزمین
bn:00023235n	ملک
bn:00023235n	ممالک
bn:00023236n	ریاست
bn:00023236n	زمین
bn:00023236n	سرزمین
bn:00023236n	طور
bn:00023236n	قوم
bn:00023236n	ملک
bn:00023236n	ممالک
bn:00023237n	ملک
bn:00023241n	وطن
bn:00023248n	علاقہ
bn:00023258n	قبضہ
bn:00023260n	نظر
bn:00023268n	جوڑا
bn:00023269n	جوڑا
bn:00023285n	راستہ
bn:00023285n	لائن
bn:00023285n	میں
bn:00023286n	راستہ
bn:00023286n	رجحان
bn:00023287n	راستہ
bn:00023288n	راہ
bn:00023295n	نصاب
bn:00023301n	عدالت
bn:00023302n	عدالت
bn:00023303n	عدالت
bn:00023310n	آنگن
bn:00023322n	ادب
bn:00023333n	چچا
bn:00023347n	ڈھکنا
bn:00023397n	بزدل
bn:00023436n	سائیکل
bn:00023496n	تجارت
bn:00023496n	پیشہ
bn:00023496n	کاروبار
bn:00023498n	تجارت
bn:00023620n	جنون
bn:00023620n	غصہ
bn:00023645n	لائن
bn:00023654n	آغاز
bn:00023658n	ذہن
bn:00023660n	خالق
bn:00023747n	رات
bn:00023758n	سر
bn:00023758n	چوٹی
bn:00023774n	عملہ
bn:00023775n	عملہ
bn:00023775n	گروہ
bn:00023807n	جرائم
bn:00023807n	جرم
bn:00023815n	قانون
bn:00023815n	مجرم
bn:00023819n	قانون
bn:00023844n	بحران
bn:00023845n	بحران
bn:00023851n	صلیب
bn:00023853n	معیار
bn:00023853n	پیمائش
bn:00023854n	معیار
bn:00023856n	نقاد
bn:00023857n	نقاد
bn:00023864n	جائزہ
bn:00023867n	تنقید
bn:00023868n	تنقید
bn:00023869n	تنقید
bn:00023931n	فصل
bn:00023946n	صلیب
bn:00023947n	صلیب
bn:00024065n	بھیڑ
bn:00024065n	ہجوم
bn:00024069n	تاج
bn:00024070n	تاج
bn:00024073n	تاج
bn:00024097n	بادشاہ
bn:00024097n	حکمران
bn:00024119n	ظلم
bn:00024120n	ظلم
bn:00024143n	کچلنا
bn:00024158n	پکار
bn:00024162n	آنسو
bn:00024341n	مجرم
bn:00024359n	ادب
bn:00024369n	ثقافت
bn:00024370n	ثقافت
bn:00024407n	بلی
bn:00024410n	کپ
bn:00024411n	کپ
bn:00024412n	کپ
bn:00024459n	وزیر
bn:00024459n	پادری
bn:00024461n	علاج
bn:00024488n	تعجب
bn:00024493n	تالا
bn:00024510n	سیل
bn:00024511n	جو
bn:00024512n	بہنا
bn:00024512n	جو
bn:00024526n	لعنت
bn:00024534n	پردہ
bn:00024541n	صحن
bn:00024586n	حراست
bn:00024591n	رسومات
bn:00024591n	رواج
bn:00024591n	عادت
bn:00024592n	رواج
bn:00024592n	روایت
bn:00024620n	فروخت
bn:00024630n	لمس
bn:00024643n	جلد
bn:00024712n	نیٹ
bn:00024724n	دور
bn:00024724n	سائیکل
bn:00024724n	گولہ
bn:00024725n	سائیکل
bn:00024726n	دور
bn:00024804n	بد
bn:00024989n	بابا
bn:00024998n	شیطان
bn:00025030n	دودھ
bn:00025080n	نقصان
bn:00025081n	نقصان
bn:00025082n	نقصان
bn:00025083n	قیمت
bn:00025084n	ظلم
bn:00025084n	غلطی
bn:00025097n	خواتین
bn:00025142n	رقص
bn:00025143n	رقص
bn:00025144n	رقص
bn:00025170n	خطرہ
bn:00025171n	خطرہ
bn:00025172n	خطرہ
bn:00025211n	ٹکڑا
bn:00025233n	اندھیرا
bn:00025233n	تاریکی
bn:00025234n	اندھیرا
bn:00025235n	اندھیرا
bn:00025235n	سایہ
bn:00025236n	اندھیرا
bn:00025236n	رات
bn:00025237n	اندھیرا
bn:00025241n	وسطی
bn:00025256n	پیارا
bn:00025293n	مایوسی
bn:00025336n	تاریخ
bn:00025337n	تاریخ
bn:00025339n	تاریخ
bn:00025364n	بیٹی
bn:00025364n	لڑکی
bn:00025417n	دن
bn:00025417n	روز
bn:00025418n	دن
bn:00025419n	دن
bn:00025419n	روز
bn:00025420n	دن
bn:00025421n	دن
bn:00025463n	جھٹکا
bn:00025464n	دھند
bn:00025524n	اندازہ
bn:00025538n	وقت
bn:00025567n	دین
bn:00025580n	قلت
bn:00025580n	کمی
bn:00025581n	کمی
bn:00025582n	موت
bn:00025583n	موت
bn:00025583n	ہلاکت
bn:00025584n	موت
bn:00025585n	موت
bn:00025586n	موت
bn:00025588n	اختتام
bn:00025588n	خاتمہ
bn:00025608n	بستر
bn:00025615n	قتل
bn:00025621n	بحث
bn:00025634n	دھول
bn:00025634n	ملبہ
bn:00025634n	گرد
bn:00025637n	قرض
bn:00025638n	قرض
bn:00025638n	قرضہ
bn:00025643n	آغاز
bn:00025643n	داخلہ
bn:00025645n	دسمبر
bn:00025646n	دہائی
bn:00025714n	فیصلہ
bn:00025715n	فیصلہ
bn:00025732n	اعلان
bn:00025732n	بیان
bn:00025733n	بیان
bn:00025735n	قرارداد
bn:00025765n	سجاوٹ
bn:00025766n	تمغہ
bn:00025777n	کم
bn:00025780n	کمی
bn:00025781n	حکم
bn:00025781n	فرمان
bn:00025792n	وقف
bn:00025798n	کٹوتی
bn:00025802n	کٹوتی
bn:00025804n	عنوان
bn:00025855n	شکست
bn:00025856n	شکست
bn:00025863n	خرابی
bn:00025864n	نقص
bn:00025865n	عیب
bn:00025865n	غلطی
bn:00025871n	دفاع
bn:00025872n	دفاع
bn:00025874n	دفاع
bn:00025875n	دفاع
bn:00025878n	دفاع
bn:00025879n	دفاع
bn:00025885n	محافظ
bn:00025903n	احترام
bn:00025913n	فقدان
bn:00025913n	کم
bn:00025913n	کمی
bn:00025914n	کمی
bn:00025916n	خسارہ
bn:00025916n	کمی
bn:00025928n	تعریف
bn:00025929n	تعریف
bn:00025964n	گلا
bn:00025965n	درجہ
bn:00025965n	سطح
bn:00025965n	ڈگری
bn:00025966n	درجہ
bn:00025966n	سطح
bn:00025966n	مرحلہ
bn:00025966n	نقطہ
bn:00025966n	پوائنٹس
bn:00025966n	ڈگری
bn:00025967n	درجہ
bn:00025967n	ڈگری
bn:00025968n	ڈگری
bn:00025995n	خدا
bn:00025995n	دیوتا
bn:00026000n	کھانا
bn:00026014n	انتظار
bn:00026014n	تاخیر
bn:00026014n	دیر
bn:00026015n	تاخیر
bn:00026022n	خوش
bn:00026022n	لطف
bn:00026023n	لطف
bn:00026025n	مندوب
bn:00026047n	خوش
bn:00026047n	خوشی
bn:00026061n	نجات
bn:00026066n	تقریر
bn:00026093n	سیلاب
bn:00026103n	طلب
bn:00026103n	مطالبہ
bn:00026104n	طلب
bn:00026104n	مانگ
bn:00026105n	تقاضا
bn:00026105n	ضرورت
bn:00026105n	طلب
bn:00026105n	مانگ
bn:00026106n	طلب
bn:00026106n	مطالبہ
bn:00026107n	ضرورت
bn:00026107n	طلب
bn:00026129n	زمین
bn:00026129n	سرزمین
bn:00026146n	جمہوریت
bn:00026165n	شیطان
bn:00026173n	مظاہرہ
bn:00026173n	پیشکش
bn:00026175n	مظاہرہ
bn:00026176n	مظاہرہ
bn:00026230n	انکار
bn:00026239n	باشندہ
bn:00026245n	فرقہ
bn:00026251n	حوالہ
bn:00026259n	کثافت
bn:00026308n	ادارہ
bn:00026308n	شعبہ
bn:00026308n	محکمہ
bn:00026343n	روانگی
bn:00026344n	انحراف
bn:00026344n	فرق
bn:00026345n	آزادی
bn:00026345n	انتقال
bn:00026351n	انحصار
bn:00026386n	لائبریری
bn:00026415n	ضرورت
bn:00026416n	نقصان
bn:00026425n	نائب
bn:00026498n	نسل
bn:00026501n	بیان
bn:00026501n	طرح
bn:00026512n	تشکیل
bn:00026512n	شکل
bn:00026512n	طرح
bn:00026519n	صحرا
bn:00026536n	طرح
bn:00026536n	منصوبہ
bn:00026537n	شکل
bn:00026537n	نمونہ
bn:00026542n	شناخت
bn:00026550n	خواہش
bn:00026550n	مطلب
bn:00026551n	حوصلہ
bn:00026551n	خواہش
bn:00026552n	خواہش
bn:00026554n	میز
bn:00026574n	تنہائی
bn:00026577n	مایوسی
bn:00026601n	منزل
bn:00026602n	منزل
bn:00026603n	تقدیر
bn:00026603n	قسمت
bn:00026604n	تقدیر
bn:00026604n	قسمت
bn:00026622n	بات
bn:00026622n	تفصیل
bn:00026622n	نقطہ
bn:00026623n	تفصیل
bn:00026623n	چیز
bn:00026624n	تفصیل
bn:00026625n	تفصیل
bn:00026633n	تفتیش
bn:00026633n	جاسوس
bn:00026651n	عزم
bn:00026651n	مقصد
bn:00026658n	سبق
bn:00026658n	مثال
bn:00026684n	جرمنی
bn:00026695n	ترقی
bn:00026696n	ترقی
bn:00026697n	ترقی
bn:00026698n	ترقی
bn:00026699n	ترقی
bn:00026700n	ترقی
bn:00026701n	ترقی
bn:00026739n	چال
bn:00026753n	وقف
bn:00026805n	تشخیص
bn:00026834n	گفتگو
bn:00026835n	گفتگو
bn:00026836n	گفتگو
bn:00026841n	قطر
bn:00026846n	قطر
bn:00026848n	ہیرا
bn:00026886n	اسہال
bn:00026967n	لغت
bn:00026980n	تعلیم
bn:00026980n	ہدایات
bn:00027022n	فرق
bn:00027023n	فرق
bn:00027036n	فرق
bn:00027040n	دشواری
bn:00027040n	مشکلات
bn:00027041n	دشواری
bn:00027041n	زحمت
bn:00027041n	مشکلات
bn:00027041n	مصیبت
bn:00027041n	پریشانی
bn:00027042n	دشواری
bn:00027042n	مشکل
bn:00027042n	مشکلات
bn:00027043n	دشواری
bn:00027043n	مشکلات
bn:00027078n	تعداد
bn:00027078n	خیال
bn:00027078n	شکل
bn:00027078n	صورت
bn:00027103n	عزت
bn:00027131n	مشکل
bn:00027131n	کش
bn:00027151n	پیمائش
bn:00027153n	تناسب
bn:00027206n	کھانا
bn:00027207n	کھانا
bn:00027260n	کمی
bn:00027283n	کار
bn:00027352n	راستہ
bn:00027352n	سمت
bn:00027352n	طرح
bn:00027352n	طرف
bn:00027353n	سمت
bn:00027353n	پتہ
bn:00027354n	سمت
bn:00027354n	طرف
bn:00027355n	انتظام
bn:00027355n	ہدایت
bn:00027356n	ہدایات
bn:00027356n	ہدایت
bn:00027357n	ہدایت
bn:00027363n	ہدایت
bn:00027366n	مینیجر
bn:00027366n	کار
bn:00027366n	ہدایت
bn:00027368n	ہدایت
bn:00027368n	ہدایتکار
bn:00027386n	زمین
bn:00027386n	گندگی
bn:00027387n	زمین
bn:00027387n	مٹی
bn:00027387n	گندگی
bn:00027412n	معذور
bn:00027415n	نقصان
bn:00027421n	اختلاف
bn:00027430n	مایوسی
bn:00027433n	ناپسند
bn:00027451n	خرچ
bn:00027451n	لاگت
bn:00027452n	خرچ
bn:00027454n	ریکارڈ
bn:00027485n	ضبط
bn:00027486n	ضبط
bn:00027487n	ضبط
bn:00027489n	وحی
bn:00027496n	داغ
bn:00027499n	میں
bn:00027509n	جھگڑا
bn:00027518n	خوف
bn:00027522n	تبلیغ
bn:00027522n	خطبہ
bn:00027523n	بحث
bn:00027523n	علاج
bn:00027523n	مباحثہ
bn:00027529n	دریافت
bn:00027530n	دریافت
bn:00027535n	اختیار
bn:00027538n	امتیاز
bn:00027538n	امتیازی
bn:00027538n	سلوک
bn:00027539n	امتیاز
bn:00027539n	سلوک
bn:00027544n	بات
bn:00027544n	بحث
bn:00027544n	لفظ
bn:00027546n	بیماری
bn:00027551n	روح
bn:00027566n	شرم
bn:00027570n	نفرت
bn:00027661n	تقسیم
bn:00027665n	تبدیلی
bn:00027670n	نمائش
bn:00027678n	ناراضگی
bn:00027686n	رجحان
bn:00027696n	پریشانی
bn:00027698n	غفلت
bn:00027698n	نظر
bn:00027699n	نظر
bn:00027714n	اختلاف
bn:00027715n	اختلاف
bn:00027716n	احتجاج
bn:00027737n	تحلیل
bn:00027739n	شور
bn:00027747n	دوری
bn:00027747n	فاصلہ
bn:00027749n	فاصلہ
bn:00027765n	امتیاز
bn:00027765n	فرق
bn:00027766n	فرق
bn:00027767n	فرق
bn:00027768n	خاصیت
bn:00027769n	خاصیت
bn:00027786n	تکلیف
bn:00027786n	زخم
bn:00027786n	مصیبت
bn:00027797n	تقسیم
bn:00027798n	تقسیم
bn:00027799n	تقسیم
bn:00027810n	حلقہ
bn:00027810n	ضلع
bn:00027810n	علاقہ
bn:00027813n	شک
bn:00027815n	پریشانی
bn:00027815n	ہنگامہ
bn:00027819n	مداخلت
bn:00027825n	خندق
bn:00027849n	غوطہ
bn:00027850n	غوطہ
bn:00027862n	تنوع
bn:00027865n	تفریح
bn:00027898n	خدمت
bn:00027912n	تقسیم
bn:00027912n	حصہ
bn:00027913n	تقسیم
bn:00027915n	تقسیم
bn:00027935n	عنصر
bn:00027937n	طلاق
bn:00027976n	ڈاکٹر
bn:00027993n	ڈاکٹر
bn:00027994n	ڈاکٹر
bn:00028013n	عقیدہ
bn:00028013n	فلسفہ
bn:00028013n	مذہب
bn:00028014n	دستاویزی
bn:00028016n	دستاویز
bn:00028020n	حمایت
bn:00028031n	فرار
bn:00028057n	گھر
bn:00028074n	جھگڑا
bn:00028086n	عقائد
bn:00028111n	گڑیا
bn:00028141n	دنیا
bn:00028155n	پرندہ
bn:00028170n	تسلط
bn:00028170n	غلبہ
bn:00028175n	تسلط
bn:00028176n	تسلط
bn:00028190n	اتوار
bn:00028247n	دروازہ
bn:00028248n	دروازہ
bn:00028249n	دروازہ
bn:00028286n	میں
bn:00028288n	گاہ
bn:00028319n	خوراک
bn:00028320n	خوراک
bn:00028329n	نقطہ
bn:00028341n	دو
bn:00028425n	شک
bn:00028426n	سوال
bn:00028426n	شک
bn:00028432n	پیسہ
bn:00028446n	کبوتر
bn:00028482n	تباہی
bn:00028604n	کھیل
bn:00028616n	نگار
bn:00028624n	کھینچنا
bn:00028638n	ہاتھ
bn:00028648n	کمرہ
bn:00028658n	خواب
bn:00028659n	خواب
bn:00028660n	خواب
bn:00028682n	لباس
bn:00028709n	قطرہ
bn:00028719n	بہنا
bn:00028723n	رجحان
bn:00028736n	مشق
bn:00028749n	مشروب
bn:00028756n	شیشہ
bn:00028756n	گلاس
bn:00028783n	سواری
bn:00028847n	قطرہ
bn:00028872n	دار
bn:00028872n	دوا
bn:00028891n	ڈھول
bn:00028913n	شرابی
bn:00028913n	مست
bn:00028916n	نشہ
bn:00028934n	زمین
bn:00029010n	میں
bn:00029050n	مشرق
bn:00029051n	شمال
bn:00029053n	جنوب
bn:00029054n	مغرب
bn:00029149n	شکار
bn:00029149n	متاثرین
bn:00029150n	دھوکہ
bn:00029170n	عرصہ
bn:00029170n	لمبائی
bn:00029170n	مدت
bn:00029192n	دھول
bn:00029192n	گرد
bn:00029212n	جھگڑا
bn:00029239n	داری
bn:00029239n	ذمہ
bn:00029239n	فرض
bn:00029239n	کار
bn:00029240n	فرض
bn:00029241n	اجرت
bn:00029246n	میں
bn:00029305n	خاندان
bn:00029364n	تیاری
bn:00029372n	کان
bn:00029373n	کان
bn:00029412n	دل
bn:00029412n	سنجیدگی
bn:00029416n	اجرت
bn:00029416n	ادا
bn:00029416n	تنخواہ
bn:00029416n	جنگ
bn:00029424n	دنیا
bn:00029424n	زمین
bn:00029425n	زمین
bn:00029426n	زمین
bn:00029428n	دنیا
bn:00029430n	سطح
bn:00029448n	زلزلہ
bn:00029455n	راحت
bn:00029457n	آرام
bn:00029462n	راحت
bn:00029463n	مشرق
bn:00029497n	ایسٹر
bn:00029546n	کھانا
bn:00029570n	جوش
bn:00029570n	خروش
bn:00029621n	گونج
bn:00029648n	گرہن
bn:00029678n	معیشت
bn:00029680n	قدر
bn:00029680n	قیمت
bn:00029683n	معیشتیں
bn:00029685n	بچت
bn:00029734n	جنت
bn:00029747n	کنارہ
bn:00029770n	ایڈیشن
bn:00029771n	ایڈیشن
bn:00029773n	شکل
bn:00029774n	ایڈیٹر
bn:00029806n	شاگرد
bn:00029806n	طالب
bn:00029806n	علم
bn:00029807n	تعلیم
bn:00029808n	تعلیم
bn:00029809n	تعلیم
bn:00029871n	اثر
bn:00029871n	تاثر
bn:00029872n	اثر
bn:00029877n	طاقت
bn:00029889n	کارکردگی
bn:00029890n	کارکردگی
bn:00029897n	پانی
bn:00029899n	کوشش
bn:00029900n	کوشش
bn:00029913n	انڈا
bn:00029914n	انڈا
bn:00029934n	انا
bn:00029935n	انا
bn:00029935n	ذات
bn:00029942n	خود
bn:00029947n	ظہور
bn:00030081n	لچک
bn:00030098n	جگہ
bn:00030098n	راستہ
bn:00030098n	طرف
bn:00030098n	کمرا
bn:00030098n	کمرہ
bn:00030113n	انتخابی
bn:00030114n	انتخاب
bn:00030164n	مزاحمت
bn:00030167n	جھٹکا
bn:00030181n	بجلی
bn:00030192n	بجلی
bn:00030193n	بجلی
bn:00030242n	نلی
bn:00030299n	عناصر
bn:00030314n	ہاتھی
bn:00030470n	خانہ
bn:00030486n	شکل
bn:00030499n	طور
bn:00030515n	میزبان
bn:00030523n	ترقی
bn:00030546n	ہجرت
bn:00030581n	احساس
bn:00030581n	جذبہ
bn:00030584n	روح
bn:00030598n	زور
bn:00030598n	شدت
bn:00030599n	زور
bn:00030601n	سلطنت
bn:00030615n	مقام
bn:00030616n	ملازمت
bn:00030616n	کام
bn:00030618n	ملازم
bn:00030625n	ملازمت
bn:00030625n	کام
bn:00030626n	ملازمت
bn:00030627n	استعمال
bn:00030627n	مشق
bn:00030640n	انخلا
bn:00030686n	جادو
bn:00030693n	احاطہ
bn:00030702n	ملاقات
bn:00030706n	حملہ
bn:00030707n	حملہ
bn:00030707n	مداخلت
bn:00030708n	خلاف
bn:00030709n	اثر
bn:00030718n	آخر
bn:00030718n	اختتام
bn:00030719n	آخر
bn:00030719n	اختتام
bn:00030719n	خاتمہ
bn:00030720n	آخر
bn:00030720n	اختتام
bn:00030720n	خاتمہ
bn:00030721n	اختتام
bn:00030721n	مقصد
bn:00030721n	نتیجہ
bn:00030722n	آخر
bn:00030722n	اختتام
bn:00030722n	خاتمہ
bn:00030723n	آخر
bn:00030723n	اختتام
bn:00030725n	اختتام
bn:00030747n	خطرہ
bn:00030747n	میں
bn:00030757n	اختتام
bn:00030806n	تحفہ
bn:00030806n	صلاحیت
bn:00030810n	برداشت
bn:00030814n	دشمن
bn:00030815n	دشمن
bn:00030816n	دشمن
bn:00030817n	دشمن
bn:00030820n	توانائی
bn:00030821n	توانائی
bn:00030822n	توانائی
bn:00030823n	توانائی
bn:00030839n	نفاذ
bn:00030844n	شرکت
bn:00030844n	شمولیت
bn:00030862n	انگریزی
bn:00030863n	انگریزی
bn:00030864n	انگریزی
bn:00030891n	انگریز
bn:00030916n	لطف
bn:00030916n	مزہ
bn:00030917n	لطف
bn:00030951n	سوال
bn:00030951n	گچھ
bn:00030952n	تحقیق
bn:00030952n	تلاش
bn:00030988n	داخلہ
bn:00030989n	داخلہ
bn:00031017n	خروش
bn:00031018n	جذبہ
bn:00031018n	جوش
bn:00031027n	وجود
bn:00031044n	داخلہ
bn:00031062n	اندراج
bn:00031063n	داخلہ
bn:00031065n	شمار
bn:00031067n	لفافہ
bn:00031073n	حسد
bn:00031074n	ماحول
bn:00031075n	ماحول
bn:00031075n	گرد
bn:00031153n	بیماری
bn:00031153n	وبا
bn:00031224n	واقعات
bn:00031224n	واقعہ
bn:00031225n	واقعات
bn:00031225n	واقعہ
bn:00031261n	دور
bn:00031261n	زمانہ
bn:00031284n	مساوات
bn:00031285n	مساوات
bn:00031294n	استوا
bn:00031312n	توازن
bn:00031322n	سامان
bn:00031337n	برابر
bn:00031345n	گھوڑا
bn:00031475n	محبت
bn:00031480n	کام
bn:00031483n	غلطی
bn:00031484n	غلطی
bn:00031485n	غلطی
bn:00031486n	غلطی
bn:00031487n	غلطی
bn:00031545n	فرار
bn:00031546n	فرار
bn:00031609n	جاسوسی
bn:00031622n	مضمون
bn:00031623n	مضامین
bn:00031629n	خوشبو
bn:00031631n	ضرورت
bn:00031641n	ادارہ
bn:00031642n	ادارہ
bn:00031643n	ادارہ
bn:00031653n	احترام
bn:00031653n	عزت
bn:00031654n	احترام
bn:00031654n	عزت
bn:00031660n	اندازہ
bn:00031660n	تخمینہ
bn:00031680n	وغیرہ
bn:00031708n	نسخہ
bn:00031744n	آداب
bn:00031853n	موسیقی
bn:00031896n	یورپ
bn:00031970n	انخلا
bn:00031972n	درجہ
bn:00031973n	بندی
bn:00031973n	درجہ
bn:00031973n	قیمت
bn:00031974n	جج
bn:00031976n	انجیل
bn:00031998n	رات
bn:00031998n	شام
bn:00032021n	تقریب
bn:00032021n	واقعات
bn:00032021n	واقعہ
bn:00032045n	ثبوت
bn:00032046n	ثبوت
bn:00032046n	گواہی
bn:00032047n	ثبوت
bn:00032048n	برائی
bn:00032049n	برائی
bn:00032050n	برائی
bn:00032053n	گناہگار
bn:00032075n	فوجی
bn:00032075n	کار
bn:00032089n	امتحان
bn:00032093n	جائزہ
bn:00032093n	جانچ
bn:00032093n	پڑتال
bn:00032099n	مثال
bn:00032100n	مثال
bn:00032101n	مثال
bn:00032102n	مشق
bn:00032121n	اضافہ
bn:00032125n	تبادلہ
bn:00032126n	تبادلہ
bn:00032127n	بدلہ
bn:00032127n	تبادلہ
bn:00032128n	تبادلہ
bn:00032138n	خزانہ
bn:00032147n	جوش
bn:00032148n	جوش
bn:00032163n	سفر
bn:00032175n	قتل
bn:00032175n	میں
bn:00032197n	مثال
bn:00032199n	آزادی
bn:00032199n	چھوٹ
bn:00032203n	مشق
bn:00032203n	ورزش
bn:00032209n	وزن
bn:00032242n	باہر
bn:00032255n	شادی
bn:00032286n	امکان
bn:00032286n	توقع
bn:00032294n	پرستی
bn:00032300n	خرچ
bn:00032306n	تجربہ
bn:00032307n	تجربہ
bn:00032308n	تجربہ
bn:00032309n	تجربہ
bn:00032310n	تجربہ
bn:00032311n	تجربہ
bn:00032322n	ماہر
bn:00032325n	خاتمہ
bn:00032328n	وضاحت
bn:00032337n	صارفین
bn:00032338n	دریافت
bn:00032340n	دریافت
bn:00032355n	طاقت
bn:00032373n	اعتراض
bn:00032381n	تصاویر
bn:00032381n	تصویر
bn:00032400n	انداز
bn:00032411n	توسیع
bn:00032412n	توسیع
bn:00032413n	توسیع
bn:00032414n	توسیع
bn:00032415n	توسیع
bn:00032429n	باہر
bn:00032493n	پسند
bn:00032501n	چوٹی
bn:00032512n	آنکھ
bn:00032513n	آنکھ
bn:00032514n	آنکھ
bn:00032547n	چشمہ
bn:00032552n	پلک
bn:00032558n	نظر
bn:00032591n	افسانہ
bn:00032600n	رخ
bn:00032600n	شکل
bn:00032600n	منہ
bn:00032600n	چہرہ
bn:00032601n	منہ
bn:00032601n	چہرہ
bn:00032604n	طرف
bn:00032605n	رخ
bn:00032645n	آسانی
bn:00032654n	حقیقت
bn:00032655n	حقیقت
bn:00032656n	حقیقت
bn:00032657n	حقیقت
bn:00032661n	عنصر
bn:00032661n	کار
bn:00032675n	خانہ
bn:00032675n	کار
bn:00032675n	کارخانہ
bn:00032695n	پری
bn:00032718n	کمزوری
bn:00032721n	ناکامی
bn:00032722n	ناکامی
bn:00032723n	ناکامی
bn:00032724n	ناکامی
bn:00032725n	ناکامی
bn:00032742n	شکار
bn:00032742n	نشانہ
bn:00032742n	ہدف
bn:00032763n	پری
bn:00032768n	آس
bn:00032768n	ایمان
bn:00032768n	دین
bn:00032768n	فرقہ
bn:00032768n	مذہب
bn:00032768n	یقین
bn:00032769n	ایمان
bn:00032770n	ایمان
bn:00032770n	مذہب
bn:00032771n	ایمان
bn:00032777n	دھوکہ
bn:00032807n	زوال
bn:00032830n	آبشار
bn:00032874n	جھوٹ
bn:00032890n	واقفیت
bn:00032892n	خاندان
bn:00032892n	گھر
bn:00032893n	خاندان
bn:00032893n	گھر
bn:00032894n	خاندان
bn:00032895n	خاندان
bn:00032896n	خاندان
bn:00033359n	رشتہ
bn:00033596n	بھوک
bn:00033616n	فریب
bn:00033618n	محبت
bn:00033624n	محبوبہ
bn:00033671n	الوداع
bn:00033672n	علیحدگی
bn:00033676n	زراعت
bn:00033676n	کھیت
bn:00033687n	کسان
bn:00033695n	زمین
bn:00033729n	انداز
bn:00033729n	راستہ
bn:00033729n	شکل
bn:00033729n	طرح
bn:00033729n	طرز
bn:00033729n	طریقہ
bn:00033729n	طور
bn:00033729n	قطع
bn:00033730n	رنگ
bn:00033750n	چال
bn:00033758n	رفتار
bn:00033761n	چربی
bn:00033776n	باپ
bn:00033776n	والد
bn:00033777n	باپ
bn:00033837n	برتری
bn:00033854n	خوف
bn:00033858n	دعوت
bn:00033865n	پنکھ
bn:00033883n	بخار
bn:00033896n	زرخیزی
bn:00033939n	فیس
bn:00033946n	خوراک
bn:00033960n	احساس
bn:00033960n	اسرار
bn:00033960n	روح
bn:00033960n	لہجہ
bn:00033963n	احساس
bn:00033964n	احساس
bn:00033994n	کھال
bn:00034003n	ہمدردی
bn:00034004n	رکن
bn:00034004n	فرد
bn:00034016n	عورت
bn:00034016n	مادہ
bn:00034017n	عورت
bn:00034021n	لڑکی
bn:00034025n	ملکہ
bn:00034027n	ماں
bn:00034027n	والدہ
bn:00034048n	احاطہ
bn:00034115n	تشدد
bn:00034150n	تہوار
bn:00034203n	کہانی
bn:00034242n	افسانہ
bn:00034258n	وفاداری
bn:00034265n	میدان
bn:00034265n	کھیت
bn:00034266n	فیلڈ
bn:00034266n	میدان
bn:00034267n	شعبہ
bn:00034267n	فیلڈ
bn:00034267n	میدان
bn:00034268n	شعبہ
bn:00034268n	فیلڈ
bn:00034268n	میدان
bn:00034269n	شعبہ
bn:00034269n	فیلڈ
bn:00034269n	میدان
bn:00034270n	میدان
bn:00034271n	میدان
bn:00034272n	میدان
bn:00034293n	شیشہ
bn:00034369n	شکل
bn:00034389n	شکل
bn:00034390n	صورت
bn:00034391n	شکل
bn:00034392n	تعداد
bn:00034392n	رقم
bn:00034392n	شکل
bn:00034393n	شکل
bn:00034394n	تعداد
bn:00034404n	پیش
bn:00034406n	مجسمہ
bn:00034453n	لڑکی
bn:00034471n	تصویر
bn:00034471n	فلم
bn:00034472n	فلم
bn:00034473n	فلم
bn:00034520n	نتائج
bn:00034520n	نتیجہ
bn:00034524n	مالیات
bn:00034541n	خزانچی
bn:00034552n	فیصلہ
bn:00034565n	انگلی
bn:00034588n	ناخن
bn:00034623n	آگ
bn:00034624n	آگ
bn:00034625n	آگ
bn:00034625n	شعلہ
bn:00034626n	آگ
bn:00034627n	آتش
bn:00034627n	آگ
bn:00034702n	آتش
bn:00034732n	مضبوطی
bn:00034737n	پہلا
bn:00034738n	پہلا
bn:00034786n	ساتھی
bn:00034816n	مچھلی
bn:00034817n	مچھلی
bn:00034818n	مچھلی
bn:00034854n	ماہی
bn:00034854n	گیر
bn:00034872n	مچھلی
bn:00034919n	مرمت
bn:00034921n	مقام
bn:00034960n	پرچم
bn:00035052n	چمکنا
bn:00035053n	چمکنا
bn:00035077n	والی
bn:00035079n	منزل
bn:00035123n	چاندی
bn:00035144n	کمال
bn:00035182n	گوشت
bn:00035189n	لچک
bn:00035190n	لچک
bn:00035201n	چنگاری
bn:00035206n	پرواز
bn:00035207n	پرواز
bn:00035208n	پرواز
bn:00035209n	پرواز
bn:00035210n	پرواز
bn:00035231n	نوشی
bn:00035286n	گلہ
bn:00035293n	سیلاب
bn:00035294n	سیلاب
bn:00035304n	زمین
bn:00035304n	فرش
bn:00035305n	زمین
bn:00035306n	زمین
bn:00035307n	فرش
bn:00035324n	میں
bn:00035324n	نم
bn:00035324n	والا
bn:00035324n	پودا
bn:00035347n	فروش
bn:00035348n	فروش
bn:00035361n	آٹا
bn:00035370n	بہنا
bn:00035371n	بہنا
bn:00035372n	بہنا
bn:00035372n	جو
bn:00035372n	روانی
bn:00035373n	بہنا
bn:00035374n	بہنا
bn:00035378n	پھول
bn:00035409n	برتن
bn:00035414n	تبدیلی
bn:00035414n	فرق
bn:00035426n	سیال
bn:00035426n	مائع
bn:00035494n	مکھی
bn:00035496n	مکھی
bn:00035548n	جھاگ
bn:00035562n	توجہ
bn:00035562n	نقطہ
bn:00035563n	توجہ
bn:00035564n	زور
bn:00035570n	دھند
bn:00035571n	دھند
bn:00035596n	پتا
bn:00035596n	پتی
bn:00035628n	جائزہ
bn:00035649n	اجزاء
bn:00035649n	خوراک
bn:00035649n	میں
bn:00035649n	والا
bn:00035649n	کھا
bn:00035649n	کھانا
bn:00035663n	مارکیٹ
bn:00035679n	قدم
bn:00035679n	پیر
bn:00035683n	قدم
bn:00035685n	فوج
bn:00035727n	قدم
bn:00035736n	نشان
bn:00035745n	قدم
bn:00035746n	رفتار
bn:00035746n	قدم
bn:00035759n	چھاپہ
bn:00035762n	صبر
bn:00035767n	طاقت
bn:00035767n	قوت
bn:00035768n	طاقت
bn:00035768n	قوت
bn:00035769n	زبردستی
bn:00035769n	زور
bn:00035769n	طاقت
bn:00035769n	قوت
bn:00035770n	افراد
bn:00035770n	طاقت
bn:00035770n	عملہ
bn:00035770n	قوت
bn:00035770n	کار
bn:00035771n	فوج
bn:00035772n	تشدد
bn:00035772n	زور
bn:00035772n	طاقت
bn:00035772n	قوت
bn:00035773n	اختیار
bn:00035773n	طاقت
bn:00035773n	قوت
bn:00035778n	دباؤ
bn:00035811n	انگلی
bn:00035851n	صبح
bn:00035859n	پیش
bn:00035865n	پیش
bn:00035868n	جنگل
bn:00035868n	لکڑی
bn:00035869n	جنگل
bn:00035886n	قربانی
bn:00035898n	معافی
bn:00035907n	درجہ
bn:00035907n	شکل
bn:00035907n	صورت
bn:00035907n	طرح
bn:00035907n	قسم
bn:00035908n	شکل
bn:00035908n	طرح
bn:00035908n	نمونہ
bn:00035909n	شکل
bn:00035911n	شکل
bn:00035912n	شکل
bn:00035925n	عنوان
bn:00035940n	تشکیل
bn:00035941n	تشکیل
bn:00035942n	تشکیل
bn:00035943n	تشکیل
bn:00035965n	تیاری
bn:00035974n	قلعہ
bn:00035975n	قلعہ
bn:00035983n	طاقت
bn:00035983n	قوت
bn:00035991n	قلعہ
bn:00036002n	دولت
bn:00036003n	قسمت
bn:00036063n	بنیاد
bn:00036064n	بنیاد
bn:00036077n	چشمہ
bn:00036083n	سربراہ
bn:00036107n	مربع
bn:00036116n	وقت
bn:00036152n	ٹکڑا
bn:00036165n	ٹکڑا
bn:00036166n	ٹکڑا
bn:00036178n	برائی
bn:00036178n	بعد
bn:00036292n	دھوکہ
bn:00036376n	آزادی
bn:00036377n	باغی
bn:00036396n	آزادی
bn:00036478n	سرپرست
bn:00036491n	تازگی
bn:00036492n	چمکنا
bn:00036512n	جمعہ
bn:00036522n	میچ
bn:00036538n	دوست
bn:00036545n	دوستی
bn:00036630n	موجودگی
bn:00036632n	تحریک
bn:00036654n	سرحد
bn:00036657n	چوکی
bn:00036686n	پھل
bn:00036687n	پھل
bn:00036688n	پھل
bn:00036734n	ایندھن
bn:00036788n	دولت
bn:00036806n	دھواں
bn:00036813n	مزہ
bn:00036821n	کار
bn:00036822n	آپ
bn:00036822n	استعمال
bn:00036822n	فائدہ
bn:00036822n	مقصد
bn:00036822n	کام
bn:00036822n	کردار
bn:00036823n	حصہ
bn:00036823n	دفتر
bn:00036823n	عہدہ
bn:00036823n	کام
bn:00036823n	کردار
bn:00036826n	معمول
bn:00036837n	عہدیدار
bn:00036839n	فنڈ
bn:00036840n	ذخیرہ
bn:00036840n	فنڈ
bn:00036855n	جنازہ
bn:00036910n	غصہ
bn:00036926n	اتحادوں
bn:00036941n	مستقبل
bn:00036942n	مستقبل
bn:00037008n	مذاق
bn:00037019n	رنگ
bn:00037022n	فائدہ
bn:00037023n	منافع
bn:00037030n	رفتار
bn:00037055n	کہکشاں
bn:00037094n	بہادری
bn:00037169n	جوا
bn:00037175n	لیموں
bn:00037180n	میچ
bn:00037180n	میچز
bn:00037180n	کھیل
bn:00037181n	میچ
bn:00037181n	کھیل
bn:00037182n	میچ
bn:00037182n	کھیل
bn:00037183n	شکار
bn:00037183n	کھیل
bn:00037187n	سازش
bn:00037187n	منصوبہ
bn:00037277n	میں
bn:00037277n	پھیلنا
bn:00037278n	دروازہ
bn:00037300n	باغ
bn:00037301n	باغ
bn:00037302n	باغ
bn:00037326n	والا
bn:00037328n	باغبان
bn:00037352n	لباس
bn:00037352n	کپڑا
bn:00037439n	سانس
bn:00037486n	دروازہ
bn:00037496n	دروازہ
bn:00037551n	نظر
bn:00037605n	خزانہ
bn:00037633n	پیدا
bn:00037673n	ماہر
bn:00037676n	نسل
bn:00037677n	نسل
bn:00037679n	ابتدا
bn:00037679n	پیدائش
bn:00037681n	ضرب
bn:00037691n	سخاوت
bn:00037741n	صنف
bn:00037747n	نام
bn:00037770n	خادم
bn:00037770n	ملازم
bn:00040284n	اصل
bn:00040284n	جراثیم
bn:00040335n	اشارہ
bn:00040335n	حرکت
bn:00040336n	اشارہ
bn:00040336n	حرکت
bn:00040337n	اشارہ
bn:00040340n	ملاقات
bn:00040436n	تحفہ
bn:00040437n	تحفہ
bn:00040536n	لڑکی
bn:00040537n	لڑکی
bn:00040561n	بہار
bn:00040605n	شیشہ
bn:00040605n	گلاس
bn:00040606n	گلاس
bn:00040665n	اشارہ
bn:00040677n	چمکنا
bn:00040701n	اندھیرا
bn:00040711n	جلال
bn:00040711n	شان
bn:00040714n	جلال
bn:00040714n	شان
bn:00040741n	چمکنا
bn:00040844n	میں
bn:00040878n	اللہ
bn:00040878n	خدا
bn:00040878n	والا
bn:00040880n	بت
bn:00040888n	دیوی
bn:00041018n	سوراخ
bn:00041061n	نیکی
bn:00041068n	قسمتی
bn:00041073n	صبح
bn:00041083n	نعمت
bn:00041086n	سفارش
bn:00041192n	سیاست
bn:00041221n	فضل
bn:00041222n	فضل
bn:00041223n	فضل
bn:00041236n	قدم
bn:00041239n	درجہ
bn:00041239n	سطح
bn:00041241n	نشان
bn:00041258n	پیمانہ
bn:00041278n	دانہ
bn:00041313n	دادی
bn:00041348n	سلطان
bn:00041354n	اشرافیہ
bn:00041360n	اہمیت
bn:00041399n	انگور
bn:00041433n	گھاس
bn:00041463n	اطمینان
bn:00041467n	قبر
bn:00041468n	قبر
bn:00041473n	سنجیدگی
bn:00041491n	کشش
bn:00041510n	خاکستری
bn:00041544n	چربی
bn:00041585n	طاقت
bn:00041624n	عظمت
bn:00041634n	یونانی
bn:00041635n	یونانی
bn:00041654n	حسد
bn:00041721n	سبزی
bn:00041739n	سلام
bn:00041774n	باغی
bn:00041784n	غم
bn:00041820n	قبضہ
bn:00041837n	فروش
bn:00041853n	تربیت
bn:00041868n	آمدنی
bn:00041881n	زمین
bn:00041881n	سبب
bn:00041881n	وجہ
bn:00041883n	زمین
bn:00041942n	انجمن
bn:00041942n	جماعت
bn:00041942n	ذیل
bn:00041942n	گروپ
bn:00041942n	گروہ
bn:00041942n	گروہوں
bn:00041948n	ملاقات
bn:00041966n	باغ
bn:00041967n	باغ
bn:00041978n	ترقی
bn:00041979n	اضافہ
bn:00041979n	ترقی
bn:00041980n	ترقی
bn:00042006n	سور
bn:00042039n	ضمانت
bn:00042044n	محافظ
bn:00042045n	حفاظت
bn:00042046n	محافظوں
bn:00042090n	مہمان
bn:00042106n	رہنما
bn:00042107n	رہنما
bn:00042128n	جرم
bn:00042129n	قصور
bn:00042160n	خلیج
bn:00042221n	بندوق
bn:00042238n	میں
bn:00042250n	بارود
bn:00042264n	گرو
bn:00042275n	ذائقہ
bn:00042275n	مزہ
bn:00042327n	گھوڑا
bn:00042379n	پانی
bn:00042403n	عادات
bn:00042403n	عادت
bn:00042404n	استعمال
bn:00042404n	عادات
bn:00042404n	عادت
bn:00042526n	بال
bn:00042601n	نصف
bn:00042621n	بہن
bn:00042667n	رہائش
bn:00042697n	میں
bn:00042697n	والا
bn:00042745n	ڈھیر
bn:00042759n	میں
bn:00042759n	ہاتھ
bn:00042760n	میں
bn:00042760n	ہاتھ
bn:00042761n	ہاتھ
bn:00042762n	ہاتھ
bn:00042763n	میں
bn:00042763n	ہاتھ
bn:00042765n	ہاتھ
bn:00042804n	کام
bn:00042823n	سلوک
bn:00042823n	علاج
bn:00042904n	واقعات
bn:00042904n	واقعہ
bn:00042955n	غلام
bn:00042984n	خرگوش
bn:00042994n	حرم
bn:00043011n	تکلیف
bn:00043011n	زخم
bn:00043011n	نقصان
bn:00043011n	چوٹ
bn:00043023n	آہنگی
bn:00043029n	آہنگی
bn:00043114n	جلدی
bn:00043115n	جلدی
bn:00043116n	جلدی
bn:00043140n	نفرت
bn:00043206n	گھاس
bn:00043234n	دھند
bn:00043252n	سر
bn:00043254n	سر
bn:00043255n	سر
bn:00043256n	سربراہ
bn:00043267n	بات
bn:00043267n	سوال
bn:00043267n	مسئلہ
bn:00043283n	پردہ
bn:00043320n	عنوان
bn:00043357n	شفا
bn:00043358n	صحت
bn:00043372n	سماعت
bn:00043373n	سماعت
bn:00043383n	دل
bn:00043384n	دل
bn:00043385n	روح
bn:00043415n	حرارت
bn:00043415n	میں
bn:00043415n	والا
bn:00043415n	گرمی
bn:00043416n	گرمی
bn:00043417n	گرمی
bn:00043418n	گرمی
bn:00043484n	ہفتہ
bn:00043492n	یہودی
bn:00043544n	اونچائی
bn:00043545n	اونچائی
bn:00043555n	وارث
bn:00043603n	جہنم
bn:00043638n	کمزوری
bn:00043668n	کرہ
bn:00043684n	مرغی
bn:00043776n	بوٹی
bn:00043777n	بوٹی
bn:00043801n	مویشی
bn:00043801n	گروہ
bn:00043821n	میراث
bn:00043821n	ورثہ
bn:00043824n	میراث
bn:00043824n	ورثہ
bn:00044002n	جلد
bn:00044002n	کھال
bn:00044017n	درجہ
bn:00044018n	درجہ
bn:00044079n	برتری
bn:00044095n	غداری
bn:00044128n	شاہراہ
bn:00044138n	اضافہ
bn:00044141n	پہاڑی
bn:00044144n	ڈھیر
bn:00044174n	مداخلت
bn:00044196n	تجویز
bn:00044196n	نشان
bn:00044197n	کمر
bn:00044258n	تاریخ
bn:00044258n	دان
bn:00044258n	مورخ
bn:00044267n	تاریخ
bn:00044268n	تاریخ
bn:00044269n	تاریخ
bn:00044270n	تاریخ
bn:00044274n	میں
bn:00044275n	ٹکرانا
bn:00044304n	خزانہ
bn:00044382n	عوام
bn:00044382n	لوگ
bn:00044390n	گرفت
bn:00044407n	سوراخ
bn:00044408n	سوراخ
bn:00044409n	سوراخ
bn:00044410n	سوراخ
bn:00044415n	چھٹی
bn:00044416n	چھٹی
bn:00044419n	سیاح
bn:00044427n	سوراخ
bn:00044488n	گھر
bn:00044489n	گھر
bn:00044490n	گھر
bn:00044531n	واپسی
bn:00044539n	گھر
bn:00044547n	گھر
bn:00044565n	قتل
bn:00044576n	انسان
bn:00044622n	شہد
bn:00044653n	اعزاز
bn:00044654n	اعزاز
bn:00044727n	چھلانگ
bn:00044736n	امید
bn:00044737n	امید
bn:00044738n	امید
bn:00044738n	وعدہ
bn:00044739n	امید
bn:00044763n	افق
bn:00044774n	سینگ
bn:00044775n	سینگ
bn:00044778n	سینگ
bn:00044809n	ساز
bn:00044811n	زائچہ
bn:00044815n	خوف
bn:00044815n	وحشت
bn:00044816n	وحشت
bn:00044836n	دوڑ
bn:00044896n	اسپتال
bn:00044910n	میزبان
bn:00044911n	میزبان
bn:00044913n	میزبان
bn:00044926n	دشمنی
bn:00044967n	ہوٹل
bn:00044981n	کتا
bn:00044982n	وقت
bn:00044994n	مکان
bn:00044994n	گھر
bn:00044996n	گھر
bn:00044998n	گھر
bn:00044999n	گھر
bn:00045000n	نشان
bn:00045032n	لفافہ
bn:00045039n	گھر
bn:00045052n	مکان
bn:00045073n	توپ
bn:00045074n	چیخ
bn:00045098n	مرکز
bn:00045106n	شوہر
bn:00045106n	مرد
bn:00045167n	انسانیت
bn:00045168n	انسانیت
bn:00045170n	انسانیت
bn:00045172n	انسانیت
bn:00045179n	عاجزی
bn:00045190n	نمی
bn:00045192n	ذلت
bn:00045201n	مزاج
bn:00045206n	مزاح
bn:00045206n	نگار
bn:00045216n	شک
bn:00045229n	بھوک
bn:00045230n	بھوک
bn:00045234n	خواہش
bn:00045234n	شوق
bn:00045243n	تلاش
bn:00045244n	شکار
bn:00045245n	شکار
bn:00045247n	شکار
bn:00045273n	رکاوٹ
bn:00045282n	طوفان
bn:00045284n	رفتار
bn:00045286n	تکلیف
bn:00045286n	درد
bn:00045458n	شادی
bn:00045587n	منافقت
bn:00045588n	منافقت
bn:00045632n	امکان
bn:00045632n	مفروضہ
bn:00045632n	نظریہ
bn:00045705n	برف
bn:00045706n	برف
bn:00045768n	برف
bn:00045772n	تصاویر
bn:00045772n	تصویر
bn:00045792n	حملہ
bn:00045800n	تصور
bn:00045800n	خیال
bn:00045800n	سوچ
bn:00045800n	نظریہ
bn:00045801n	خیال
bn:00045802n	خیال
bn:00045804n	مثالی
bn:00045818n	شناخت
bn:00045834n	نظریہ
bn:00045855n	بت
bn:00045892n	جہالت
bn:00045936n	نتیجہ
bn:00045952n	بیماری
bn:00045956n	روشنی
bn:00045957n	روشنی
bn:00045960n	کا
bn:00045962n	تصویر
bn:00045963n	مثال
bn:00045971n	شکل
bn:00045979n	تصور
bn:00045979n	نظر
bn:00045997n	نقل
bn:00045998n	نقل
bn:00045999n	نقل
bn:00046009n	فوری
bn:00046019n	وطن
bn:00046021n	امیگریشن
bn:00046064n	اثر
bn:00046065n	اثر
bn:00046079n	صبری
bn:00046094n	دباؤ
bn:00046106n	سامراجیت
bn:00046127n	اوزار
bn:00046128n	مقصد
bn:00046138n	درآمد
bn:00046139n	مطلب
bn:00046139n	معنی
bn:00046143n	اہمیت
bn:00046148n	سزا
bn:00046157n	غربت
bn:00046169n	تصویر
bn:00046182n	قید
bn:00046191n	بہتری
bn:00046192n	بہتری
bn:00046197n	خواہش
bn:00046209n	آگے
bn:00046220n	غلطی
bn:00046221n	مور
bn:00046248n	افتتاح
bn:00046275n	آغاز
bn:00046282n	واقعات
bn:00046282n	واقعہ
bn:00046295n	تحریک
bn:00046300n	فہرست
bn:00046301n	رجحان
bn:00046304n	جھکنا
bn:00046315n	آمدنی
bn:00046315n	تنخواہ
bn:00046318n	واپسی
bn:00046344n	تکلیف
bn:00046355n	اضافہ
bn:00046356n	اضافہ
bn:00046357n	اضافہ
bn:00046376n	دخول
bn:00046406n	آزادی
bn:00046406n	خود
bn:00046407n	آزادی
bn:00046418n	اشارہ
bn:00046473n	اشارہ
bn:00046477n	والا
bn:00046482n	الزام
bn:00046485n	حسی
bn:00046487n	ضرورت
bn:00046491n	غصہ
bn:00046491n	غضب
bn:00046503n	خواہش
bn:00046516n	آدمی
bn:00046516n	انسان
bn:00046516n	ایک
bn:00046516n	روح
bn:00046516n	شخص
bn:00046516n	فرد
bn:00046516n	کوئی
bn:00046517n	فرد
bn:00046520n	انفرادیت
bn:00046521n	انفرادیت
bn:00046545n	آغاز
bn:00046568n	میں
bn:00046568n	والا
bn:00046568n	پودا
bn:00046568n	کار
bn:00046575n	صنعت
bn:00046576n	صنعت
bn:00046600n	ناگزیر
bn:00046665n	جگہ
bn:00046693n	اثر
bn:00046693n	رسوخ
bn:00046694n	اثر
bn:00046695n	اثر
bn:00046696n	اثر
bn:00046698n	اطلاع
bn:00046698n	معلومات
bn:00046703n	گواہ
bn:00046705n	معلومات
bn:00046706n	معلومات
bn:00046721n	خلاف
bn:00046730n	خلاف
bn:00046749n	ناشکری
bn:00046768n	رکاوٹ
bn:00046779n	کا
bn:00046794n	سیاہی
bn:00046833n	ایجاد
bn:00046836n	اشارہ
bn:00046849n	محرک
bn:00046854n	تحقیقات
bn:00046864n	پن
bn:00046865n	جنون
bn:00046867n	تحریر
bn:00046870n	کیڑا
bn:00046891n	اندر
bn:00046891n	اندرونی
bn:00046891n	داخلہ
bn:00046892n	اندر
bn:00046904n	بصیرت
bn:00046905n	بصیرت
bn:00046910n	اصرار
bn:00046920n	معائنہ
bn:00046931n	عدم
bn:00046932n	عدم
bn:00046942n	لمحہ
bn:00046942n	منٹ
bn:00046952n	ادارہ
bn:00046953n	ادارہ
bn:00046954n	ادارہ
bn:00046956n	تدریس
bn:00046956n	تعلیم
bn:00046956n	درس
bn:00046956n	ہدایات
bn:00046958n	اساتذہ
bn:00046958n	استاد
bn:00046961n	آلہ
bn:00046962n	آلہ
bn:00046962n	اوزار
bn:00046975n	کھلاڑی
bn:00046982n	نافرمانی
bn:00046997n	پالیسی
bn:00047003n	بغاوت
bn:00047009n	عدد
bn:00047016n	اتحاد
bn:00047016n	سالمیت
bn:00047021n	عقل
bn:00047028n	خبر
bn:00047028n	لفظ
bn:00047028n	پیغام
bn:00047039n	شدت
bn:00047042n	شدت
bn:00047043n	شدت
bn:00047046n	ارادہ
bn:00047046n	روح
bn:00047052n	عمل
bn:00047061n	مداخلت
bn:00047077n	دلچسپی
bn:00047077n	مفاد
bn:00047078n	خاطر
bn:00047078n	دلچسپی
bn:00047078n	مفاد
bn:00047078n	واسطہ
bn:00047079n	دلچسپی
bn:00047080n	دلچسپی
bn:00047080n	سود
bn:00047081n	حصہ
bn:00047081n	سود
bn:00047081n	مفاد
bn:00047082n	مفاد
bn:00047083n	دلچسپی
bn:00047092n	مداخلت
bn:00047093n	مداخلت
bn:00047114n	ترجمہ
bn:00047119n	وقفہ
bn:00047140n	نمائندگی
bn:00047196n	تشریح
bn:00047197n	تشریح
bn:00047198n	تشریح
bn:00047199n	تشریح
bn:00047201n	مترجم
bn:00047202n	مترجم
bn:00047203n	آواز
bn:00047203n	نمائندہ
bn:00047208n	سوال
bn:00047229n	وقفہ
bn:00047230n	وقفہ
bn:00047231n	علیحدگی
bn:00047235n	علاج
bn:00047238n	انٹرویو
bn:00047254n	لہجہ
bn:00047287n	تعارف
bn:00047289n	تعارف
bn:00047290n	تعارف
bn:00047325n	حملہ
bn:00047330n	ایجاد
bn:00047354n	تحقیق
bn:00047355n	تحقیق
bn:00047355n	گچھ
bn:00047357n	تفتیش
bn:00047358n	سرمایہ
bn:00047358n	کاری
bn:00047360n	سرمایہ
bn:00047360n	کاری
bn:00047367n	سرمایہ
bn:00047367n	کار
bn:00047375n	دعوت
bn:00047426n	ٹکڑا
bn:00047530n	طنز
bn:00047542n	استدلال
bn:00047557n	ذمہ
bn:00047559n	خلاف
bn:00047567n	مزاج
bn:00047612n	جزائر
bn:00047612n	جزیرہ
bn:00047613n	جزیرہ
bn:00047618n	جزیرہ
bn:00047688n	مسئلہ
bn:00047688n	معاملہ
bn:00047690n	بات
bn:00047690n	معاملہ
bn:00047690n	موضوع
bn:00047691n	واپسی
bn:00047692n	اولاد
bn:00047693n	اشاعت
bn:00047730n	بات
bn:00047730n	خبر
bn:00047731n	چیز
bn:00047741n	راستہ
bn:00047754n	ہاتھی
bn:00047795n	مزدور
bn:00047960n	جنوری
bn:00047974n	نگہبان
bn:00047991n	جاپانی
bn:00048025n	جھٹکا
bn:00048160n	مذاق
bn:00048237n	کام
bn:00048238n	کام
bn:00048239n	کام
bn:00048240n	کام
bn:00048242n	مسئلہ
bn:00048242n	مشکل
bn:00048380n	مشترکہ
bn:00048453n	رسالہ
bn:00048459n	صحافت
bn:00048461n	صحافی
bn:00048463n	سفر
bn:00048488n	انصاف
bn:00048488n	جج
bn:00048492n	رائے
bn:00048492n	فیصلہ
bn:00048493n	خیال
bn:00048493n	ذہن
bn:00048493n	فیصلہ
bn:00048494n	فیصلہ
bn:00048495n	فیصلہ
bn:00048496n	فیصلہ
bn:00048511n	حکم
bn:00048554n	چھلانگ
bn:00048587n	موقع
bn:00048593n	وسط
bn:00048652n	اختیار
bn:00048652n	دائرہ
bn:00048652n	داری
bn:00048653n	اختیار
bn:00048654n	فقہ
bn:00048654n	قانون
bn:00048655n	قانون
bn:00048655n	قوانین
bn:00048656n	وکیل
bn:00048657n	جیوری
bn:00048668n	انصاف
bn:00048668n	عدالت
bn:00048669n	انصاف
bn:00048673n	جواز
bn:00048674n	جواز
bn:00048900n	نظر
bn:00048985n	چابی
bn:00048985n	کلید
bn:00048986n	کلید
bn:00049011n	سوراخ
bn:00049099n	قتل
bn:00049099n	میں
bn:00049100n	قتل
bn:00049103n	قاتل
bn:00049107n	قتل
bn:00049141n	بادشاہ
bn:00049141n	بادشاہوں
bn:00049142n	بادشاہ
bn:00049167n	سلطنت
bn:00049168n	سلطنت
bn:00049169n	سلطنت
bn:00049182n	لینڈ
bn:00049248n	باورچی
bn:00049248n	خانہ
bn:00049269n	بلی
bn:00049307n	گھٹنا
bn:00049308n	گھٹنا
bn:00049315n	ہڈی
bn:00049322n	میں
bn:00049323n	میں
bn:00049356n	دستک
bn:00049357n	دھکا
bn:00049570n	جان
bn:00049570n	مزدور
bn:00049571n	مزدور
bn:00049573n	منصوبہ
bn:00049573n	کام
bn:00049666n	خاتون
bn:00049666n	خواتین
bn:00049666n	عورت
bn:00049696n	جھیل
bn:00049709n	جھیل
bn:00049786n	گریہ
bn:00049804n	روشنی
bn:00049804n	چراغ
bn:00049805n	چراغ
bn:00049836n	زمین
bn:00049847n	جگہ
bn:00049877n	مالک
bn:00049882n	نشان
bn:00049886n	منظر
bn:00049896n	زمین
bn:00049899n	گلی
bn:00049910n	زبان
bn:00049911n	تقریر
bn:00049911n	خطاب
bn:00049911n	زبان
bn:00049912n	الفاظ
bn:00049912n	زبان
bn:00049913n	زبان
bn:00049914n	زبان
bn:00049960n	گود
bn:00050177n	البلد
bn:00050177n	عرض
bn:00050198n	ہنسنا
bn:00050249n	قانون
bn:00050249n	قوانین
bn:00050250n	قانون
bn:00050250n	قوانین
bn:00050251n	قانون
bn:00050251n	قوانین
bn:00050252n	قانون
bn:00050283n	سازی
bn:00050284n	گھاس
bn:00050302n	پرت
bn:00050327n	پاؤنڈ
bn:00050340n	برتری
bn:00050340n	قیادت
bn:00050342n	قیادت
bn:00050343n	قیادت
bn:00050371n	رہنما
bn:00050372n	قیادت
bn:00050373n	قیادت
bn:00050374n	قیادت
bn:00050375n	قیادت
bn:00050426n	رجحان
bn:00050462n	رخصت
bn:00050462n	چھٹی
bn:00050463n	اجازت
bn:00050487n	تقریر
bn:00050521n	بائیں
bn:00050522n	بائیں
bn:00050523n	بائیں
bn:00050541n	ٹانگ
bn:00050548n	مرحلہ
bn:00050563n	سماعت
bn:00050587n	سازی
bn:00050587n	قانون
bn:00050588n	قانون
bn:00050588n	قوانین
bn:00050591n	ساز
bn:00050591n	قانون
bn:00050627n	لیموں
bn:00050662n	لمبائی
bn:00050663n	لمبائی
bn:00050665n	عمر
bn:00050776n	زخم
bn:00050776n	چوٹ
bn:00050793n	سبق
bn:00050794n	سبق
bn:00050795n	سبق
bn:00050802n	خط
bn:00050802n	رسالہ
bn:00050860n	سطح
bn:00050861n	سطح
bn:00050862n	حد
bn:00050906n	الفاظ
bn:00050906n	لغت
bn:00050920n	ذمہ
bn:00050928n	جھوٹا
bn:00050935n	خیال
bn:00050935n	پسند
bn:00050954n	آزادی
bn:00050955n	آزادی
bn:00050967n	لائبریری
bn:00050968n	لائبریری
bn:00050985n	اجازت
bn:00050986n	اجازت
bn:00050987n	اجازت
bn:00051016n	جھوٹ
bn:00051035n	جگہ
bn:00051045n	زندگی
bn:00051046n	زندگی
bn:00051047n	زندگی
bn:00051048n	زندگی
bn:00051048n	عمر
bn:00051049n	زندگی
bn:00051050n	زندگی
bn:00051051n	زندگی
bn:00051052n	روح
bn:00051052n	زندگی
bn:00051053n	زندگی
bn:00051054n	زندگی
bn:00051055n	زندگی
bn:00051108n	روشنی
bn:00051109n	روشنی
bn:00051110n	روشنی
bn:00051111n	روشنی
bn:00051112n	روشنی
bn:00051113n	روشنی
bn:00051114n	روشنی
bn:00051115n	روشنی
bn:00051116n	چنگاری
bn:00051161n	بجلی
bn:00051182n	امکان
bn:00051185n	خواہش
bn:00051185n	پسند
bn:00051247n	حد
bn:00051250n	حد
bn:00051251n	پابندی
bn:00051254n	پابندی
bn:00051288n	لائن
bn:00051289n	لائن
bn:00051289n	میں
bn:00051290n	قطار
bn:00051290n	لائن
bn:00051290n	میں
bn:00051291n	لائن
bn:00051291n	میں
bn:00051292n	لائن
bn:00051292n	میں
bn:00051293n	لائن
bn:00051295n	لائن
bn:00051295n	میں
bn:00051296n	لائن
bn:00051297n	لائن
bn:00051298n	لائن
bn:00051299n	قطار
bn:00051299n	لائن
bn:00051300n	لائن
bn:00051301n	لائن
bn:00051351n	نظر
bn:00051355n	خاکہ
bn:00051385n	دان
bn:00051385n	زبان
bn:00051392n	اصول
bn:00051392n	ضابطہ
bn:00051392n	قواعد
bn:00051392n	قوانین
bn:00051395n	لسانیات
bn:00051400n	تعلق
bn:00051401n	تعلق
bn:00051440n	لب
bn:00051440n	ہونٹ
bn:00051471n	مائع
bn:00051473n	سیال
bn:00051488n	قاتل
bn:00051491n	شراب
bn:00051508n	فہرست
bn:00051520n	ادب
bn:00051533n	قزاق
bn:00051538n	ادب
bn:00051538n	ادبیات
bn:00051539n	ادب
bn:00051539n	ادبیات
bn:00051540n	ادب
bn:00051575n	کم
bn:00051621n	جگر
bn:00051622n	جگر
bn:00051672n	بوجھ
bn:00051673n	بوجھ
bn:00051674n	بوجھ
bn:00051688n	روٹی
bn:00051693n	قرض
bn:00051758n	جا
bn:00051758n	جگہ
bn:00051758n	علاقہ
bn:00051758n	پڑوس
bn:00051760n	بندی
bn:00051760n	محل
bn:00051760n	مقام
bn:00051760n	وقوع
bn:00051771n	تالا
bn:00051829n	لکڑی
bn:00051845n	منطق
bn:00051846n	منطق
bn:00051847n	منطق
bn:00051877n	بیٹا
bn:00051906n	تنہائی
bn:00051906n	پن
bn:00051968n	نظر
bn:00051969n	نظر
bn:00051972n	ناظر
bn:00052017n	آقا
bn:00052017n	مالک
bn:00052050n	نقصان
bn:00052051n	نقصان
bn:00052051n	کمی
bn:00052052n	نقصان
bn:00052053n	نقصان
bn:00052054n	نقصان
bn:00052055n	نقصان
bn:00052121n	محبت
bn:00052122n	جذبہ
bn:00052122n	محبت
bn:00052190n	طبقہ
bn:00052194n	کم
bn:00052218n	وفاداری
bn:00052219n	وفاداری
bn:00052284n	خاموشی
bn:00052293n	لکڑی
bn:00052304n	روشنی
bn:00052310n	سوجن
bn:00052329n	پاگل
bn:00052402n	عیش
bn:00052556n	آلہ
bn:00052571n	مشینری
bn:00052572n	مشینری
bn:00052671n	رسالہ
bn:00052674n	رسالہ
bn:00052688n	جادو
bn:00052712n	مقناطیس
bn:00052713n	مقناطیسیت
bn:00052757n	مقدار
bn:00052888n	سیارہ
bn:00052910n	ساز
bn:00052910n	کار
bn:00052915n	اہلیت
bn:00052915n	قابلیت
bn:00052938n	بیماری
bn:00052967n	مرد
bn:00052967n	نر
bn:00052968n	مرد
bn:00052990n	مردانگی
bn:00052995n	بد
bn:00053096n	آدمی
bn:00053096n	مرد
bn:00053097n	آدمی
bn:00053097n	انسان
bn:00053097n	مرد
bn:00053098n	آدمی
bn:00053107n	شادی
bn:00053116n	انتظام
bn:00053173n	کھیل
bn:00053214n	ظہور
bn:00053225n	استعمال
bn:00053238n	انداز
bn:00053238n	طرح
bn:00053238n	طریقہ
bn:00053239n	طرح
bn:00053241n	گھومنا
bn:00053242n	آداب
bn:00053287n	کھاد
bn:00053303n	نقشہ
bn:00053318n	مارچ
bn:00053338n	سنگ
bn:00053338n	مرمر
bn:00053339n	مرمر
bn:00053353n	مارچ
bn:00053354n	مارچ
bn:00053444n	نشان
bn:00053445n	ہدف
bn:00053447n	نشان
bn:00053450n	اشارہ
bn:00053450n	علامت
bn:00053450n	نشان
bn:00053450n	نشانی
bn:00053458n	بازار
bn:00053458n	مارکیٹ
bn:00053459n	بازار
bn:00053459n	مارکیٹ
bn:00053460n	مارکیٹ
bn:00053461n	بازار
bn:00053470n	تاجر
bn:00053480n	فروخت
bn:00053518n	شادی
bn:00053519n	شادی
bn:00053528n	تجویز
bn:00053531n	اہلیہ
bn:00053531n	بیوی
bn:00053536n	مریخ
bn:00053594n	شہید
bn:00053600n	تعجب
bn:00053600n	حیرت
bn:00053600n	عجائبات
bn:00053638n	نقاب
bn:00053714n	استاد
bn:00053715n	اصل
bn:00053717n	پیشہ
bn:00053738n	شاہکار
bn:00053773n	میچ
bn:00053774n	ساتھی
bn:00053793n	ساتھی
bn:00053794n	ساتھی
bn:00053801n	سامان
bn:00053801n	مواد
bn:00053802n	مواد
bn:00053803n	مواد
bn:00053823n	ریاضی
bn:00053867n	مادہ
bn:00053867n	معاملہ
bn:00053885n	پختگی
bn:00053911n	مقبرہ
bn:00053993n	کھانا
bn:00054001n	کم
bn:00054009n	مطلب
bn:00054009n	معنی
bn:00054010n	اہمیت
bn:00054012n	ذریعہ
bn:00054018n	قدم
bn:00054019n	اندازہ
bn:00054019n	پیمائش
bn:00054026n	گوشت
bn:00054128n	دوا
bn:00054128n	دوائی
bn:00054144n	مراقبہ
bn:00054146n	میں
bn:00054149n	ذریعہ
bn:00054150n	ذریعہ
bn:00054151n	ذریعہ
bn:00054225n	اداسی
bn:00054276n	رکن
bn:00054281n	رکنیت
bn:00054282n	رکنیت
bn:00054284n	جھلی
bn:00054299n	یاد
bn:00054300n	یاد
bn:00054301n	یاد
bn:00054311n	خطرہ
bn:00054311n	خوف
bn:00054311n	دھمکی
bn:00054316n	جانور
bn:00054316n	گھر
bn:00054378n	امتحان
bn:00054390n	حوالہ
bn:00054390n	ذکر
bn:00054417n	تاجر
bn:00054421n	رحم
bn:00054422n	رحمت
bn:00054453n	خوبی
bn:00054523n	پیغام
bn:00054550n	دھات
bn:00054578n	استعارہ
bn:00054612n	وقت
bn:00054625n	طریقہ
bn:00054842n	وسط
bn:00054843n	درمیان
bn:00054843n	وسط
bn:00054844n	وسط
bn:00054884n	رات
bn:00054889n	درمیان
bn:00054897n	بدھ
bn:00054902n	طاقت
bn:00054944n	ماحول
bn:00054954n	طاقت
bn:00054954n	قوت
bn:00054958n	قبضہ
bn:00054979n	حیثیت
bn:00054980n	میں
bn:00054996n	دودھ
bn:00054997n	دودھ
bn:00055094n	منٹ
bn:00055105n	دماغ
bn:00055105n	ذہن
bn:00055114n	کان
bn:00055179n	وزارت
bn:00055208n	اقلیتوں
bn:00055208n	کم
bn:00055209n	اقلیت
bn:00055250n	معجزات
bn:00055250n	معجزہ
bn:00055251n	معجزہ
bn:00055261n	آئینہ
bn:00055272n	غلطی
bn:00055275n	غلطی
bn:00055278n	فہمی
bn:00055292n	بدحالی
bn:00055292n	مصیبت
bn:00055296n	غلطی
bn:00055298n	شک
bn:00055303n	بد
bn:00055306n	نام
bn:00055312n	والا
bn:00055345n	دھند
bn:00055408n	ہجوم
bn:00055476n	جدیدیت
bn:00055504n	معمول
bn:00055529n	نمی
bn:00055609n	پیر
bn:00055629n	خانقاہ
bn:00055630n	راہب
bn:00055644n	رقم
bn:00055644n	پیسہ
bn:00055645n	رقم
bn:00055645n	پیسہ
bn:00055685n	بندر
bn:00055794n	ماہ
bn:00055794n	مہینا
bn:00055794n	مہینہ
bn:00055809n	چاند
bn:00055810n	چاند
bn:00055848n	فضیلت
bn:00055884n	طور
bn:00055942n	موت
bn:00055948n	رہن
bn:00055977n	مچھر
bn:00056023n	موضوع
bn:00056025n	موضوع
bn:00056029n	تحریک
bn:00056029n	حرکت
bn:00056030n	تحریک
bn:00056030n	حرکت
bn:00056030n	رفتار
bn:00056031n	حرکت
bn:00056033n	تحریک
bn:00056033n	حرکت
bn:00056037n	ضرورت
bn:00056037n	وجہ
bn:00056059n	وقت
bn:00056059n	گاڑی
bn:00056067n	پہاڑ
bn:00056068n	پہاڑ
bn:00056119n	چوہا
bn:00056135n	منہ
bn:00056135n	میں
bn:00056136n	منہ
bn:00056137n	منہ
bn:00056138n	منہ
bn:00056139n	منہ
bn:00056154n	حرکت
bn:00056157n	تحریک
bn:00056157n	حرکت
bn:00056170n	قبضہ
bn:00056171n	لہر
bn:00056171n	موج
bn:00056260n	ضد
bn:00056302n	کثرت
bn:00056426n	عجائب
bn:00056443n	موسیقی
bn:00056444n	موسیقی
bn:00056463n	میں
bn:00056468n	جملہ
bn:00056538n	خاموشی
bn:00056541n	بغاوت
bn:00056669n	افسانہ
bn:00056727n	ناخن
bn:00056728n	ناخن
bn:00056758n	نام
bn:00056759n	نام
bn:00056760n	نام
bn:00056770n	نام
bn:00056857n	روایت
bn:00056857n	کہانی
bn:00056929n	آمدنی
bn:00056956n	قوم
bn:00056956n	پرستی
bn:00056957n	قوم
bn:00056957n	پرستی
bn:00056960n	وطن
bn:00056963n	قومیت
bn:00056990n	زبان
bn:00056996n	طبیعیات
bn:00056998n	وسائل
bn:00057010n	فطرت
bn:00057015n	فطرت
bn:00057015n	نوعیت
bn:00057016n	فطرت
bn:00057017n	فطرت
bn:00057018n	فطرت
bn:00057018n	نوعیت
bn:00057052n	بحریہ
bn:00057131n	ضرورت
bn:00057164n	ضرورت
bn:00057189n	منفی
bn:00057287n	بھتیجا
bn:00057341n	نظام
bn:00057353n	گھونسلا
bn:00057353n	گھونسلوں
bn:00057353n	گھونسلے
bn:00057354n	گھونسلے
bn:00057367n	نیٹ
bn:00057379n	کا
bn:00057489n	چاند
bn:00057546n	خبر
bn:00057546n	نیوز
bn:00057547n	خبر
bn:00057547n	نیوز
bn:00057548n	خبر
bn:00057562n	صحافی
bn:00057563n	اخبار
bn:00057563n	کاغذ
bn:00057564n	اخبار
bn:00057565n	اخبار
bn:00057620n	آداب
bn:00057620n	ادب
bn:00057623n	رنگ
bn:00057623n	سایہ
bn:00057650n	بھتیجی
bn:00057665n	رات
bn:00057667n	رات
bn:00057701n	خواب
bn:00057823n	زمین
bn:00057863n	آواز
bn:00057863n	شور
bn:00057885n	نامزدگی
bn:00057892n	کاہن
bn:00058008n	معیار
bn:00058031n	شمال
bn:00058033n	شمال
bn:00058095n	شمالی
bn:00058098n	علاقہ
bn:00058117n	ناک
bn:00058118n	ناک
bn:00058145n	میں
bn:00058146n	میں
bn:00058147n	میں
bn:00058164n	اطلاع
bn:00058164n	وقت
bn:00058165n	اطلاع
bn:00058165n	مشاہدہ
bn:00058167n	وقت
bn:00058173n	اطلاع
bn:00058174n	تصور
bn:00058174n	خیال
bn:00058175n	خیال
bn:00058187n	اسم
bn:00058205n	ناول
bn:00058205n	نگار
bn:00058217n	اب
bn:00058218n	حال
bn:00058262n	ننگا
bn:00058285n	تعداد
bn:00058287n	تعداد
bn:00058339n	پرورش
bn:00058420n	حلف
bn:00058420n	قسم
bn:00058433n	احترام
bn:00058442n	اعتراض
bn:00058442n	چیز
bn:00058442n	کام
bn:00058443n	اعتراض
bn:00058444n	اعتراض
bn:00058468n	ذمہ
bn:00058492n	اندھیرا
bn:00058494n	مشاہدہ
bn:00058495n	مشاہدہ
bn:00058495n	نظر
bn:00058496n	مشاہدہ
bn:00058511n	رکاوٹ
bn:00058512n	رکاوٹ
bn:00058536n	موقع
bn:00058540n	مغرب
bn:00058562n	قبضہ
bn:00058564n	باشندہ
bn:00058573n	واقعات
bn:00058574n	سمندر
bn:00058575n	سمندر
bn:00058579n	سفر
bn:00058593n	اکتوبر
bn:00058653n	خوشبو
bn:00058674n	حملہ
bn:00058677n	مجرم
bn:00058679n	پیشکش
bn:00058685n	اقتدار
bn:00058685n	دفتر
bn:00058685n	طاقت
bn:00058698n	پولیس
bn:00058715n	عمر
bn:00058732n	تیل
bn:00058733n	تیل
bn:00058770n	تیل
bn:00058801n	فوجی
bn:00058801n	کار
bn:00058809n	اپنا
bn:00058841n	عہد
bn:00058967n	شروع
bn:00058969n	ایک
bn:00058989n	دسواں
bn:00059000n	گولہ
bn:00059005n	اتحاد
bn:00059031n	حملہ
bn:00059094n	موقع
bn:00059099n	امکان
bn:00059126n	عمل
bn:00059128n	عمل
bn:00059130n	طریقہ
bn:00059130n	عمل
bn:00059150n	سانپ
bn:00059168n	رائے
bn:00059168n	نظریہ
bn:00059169n	خیال
bn:00059169n	رائے
bn:00059169n	نظریہ
bn:00059170n	رائے
bn:00059171n	رائے
bn:00059171n	فیصلہ
bn:00059175n	افیون
bn:00059191n	مخالفت
bn:00059192n	مخالفت
bn:00059192n	مزاحمت
bn:00059196n	ظلم
bn:00059235n	نبی
bn:00059303n	حکم
bn:00059303n	کہنا
bn:00059304n	حکم
bn:00059305n	امن
bn:00059305n	حکم
bn:00059305n	نظام
bn:00059305n	نظم
bn:00059306n	ترتیب
bn:00059307n	ترتیب
bn:00059307n	نظم
bn:00059308n	حکم
bn:00059436n	حکم
bn:00059436n	ضابطہ
bn:00059436n	قانون
bn:00059458n	عضو
bn:00059480n	تشکیل
bn:00059480n	تنظیم
bn:00059482n	تنظیم
bn:00059510n	ترجیح
bn:00059522n	اصلیت
bn:00059522n	جدت
bn:00059523n	اصلیت
bn:00059529n	دعا
bn:00059529n	نماز
bn:00059561n	یتیم
bn:00059588n	ہجے
bn:00059783n	خاکہ
bn:00059786n	چوکی
bn:00059908n	نگرانی
bn:00059916n	خاتمہ
bn:00059953n	مالک
bn:00059954n	مالک
bn:00059958n	قبضہ
bn:00059960n	بیل
bn:00060063n	رفتار
bn:00060063n	شرح
bn:00060064n	قدم
bn:00060065n	رفتار
bn:00060099n	رفتار
bn:00060113n	ترقی
bn:00060158n	صفحہ
bn:00060181n	تکلیف
bn:00060181n	درد
bn:00060182n	تکلیف
bn:00060182n	درد
bn:00060187n	رنگ
bn:00060198n	رنگ
bn:00060198n	مصور
bn:00060201n	تصاویر
bn:00060201n	تصویر
bn:00060204n	جوڑا
bn:00060204n	جوڑی
bn:00060222n	محل
bn:00060304n	ہتھیلی
bn:00060436n	شیر
bn:00060464n	کاغذ
bn:00060465n	کاغذ
bn:00060466n	کاغذ
bn:00060538n	پریڈ
bn:00060539n	پریڈ
bn:00060633n	حصہ
bn:00060633n	میں
bn:00060722n	لفظ
bn:00060764n	حصہ
bn:00060765n	حصہ
bn:00060765n	ٹکڑا
bn:00060766n	حصہ
bn:00060767n	حصہ
bn:00060767n	خطہ
bn:00060767n	علاقہ
bn:00060768n	حصہ
bn:00060768n	میں
bn:00060769n	حصہ
bn:00060770n	حصہ
bn:00060799n	کھلاڑی
bn:00060802n	جز
bn:00060802n	ذرہ
bn:00060803n	ذرہ
bn:00060834n	جماعت
bn:00060834n	پارٹی
bn:00060835n	جماعت
bn:00060835n	پارٹی
bn:00060836n	پارٹی
bn:00060837n	جماعت
bn:00060894n	مسافر
bn:00060907n	جذبہ
bn:00060908n	غصہ
bn:00060909n	جذبہ
bn:00060927n	ماضی
bn:00060928n	ماضی
bn:00060929n	ماضی
bn:00060963n	نل
bn:00060967n	زمین
bn:00060967n	ٹکڑا
bn:00060968n	ٹکڑا
bn:00060969n	جب
bn:00061005n	انداز
bn:00061005n	راستہ
bn:00061005n	راہ
bn:00061005n	طرح
bn:00061005n	طرز
bn:00061005n	طرف
bn:00061005n	طریقہ
bn:00061005n	طور
bn:00061006n	راستہ
bn:00061017n	مریض
bn:00061017n	مریضہ
bn:00061019n	چھت
bn:00061041n	گشت
bn:00061042n	گشت
bn:00061050n	تجارت
bn:00061054n	عادت
bn:00061054n	عمل
bn:00061054n	مشق
bn:00061054n	نمونہ
bn:00061055n	نمونہ
bn:00061113n	انتقام
bn:00061123n	انعام
bn:00061135n	فیصد
bn:00061149n	امن
bn:00061150n	امن
bn:00061151n	امن
bn:00061173n	مور
bn:00061177n	نقطہ
bn:00061189n	موتی
bn:00061296n	گولی
bn:00061314n	قلم
bn:00061325n	جرمانہ
bn:00061325n	سزا
bn:00061325n	عذاب
bn:00061327n	سزا
bn:00061330n	توبہ
bn:00061333n	ترجیح
bn:00061333n	ذائقہ
bn:00061333n	شوق
bn:00061450n	عوام
bn:00061450n	قوم
bn:00061450n	لوگ
bn:00061450n	لوگوں
bn:00061450n	مخلوق
bn:00061451n	لوگ
bn:00061500n	احساس
bn:00061500n	ادراک
bn:00061502n	احساس
bn:00061503n	ادراک
bn:00061560n	کارکردگی
bn:00061561n	کارکردگی
bn:00061605n	دور
bn:00061605n	دوران
bn:00061605n	عرصہ
bn:00061605n	مدت
bn:00061606n	دوران
bn:00061606n	مدت
bn:00061661n	اجازت
bn:00061736n	شخصیت
bn:00061737n	شخصیت
bn:00061742n	شخصیت
bn:00061746n	رائے
bn:00061746n	منظر
bn:00061746n	نظر
bn:00061746n	نظریہ
bn:00061748n	عرق
bn:00061748n	پسینہ
bn:00061751n	طاقت
bn:00061826n	میں
bn:00061897n	گلا
bn:00061898n	مرحلہ
bn:00061932n	واقعہ
bn:00061979n	فلسفی
bn:00061984n	فلسفہ
bn:00062019n	آواز
bn:00062020n	فون
bn:00062021n	آواز
bn:00062039n	صوتیات
bn:00062115n	جملہ
bn:00062118n	نحو
bn:00062214n	جگہ
bn:00062273n	تصاویر
bn:00062275n	تصویر
bn:00062275n	منظر
bn:00062276n	تصویر
bn:00062297n	ٹکڑا
bn:00062298n	ٹکڑا
bn:00062299n	ٹکڑا
bn:00062300n	ٹکڑا
bn:00062301n	ٹکڑا
bn:00062309n	کام
bn:00062310n	تحریر
bn:00062350n	کبوتر
bn:00062357n	رنگ
bn:00062395n	حج
bn:00062397n	گولی
bn:00062414n	بستر
bn:00062507n	گلابی
bn:00062517n	چوٹی
bn:00062533n	داغ
bn:00062533n	ذرہ
bn:00062681n	افسوس
bn:00062699n	جگہ
bn:00062699n	مقام
bn:00062700n	جگہ
bn:00062700n	مال
bn:00062700n	مقام
bn:00062700n	گھر
bn:00062701n	جگہ
bn:00062701n	مقام
bn:00062702n	جگہ
bn:00062703n	جگہ
bn:00062703n	مقام
bn:00062704n	جگہ
bn:00062704n	حیثیت
bn:00062705n	جگہ
bn:00062705n	مقام
bn:00062706n	جگہ
bn:00062706n	نشست
bn:00062707n	جگہ
bn:00062708n	جگہ
bn:00062759n	منصوبہ
bn:00062766n	سطح
bn:00062767n	سطح
bn:00062796n	تیاری
bn:00062796n	فراہمی
bn:00062822n	کھیت
bn:00062928n	کھیل
bn:00062929n	کھیل
bn:00062930n	کھیل
bn:00062933n	باری
bn:00062965n	کھلونا
bn:00062972n	خوش
bn:00062972n	خوشی
bn:00062972n	لطف
bn:00062972n	مزہ
bn:00063036n	مصیبت
bn:00063049n	سازش
bn:00063049n	کہانی
bn:00063133n	وزیر
bn:00063155n	جیب
bn:00063156n	جیب
bn:00063157n	جیب
bn:00063193n	نظم
bn:00063195n	شاعری
bn:00063195n	نظم
bn:00063196n	شاعر
bn:00063204n	شاعری
bn:00063213n	نقطہ
bn:00063213n	پوائنٹس
bn:00063214n	نقطہ
bn:00063214n	پوائنٹس
bn:00063215n	بات
bn:00063215n	نقطہ
bn:00063216n	نقطہ
bn:00063217n	بات
bn:00063217n	نقطہ
bn:00063218n	پوائنٹس
bn:00063219n	نقطہ
bn:00063222n	بات
bn:00063236n	حوالہ
bn:00063237n	رائے
bn:00063237n	نظر
bn:00063237n	نظریہ
bn:00063237n	نقطہ
bn:00063256n	زہر
bn:00063257n	زہر
bn:00063277n	سیاستدان
bn:00063295n	قطب
bn:00063329n	پالیسی
bn:00063330n	سیاست
bn:00063330n	پالیسی
bn:00063351n	سیاست
bn:00063353n	سیاست
bn:00063354n	سیاستدان
bn:00063356n	سیاست
bn:00063385n	آلودگی
bn:00063584n	دنیا
bn:00063584n	عالمی
bn:00063584n	عوام
bn:00063592n	مقبولیت
bn:00063595n	آبادی
bn:00063596n	آبادی
bn:00063597n	آبادی
bn:00063598n	آبادی
bn:00063606n	گوشت
bn:00063682n	تصویر
bn:00063683n	تصویر
bn:00063690n	پرتگالی
bn:00063703n	حیثیت
bn:00063703n	درجہ
bn:00063703n	عہدہ
bn:00063703n	مقام
bn:00063707n	حال
bn:00063707n	صورتحال
bn:00063738n	امکان
bn:00063739n	امکان
bn:00063743n	میں
bn:00063744n	میں
bn:00063820n	برتن
bn:00063821n	برتن
bn:00063940n	اختیار
bn:00063940n	اقتدار
bn:00063940n	طاقت
bn:00063941n	طاقت
bn:00063990n	مشق
bn:00064038n	دعا
bn:00064038n	نماز
bn:00064039n	دعا
bn:00064059n	مبلغ
bn:00064059n	واعظ
bn:00064069n	غیر
bn:00064072n	ترجیح
bn:00064077n	اصول
bn:00064167n	تیاری
bn:00064168n	تیاری
bn:00064181n	ضرورت
bn:00064192n	اصول
bn:00064192n	قواعد
bn:00064192n	قوانین
bn:00064193n	نسخہ
bn:00064201n	موجودگی
bn:00064202n	موجودگی
bn:00064203n	موجودگی
bn:00064208n	تحفہ
bn:00064213n	پیشکش
bn:00064214n	پیشکش
bn:00064233n	صدر
bn:00064234n	صدر
bn:00064235n	صدر
bn:00064248n	دباؤ
bn:00064262n	دباؤ
bn:00064263n	دباؤ
bn:00064303n	شکار
bn:00064307n	قیمت
bn:00064308n	قیمت
bn:00064338n	فخر
bn:00064339n	فخر
bn:00064340n	فخر
bn:00064405n	شہزادہ
bn:00064426n	اصول
bn:00064426n	قوانین
bn:00064427n	اصول
bn:00064428n	اصول
bn:00064429n	اصول
bn:00064430n	اصول
bn:00064451n	طباعت
bn:00064468n	جیل
bn:00064468n	قید
bn:00064489n	حق
bn:00064500n	پیشہ
bn:00064526n	مسئلہ
bn:00064527n	مسئلہ
bn:00064527n	مصیبت
bn:00064527n	پریشانی
bn:00064536n	تبدیل
bn:00064536n	طریقہ
bn:00064536n	عمل
bn:00064584n	پیدا
bn:00064601n	پروفیسر
bn:00064607n	پیشہ
bn:00064608n	پیشہ
bn:00064610n	پیشہ
bn:00064624n	تجویز
bn:00064665n	منصوبہ
bn:00064666n	راکٹ
bn:00064681n	مزدور
bn:00064699n	وعدہ
bn:00064703n	ترقی
bn:00064712n	کمال
bn:00064724n	ثبوت
bn:00064728n	توثیق
bn:00064752n	ملکیت
bn:00064759n	نبی
bn:00064765n	تناسب
bn:00064765n	حصہ
bn:00064766n	تناسب
bn:00064776n	بات
bn:00064776n	تجویز
bn:00064803n	نثر
bn:00064837n	تحفظ
bn:00064837n	حفاظت
bn:00064838n	تحفظ
bn:00064838n	حفاظت
bn:00064839n	تحفظ
bn:00064839n	حفاظت
bn:00064839n	سلامتی
bn:00064862n	احتجاج
bn:00064909n	پیش
bn:00064914n	ریاست
bn:00064914n	ریاستی
bn:00064914n	صوبہ
bn:00064914n	ملک
bn:00064915n	ذمہ
bn:00064921n	شرط
bn:00064921n	فراہمی
bn:00064922n	فراہمی
bn:00065006n	روح
bn:00065026n	نفسیات
bn:00065069n	نظام
bn:00065080n	عوام
bn:00065083n	بہبود
bn:00065099n	مربع
bn:00065106n	اشاعت
bn:00065272n	تنہائی
bn:00065306n	جامنی
bn:00065332n	تلاش
bn:00065342n	دھکا
bn:00065535n	اہلیت
bn:00065535n	قابلیت
bn:00065538n	معیار
bn:00065538n	کیفیت
bn:00065539n	لہجہ
bn:00065539n	معیار
bn:00065539n	کیفیت
bn:00065552n	مقدار
bn:00065576n	حصہ
bn:00065634n	ملکہ
bn:00065635n	ملکہ
bn:00065702n	سکون
bn:00065703n	خاموشی
bn:00065703n	سکون
bn:00065706n	خاموشی
bn:00065707n	سکون
bn:00065749n	کمپن
bn:00065758n	حصہ
bn:00065798n	دوڑ
bn:00065799n	دوڑ
bn:00065800n	نسل
bn:00065801n	نسل
bn:00065826n	نسل
bn:00065995n	غصہ
bn:00066032n	بارش
bn:00066033n	بارش
bn:00066045n	قزح
bn:00066138n	پہنچنا
bn:00066152n	طبقہ
bn:00066152n	عہدہ
bn:00066153n	درجہ
bn:00066153n	عہدہ
bn:00066154n	درجہ
bn:00066192n	رشتہ
bn:00066217n	چوہا
bn:00066236n	شرح
bn:00066236n	کہنا
bn:00066245n	درجہ
bn:00066250n	خوراک
bn:00066262n	عقل
bn:00066344n	جواب
bn:00066344n	رد
bn:00066344n	عمل
bn:00066365n	والا
bn:00066371n	تیاری
bn:00066414n	حقیقت
bn:00066415n	پسند
bn:00066418n	حقیقت
bn:00066418n	دنیا
bn:00066419n	حقیقت
bn:00066433n	جائزہ
bn:00066443n	وجہ
bn:00066451n	دہانی
bn:00066451n	یقین
bn:00066478n	یاد
bn:00066489n	استقبال
bn:00066489n	وصولی
bn:00066490n	رسید
bn:00066506n	استقبال
bn:00066506n	جواب
bn:00066507n	استقبال
bn:00066543n	تجدید
bn:00066562n	تجویز
bn:00066562n	سفارش
bn:00066574n	ریکارڈ
bn:00066575n	ریکارڈ
bn:00066576n	ریکارڈ
bn:00066577n	ریکارڈ
bn:00066578n	ریکارڈ
bn:00066712n	نجات
bn:00066729n	علاج
bn:00066735n	کمی
bn:00066739n	کمی
bn:00066777n	حمایت
bn:00066777n	مدد
bn:00066804n	چینی
bn:00066857n	مہاجر
bn:00066857n	پناہ
bn:00066858n	واپسی
bn:00066861n	انکار
bn:00066862n	انکار
bn:00066863n	بحالی
bn:00066863n	واپسی
bn:00066865n	لحاظ
bn:00066879n	حکومت
bn:00066884n	علاقہ
bn:00066917n	افسوس
bn:00066933n	اصول
bn:00066933n	ضابطہ
bn:00066933n	قاعدہ
bn:00066933n	قواعد
bn:00066933n	قوانین
bn:00066937n	ریگولیٹر
bn:00066977n	انعام
bn:00066986n	نظر
bn:00066994n	تعلق
bn:00066995n	تعلق
bn:00066995n	حوالہ
bn:00066995n	رشتہ
bn:00066996n	دار
bn:00067001n	رشتہ
bn:00067031n	اعتماد
bn:00067031n	انحصار
bn:00067031n	بھروسہ
bn:00067032n	انحصار
bn:00067037n	آرام
bn:00067046n	فرقہ
bn:00067074n	یاد
bn:00067075n	دہانی
bn:00067075n	یاد
bn:00067110n	ملاقات
bn:00067118n	تجدید
bn:00067125n	کرایہ
bn:00067134n	دار
bn:00067147n	مرمت
bn:00067153n	تکرار
bn:00067157n	تکرار
bn:00067167n	تکرار
bn:00067171n	جانشین
bn:00067181n	رپورٹ
bn:00067181n	مطالعہ
bn:00067182n	خبر
bn:00067191n	نمائندگی
bn:00067192n	نمائندگی
bn:00067199n	نمائندہ
bn:00067205n	معافی
bn:00067208n	انتقام
bn:00067253n	ساکھ
bn:00067254n	ساکھ
bn:00067254n	شہرت
bn:00067265n	سزا
bn:00067275n	نظر
bn:00067280n	تحقیق
bn:00067313n	رہائش
bn:00067313n	گاہ
bn:00067327n	مزاحمت
bn:00067338n	حل
bn:00067338n	قرارداد
bn:00067339n	حل
bn:00067339n	قرارداد
bn:00067340n	قرارداد
bn:00067367n	جواب
bn:00067370n	داری
bn:00067388n	چینی
bn:00067389n	بحالی
bn:00067390n	بحالی
bn:00067409n	جائزہ
bn:00067409n	خاکہ
bn:00067417n	خوردہ
bn:00067419n	خوردہ
bn:00067419n	فروش
bn:00067423n	ملازم
bn:00067423n	نوکر
bn:00067427n	انتقام
bn:00067464n	پیچھے
bn:00067464n	ہٹنا
bn:00067519n	محصول
bn:00067543n	رجعت
bn:00067567n	انقلاب
bn:00067568n	انقلاب
bn:00067568n	انقلابات
bn:00067581n	انعام
bn:00067680n	نظم
bn:00067717n	چاول
bn:00067718n	چاول
bn:00067741n	دولت
bn:00067783n	لہر
bn:00067785n	بندوق
bn:00067807n	حق
bn:00067807n	حقوق
bn:00067810n	حق
bn:00067813n	حقوق
bn:00067848n	انصاف
bn:00067862n	کنارہ
bn:00067868n	آواز
bn:00067920n	لہر
bn:00067923n	اضافہ
bn:00067923n	عروج
bn:00067937n	رسم
bn:00067939n	رسم
bn:00067948n	دریا
bn:00067975n	راستہ
bn:00067975n	راہ
bn:00067975n	سڑک
bn:00067976n	راستہ
bn:00068045n	پتھر
bn:00068045n	چٹان
bn:00068046n	پتھر
bn:00068046n	چٹان
bn:00068130n	کردار
bn:00068203n	خود
bn:00068220n	چھت
bn:00068221n	چھت
bn:00068233n	کمرا
bn:00068233n	کمرہ
bn:00068234n	جگہ
bn:00068246n	جڑ
bn:00068247n	جڑ
bn:00068248n	جڑ
bn:00068248n	حل
bn:00068266n	رسی
bn:00068283n	گلاب
bn:00068291n	گلاب
bn:00068323n	گردش
bn:00068424n	صف
bn:00068424n	قطار
bn:00068425n	قطار
bn:00068477n	عنوان
bn:00068519n	میں
bn:00068520n	برباد
bn:00068525n	حکمران
bn:00068528n	حکمران
bn:00068547n	حساب
bn:00068548n	آزمائش
bn:00068607n	لہر
bn:00068624n	روسی
bn:00068696n	ہفتہ
bn:00068782n	غم
bn:00068799n	حفاظت
bn:00068915n	فروخت
bn:00068916n	فروخت
bn:00068943n	نمکین
bn:00068991n	نمک
bn:00069032n	نجات
bn:00069078n	نمونہ
bn:00069079n	نمونہ
bn:00069122n	پابندی
bn:00069126n	ریت
bn:00069220n	حکمت
bn:00069299n	کھڑکی
bn:00069327n	اطمینان
bn:00069467n	پیمانہ
bn:00069468n	پیمانہ
bn:00069469n	پیمانہ
bn:00069550n	منظر
bn:00069551n	منظر
bn:00069552n	منظر
bn:00069553n	منظر
bn:00069554n	منظر
bn:00069560n	نظارہ
bn:00069568n	میں
bn:00069579n	حکمت
bn:00069579n	عملی
bn:00069579n	منصوبہ
bn:00069580n	نظام
bn:00069586n	تفرقہ
bn:00069619n	اسکول
bn:00069620n	اسکول
bn:00069621n	اسکول
bn:00069622n	اسکول
bn:00069623n	اسکول
bn:00069670n	سائنس
bn:00069670n	علم
bn:00069671n	سائنس
bn:00069671n	مہارت
bn:00069671n	ہنر
bn:00069793n	خوف
bn:00069841n	چیخ
bn:00069859n	نمائش
bn:00069907n	پڑتال
bn:00069924n	مجسمہ
bn:00069946n	بحر
bn:00069946n	سمندر
bn:00070012n	مہر
bn:00070036n	تلاش
bn:00070056n	موسم
bn:00070057n	موسم
bn:00070065n	نشست
bn:00070066n	نشست
bn:00070067n	نشست
bn:00070132n	مربع
bn:00070158n	خاموشی
bn:00070159n	راز
bn:00070190n	حصہ
bn:00070190n	دفعہ
bn:00070190n	محکمہ
bn:00070191n	حصہ
bn:00070192n	حصہ
bn:00070193n	ایک
bn:00070193n	حصہ
bn:00070205n	شعبہ
bn:00070206n	شعبہ
bn:00070207n	شعبہ
bn:00070219n	حفاظت
bn:00070219n	سلامتی
bn:00070220n	سلامتی
bn:00070230n	محافظ
bn:00070247n	لالچ
bn:00070253n	بیج
bn:00070254n	بیج
bn:00070270n	پودا
bn:00070300n	جھٹکا
bn:00070311n	انتخاب
bn:00070325n	آپ
bn:00070325n	ذات
bn:00070332n	خودکشی
bn:00070332n	کشی
bn:00070383n	خود
bn:00070461n	سینیٹر
bn:00070494n	احساس
bn:00070497n	احساس
bn:00070498n	احساس
bn:00070498n	مطلب
bn:00070498n	معنی
bn:00070499n	احساس
bn:00070528n	جملہ
bn:00070532n	جذبہ
bn:00070537n	ستمبر
bn:00070542n	علیحدگی
bn:00070574n	سلسلہ
bn:00070609n	سلسلہ
bn:00070651n	خدمت
bn:00070652n	خدمت
bn:00070653n	خدمت
bn:00070654n	خدمت
bn:00070724n	بستی
bn:00070724n	دیہات
bn:00070725n	معاہدہ
bn:00070753n	نکاسی
bn:00070773n	جنس
bn:00070820n	سایہ
bn:00070830n	سایہ
bn:00070832n	نشان
bn:00070860n	میں
bn:00070886n	شرم
bn:00070912n	حصہ
bn:00070912n	میں
bn:00070914n	دار
bn:00070943n	شال
bn:00070952n	کاٹنا
bn:00070967n	بھیڑ
bn:00070981n	چادر
bn:00070999n	الماری
bn:00071019n	پناہ
bn:00071020n	پناہ
bn:00071033n	چرواہا
bn:00071059n	تبدیلی
bn:00071060n	تبدیلی
bn:00071061n	تبدیلی
bn:00071103n	جہاز
bn:00071103n	کشتی
bn:00071142n	قمیض
bn:00071172n	جوتا
bn:00071206n	گولی
bn:00071215n	دکان
bn:00071216n	دکان
bn:00071229n	خریداری
bn:00071235n	ساحل
bn:00071281n	گولی
bn:00071294n	کندھا
bn:00071315n	پیش
bn:00071431n	طرف
bn:00071432n	طرف
bn:00071433n	جانب
bn:00071433n	طرف
bn:00071434n	طرف
bn:00071435n	طرف
bn:00071436n	طرف
bn:00071437n	طرف
bn:00071505n	آہ
bn:00071505n	سانس
bn:00071507n	منظر
bn:00071507n	نظارہ
bn:00071507n	نظر
bn:00071508n	نظارہ
bn:00071508n	نظر
bn:00071509n	آنکھ
bn:00071509n	منظر
bn:00071509n	نظر
bn:00071511n	جائزہ
bn:00071511n	منظر
bn:00071511n	نظارہ
bn:00071511n	نظر
bn:00071524n	نشان
bn:00071525n	اشارہ
bn:00071525n	علامت
bn:00071525n	نشان
bn:00071525n	نشانی
bn:00071526n	نشان
bn:00071527n	نشان
bn:00071528n	نشان
bn:00071547n	دستخط
bn:00071548n	دستخط
bn:00071554n	معنی
bn:00071599n	ریشم
bn:00071600n	ریشم
bn:00071625n	چاندی
bn:00071695n	سادگی
bn:00071707n	گناہ
bn:00071708n	گناہ
bn:00071715n	خلوص
bn:00071716n	خلوص
bn:00071731n	گلوکاروں
bn:00071734n	گانا
bn:00071838n	بہن
bn:00071869n	حال
bn:00071869n	صورتحال
bn:00071887n	سائز
bn:00071888n	سائز
bn:00071923n	خاکہ
bn:00071923n	مطالعہ
bn:00071924n	خاکہ
bn:00071978n	جلد
bn:00072011n	کھوپڑی
bn:00072016n	آسمان
bn:00072078n	ذبح
bn:00072080n	غلام
bn:00072091n	غلامی
bn:00072101n	نیند
bn:00072174n	پٹی
bn:00072319n	دھواں
bn:00072404n	جال
bn:00072455n	برف
bn:00072456n	برف
bn:00072496n	صابن
bn:00072554n	ایک
bn:00072554n	یونٹ
bn:00072566n	معاشرہ
bn:00072643n	نرمی
bn:00072698n	سپاہی
bn:00072698n	فوجی
bn:00072719n	ٹھوس
bn:00072720n	ٹھوس
bn:00072760n	حل
bn:00072761n	حل
bn:00072794n	گانا
bn:00072794n	گیت
bn:00072796n	گانا
bn:00072796n	گیت
bn:00072854n	غم
bn:00072886n	روح
bn:00072892n	آواز
bn:00072893n	آواز
bn:00072894n	آواز
bn:00072919n	حکمت
bn:00072960n	جنوب
bn:00072961n	جنوب
bn:00073038n	جگہ
bn:00073039n	جگہ
bn:00073170n	اسپیکر
bn:00073210n	قسم
bn:00073210n	نوع
bn:00073211n	قسم
bn:00073222n	نمونہ
bn:00073226n	منظر
bn:00073227n	منظر
bn:00073258n	رفتار
bn:00073279n	ہجے
bn:00073308n	گولا
bn:00073308n	گولی
bn:00073338n	مکڑی
bn:00073427n	برج
bn:00073430n	روح
bn:00073431n	روح
bn:00073526n	ترجمان
bn:00073547n	چمچ
bn:00073568n	کھیل
bn:00073571n	کھلاڑی
bn:00073625n	پھیلنا
bn:00073636n	بہار
bn:00073636n	میں
bn:00073637n	بہار
bn:00073638n	چشمہ
bn:00073685n	جاسوسی
bn:00073699n	ٹیم
bn:00073747n	چیخ
bn:00073788n	استحکام
bn:00073801n	عملہ
bn:00073818n	مرحلہ
bn:00073842n	داغ
bn:00073848n	قدم
bn:00073964n	ستارہ
bn:00073989n	آغاز
bn:00073989n	شروع
bn:00073990n	آغاز
bn:00073990n	شروع
bn:00074009n	حالات
bn:00074009n	حالت
bn:00074009n	ریاست
bn:00074010n	ریاست
bn:00074010n	ریاستی
bn:00074023n	جنگ
bn:00074033n	اظہار
bn:00074033n	بیان
bn:00074034n	بیان
bn:00074049n	اسٹیشن
bn:00074064n	مجسمہ
bn:00074066n	قد
bn:00074076n	قیام
bn:00074088n	محبوبہ
bn:00074094n	چور
bn:00074123n	فولاد
bn:00074156n	پہیہ
bn:00074192n	قدم
bn:00074252n	لاٹھی
bn:00074270n	سخت
bn:00074274n	سختی
bn:00074332n	ذخیرہ
bn:00074410n	پتھر
bn:00074458n	طوفان
bn:00074459n	طوفان
bn:00074472n	کہانی
bn:00074519n	دباؤ
bn:00074567n	طبقہ
bn:00074588n	آب
bn:00074588n	جو
bn:00074595n	گلی
bn:00074597n	گلی
bn:00074615n	طاقت
bn:00074633n	کشیدگی
bn:00074634n	کشیدگی
bn:00074668n	میں
bn:00074668n	ہڑتال
bn:00074669n	ہڑتال
bn:00074682n	تار
bn:00074702n	پٹی
bn:00074759n	ساخت
bn:00074759n	ڈھانچہ
bn:00074760n	ساخت
bn:00074760n	ڈھانچہ
bn:00074790n	جائزہ
bn:00074790n	مطالعہ
bn:00074791n	مطالعہ
bn:00074791n	کام
bn:00074792n	مطالعہ
bn:00074793n	مطالعہ
bn:00074798n	سامان
bn:00074823n	حماقت
bn:00074831n	انداز
bn:00074831n	طرز
bn:00074832n	انداز
bn:00074832n	طرز
bn:00074873n	برصغیر
bn:00074900n	موضوع
bn:00074901n	موضوع
bn:00074903n	غلامی
bn:00074985n	مادہ
bn:00075023n	کامیابی
bn:00075024n	کامیابی
bn:00075025n	کامیابی
bn:00075026n	سلسلہ
bn:00075028n	جانشین
bn:00075036n	چوسنا
bn:00075069n	تکلیف
bn:00075094n	تجویز
bn:00075135n	بد
bn:00075141n	رقم
bn:00075142n	خلاصہ
bn:00075151n	موسم
bn:00075151n	گرمی
bn:00075170n	آفتاب
bn:00075170n	سورج
bn:00075171n	دھوپ
bn:00075171n	سورج
bn:00075172n	سورج
bn:00075224n	نگلنا
bn:00075255n	طرح
bn:00075315n	کھانا
bn:00075321n	ضمیمہ
bn:00075322n	فراہمی
bn:00075323n	فراہمی
bn:00075330n	امداد
bn:00075330n	حمایت
bn:00075331n	حمایت
bn:00075332n	حمایت
bn:00075333n	حمایت
bn:00075334n	حمایت
bn:00075373n	سطح
bn:00075374n	سطح
bn:00075375n	سطح
bn:00075392n	لہر
bn:00075412n	تعجب
bn:00075412n	حیرت
bn:00075413n	تعجب
bn:00075413n	حیرت
bn:00075427n	نگرانی
bn:00075453n	معطلی
bn:00075468n	میں
bn:00075570n	محبوبہ
bn:00075579n	تیراکی
bn:00075652n	علامت
bn:00075653n	علامت
bn:00075669n	ہمدردی
bn:00075670n	ہمدردی
bn:00075683n	علامات
bn:00075684n	علامات
bn:00075759n	قانون
bn:00075759n	نظام
bn:00075760n	نظام
bn:00075761n	نظام
bn:00075762n	نظام
bn:00075763n	نظام
bn:00075764n	نظام
bn:00075812n	جدول
bn:00075812n	میز
bn:00075813n	میز
bn:00075814n	میز
bn:00075904n	دم
bn:00075959n	صلاحیت
bn:00075965n	بات
bn:00075965n	چیت
bn:00075966n	بات
bn:00075967n	تقریر
bn:00076148n	ہدف
bn:00076190n	ذائقہ
bn:00076212n	کشیدگی
bn:00076252n	دہندہ
bn:00076264n	چائے
bn:00076282n	چائے
bn:00076289n	استاد
bn:00076301n	چائے
bn:00076303n	ٹیم
bn:00076312n	آنسو
bn:00076338n	تکنیکی
bn:00076373n	ویژن
bn:00076400n	فون
bn:00076421n	ویژن
bn:00076457n	حرارت
bn:00076457n	درجہ
bn:00076457n	میں
bn:00076457n	والا
bn:00076458n	حرارت
bn:00076465n	عبادت
bn:00076465n	مندر
bn:00076467n	مندر
bn:00076496n	رجحان
bn:00076552n	کشیدگی
bn:00076553n	کشیدگی
bn:00076587n	اصطلاح
bn:00076587n	الفاظ
bn:00076587n	لفظ
bn:00076588n	مدت
bn:00076588n	مدتی
bn:00076589n	اصطلاح
bn:00076627n	علاقہ
bn:00076630n	دہشت
bn:00076647n	آزمائش
bn:00076647n	امتحان
bn:00076647n	مقدمہ
bn:00076648n	امتحان
bn:00076665n	وصیت
bn:00076666n	مرضی
bn:00076666n	وصیت
bn:00076674n	ثبوت
bn:00076674n	گواہی
bn:00076677n	گواہی
bn:00076678n	گواہی
bn:00076732n	متن
bn:00076744n	جمعرات
bn:00076767n	شکریہ
bn:00076768n	شکریہ
bn:00076789n	سچ
bn:00076834n	نظریہ
bn:00076835n	نظریہ
bn:00076890n	مقالہ
bn:00076911n	ران
bn:00076918n	بات
bn:00076918n	چیز
bn:00076919n	بات
bn:00076919n	چیز
bn:00076920n	بات
bn:00076920n	چیز
bn:00076921n	چیز
bn:00076922n	بات
bn:00076922n	چیز
bn:00076923n	بات
bn:00076923n	چیز
bn:00076924n	چیز
bn:00076925n	بات
bn:00076925n	چیز
bn:00076926n	بات
bn:00076926n	چیز
bn:00076945n	ایک
bn:00077016n	سوچ
bn:00077028n	دھاگا
bn:00077032n	دھمکی
bn:00077033n	دھمکی
bn:00077066n	گلا
bn:00077067n	گلا
bn:00077090n	پھینکنا
bn:00077172n	گھڑی
bn:00077208n	تعلق
bn:00077225n	شیر
bn:00077259n	لکڑی
bn:00077267n	بار
bn:00077267n	عرصہ
bn:00077267n	وقت
bn:00077268n	اوقات
bn:00077268n	عرصہ
bn:00077268n	وقت
bn:00077269n	بار
bn:00077269n	وقت
bn:00077270n	وقت
bn:00077271n	بار
bn:00077271n	وقت
bn:00077311n	اوقات
bn:00077311n	زمانہ
bn:00077365n	سر
bn:00077365n	نوک
bn:00077409n	عنوان
bn:00077409n	نام
bn:00077410n	عنوان
bn:00077462n	آج
bn:00077463n	آج
bn:00077515n	برداشت
bn:00077537n	ٹماٹر
bn:00077553n	لہجہ
bn:00077554n	سر
bn:00077554n	لہجہ
bn:00077575n	آج
bn:00077585n	اوزار
bn:00077593n	دانت
bn:00077594n	دانت
bn:00077596n	دانت
bn:00077608n	چوٹی
bn:00077666n	عذاب
bn:00077726n	چھونا
bn:00077761n	تولیہ
bn:00077773n	شہر
bn:00077774n	شہر
bn:00077775n	شہر
bn:00077813n	نشان
bn:00077834n	سراغ
bn:00077860n	تجارت
bn:00077860n	کاروبار
bn:00077883n	روایت
bn:00077899n	سانحہ
bn:00077904n	پیچھے
bn:00077931n	غداروں
bn:00077972n	منتقلی
bn:00077973n	منتقلی
bn:00077992n	ترجمہ
bn:00078004n	حمل
bn:00078014n	ترجمہ
bn:00078024n	منتقلی
bn:00078025n	منتقلی
bn:00078046n	حمل
bn:00078068n	جال
bn:00078069n	جال
bn:00078085n	سفر
bn:00078093n	مسافر
bn:00078112n	خزانہ
bn:00078127n	سلوک
bn:00078127n	علاج
bn:00078131n	درخت
bn:00078198n	مقدمہ
bn:00078208n	مثلث
bn:00078256n	چال
bn:00078302n	سجاوٹ
bn:00078318n	سفر
bn:00078365n	جیت
bn:00078365n	فتح
bn:00078366n	فتح
bn:00078424n	مصیبت
bn:00078424n	پریشانی
bn:00078425n	درد
bn:00078425n	فکر
bn:00078425n	میں
bn:00078425n	پریشانی
bn:00078460n	سچ
bn:00078488n	اعتماد
bn:00078498n	حقیقت
bn:00078498n	سچ
bn:00078498n	سچائی
bn:00078546n	منگل
bn:00078624n	ہلچل
bn:00078656n	باری
bn:00078659n	باری
bn:00078738n	برس
bn:00078738n	سال
bn:00078753n	جڑواں
bn:00078798n	اقسام
bn:00078798n	طرح
bn:00078798n	طرز
bn:00078798n	قسم
bn:00078798n	نوعیت
bn:00078920n	چھتری
bn:00078951n	چچا
bn:00078952n	چچا
bn:00079036n	لہر
bn:00079036n	موج
bn:00079045n	روزگاری
bn:00079079n	وردی
bn:00079106n	یونٹ
bn:00079107n	ایک
bn:00079107n	یونٹ
bn:00079108n	یونٹ
bn:00079370n	استعمال
bn:00079370n	فائدہ
bn:00079370n	میں
bn:00079372n	فائدہ
bn:00079373n	صارف
bn:00079373n	صارفین
bn:00079388n	برتن
bn:00079392n	رحم
bn:00079435n	صدر
bn:00079439n	جگہ
bn:00079449n	خلا
bn:00079476n	وادی
bn:00079508n	قدر
bn:00079508n	قیمت
bn:00079509n	اہمیت
bn:00079509n	قدر
bn:00079509n	قیمت
bn:00079565n	نقطہ
bn:00079580n	متغیر
bn:00079618n	برتن
bn:00079618n	جہاز
bn:00079663n	سبزی
bn:00079675n	گاڑی
bn:00079681n	رگ
bn:00079682n	رگ
bn:00079748n	فشاں
bn:00079764n	میں
bn:00079776n	صداقت
bn:00079778n	فعل
bn:00079779n	فعل
bn:00079822n	آیت
bn:00079833n	سرا
bn:00079833n	چوٹی
bn:00079847n	جان
bn:00079847n	جوش
bn:00079862n	برتن
bn:00079862n	جہاز
bn:00079865n	جیب
bn:00079940n	شکار
bn:00079940n	متاثرین
bn:00079984n	نظر
bn:00079990n	نگرانی
bn:00080004n	دیہاتی
bn:00080018n	انگور
bn:00080022n	شراب
bn:00080023n	انگور
bn:00080036n	تشدد
bn:00080052n	میں
bn:00080052n	کنواری
bn:00080066n	پن
bn:00080106n	خواب
bn:00080106n	نظر
bn:00080107n	نظر
bn:00080111n	دورہ
bn:00080111n	لئے
bn:00080112n	دورہ
bn:00080113n	دورہ
bn:00080171n	الفاظ
bn:00080171n	ذخیرہ
bn:00080171n	لغت
bn:00080172n	لغت
bn:00080185n	آواز
bn:00080187n	آواز
bn:00080189n	آواز
bn:00080190n	آواز
bn:00080216n	مرضی
bn:00080229n	حجم
bn:00080231n	حجم
bn:00080272n	سفر
bn:00080273n	مسافر
bn:00080314n	لہر
bn:00080322n	کا
bn:00080322n	گاڑی
bn:00080339n	کمر
bn:00080340n	انتظار
bn:00080343n	انتظار
bn:00080383n	ہڑتال
bn:00080386n	دیوار
bn:00080387n	دیوار
bn:00080435n	خواہش
bn:00080435n	ضرورت
bn:00080439n	جنگ
bn:00080440n	جنگ
bn:00080449n	جنگی
bn:00080479n	الماری
bn:00080485n	گھوڑا
bn:00080493n	گرمی
bn:00080495n	انتباہ
bn:00080504n	حکم
bn:00080510n	جنگجو
bn:00080543n	میں
bn:00080551n	گھڑی
bn:00080561n	پانی
bn:00080562n	پانی
bn:00080655n	ساحل
bn:00080687n	لہر
bn:00080688n	لہر
bn:00080689n	لہر
bn:00080707n	موم
bn:00080720n	انداز
bn:00080720n	طرح
bn:00080720n	طریقہ
bn:00080720n	طور
bn:00080721n	راستہ
bn:00080721n	طریقہ
bn:00080722n	راستہ
bn:00080722n	طرف
bn:00080723n	راستہ
bn:00080742n	کمزوری
bn:00080746n	دولت
bn:00080747n	دولت
bn:00080748n	دولت
bn:00080771n	جال
bn:00080813n	ہفتہ
bn:00080816n	ہفتہ
bn:00080821n	ہفتہ
bn:00080831n	وزن
bn:00080832n	وزن
bn:00080833n	وزن
bn:00080893n	مغرب
bn:00080959n	گندم
bn:00080972n	پہیہ
bn:00080991n	پتہ
bn:00081167n	بیوہ
bn:00081224n	خواہش
bn:00081224n	مرضی
bn:00081285n	کھڑکی
bn:00081286n	کھڑکی
bn:00081287n	کھڑکی
bn:00081290n	شیشہ
bn:00081331n	شراب
bn:00081337n	پنکھ
bn:00081364n	جیت
bn:00081370n	سردی
bn:00081370n	سرما
bn:00081386n	تار
bn:00081406n	حکمت
bn:00081407n	حکمت
bn:00081433n	واپسی
bn:00081434n	واپسی
bn:00081453n	گواہی
bn:00081479n	عورت
bn:00081492n	لکڑی
bn:00081531n	اون
bn:00081546n	الفاظ
bn:00081546n	لفظ
bn:00081547n	الفاظ
bn:00081547n	بات
bn:00081547n	خبر
bn:00081547n	لفظ
bn:00081548n	لفظ
bn:00081564n	الفاظ
bn:00081565n	الفاظ
bn:00081568n	کام
bn:00081569n	کام
bn:00081570n	کام
bn:00081593n	مزدور
bn:00081593n	ملازم
bn:00081593n	کارکن
bn:00081594n	مزدور
bn:00081594n	کارکن
bn:00081622n	دنیا
bn:00081630n	جنگ
bn:00081651n	عبادت
bn:00081653n	بد
bn:00081660n	قیمت
bn:00081661n	قدر
bn:00081680n	غضب
bn:00081711n	مصنف
bn:00081713n	تحریر
bn:00081726n	غلطی
bn:00081841n	معیار
bn:00081856n	سال
bn:00081857n	برس
bn:00081857n	سال
bn:00081866n	پیلا
bn:00081909n	کل
bn:00081957n	جوانی
bn:00081958n	جوانی
bn:00082075n	علاقہ
bn:00082118v	چھوڑنا
bn:00082119v	چھوڑنا
bn:00082120v	چھوڑنا
bn:00082121v	چھوڑنا
bn:00082122v	ترک
bn:00082122v	چھوڑنا
bn:00082137v	رہنا
bn:00082137v	ٹھہرنا
bn:00082139v	رہنا
bn:00082139v	پیروی
bn:00082169v	جذب
bn:00082170v	جذب
bn:00082175v	جذب
bn:00082190v	جھکنا
bn:00082193v	تیز
bn:00082195v	زور
bn:00082196v	زور
bn:00082198v	پکڑنا
bn:00082199v	قبول
bn:00082200v	قبول
bn:00082201v	قبول
bn:00082202v	قبول
bn:00082225v	اترنا
bn:00082225v	انجام
bn:00082226v	حاصل
bn:00082226v	پہنچنا
bn:00082233v	بیان
bn:00082233v	وضاحت
bn:00082246v	وصول
bn:00082249v	الزام
bn:00082276v	بننا
bn:00082276v	حاصل
bn:00082276v	ملنا
bn:00082276v	پانا
bn:00082277v	فرض
bn:00082278v	بڑھنا
bn:00082280v	آنا
bn:00082280v	جیت
bn:00082280v	جیتنا
bn:00082280v	حاصل
bn:00082281v	جاننا
bn:00082281v	سیکھنا
bn:00082285v	چلنا
bn:00082287v	کھیل
bn:00082287v	کھیلنا
bn:00082289v	کھیلنا
bn:00082297v	عمل
bn:00082297v	پڑنا
bn:00082304v	متاثر
bn:00082319v	لانا
bn:00082333v	بولنا
bn:00082333v	کہنا
bn:00082342v	رہنا
bn:00082342v	لگنا
bn:00082344v	رہنا
bn:00082348v	ملنا
bn:00082348v	چھونا
bn:00082354v	فیصلہ
bn:00082362v	انتظام
bn:00082367v	تعریف
bn:00082370v	شامل
bn:00082375v	خبردار
bn:00082379v	اپنانا
bn:00082379v	رہنا
bn:00082380v	اپنانا
bn:00082381v	قبضہ
bn:00082382v	اپنانا
bn:00082388v	پہننا
bn:00082394v	بڑھنا
bn:00082396v	بڑھنا
bn:00082397v	بڑھنا
bn:00082397v	رکھنا
bn:00082397v	پیش
bn:00082398v	بڑھنا
bn:00082399v	بڑھنا
bn:00082400v	بڑھنا
bn:00082400v	رفت
bn:00082405v	جیت
bn:00082412v	ذکر
bn:00082414v	دھکا
bn:00082415v	مشورہ
bn:00082416v	مشورہ
bn:00082418v	سفارش
bn:00082426v	لگنا
bn:00082426v	چھونا
bn:00082426v	ڈالنا
bn:00082429v	بننا
bn:00082430v	لگنا
bn:00082430v	مار
bn:00082431v	منگنی
bn:00082434v	تصدیق
bn:00082435v	کہنا
bn:00082447v	خوفزدہ
bn:00082462v	حملہ
bn:00082468v	لڑنا
bn:00082469v	ہلنا
bn:00082470v	لرزنا
bn:00082470v	ہلنا
bn:00082475v	اتفاق
bn:00082476v	اتفاق
bn:00082477v	ملنا
bn:00082481v	مدد
bn:00082489v	رکھنا
bn:00082493v	بھیجنا
bn:00082493v	ہوا
bn:00082516v	آنا
bn:00082527v	بتانا
bn:00082527v	کہنا
bn:00082536v	اجازت
bn:00082536v	چھوڑنا
bn:00082536v	کی
bn:00082537v	اجازت
bn:00082538v	اجازت
bn:00082540v	اجازت
bn:00082540v	چھوڑنا
bn:00082542v	چھوڑنا
bn:00082548v	آزمانا
bn:00082553v	بدلنا
bn:00082553v	تبدیل
bn:00082558v	جھگڑا
bn:00082558v	جھگڑنا
bn:00082565v	ملنا
bn:00082596v	جانچنا
bn:00082596v	مطالعہ
bn:00082596v	پڑھنا
bn:00082605v	لنگر
bn:00082606v	لنگر
bn:00082613v	جھکنا
bn:00082614v	پکڑنا
bn:00082637v	اعلان
bn:00082638v	اعلان
bn:00082646v	جواب
bn:00082660v	چلنا
bn:00082665v	رہنا
bn:00082684v	پہننا
bn:00082690v	آنا
bn:00082690v	دکھنا
bn:00082690v	لگنا
bn:00082690v	معلوم
bn:00082690v	نظر
bn:00082690v	پڑنا
bn:00082691v	آنا
bn:00082691v	دکھنا
bn:00082691v	نمودار
bn:00082692v	نمودار
bn:00082692v	نکلنا
bn:00082693v	لگنا
bn:00082695v	نمودار
bn:00082703v	سراہنا
bn:00082705v	استعمال
bn:00082705v	لگنا
bn:00082705v	والا
bn:00082705v	کیا
bn:00082708v	لگنا
bn:00082709v	لگنا
bn:00082710v	لگنا
bn:00082712v	نافذ
bn:00082715v	مقرر
bn:00082727v	سمجھنا
bn:00082727v	پکڑنا
bn:00082734v	قریب
bn:00082736v	آنا
bn:00082736v	قریب
bn:00082739v	پکڑنا
bn:00082740v	منظور
bn:00082741v	منظور
bn:00082743v	اندازہ
bn:00082748v	ثالثی
bn:00082754v	دلیل
bn:00082755v	پڑنا
bn:00082757v	اٹھنا
bn:00082759v	اٹھنا
bn:00082759v	کھڑا
bn:00082760v	اٹھنا
bn:00082761v	اٹھنا
bn:00082762v	چڑھنا
bn:00082763v	اٹھنا
bn:00082768v	بلانا
bn:00082768v	بیدار
bn:00082768v	پیدا
bn:00082769v	اٹھنا
bn:00082769v	جاگنا
bn:00082771v	اٹھنا
bn:00082771v	بیدار
bn:00082772v	اٹھنا
bn:00082777v	ترتیب
bn:00082785v	روکنا
bn:00082786v	پکڑنا
bn:00082788v	آنا
bn:00082788v	لانا
bn:00082788v	پہنچنا
bn:00082790v	پہنچنا
bn:00082793v	غصب
bn:00082800v	کہنا
bn:00082803v	چڑھنا
bn:00082810v	اٹھنا
bn:00082811v	ملنا
bn:00082811v	پانا
bn:00082811v	چلنا
bn:00082811v	ڈھونڈنا
bn:00082813v	دیکھنا
bn:00082813v	ڈالنا
bn:00082815v	منسوب
bn:00082817v	پوچھنا
bn:00082817v	کہنا
bn:00082817v	گچھ
bn:00082818v	مانگنا
bn:00082818v	پوچھنا
bn:00082818v	کہنا
bn:00082819v	پوچھنا
bn:00082820v	رہنا
bn:00082820v	ضروری
bn:00082820v	مانگنا
bn:00082821v	پوچھنا
bn:00082822v	ضرورت
bn:00082822v	ضروری
bn:00082822v	مانگنا
bn:00082837v	حملہ
bn:00082838v	حملہ
bn:00082844v	کوشش
bn:00082846v	بننا
bn:00082846v	جمع
bn:00082846v	ملنا
bn:00082848v	کہنا
bn:00082859v	ڈالنا
bn:00082868v	جوڑنا
bn:00082871v	بندی
bn:00082872v	ماننا
bn:00082876v	پہننا
bn:00082878v	بتانا
bn:00082878v	یقین
bn:00082881v	وعدہ
bn:00082901v	لگنا
bn:00082901v	پہنچنا
bn:00082902v	دریافت
bn:00082917v	اٹھنا
bn:00082920v	کھینچنا
bn:00082927v	اضافہ
bn:00082957v	اڑنا
bn:00082959v	کاٹنا
bn:00082963v	انتظار
bn:00082975v	لہرانا
bn:00082976v	گانا
bn:00082995v	حمایت
bn:00083018v	پلٹنا
bn:00083099v	کھانا
bn:00083102v	روکنا
bn:00083103v	روکنا
bn:00083133v	مذاق
bn:00083141v	کم
bn:00083145v	لطف
bn:00083166v	نہانا
bn:00083173v	لڑنا
bn:00083177v	جھڑکنا
bn:00083186v	برابر
bn:00083191v	رہنا
bn:00083194v	چلنا
bn:00083195v	پھونکنا
bn:00083196v	منصوبہ
bn:00083197v	سمجھنا
bn:00083202v	جھکنا
bn:00083202v	دوڑنا
bn:00083202v	دیکھ
bn:00083202v	چلنا
bn:00083215v	شعاع
bn:00083216v	چمکنا
bn:00083222v	سننا
bn:00083224v	آنا
bn:00083225v	رکھنا
bn:00083225v	پکڑنا
bn:00083227v	پہننا
bn:00083228v	رکھنا
bn:00083240v	حوالہ
bn:00083241v	دھکا
bn:00083242v	رکھنا
bn:00083242v	رہنا
bn:00083243v	حمایت
bn:00083245v	دکھنا
bn:00083250v	دھڑکنا
bn:00083286v	گزرنا
bn:00083288v	پکڑنا
bn:00083289v	بلانا
bn:00083289v	لہرانا
bn:00083293v	بننا
bn:00083293v	لگنا
bn:00083293v	ملنا
bn:00083293v	پیدا
bn:00083293v	چلنا
bn:00083294v	بدلنا
bn:00083294v	بننا
bn:00083294v	لگنا
bn:00083295v	بننا
bn:00083295v	لگنا
bn:00083331v	مانگنا
bn:00083333v	مانگنا
bn:00083340v	شروع
bn:00083340v	لگنا
bn:00083341v	شروع
bn:00083342v	شروع
bn:00083355v	کاٹنا
bn:00083369v	ماننا
bn:00083369v	یقین
bn:00083370v	سوچنا
bn:00083371v	یقین
bn:00083372v	ایمان
bn:00083386v	رکھنا
bn:00083387v	رکھنا
bn:00083395v	دوڑ
bn:00083399v	ڈالنا
bn:00083402v	موڑ
bn:00083405v	جھکنا
bn:00083413v	فائدہ
bn:00083420v	چھوڑنا
bn:00083436v	اشارہ
bn:00083437v	مانگنا
bn:00083448v	بڑھنا
bn:00083458v	گھومنا
bn:00083463v	رہنا
bn:00083476v	دعوت
bn:00083485v	میں
bn:00083494v	باندھنا
bn:00083495v	باندھنا
bn:00083498v	باندھنا
bn:00083503v	بھر
bn:00083515v	کاٹنا
bn:00083516v	جلنا
bn:00083527v	چلنا
bn:00083545v	الزام
bn:00083550v	کہنا
bn:00083552v	بھولنا
bn:00083554v	ڈھکنا
bn:00083567v	گولی
bn:00083572v	جلنا
bn:00083579v	اٹھنا
bn:00083581v	رونا
bn:00083586v	بہنا
bn:00083587v	بہنا
bn:00083595v	ملنا
bn:00083597v	ملنا
bn:00083610v	جھپکنا
bn:00083612v	چمکنا
bn:00083623v	روکنا
bn:00083630v	روکنا
bn:00083646v	پھولنا
bn:00083646v	کھلنا
bn:00083652v	پھونکنا
bn:00083652v	ہوا
bn:00083653v	پھونک
bn:00083653v	چلنا
bn:00083653v	ہوا
bn:00083654v	پھونک
bn:00083655v	پھونک
bn:00083657v	ضائع
bn:00083677v	گزرنا
bn:00083678v	پھٹنا
bn:00083708v	سوار
bn:00083713v	فخر
bn:00083713v	کھیلنا
bn:00083738v	ابال
bn:00083753v	نگلنا
bn:00083774v	رکھنا
bn:00083781v	پھولنا
bn:00083796v	پینا
bn:00083803v	مانگنا
bn:00083805v	لگنا
bn:00083809v	پریشان
bn:00083824v	بندھا
bn:00083833v	کودنا
bn:00083834v	روکنا
bn:00083836v	لگنا
bn:00083836v	پھوٹنا
bn:00083838v	جھکنا
bn:00083839v	جھکنا
bn:00083881v	لگنا
bn:00083885v	لہرانا
bn:00083897v	توڑنا
bn:00083900v	توڑنا
bn:00083900v	ٹوٹنا
bn:00083901v	توڑنا
bn:00083901v	ٹوٹنا
bn:00083902v	توڑنا
bn:00083902v	ٹوٹنا
bn:00083903v	توڑنا
bn:00083903v	ٹوٹنا
bn:00083904v	توڑنا
bn:00083904v	ٹوٹنا
bn:00083905v	ٹوٹنا
bn:00083907v	ٹوٹنا
bn:00083907v	پھٹنا
bn:00083908v	توڑنا
bn:00083908v	روکنا
bn:00083908v	رکنا
bn:00083910v	توڑنا
bn:00083910v	ٹوٹنا
bn:00083911v	توڑنا
bn:00083911v	ٹوٹنا
bn:00083914v	توڑنا
bn:00083917v	توڑنا
bn:00083918v	توڑنا
bn:00083919v	ٹوٹنا
bn:00083950v	توڑنا
bn:00083961v	بھاگنا
bn:00083961v	دوڑنا
bn:00083968v	تحلیل
bn:00083977v	پھٹنا
bn:00083978v	بچنا
bn:00083978v	بھاگنا
bn:00083978v	فرار
bn:00083983v	پھٹنا
bn:00083993v	ٹوٹنا
bn:00083996v	تحلیل
bn:00083996v	ٹوٹنا
bn:00083998v	توڑنا
bn:00084002v	تحلیل
bn:00084018v	سانس
bn:00084040v	خریدنا
bn:00084058v	لانا
bn:00084059v	لانا
bn:00084060v	لانا
bn:00084061v	بننا
bn:00084061v	لانا
bn:00084062v	لانا
bn:00084063v	لانا
bn:00084064v	لانا
bn:00084065v	لانا
bn:00084069v	پیدا
bn:00084071v	شفا
bn:00084074v	اترنا
bn:00084076v	آنا
bn:00084079v	کاٹنا
bn:00084079v	کم
bn:00084082v	پیدا
bn:00084086v	کامیاب
bn:00084089v	حاصل
bn:00084089v	کمانا
bn:00084094v	پیدا
bn:00084099v	جاری
bn:00084099v	شائع
bn:00084107v	جوڑنا
bn:00084107v	ملنا
bn:00084110v	اٹھنا
bn:00084119v	میں
bn:00084119v	پھیلنا
bn:00084148v	کچلنا
bn:00084184v	کھلنا
bn:00084198v	تعمیر
bn:00084231v	ملنا
bn:00084231v	پانا
bn:00084231v	ڈھونڈنا
bn:00084236v	قتل
bn:00084270v	جلنا
bn:00084271v	جلنا
bn:00084271v	چمکنا
bn:00084272v	جلنا
bn:00084273v	جلنا
bn:00084275v	جلنا
bn:00084276v	جلنا
bn:00084277v	جلنا
bn:00084287v	پھٹنا
bn:00084288v	پھٹنا
bn:00084293v	پھولنا
bn:00084298v	دفن
bn:00084299v	دفن
bn:00084300v	نگلنا
bn:00084302v	بھولنا
bn:00084308v	مرمت
bn:00084312v	بوسہ
bn:00084314v	توڑنا
bn:00084314v	پھٹنا
bn:00084331v	خریدنا
bn:00084343v	فوت
bn:00084343v	مرنا
bn:00084374v	سوچنا
bn:00084385v	بلانا
bn:00084385v	پکارنا
bn:00084387v	بلانا
bn:00084387v	فون
bn:00084388v	بلانا
bn:00084388v	رونا
bn:00084388v	پکارنا
bn:00084388v	چیخ
bn:00084388v	چیخنا
bn:00084389v	بلانا
bn:00084390v	بلانا
bn:00084390v	لئے
bn:00084391v	بلانا
bn:00084392v	بلانا
bn:00084413v	سوچنا
bn:00084413v	یاد
bn:00084423v	سوال
bn:00084447v	مہم
bn:00084475v	جھکنا
bn:00084481v	گانا
bn:00084508v	پکڑنا
bn:00084509v	پکڑنا
bn:00084510v	پکڑنا
bn:00084511v	پکڑنا
bn:00084525v	دیکھ
bn:00084526v	خواہش
bn:00084526v	دیکھ
bn:00084526v	چاہنا
bn:00084527v	دیکھ
bn:00084532v	علاج
bn:00084558v	لے
bn:00084565v	چلنا
bn:00084594v	بڑھنا
bn:00084594v	جاری
bn:00084594v	رہنا
bn:00084595v	انجام
bn:00084601v	کھینچنا
bn:00084607v	تراشنا
bn:00084611v	تقسیم
bn:00084624v	پھینکنا
bn:00084624v	ڈالنا
bn:00084625v	ڈالنا
bn:00084626v	ڈالنا
bn:00084627v	پھینکنا
bn:00084629v	گھومنا
bn:00084631v	ڈالنا
bn:00084633v	ڈالنا
bn:00084634v	پھینکنا
bn:00084651v	پکڑنا
bn:00084652v	پکڑنا
bn:00084653v	پکڑنا
bn:00084654v	پکڑنا
bn:00084655v	پکڑنا
bn:00084656v	پکڑنا
bn:00084657v	پکڑنا
bn:00084658v	پکڑنا
bn:00084659v	پکڑنا
bn:00084660v	پکڑنا
bn:00084662v	دیکھنا
bn:00084662v	سمجھنا
bn:00084663v	پکڑنا
bn:00084664v	پکڑنا
bn:00084665v	پکڑنا
bn:00084666v	پکڑنا
bn:00084684v	سونا
bn:00084684v	پڑنا
bn:00084692v	فراہم
bn:00084699v	سبب
bn:00084699v	کر
bn:00084700v	راغب
bn:00084710v	روکنا
bn:00084710v	رکنا
bn:00084710v	چھوڑنا
bn:00084711v	خاتمہ
bn:00084711v	ختم
bn:00084714v	رہنا
bn:00084733v	سوچنا
bn:00084771v	تبدیل
bn:00084772v	تبادلہ
bn:00084773v	تبدیل
bn:00084777v	الٹنا
bn:00084777v	بدلنا
bn:00084787v	گھومنا
bn:00084795v	گانا
bn:00084804v	الزام
bn:00084808v	بھیجنا
bn:00084824v	آزمانا
bn:00084848v	روکنا
bn:00084850v	روکنا
bn:00084889v	غور
bn:00084904v	حصہ
bn:00084931v	منتخب
bn:00084931v	چننا
bn:00084935v	کاٹنا
bn:00084947v	ہنسنا
bn:00084955v	پھینکنا
bn:00084958v	چھوڑنا
bn:00084958v	ڈالنا
bn:00084977v	گھومنا
bn:00084978v	گھومنا
bn:00084986v	پھیلنا
bn:00085016v	دعوی
bn:00085047v	کر
bn:00085059v	صاف
bn:00085060v	چننا
bn:00085080v	گزرنا
bn:00085084v	روشن
bn:00085112v	توڑنا
bn:00085120v	بیٹھنا
bn:00085120v	چڑھنا
bn:00085121v	چڑھنا
bn:00085122v	بڑھنا
bn:00085122v	چڑھنا
bn:00085125v	اضافہ
bn:00085134v	پکڑنا
bn:00085139v	چلنا
bn:00085147v	گھڑی
bn:00085162v	بند
bn:00085164v	بند
bn:00085165v	بند
bn:00085180v	گھیرنا
bn:00085207v	پکڑنا
bn:00085244v	لہرانا
bn:00085252v	مجبور
bn:00085261v	جاننا
bn:00085261v	معلوم
bn:00085271v	مطابقت
bn:00085288v	وصول
bn:00085289v	جمع
bn:00085293v	لگنا
bn:00085293v	مار
bn:00085313v	جوڑنا
bn:00085315v	ملنا
bn:00085316v	جوڑنا
bn:00085319v	آنا
bn:00085319v	چلنا
bn:00085320v	آنا
bn:00085320v	چلنا
bn:00085321v	آنا
bn:00085321v	چلنا
bn:00085322v	آنا
bn:00085323v	آنا
bn:00085324v	آنا
bn:00085325v	آنا
bn:00085326v	آنا
bn:00085328v	آنا
bn:00085329v	آنا
bn:00085329v	گرنا
bn:00085330v	آنا
bn:00085331v	آنا
bn:00085333v	اترنا
bn:00085334v	کر
bn:00085337v	آنا
bn:00085337v	واقع
bn:00085337v	پڑنا
bn:00085337v	پیش
bn:00085337v	گزرنا
bn:00085339v	ملنا
bn:00085342v	رہنا
bn:00085349v	آنا
bn:00085349v	لوٹنا
bn:00085356v	اترنا
bn:00085356v	گرنا
bn:00085357v	گرنا
bn:00085360v	ابھرنا
bn:00085360v	نکلنا
bn:00085363v	آنا
bn:00085363v	گھسنا
bn:00085366v	نکلنا
bn:00085373v	نکلنا
bn:00085376v	نکلنا
bn:00085382v	بچنا
bn:00085391v	آنا
bn:00085391v	اٹھنا
bn:00085393v	ملنا
bn:00085393v	پانا
bn:00085393v	ڈھونڈنا
bn:00085395v	پکارنا
bn:00085401v	حکم
bn:00085404v	میں
bn:00085415v	تبصرہ
bn:00085426v	کھینچنا
bn:00085429v	ڈالنا
bn:00085436v	کہنا
bn:00085445v	منتقل
bn:00085450v	موازنہ
bn:00085451v	موازنہ
bn:00085452v	برابر
bn:00085461v	معاوضہ
bn:00085468v	لڑنا
bn:00085475v	ختم
bn:00085477v	بھیجنا
bn:00085488v	لکھنا
bn:00085489v	لکھنا
bn:00085497v	ڈھکنا
bn:00085499v	رکھنا
bn:00085506v	سیکھنا
bn:00085509v	چھپنا
bn:00085516v	سوچنا
bn:00085518v	مرکوز
bn:00085530v	حل
bn:00085544v	مذمت
bn:00085547v	مذمت
bn:00085567v	بتانا
bn:00085567v	ہدایت
bn:00085575v	اعتراف
bn:00085582v	رکھنا
bn:00085582v	پکڑنا
bn:00085593v	رہنا
bn:00085595v	سامنا
bn:00085596v	سامنا
bn:00085597v	سامنا
bn:00085598v	آنا
bn:00085623v	جوڑنا
bn:00085624v	جوڑنا
bn:00085625v	جوڑنا
bn:00085638v	روکنا
bn:00085640v	بھرتی
bn:00085644v	برقرار
bn:00085644v	رکھنا
bn:00085647v	دیکھنا
bn:00085647v	سمجھنا
bn:00085647v	ڈالنا
bn:00085648v	سوچنا
bn:00085648v	غور
bn:00085649v	سوچنا
bn:00085650v	غور
bn:00085650v	وزن
bn:00085651v	غور
bn:00085653v	دیکھنا
bn:00085655v	بھیجنا
bn:00085657v	رہنا
bn:00085671v	قائم
bn:00085675v	روکنا
bn:00085688v	کھانا
bn:00085689v	رکھنا
bn:00085689v	میں
bn:00085689v	کھانا
bn:00085689v	کیا
bn:00085696v	رابطہ
bn:00085696v	پہنچنا
bn:00085702v	جاننا
bn:00085702v	نفرت
bn:00085703v	غور
bn:00085705v	سوچنا
bn:00085705v	غور
bn:00085711v	لڑنا
bn:00085714v	جاری
bn:00085714v	دیکھ
bn:00085714v	رکھنا
bn:00085714v	رہنا
bn:00085714v	رہے
bn:00085715v	آگے
bn:00085715v	بڑھنا
bn:00085715v	چلنا
bn:00085717v	رہنا
bn:00085719v	رہنا
bn:00085720v	ڈھکنا
bn:00085743v	ایجاد
bn:00085744v	چلنا
bn:00085756v	ملنا
bn:00085777v	پھینکنا
bn:00085788v	ایجاد
bn:00085803v	جوڑا
bn:00085831v	درست
bn:00085839v	نمائندگی
bn:00085856v	کھانسی
bn:00085859v	حساب
bn:00085859v	شمار
bn:00085859v	گننا
bn:00085861v	گننا
bn:00085873v	کمزور
bn:00085892v	جوڑا
bn:00085894v	بہنا
bn:00085894v	چلنا
bn:00085897v	ڈالنا
bn:00085903v	ڈھکنا
bn:00085904v	ڈھکنا
bn:00085906v	ڈھکنا
bn:00085912v	ڈھکنا
bn:00085938v	توڑنا
bn:00085941v	ٹوٹنا
bn:00085964v	پیسنا
bn:00085991v	چلنا
bn:00086008v	بنائے
bn:00086008v	بنانا
bn:00086008v	تخلیق
bn:00086008v	پیدا
bn:00086009v	پیدا
bn:00086010v	تخلیق
bn:00086013v	تیار
bn:00086048v	جائزہ
bn:00086059v	کام
bn:00086114v	کچلنا
bn:00086115v	دابنا
bn:00086115v	کچلنا
bn:00086116v	کچلنا
bn:00086122v	رونا
bn:00086154v	محدود
bn:00086178v	کاٹنا
bn:00086179v	کاٹنا
bn:00086181v	کاٹنا
bn:00086183v	کاٹنا
bn:00086229v	کھودنا
bn:00086259v	کھیلنا
bn:00086271v	ناچنا
bn:00086272v	رقص
bn:00086272v	ناچنا
bn:00086277v	لٹکنا
bn:00086278v	لٹکنا
bn:00086306v	رہنا
bn:00086339v	معطل
bn:00086343v	کم
bn:00086357v	ڈالنا
bn:00086370v	فیصلہ
bn:00086371v	فیصلہ
bn:00086380v	اعلان
bn:00086390v	مسترد
bn:00086391v	انکار
bn:00086400v	خراب
bn:00086417v	گرنا
bn:00086432v	نکالنا
bn:00086435v	رکھنا
bn:00086435v	سمجھنا
bn:00086448v	آنا
bn:00086455v	لڑنا
bn:00086455v	مخالفت
bn:00086480v	خراب
bn:00086491v	انکار
bn:00086514v	تاخیر
bn:00086516v	رہنا
bn:00086519v	خوش
bn:00086520v	لطف
bn:00086546v	مانگ
bn:00086546v	مانگنا
bn:00086547v	مطالبہ
bn:00086557v	دکھنا
bn:00086557v	ظاہر
bn:00086557v	پیش
bn:00086567v	ثابت
bn:00086567v	دکھنا
bn:00086567v	قائم
bn:00086593v	انکار
bn:00086594v	انکار
bn:00086600v	چلنا
bn:00086602v	روانہ
bn:00086603v	چھوڑنا
bn:00086604v	چھوڑنا
bn:00086606v	منحصر
bn:00086611v	دکھنا
bn:00086612v	بیان
bn:00086652v	حاصل
bn:00086663v	وضاحت
bn:00086666v	ملنا
bn:00086679v	اشارہ
bn:00086679v	دکھنا
bn:00086682v	چاہنا
bn:00086683v	امید
bn:00086684v	چاہنا
bn:00086689v	بھیجنا
bn:00086698v	تباہ
bn:00086706v	بیان
bn:00086708v	دیکھنا
bn:00086708v	ملنا
bn:00086708v	نظر
bn:00086708v	پانا
bn:00086714v	رکھنا
bn:00086717v	نفرت
bn:00086781v	لرزنا
bn:00086781v	ہلنا
bn:00086782v	کھیل
bn:00086783v	مرنا
bn:00086784v	مرنا
bn:00086797v	مختلف
bn:00086806v	پھیلنا
bn:00086807v	پھیلنا
bn:00086808v	کھودنا
bn:00086843v	کھانا
bn:00086855v	ڈوبنا
bn:00086865v	ہدایت
bn:00086868v	بھیجنا
bn:00086868v	ہدایت
bn:00086877v	روکنا
bn:00086877v	ممنوع
bn:00086879v	غائب
bn:00086885v	ناپسند
bn:00086906v	کاٹنا
bn:00086912v	گرنا
bn:00086931v	بحث
bn:00086933v	جاننا
bn:00086933v	دیکھنا
bn:00086933v	سننا
bn:00086933v	سیکھنا
bn:00086934v	دریافت
bn:00086934v	ملنا
bn:00086934v	پانا
bn:00086935v	پانا
bn:00086944v	آزاد
bn:00086950v	محروم
bn:00086951v	ہٹنا
bn:00086952v	آزاد
bn:00086995v	اتر
bn:00087000v	انکار
bn:00087004v	چھوڑنا
bn:00087005v	چھوڑنا
bn:00087007v	پھینکنا
bn:00087007v	چھڑکنا
bn:00087012v	حرکت
bn:00087012v	کر
bn:00087012v	ہلنا
bn:00087040v	تحلیل
bn:00087063v	پھیلنا
bn:00087065v	تقسیم
bn:00087076v	الگ
bn:00087098v	تقسیم
bn:00087101v	رہنا
bn:00087106v	تیار
bn:00087106v	لانا
bn:00087106v	کر
bn:00087107v	انجام
bn:00087107v	لانا
bn:00087107v	کر
bn:00087108v	کر
bn:00087109v	کر
bn:00087118v	مار
bn:00087128v	کام
bn:00087149v	رہنا
bn:00087150v	رہنا
bn:00087151v	حاوی
bn:00087156v	عطیہ
bn:00087169v	دوگنا
bn:00087170v	دوگنا
bn:00087171v	دوگنا
bn:00087172v	دوگنا
bn:00087174v	نقل
bn:00087211v	بھرتی
bn:00087212v	کھینچنا
bn:00087215v	کھینچنا
bn:00087216v	پھونک
bn:00087234v	کھینچنا
bn:00087235v	کاٹنا
bn:00087237v	کھینچنا
bn:00087239v	کھینچنا
bn:00087246v	کھینچنا
bn:00087249v	کھینچنا
bn:00087256v	چلنا
bn:00087267v	ہٹنا
bn:00087276v	پیدا
bn:00087284v	ڈرنا
bn:00087291v	پہننا
bn:00087292v	پہننا
bn:00087293v	پہننا
bn:00087294v	پہننا
bn:00087295v	پہننا
bn:00087321v	پینا
bn:00087364v	گرنا
bn:00087365v	گرنا
bn:00087366v	کمی
bn:00087366v	گرنا
bn:00087367v	ڈوبنا
bn:00087367v	گرنا
bn:00087368v	گرنا
bn:00087369v	گرنا
bn:00087371v	گرنا
bn:00087372v	خرچ
bn:00087373v	گرنا
bn:00087382v	لکھنا
bn:00087383v	پھسلنا
bn:00087387v	ہارنا
bn:00087393v	ڈوبنا
bn:00087394v	ڈوبنا
bn:00087395v	ڈوبنا
bn:00087401v	خشک
bn:00087422v	پھینکنا
bn:00087441v	آباد
bn:00087441v	رہنا
bn:00087446v	رنگنا
bn:00087452v	کمانا
bn:00087460v	کھانا
bn:00087461v	کھانا
bn:00087462v	کھانا
bn:00087474v	گونج
bn:00087475v	بجنا
bn:00087475v	گونج
bn:00087479v	گھومنا
bn:00087494v	جھاگ
bn:00087513v	گزرنا
bn:00087517v	منتخب
bn:00087537v	بچنا
bn:00087554v	ڈالنا
bn:00087561v	ابھرنا
bn:00087561v	نکلنا
bn:00087562v	ابھرنا
bn:00087571v	سمجھنا
bn:00087576v	والا
bn:00087576v	کام
bn:00087578v	خالی
bn:00087587v	قابل
bn:00087594v	ڈالنا
bn:00087598v	ملنا
bn:00087599v	ملنا
bn:00087608v	ختم
bn:00087612v	دھمکی
bn:00087615v	کوشش
bn:00087617v	بچنا
bn:00087617v	رہنا
bn:00087617v	زندہ
bn:00087618v	پڑنا
bn:00087619v	پہننا
bn:00087620v	رہنا
bn:00087626v	عائد
bn:00087631v	رکھنا
bn:00087632v	بھرتی
bn:00087636v	کندہ
bn:00087644v	بتانا
bn:00087644v	کہنا
bn:00087646v	دیا
bn:00087646v	پیار
bn:00087662v	بھرتی
bn:00087671v	بننا
bn:00087671v	نتیجہ
bn:00087671v	پیدا
bn:00087677v	داخل
bn:00087679v	ریکارڈ
bn:00087679v	کر
bn:00087684v	رکھنا
bn:00087689v	آزمانا
bn:00087695v	چھوڑنا
bn:00087701v	دیکھنا
bn:00087701v	سوچنا
bn:00087706v	چھونا
bn:00087714v	کھڑا
bn:00087714v	کھڑی
bn:00087717v	پھسلنا
bn:00087723v	بچنا
bn:00087723v	فرار
bn:00087724v	بچنا
bn:00087727v	ہلنا
bn:00087731v	آزمانا
bn:00087731v	تجربہ
bn:00087731v	جانچنا
bn:00087732v	قائم
bn:00087733v	قائم
bn:00087777v	بتانا
bn:00087777v	کہنا
bn:00087778v	دکھنا
bn:00087778v	کم
bn:00087787v	جانچنا
bn:00087793v	تجاوز
bn:00087802v	تبدیل
bn:00087808v	ہلنا
bn:00087809v	ہلنا
bn:00087812v	خارج
bn:00087823v	چلنا
bn:00087829v	ورزش
bn:00087830v	ورزش
bn:00087832v	رکھنا
bn:00087842v	مارچ
bn:00087843v	ڈالنا
bn:00087844v	رہنا
bn:00087844v	زندہ
bn:00087845v	چھوڑنا
bn:00087859v	کیا
bn:00087861v	گزرنا
bn:00087862v	تجربہ
bn:00087862v	جاننا
bn:00087863v	حاصل
bn:00087863v	رکھنا
bn:00087863v	ملنا
bn:00087863v	پانا
bn:00087864v	لگنا
bn:00087864v	محسوس
bn:00087866v	تجربہ
bn:00087869v	وضاحت
bn:00087870v	ظاہر
bn:00087882v	دریافت
bn:00087885v	برآمد
bn:00087894v	بولنا
bn:00087894v	کم
bn:00087901v	خوش
bn:00087901v	ہنسنا
bn:00087905v	چلنا
bn:00087905v	گزرنا
bn:00087917v	پہنچنا
bn:00087950v	مدد
bn:00087962v	تھکنا
bn:00087966v	ناکام
bn:00087967v	ناکام
bn:00087976v	گرنا
bn:00087977v	گرنا
bn:00087978v	گرنا
bn:00087979v	گرنا
bn:00087980v	گرنا
bn:00087981v	گرنا
bn:00087982v	پڑنا
bn:00087982v	گرنا
bn:00087984v	گرنا
bn:00087985v	گرنا
bn:00087994v	لٹکنا
bn:00088013v	شامل
bn:00088018v	ڈوبنا
bn:00088028v	مرنا
bn:00088030v	مرنا
bn:00088042v	اگنا
bn:00088059v	تھکنا
bn:00088065v	ڈرنا
bn:00088066v	ڈرنا
bn:00088078v	رکھنا
bn:00088084v	خوراک
bn:00088084v	کھلانا
bn:00088095v	اندازہ
bn:00088095v	لگنا
bn:00088095v	محسوس
bn:00088095v	ملنا
bn:00088095v	پانا
bn:00088095v	چھونا
bn:00088096v	لگنا
bn:00088096v	محسوس
bn:00088097v	لگنا
bn:00088097v	محسوس
bn:00088099v	محسوس
bn:00088101v	محسوس
bn:00088159v	لڑنا
bn:00088161v	سوچنا
bn:00088162v	حل
bn:00088175v	بھر
bn:00088175v	بھرنا
bn:00088176v	بھر
bn:00088176v	بھرنا
bn:00088177v	بھر
bn:00088179v	مطمئن
bn:00088184v	بھرنا
bn:00088192v	فلم
bn:00088204v	ملنا
bn:00088204v	پانا
bn:00088204v	ڈھونڈنا
bn:00088205v	حاصل
bn:00088205v	دیکھنا
bn:00088205v	ملنا
bn:00088205v	پانا
bn:00088206v	ملنا
bn:00088206v	پانا
bn:00088207v	پانا
bn:00088208v	بننا
bn:00088208v	حاصل
bn:00088208v	ملنا
bn:00088208v	پانا
bn:00088209v	پانا
bn:00088230v	جلنا
bn:00088250v	تیار
bn:00088271v	لہرانا
bn:00088277v	چمکنا
bn:00088291v	بھاگنا
bn:00088292v	لوٹنا
bn:00088311v	پھینکنا
bn:00088312v	پھینکنا
bn:00088314v	پھینکنا
bn:00088315v	پھینکنا
bn:00088317v	پھینکنا
bn:00088344v	کر
bn:00088349v	بہنا
bn:00088371v	دھونا
bn:00088378v	اڑنا
bn:00088379v	اڑنا
bn:00088380v	اڑنا
bn:00088421v	رہنا
bn:00088421v	پیروی
bn:00088422v	رہنا
bn:00088423v	رہنا
bn:00088424v	رہنا
bn:00088425v	پیروی
bn:00088428v	دیکھنا
bn:00088428v	رکھنا
bn:00088429v	رہنا
bn:00088454v	روکنا
bn:00088454v	رکھنا
bn:00088456v	دھکا
bn:00088457v	ڈالنا
bn:00088458v	دابنا
bn:00088469v	جرمانہ
bn:00088469v	چھوڑنا
bn:00088480v	تشکیل
bn:00088481v	بھولنا
bn:00088482v	چھوڑنا
bn:00088488v	تشکیل
bn:00088489v	تشکیل
bn:00088544v	چھوڑنا
bn:00088546v	چھوڑنا
bn:00088582v	خوفزدہ
bn:00088629v	چلنا
bn:00088629v	کام
bn:00088643v	فراہم
bn:00088689v	سانس
bn:00088705v	دیکھنا
bn:00088705v	گھورنا
bn:00088724v	کر
bn:00088733v	بننا
bn:00088733v	رکھنا
bn:00088733v	ملنا
bn:00088734v	ملنا
bn:00088736v	تیار
bn:00088736v	ملنا
bn:00088745v	پڑنا
bn:00088759v	نگلنا
bn:00088762v	پکڑنا
bn:00088767v	اترنا
bn:00088769v	بھیجنا
bn:00088789v	پہنچنا
bn:00088791v	ملنا
bn:00088792v	اٹھنا
bn:00088803v	پیش
bn:00088805v	ہنسنا
bn:00088818v	پھینکنا
bn:00088819v	پھینکنا
bn:00088819v	ڈالنا
bn:00088821v	چھوڑنا
bn:00088825v	گزرنا
bn:00088849v	واپس
bn:00088858v	چھوڑنا
bn:00088859v	آنا
bn:00088860v	چھوڑنا
bn:00088869v	چمکنا
bn:00088869v	ڈالنا
bn:00088881v	چمکنا
bn:00088903v	چمکنا
bn:00088912v	حرکت
bn:00088912v	سفر
bn:00088912v	چلنا
bn:00088912v	کر
bn:00088913v	بڑھنا
bn:00088913v	چلنا
bn:00088915v	بھاگنا
bn:00088915v	چلنا
bn:00088916v	چلنا
bn:00088917v	چلنا
bn:00088920v	چلنا
bn:00088922v	چلنا
bn:00088932v	گزرنا
bn:00088938v	گھومنا
bn:00088939v	چھوڑنا
bn:00088944v	میں
bn:00088944v	گزرنا
bn:00088948v	ڈوبنا
bn:00088967v	جائزہ
bn:00088968v	گزرنا
bn:00088991v	حکومت
bn:00088995v	پکڑنا
bn:00089002v	جا
bn:00089006v	التحصیل
bn:00089007v	التحصیل
bn:00089017v	پکڑنا
bn:00089027v	مطمئن
bn:00089039v	کہنا
bn:00089048v	مسکرانا
bn:00089058v	رونا
bn:00089082v	بڑھنا
bn:00089083v	بڑھنا
bn:00089084v	بڑھنا
bn:00089085v	بڑھنا
bn:00089086v	بڑھنا
bn:00089105v	اندازہ
bn:00089105v	سوچنا
bn:00089106v	اندازہ
bn:00089115v	نگلنا
bn:00089126v	بہنا
bn:00089127v	کر
bn:00089154v	روکنا
bn:00089154v	رکنا
bn:00089159v	مار
bn:00089178v	لٹکنا
bn:00089179v	لٹکنا
bn:00089180v	لٹکنا
bn:00089181v	لٹکنا
bn:00089215v	نقصان
bn:00089221v	سے
bn:00089240v	رکھنا
bn:00089240v	میں
bn:00089240v	پکڑنا
bn:00089241v	رکھنا
bn:00089241v	مالک
bn:00089246v	ماننا
bn:00089246v	وصول
bn:00089246v	پانا
bn:00089252v	پہننا
bn:00089254v	بیچنا
bn:00089274v	ڈھیر
bn:00089277v	سننا
bn:00089278v	سننا
bn:00089279v	سننا
bn:00089280v	سننا
bn:00089282v	گرم
bn:00089295v	سننا
bn:00089302v	اٹھنا
bn:00089308v	پوچھنا
bn:00089323v	ہچکچانا
bn:00089324v	ہچکچانا
bn:00089332v	چھپنا
bn:00089340v	روکنا
bn:00089340v	رکاوٹ
bn:00089346v	مار
bn:00089346v	ٹکرانا
bn:00089347v	مار
bn:00089348v	لگنا
bn:00089348v	مارا
bn:00089351v	مار
bn:00089354v	مار
bn:00089360v	پڑھنا
bn:00089368v	ذخیرہ
bn:00089368v	ڈالنا
bn:00089384v	برقرار
bn:00089384v	دیکھ
bn:00089384v	رکنا
bn:00089384v	رکھنا
bn:00089384v	رہنا
bn:00089384v	پکڑنا
bn:00089385v	تھامنا
bn:00089385v	رکھنا
bn:00089385v	پکڑنا
bn:00089386v	رکھنا
bn:00089387v	تھامنا
bn:00089387v	رکھنا
bn:00089387v	پکڑنا
bn:00089388v	رکھنا
bn:00089400v	روکنا
bn:00089400v	رکھنا
bn:00089407v	دیکھ
bn:00089407v	رکھنا
bn:00089407v	رہنا
bn:00089443v	کامل
bn:00089449v	اعزاز
bn:00089492v	رہنا
bn:00089493v	رہنا
bn:00089496v	رونا
bn:00089528v	پھینکنا
bn:00089531v	جلدی
bn:00089531v	رفتار
bn:00089574v	رکھنا
bn:00089574v	شناخت
bn:00089575v	شناخت
bn:00089581v	جلنا
bn:00089584v	روشن
bn:00089614v	دھکیلنا
bn:00089654v	کاٹنا
bn:00089660v	شامل
bn:00089661v	لانا
bn:00089662v	شامل
bn:00089663v	ضم
bn:00089666v	اضافہ
bn:00089666v	بڑھنا
bn:00089667v	اضافہ
bn:00089667v	بڑھنا
bn:00089670v	پڑنا
bn:00089708v	سمجھ
bn:00089708v	سمجھنا
bn:00089724v	بتانا
bn:00089725v	بتانا
bn:00089733v	رہنا
bn:00089736v	ورثہ
bn:00089739v	روکنا
bn:00089743v	آغاز
bn:00089744v	شروع
bn:00089773v	اصرار
bn:00089773v	زور
bn:00089776v	جانچنا
bn:00089776v	معائنہ
bn:00089785v	نصب
bn:00089785v	ڈالنا
bn:00089791v	تعلیم
bn:00089792v	ہدایت
bn:00089804v	سوچنا
bn:00089805v	کم
bn:00089810v	روکنا
bn:00089816v	مداخلت
bn:00089841v	سمجھ
bn:00089841v	سمجھنا
bn:00089845v	پوچھنا
bn:00089852v	پوچھنا
bn:00089853v	انٹرویو
bn:00089855v	بننا
bn:00089889v	دعوت
bn:00089922v	جاری
bn:00089941v	ڈھیر
bn:00089967v	کر
bn:00089978v	گھومنا
bn:00089991v	دھکا
bn:00089991v	دھکیلنا
bn:00089993v	سفر
bn:00089999v	ہلنا
bn:00090010v	کودنا
bn:00090013v	کودنا
bn:00090014v	کودنا
bn:00090019v	کودنا
bn:00090033v	روکنا
bn:00090033v	رکھنا
bn:00090034v	رکھنا
bn:00090034v	رہنا
bn:00090035v	رکھنا
bn:00090035v	رہنا
bn:00090036v	رکھنا
bn:00090047v	رکھنا
bn:00090049v	رکھنا
bn:00090066v	رکھنا
bn:00090069v	رکھنا
bn:00090070v	رکھنا
bn:00090085v	مار
bn:00090086v	مار
bn:00090098v	مار
bn:00090098v	ہلاک
bn:00090125v	بجنا
bn:00090127v	بننا
bn:00090129v	دستک
bn:00090141v	جاننا
bn:00090142v	جاننا
bn:00090143v	جاننا
bn:00090143v	پہچاننا
bn:00090144v	جاننا
bn:00090151v	نشان
bn:00090194v	ڈوبنا
bn:00090194v	گزرنا
bn:00090214v	پھینکنا
bn:00090219v	دھونا
bn:00090221v	دھونا
bn:00090222v	دھونا
bn:00090224v	جا
bn:00090224v	رکھنا
bn:00090224v	ڈالنا
bn:00090229v	سے
bn:00090234v	دیا
bn:00090243v	پیدا
bn:00090243v	چھوڑنا
bn:00090248v	چلنا
bn:00090259v	جھکنا
bn:00090266v	سیکھنا
bn:00090266v	پڑھنا
bn:00090271v	چھوڑنا
bn:00090272v	چھوڑنا
bn:00090273v	چھوڑنا
bn:00090274v	چھوڑنا
bn:00090275v	چھوڑنا
bn:00090295v	چھوڑنا
bn:00090297v	چھوڑنا
bn:00090298v	چھوڑنا
bn:00090339v	اٹھنا
bn:00090362v	چاہنا
bn:00090397v	فہرست
bn:00090400v	سننا
bn:00090408v	رہنا
bn:00090419v	پھینکنا
bn:00090425v	رکھنا
bn:00090437v	رہنا
bn:00090448v	دیکھنا
bn:00090448v	نظر
bn:00090448v	ڈالنا
bn:00090450v	تلاش
bn:00090454v	دیکھ
bn:00090460v	تلاش
bn:00090463v	دیکھنا
bn:00090482v	لوٹنا
bn:00090485v	کھونا
bn:00090485v	ہارنا
bn:00090486v	کھونا
bn:00090486v	ہارنا
bn:00090487v	کھونا
bn:00090487v	ہارنا
bn:00090488v	کھونا
bn:00090489v	کھونا
bn:00090490v	کھونا
bn:00090491v	کھونا
bn:00090492v	کھونا
bn:00090504v	محبت
bn:00090504v	پیار
bn:00090519v	کھانا
bn:00090548v	بھیجنا
bn:00090571v	کام
bn:00090590v	گزرنا
bn:00090631v	بڑھنا
bn:00090653v	مارچ
bn:00090655v	چلنا
bn:00090664v	رکھنا
bn:00090714v	پیمائش
bn:00090725v	ملنا
bn:00090726v	ملنا
bn:00090727v	ملنا
bn:00090740v	کہا
bn:00090744v	تجارت
bn:00090774v	ہجرت
bn:00090783v	پیسنا
bn:00090850v	پڑھنا
bn:00090869v	ملنا
bn:00090878v	بیٹھنا
bn:00090943v	بول
bn:00090943v	بولنا
bn:00090943v	کہنا
bn:00090946v	چلنا
bn:00090946v	ہلنا
bn:00090947v	کر
bn:00090952v	مڑنا
bn:00090977v	ضرب
bn:00091011v	بتانا
bn:00091011v	بیان
bn:00091011v	کہنا
bn:00091027v	کر
bn:00091028v	ضرورت
bn:00091028v	چاہنا
bn:00091042v	گھونسلا
bn:00091043v	گھونسلا
bn:00091072v	سر
bn:00091096v	دیکھنا
bn:00091098v	کر
bn:00091112v	اطاعت
bn:00091114v	اعتراض
bn:00091119v	دیکھنا
bn:00091124v	حاصل
bn:00091124v	ملنا
bn:00091135v	پیش
bn:00091137v	پیش
bn:00091165v	کھلنا
bn:00091166v	کھلنا
bn:00091167v	کھلنا
bn:00091168v	کھلنا
bn:00091169v	پھیلنا
bn:00091169v	کھلنا
bn:00091170v	کھلنا
bn:00091171v	کھلنا
bn:00091173v	کھلنا
bn:00091177v	چلنا
bn:00091188v	گھومنا
bn:00091192v	حکم
bn:00091207v	لرزنا
bn:00091307v	گزرنا
bn:00091347v	پھیلنا
bn:00091369v	چلنا
bn:00091370v	چلنا
bn:00091400v	لرزنا
bn:00091423v	متوازی
bn:00091446v	ہوا
bn:00091451v	حصہ
bn:00091458v	خرچ
bn:00091458v	گزرنا
bn:00091461v	گزرنا
bn:00091493v	ادا
bn:00091505v	بجنا
bn:00091529v	پڑنا
bn:00091529v	گھسنا
bn:00091541v	بیٹھنا
bn:00091550v	انجام
bn:00091551v	انجام
bn:00091560v	رکھنا
bn:00091562v	رہنا
bn:00091590v	چننا
bn:00091603v	وصول
bn:00091603v	پانا
bn:00091652v	لگنا
bn:00091652v	گولی
bn:00091653v	چیخنا
bn:00091673v	رکھنا
bn:00091673v	ڈالنا
bn:00091675v	ڈالنا
bn:00091677v	بھیجنا
bn:00091708v	کھیل
bn:00091708v	کھیلنا
bn:00091710v	کھیل
bn:00091710v	کھیلنا
bn:00091711v	کھیل
bn:00091711v	کھیلنا
bn:00091712v	کھیلنا
bn:00091713v	کھیل
bn:00091713v	کھیلنا
bn:00091714v	کھیل
bn:00091714v	کھیلنا
bn:00091715v	کھیل
bn:00091715v	کھیلنا
bn:00091716v	کھیلنا
bn:00091717v	کھیل
bn:00091717v	کھیلنا
bn:00091719v	کھیلنا
bn:00091720v	کھیل
bn:00091721v	کھیلنا
bn:00091722v	کھیل
bn:00091723v	چلنا
bn:00091724v	کھیلنا
bn:00091749v	وعدہ
bn:00091868v	پیش
bn:00091897v	ڈالنا
bn:00091913v	تعریف
bn:00091913v	سراہنا
bn:00091921v	پڑھ
bn:00091949v	ترجیح
bn:00091983v	رکھنا
bn:00091986v	ڈالنا
bn:00091987v	ڈالنا
bn:00092023v	شائع
bn:00092032v	علاج
bn:00092035v	کام
bn:00092037v	اعلان
bn:00092083v	پھیلنا
bn:00092096v	مقدمہ
bn:00092105v	احتجاج
bn:00092109v	ثابت
bn:00092123v	لکھنا
bn:00092131v	پھونک
bn:00092137v	کھینچنا
bn:00092138v	کھینچنا
bn:00092142v	پھٹنا
bn:00092159v	دھڑکنا
bn:00092204v	رکھنا
bn:00092204v	ڈالنا
bn:00092212v	ڈالنا
bn:00092261v	پوچھنا
bn:00092274v	آزمائش
bn:00092274v	پرکھنا
bn:00092315v	حملہ
bn:00092331v	دھونا
bn:00092333v	میں
bn:00092360v	چلنا
bn:00092415v	پہنچنا
bn:00092421v	جواب
bn:00092424v	پڑھنا
bn:00092425v	پڑھنا
bn:00092425v	کہنا
bn:00092426v	پڑھنا
bn:00092427v	پڑھنا
bn:00092428v	پڑھنا
bn:00092429v	پڑھنا
bn:00092430v	دکھنا
bn:00092430v	پڑھنا
bn:00092443v	دیکھنا
bn:00092443v	سمجھ
bn:00092443v	سمجھنا
bn:00092443v	ڈالنا
bn:00092460v	بیچنا
bn:00092460v	منتقلی
bn:00092490v	وصول
bn:00092490v	پانا
bn:00092548v	بھرتی
bn:00092582v	دوگنا
bn:00092589v	کم
bn:00092618v	جائزہ
bn:00092637v	چمکنا
bn:00092681v	واپس
bn:00092723v	مسترد
bn:00092733v	بتانا
bn:00092743v	کھانا
bn:00092756v	رہنا
bn:00092757v	رہنا
bn:00092763v	رکھنا
bn:00092763v	یاد
bn:00092764v	یاد
bn:00092770v	یاد
bn:00092791v	واپس
bn:00092816v	بننا
bn:00092816v	تبدیل
bn:00092817v	بننا
bn:00092817v	تبدیل
bn:00092823v	رپورٹ
bn:00092837v	نمائندگی
bn:00092839v	نمائندگی
bn:00092840v	نمائندگی
bn:00092876v	ملنا
bn:00092903v	آرام
bn:00092903v	پڑنا
bn:00092911v	محدود
bn:00092915v	شروع
bn:00092951v	واپس
bn:00092969v	لوٹنا
bn:00092969v	واپس
bn:00093013v	بیٹھنا
bn:00093049v	دھونا
bn:00093055v	ٹکڑا
bn:00093059v	اٹھنا
bn:00093069v	بھوننا
bn:00093070v	لوٹنا
bn:00093072v	ہلنا
bn:00093081v	لپیٹنا
bn:00093109v	جڑ
bn:00093144v	رگڑنا
bn:00093170v	بھاگنا
bn:00093170v	دوڑنا
bn:00093170v	چلنا
bn:00093171v	چلنا
bn:00093172v	چلنا
bn:00093173v	چلنا
bn:00093174v	چلنا
bn:00093178v	چلنا
bn:00093179v	چلنا
bn:00093251v	چکھنا
bn:00093251v	کوشش
bn:00093281v	لکھنا
bn:00093282v	چکھنا
bn:00093287v	بتانا
bn:00093287v	بیان
bn:00093287v	کہنا
bn:00093288v	بتانا
bn:00093288v	کہنا
bn:00093289v	کہنا
bn:00093290v	کہنا
bn:00093332v	پھیلنا
bn:00093360v	کر
bn:00093372v	چیخ
bn:00093372v	چیخنا
bn:00093430v	دیکھنا
bn:00093430v	ڈالنا
bn:00093431v	دیکھنا
bn:00093432v	دیکھنا
bn:00093433v	دیکھنا
bn:00093435v	دیکھنا
bn:00093447v	بونا
bn:00093452v	تلاش
bn:00093472v	بیچنا
bn:00093472v	فروخت
bn:00093474v	بیچنا
bn:00093485v	بھیجنا
bn:00093486v	بھیجنا
bn:00093519v	رکھنا
bn:00093527v	رکھنا
bn:00093560v	ہلنا
bn:00093591v	کاٹنا
bn:00093625v	چمکنا
bn:00093626v	چمکنا
bn:00093639v	لرزنا
bn:00093639v	کانپنا
bn:00093662v	خریداری
bn:00093662v	خریدنا
bn:00093676v	چیخ
bn:00093676v	چیخنا
bn:00093679v	دھکا
bn:00093679v	دھکیلنا
bn:00093680v	ڈالنا
bn:00093682v	دکھاوا
bn:00093682v	دکھنا
bn:00093682v	پیش
bn:00093683v	دکھنا
bn:00093684v	دکھنا
bn:00093685v	دکھنا
bn:00093733v	اشارہ
bn:00093757v	گانا
bn:00093758v	گانا
bn:00093769v	ڈوبنا
bn:00093770v	ڈوبنا
bn:00093773v	پینا
bn:00093776v	بیٹھنا
bn:00093777v	بیٹھنا
bn:00093778v	بیٹھنا
bn:00093779v	بیٹھنا
bn:00093808v	پھسلنا
bn:00093867v	جاسوسی
bn:00093875v	پھسلنا
bn:00093882v	پھسلنا
bn:00093882v	چوری
bn:00093883v	پھسلنا
bn:00093934v	مسکرانا
bn:00093939v	پینا
bn:00093963v	ٹوٹنا
bn:00093966v	چھیننا
bn:00093971v	چھیننا
bn:00094089v	بات
bn:00094089v	بول
bn:00094089v	بولنا
bn:00094089v	کہنا
bn:00094090v	بول
bn:00094090v	بولنا
bn:00094109v	لکھنا
bn:00094115v	خرچ
bn:00094123v	بول
bn:00094141v	چھڑکنا
bn:00094183v	ہٹنا
bn:00094213v	مربع
bn:00094224v	دابنا
bn:00094234v	مڑنا
bn:00094250v	رنگنا
bn:00094275v	کھڑا
bn:00094277v	کھڑا
bn:00094278v	کھڑا
bn:00094307v	رہنا
bn:00094307v	ٹھہرنا
bn:00094308v	رہنا
bn:00094314v	چرانا
bn:00094314v	چوری
bn:00094317v	بھاپ
bn:00094373v	ہلنا
bn:00094374v	چھونا
bn:00094397v	روکنا
bn:00094397v	رکنا
bn:00094398v	روکنا
bn:00094453v	مار
bn:00094454v	بجنا
bn:00094454v	مار
bn:00094501v	سیکھنا
bn:00094507v	کھانا
bn:00094535v	ڈوبنا
bn:00094565v	چوسنا
bn:00094566v	چوسنا
bn:00094573v	پڑنا
bn:00094575v	پڑنا
bn:00094635v	معطل
bn:00094675v	تیرنا
bn:00094689v	گھومنا
bn:00094832v	چکھنا
bn:00094841v	پھٹنا
bn:00094862v	بتانا
bn:00094862v	کہنا
bn:00094863v	بتانا
bn:00094863v	کہنا
bn:00094870v	دیکھ
bn:00094906v	سوچنا
bn:00094907v	سوچنا
bn:00094927v	دھمکی
bn:00094931v	دھڑکنا
bn:00094934v	پھینکنا
bn:00094934v	ڈالنا
bn:00094935v	پھینکنا
bn:00094935v	ڈالنا
bn:00094936v	پھینکنا
bn:00094936v	ڈالنا
bn:00094937v	ڈالنا
bn:00094956v	باندھنا
bn:00095009v	بجنا
bn:00095035v	پھینکنا
bn:00095040v	لگنا
bn:00095040v	چھونا
bn:00095041v	چھونا
bn:00095042v	چھونا
bn:00095073v	کچلنا
bn:00095074v	کچلنا
bn:00095130v	آنا
bn:00095149v	لرزنا
bn:00095233v	بدلنا
bn:00095233v	تبدیل
bn:00095233v	موڑنا
bn:00095233v	مڑنا
bn:00095233v	پھرنا
bn:00095233v	پھیرنا
bn:00095233v	گھومنا
bn:00095234v	گھومنا
bn:00095235v	گھومنا
bn:00095236v	بدلنا
bn:00095375v	جاننا
bn:00095375v	سمجھ
bn:00095375v	سمجھنا
bn:00095400v	متحد
bn:00095516v	تصدیق
bn:00095578v	ضمانت
bn:00095588v	چلنا
bn:00095591v	ہلنا
bn:00095593v	انتظار
bn:00095595v	جاگنا
bn:00095597v	چلنا
bn:00095598v	چلنا
bn:00095599v	چلنا
bn:00095600v	چلنا
bn:00095627v	چاہنا
bn:00095628v	چاہنا
bn:00095642v	خبردار
bn:00095654v	دھونا
bn:00095656v	دھونا
bn:00095665v	دیکھنا
bn:00095665v	رکھنا
bn:00095680v	بننا
bn:00095681v	موم
bn:00095688v	پہننا
bn:00095701v	رکھنا
bn:00095705v	خیر
bn:00095714v	گیلے
bn:00095777v	جیت
bn:00095777v	جیتنا
bn:00095777v	فتح
bn:00095802v	چاہنا
bn:00095803v	چاہنا
bn:00095804v	چاہنا
bn:00095812v	کام
bn:00095813v	کام
bn:00095836v	لپیٹنا
bn:00095847v	لکھنا
bn:00095848v	لکھنا
bn:00095849v	لکھنا
bn:00095887a	ایک
bn:00095887a	واحد
bn:00095891a	ہزار
bn:00095949a	پہلا
bn:00095949a	پہلی
bn:00095950a	دو
bn:00095974a	دوسرا
bn:00095975a	تین
bn:00096000a	تیسرا
bn:00096000a	تیسری
bn:00096000a	تیسرے
bn:00096026a	چوتھا
bn:00096026a	چوتھی
bn:00096026a	چوتھے
bn:00096043a	پانچواں
bn:00096074a	ساتواں
bn:00096109a	چند
bn:00096119a	شرمندہ
bn:00096124a	مختصر
bn:00096136a	مستقل
bn:00096139a	کم
bn:00096151a	قابل
bn:00096152a	قابل
bn:00096158a	معمولی
bn:00096165a	خوفناک
bn:00096171a	ناکام
bn:00096188a	تیز
bn:00096192a	غائب
bn:00096195a	مطلق
bn:00096204a	جذب
bn:00096205a	جذب
bn:00096208a	دلچسپ
bn:00096246a	قبول
bn:00096251a	قبول
bn:00096275a	یافتہ
bn:00096276a	مکمل
bn:00096277a	ثابت
bn:00096292a	درست
bn:00096293a	عین
bn:00096298a	عادی
bn:00096306a	تلخ
bn:00096348a	واقف
bn:00096351a	حاصل
bn:00096355a	تلخ
bn:00096366a	وسیع
bn:00096383a	لڑاکا
bn:00096385a	سرگرم
bn:00096386a	سرگرم
bn:00096399a	اصل
bn:00096399a	حقیقی
bn:00096399a	لفظی
bn:00096404a	تیز
bn:00096407a	شدید
bn:00096408a	شدید
bn:00096409a	تیز
bn:00096445a	اچھا
bn:00096446a	کافی
bn:00096447a	کافی
bn:00096449a	قابل
bn:00096455a	اگلا
bn:00096455a	دوسرا
bn:00096461a	نائب
bn:00096474a	انتظامی
bn:00096478a	قبول
bn:00096515a	بالغ
bn:00096527a	یافتہ
bn:00096529a	جدید
bn:00096535a	فائدہ
bn:00096562a	ابدی
bn:00096562a	دائمی
bn:00096582a	طبی
bn:00096592a	متاثر
bn:00096593a	متاثر
bn:00096597a	گرم
bn:00096599a	مربوط
bn:00096599a	وابستہ
bn:00096612a	امیر
bn:00096625a	خوفزدہ
bn:00096629a	افریقی
bn:00096644a	بزرگ
bn:00096658a	مجموعی
bn:00096663a	حیران
bn:00096664a	تیز
bn:00096664a	چست
bn:00096671a	روشن
bn:00096694a	زرعی
bn:00096705a	بیمار
bn:00096707a	اپنا
bn:00096755a	ہوشیار
bn:00096756a	تیز
bn:00096773a	غیر
bn:00096774a	اجنبی
bn:00096774a	غیر
bn:00096787a	زندہ
bn:00096788a	زندہ
bn:00096798a	تمام
bn:00096798a	سارا
bn:00096798a	سب
bn:00096798a	پورا
bn:00096798a	کل
bn:00096803a	ضروری
bn:00096815a	مردہ
bn:00096816a	سے
bn:00096817a	ٹھیک
bn:00096821a	مبینہ
bn:00096822a	مبینہ
bn:00096869a	اکیلا
bn:00096869a	اکیلی
bn:00096869a	اکیلے
bn:00096870a	اکیلا
bn:00096870a	اکیلے
bn:00096870a	تنہا
bn:00096924a	حیران
bn:00096934a	مبہم
bn:00096935a	مبہم
bn:00096973a	دوستانہ
bn:00096976a	غلط
bn:00097000a	کافی
bn:00097001a	کافی
bn:00097006a	مزاحیہ
bn:00097066a	قدیم
bn:00097067a	قدیم
bn:00097090a	فرشتہ
bn:00097107a	ناراض
bn:00097145a	ناراض
bn:00097146a	پریشان
bn:00097154a	گمنام
bn:00097165a	دوسرا
bn:00097208a	مخالف
bn:00097258a	پرانا
bn:00097285a	کوئی
bn:00097350a	ظاہر
bn:00097350a	واضح
bn:00097351a	ظاہر
bn:00097351a	واضح
bn:00097375a	مقرر
bn:00097376a	مقرر
bn:00097377a	مقرر
bn:00097398a	مناسب
bn:00097400a	منظور
bn:00097409a	ذہین
bn:00097433a	غیر
bn:00097448a	قدیم
bn:00097467a	جذباتی
bn:00097467a	پرجوش
bn:00097470a	مشکل
bn:00097493a	نرم
bn:00097496a	مسلح
bn:00097521a	خالص
bn:00097521a	مکمل
bn:00097526a	مغرور
bn:00097548a	مصنوعی
bn:00097549a	مصنوعی
bn:00097552a	فنکارانہ
bn:00097553a	فنکارانہ
bn:00097581a	شرمندہ
bn:00097591a	مرحوم
bn:00097599a	کھلنا
bn:00097622a	مخلوط
bn:00097623a	مختلف
bn:00097625a	خیالی
bn:00097657a	تیز
bn:00097657a	ذہین
bn:00097673a	آزاد
bn:00097697a	جوہری
bn:00097709a	خوفناک
bn:00097710a	خوفناک
bn:00097733a	دلکش
bn:00097745a	خالی
bn:00097748a	بہادر
bn:00097762a	عظیم
bn:00097763a	قابل
bn:00097782a	سخت
bn:00097793a	مستند
bn:00097794a	حقیقی
bn:00097794a	مستند
bn:00097829a	آزاد
bn:00097844a	اضافی
bn:00097846a	موجود
bn:00097850a	لالچی
bn:00097854a	اوسط
bn:00097855a	اوسط
bn:00097855a	عام
bn:00097879a	آگاہ
bn:00097879a	واقف
bn:00097890a	خوفناک
bn:00097938a	پیچھے
bn:00097943a	مسلسل
bn:00097966a	برا
bn:00097966a	خراب
bn:00097966a	ناقص
bn:00097967a	بڑا
bn:00098013a	معمولی
bn:00098021a	عظیم
bn:00098029a	چھوٹا
bn:00098042a	وحشی
bn:00098049a	کم
bn:00098053a	سادہ
bn:00098055a	خالی
bn:00098057a	سادہ
bn:00098073a	شریف
bn:00098085a	کم
bn:00098091a	چھوٹا
bn:00098095a	مبنی
bn:00098100a	بنیادی
bn:00098101a	بنیادی
bn:00098116a	گہری
bn:00098117a	جعلی
bn:00098171a	خوبصورت
bn:00098197a	پہلا
bn:00098214a	قابل
bn:00098243a	اچھا
bn:00098243a	مند
bn:00098246a	ہمدرد
bn:00098274a	بہترین
bn:00098342a	بڑا
bn:00098342a	بڑی
bn:00098342a	وسیع
bn:00098343a	بڑا
bn:00098343a	بڑی
bn:00098344a	بڑی
bn:00098345a	بڑی
bn:00098345a	ممتاز
bn:00098345a	نمایاں
bn:00098351a	آزاد
bn:00098352a	حاملہ
bn:00098369a	طرفہ
bn:00098417a	حیاتیاتی
bn:00098461a	تلخ
bn:00098462a	تلخ
bn:00098463a	تلخ
bn:00098477a	حقیقی
bn:00098477a	عجیب
bn:00098480a	سیاہ
bn:00098481a	سیاہ
bn:00098484a	تاریک
bn:00098484a	سیاہ
bn:00098485a	تباہ
bn:00098485a	سیاہ
bn:00098485a	کن
bn:00098487a	سیاہ
bn:00098521a	نرم
bn:00098523a	ہموار
bn:00098524a	خالی
bn:00098543a	واضح
bn:00098550a	غیر
bn:00098556a	مبارک
bn:00098562a	اندھا
bn:00098570a	گرم
bn:00098578a	سنہرے
bn:00098581a	سرخ
bn:00098606a	نیلا
bn:00098752a	پابند
bn:00098755a	پابند
bn:00098761a	محدود
bn:00098794a	تازہ
bn:00098794a	تیز
bn:00098805a	بیمار
bn:00098805a	پاگل
bn:00098825a	بلند
bn:00098827a	بہادر
bn:00098829a	طاقتور
bn:00098854a	مختصر
bn:00098855a	مختصر
bn:00098857a	روشن
bn:00098858a	روشن
bn:00098859a	روشن
bn:00098871a	عظیم
bn:00098887a	بڑا
bn:00098887a	وسیع
bn:00098888a	وسیع
bn:00098889a	وسیع
bn:00098891a	وسیع
bn:00098893a	آزاد
bn:00098905a	بڑا
bn:00098905a	غیر
bn:00098905a	وسیع
bn:00098916a	پریشان
bn:00098942a	بھوری
bn:00098994a	ذاتی
bn:00098994a	فطری
bn:00099012a	سستے
bn:00099057a	مصروف
bn:00099058a	مصروف
bn:00099059a	مصروف
bn:00099060a	مصروف
bn:00099104a	ذہین
bn:00099145a	خاموش
bn:00099145a	پرسکون
bn:00099215a	قابل
bn:00099216a	قابل
bn:00099258a	بنیادی
bn:00099258a	مرکزی
bn:00099268a	محتاط
bn:00099313a	انفرادی
bn:00099380a	کیتھولک
bn:00099399a	غیر
bn:00099411a	مشہور
bn:00099411a	معروف
bn:00099441a	مرکزی
bn:00099474a	مقرر
bn:00099474a	کوئی
bn:00099474a	یقینی
bn:00099475a	یقینی
bn:00099476a	یقینی
bn:00099477a	یقینی
bn:00099479a	یقینی
bn:00099480a	یقینی
bn:00099486a	اہل
bn:00099521a	ثابت
bn:00099521a	غیر
bn:00099521a	مستقل
bn:00099532a	مخصوص
bn:00099542a	دلکش
bn:00099543a	جادو
bn:00099557a	سستا
bn:00099557a	سستے
bn:00099577a	کیمیائی
bn:00099578a	کیمیائی
bn:00099583a	قیمتی
bn:00099594a	ہوشیار
bn:00099596a	زرد
bn:00099598a	اہم
bn:00099605a	سادہ
bn:00099609a	سرد
bn:00099634a	منتخب
bn:00099655a	عیسائی
bn:00099655a	مسیحی
bn:00099656a	عیسائی
bn:00099702a	گول
bn:00099712a	محدود
bn:00099725a	شہری
bn:00099727a	شہری
bn:00099743a	خفیہ
bn:00099775a	بھاری
bn:00099776a	صاف
bn:00099777a	صاف
bn:00099778a	صاف
bn:00099780a	صاف
bn:00099791a	صاف
bn:00099795a	واضح
bn:00099796a	گناہ
bn:00099802a	صاف
bn:00099802a	ظاہر
bn:00099802a	واضح
bn:00099803a	صاف
bn:00099803a	واضح
bn:00099804a	صاف
bn:00099805a	صاف
bn:00099808a	واضح
bn:00099857a	قریبی
bn:00099858a	قریبی
bn:00099860a	قریبی
bn:00099861a	وفادار
bn:00099876a	بند
bn:00099877a	بند
bn:00099878a	بند
bn:00099879a	بند
bn:00099880a	بند
bn:00099929a	عام
bn:00099943a	شفاف
bn:00099949a	پاگل
bn:00099981a	سرد
bn:00099982a	سرد
bn:00099983a	سرد
bn:00099988a	سرد
bn:00099989a	انسانی
bn:00100075a	مزاحیہ
bn:00100081a	تجارتی
bn:00100082a	تجارتی
bn:00100090a	شامل
bn:00100090a	عام
bn:00100090a	مشترک
bn:00100091a	عام
bn:00100092a	عام
bn:00100092a	مشترک
bn:00100093a	عام
bn:00100094a	عام
bn:00100095a	عام
bn:00100122a	دار
bn:00100133a	قابل
bn:00100133a	مجاز
bn:00100134a	مجاز
bn:00100144a	مکمل
bn:00100145a	مکمل
bn:00100148a	پیچیدہ
bn:00100150a	مشکل
bn:00100150a	پیچیدہ
bn:00100152a	مفت
bn:00100162a	جامع
bn:00100173a	ضروری
bn:00100181a	پوشیدہ
bn:00100203a	آخری
bn:00100203a	حتمی
bn:00100213a	مشروط
bn:00100225a	قائل
bn:00100225a	مثبت
bn:00100227a	خفیہ
bn:00100240a	مثبت
bn:00100261a	پیدائشی
bn:00100305a	مقدس
bn:00100309a	متفق
bn:00100320a	یکساں
bn:00100334a	قائم
bn:00100370a	فوری
bn:00100383a	مسلسل
bn:00100384a	جاری
bn:00100385a	مسلسل
bn:00100386a	مسلسل
bn:00100392a	متضاد
bn:00100415a	آسان
bn:00100416a	روایتی
bn:00100417a	ثابت
bn:00100417a	روایتی
bn:00100418a	روایتی
bn:00100420a	روایتی
bn:00100421a	روایتی
bn:00100431a	قائل
bn:00100441a	ٹھنڈا
bn:00100487a	جسمانی
bn:00100490a	درست
bn:00100490a	صحیح
bn:00100490a	ٹھیک
bn:00100491a	درست
bn:00100491a	صحیح
bn:00100491a	مناسب
bn:00100491a	ٹھیک
bn:00100492a	صحیح
bn:00100510a	خراب
bn:00100536a	عام
bn:00100544a	مہنگی
bn:00100544a	مہنگے
bn:00100545a	مہنگی
bn:00100610a	پاگل
bn:00100611a	پاگل
bn:00100628a	قابل
bn:00100654a	سرخ
bn:00100663a	تیز
bn:00100668a	مختصر
bn:00100672a	اہم
bn:00100673a	اہم
bn:00100674a	اہم
bn:00100675a	اہم
bn:00100676a	اہم
bn:00100716a	اہم
bn:00100721a	خام
bn:00100722a	خام
bn:00100724a	قدیم
bn:00100725a	خام
bn:00100740a	پراسرار
bn:00100740a	پوشیدہ
bn:00100744a	شفاف
bn:00100745a	واضح
bn:00100783a	عجیب
bn:00100895a	خطرناک
bn:00100896a	خطرناک
bn:00100896a	سنگین
bn:00100902a	اندھیری
bn:00100902a	تاریک
bn:00100902a	سیاہ
bn:00100903a	سیاہ
bn:00100904a	سیاہ
bn:00100907a	غیر
bn:00100907a	مبہم
bn:00100914a	سبز
bn:00100948a	مردہ
bn:00100948a	ہلاک
bn:00100949a	مردہ
bn:00100950a	مردہ
bn:00100969a	مہلک
bn:00100972a	مہلک
bn:00100981a	اچھا
bn:00101007a	گمراہ
bn:00101043a	گہری
bn:00101043a	گہرے
bn:00101044a	گہری
bn:00101044a	گہرے
bn:00101045a	گہری
bn:00101045a	گہرے
bn:00101046a	گہری
bn:00101047a	گہری
bn:00101048a	امیر
bn:00101048a	گہرے
bn:00101070a	مایوس
bn:00101071a	ناقص
bn:00101072a	ناقص
bn:00101077a	ننگی
bn:00101078a	دفاعی
bn:00101083a	کم
bn:00101084a	ناکافی
bn:00101090a	خاص
bn:00101090a	یقینی
bn:00101092a	یقینی
bn:00101103a	علیحدہ
bn:00101121a	نازک
bn:00101122a	نازک
bn:00101123a	نازک
bn:00101124a	نازک
bn:00101125a	نازک
bn:00101126a	نازک
bn:00101128a	خوشگوار
bn:00101137a	پاگل
bn:00101148a	جمہوری
bn:00101149a	جمہوری
bn:00101150a	عوامی
bn:00101150a	مقبول
bn:00101180a	سست
bn:00101186a	قابل
bn:00101189a	اچھا
bn:00101190a	منحصر
bn:00101192a	منحصر
bn:00101202a	تباہ
bn:00101230a	مستحق
bn:00101237a	قابل
bn:00101256a	تباہ
bn:00101257a	تباہ
bn:00101263a	الگ
bn:00101268a	تفصیلی
bn:00101347a	مختلف
bn:00101348a	مختلف
bn:00101349a	مختلف
bn:00101350a	مختلف
bn:00101358a	سخت
bn:00101358a	مشکل
bn:00101390a	سادہ
bn:00101394a	کم
bn:00101405a	سفارتی
bn:00101406a	سفارتی
bn:00101429a	ناپاک
bn:00101429a	گندہ
bn:00101440a	معذور
bn:00101448a	مایوس
bn:00101459a	واضح
bn:00101507a	مغرور
bn:00101508a	بیمار
bn:00101515a	ناخوش
bn:00101535a	الگ
bn:00101560a	ناراض
bn:00101571a	پریشان
bn:00101595a	دور
bn:00101601a	الگ
bn:00101601a	واضح
bn:00101602a	الگ
bn:00101602a	واضح
bn:00101605a	ممتاز
bn:00101606a	ممتاز
bn:00101611a	پریشان
bn:00101612a	ناخوش
bn:00101614a	پریشان
bn:00101628a	مختلف
bn:00101629a	مختلف
bn:00101680a	گھریلو
bn:00101681a	گھریلو
bn:00101682a	گھریلو
bn:00101687a	غالب
bn:00101698a	ختم
bn:00101741a	مشکوک
bn:00101742a	مشکوک
bn:00101788a	انگیز
bn:00101795a	طویل
bn:00101836a	مست
bn:00101839a	خشک
bn:00101840a	خشک
bn:00101874a	سست
bn:00101917a	متحرک
bn:00101929a	ایک
bn:00101935a	ابتدائی
bn:00101936a	ابتدائی
bn:00101937a	ابتدائی
bn:00101938a	ابتدائی
bn:00101939a	ابتدائی
bn:00101944a	سنجیدہ
bn:00101965a	مشرقی
bn:00101967a	مشرقی
bn:00101968a	مشرقی
bn:00101973a	آسان
bn:00101974a	آسان
bn:00101975a	آسان
bn:00101976a	آسان
bn:00101997a	حقیقی
bn:00102001a	اقتصادی
bn:00102001a	معاشی
bn:00102002a	اقتصادی
bn:00102002a	معاشی
bn:00102003a	اقتصادی
bn:00102006a	اقتصادی
bn:00102027a	یافتہ
bn:00102029a	تعلیمی
bn:00102030a	تعلیمی
bn:00102038a	مؤثر
bn:00102039a	مؤثر
bn:00102040a	مؤثر
bn:00102041a	مؤثر
bn:00102042a	مؤثر
bn:00102044a	قانونی
bn:00102052a	آسان
bn:00102068a	لچکدار
bn:00102076a	عجیب
bn:00102079a	منتخب
bn:00102081a	انتخابی
bn:00102111a	بنیادی
bn:00102111a	سادہ
bn:00102113a	بڑا
bn:00102113a	عظیم
bn:00102115a	بلند
bn:00102147a	علامتی
bn:00102161a	جذباتی
bn:00102162a	جذباتی
bn:00102163a	جذباتی
bn:00102176a	خالی
bn:00102177a	خالی
bn:00102242a	مصروف
bn:00102268a	بڑا
bn:00102268a	عظیم
bn:00102268a	غیر
bn:00102277a	تمام
bn:00102277a	سارا
bn:00102277a	پورا
bn:00102277a	پوری
bn:00102277a	کل
bn:00102278a	پورا
bn:00102278a	پوری
bn:00102336a	برابر
bn:00102362a	کھڑا
bn:00102384a	غلط
bn:00102387a	سابق
bn:00102398a	خاص
bn:00102400a	ضروری
bn:00102400a	لازمی
bn:00102401a	ضروری
bn:00102408a	اچھا
bn:00102408a	اچھی
bn:00102417a	اخلاقی
bn:00102418a	اخلاقی
bn:00102454a	برابر
bn:00102455a	برابر
bn:00102458a	باقاعدہ
bn:00102466a	تمام
bn:00102466a	سب
bn:00102469a	معمولی
bn:00102474a	برا
bn:00102487a	عین
bn:00102500a	زیادہ
bn:00102521a	ممکن
bn:00102535a	مکمل
bn:00102542a	موجودہ
bn:00102543a	اصل
bn:00102543a	ذاتی
bn:00102548a	موجودہ
bn:00102549a	موجود
bn:00102549a	موجودہ
bn:00102565a	عظیم
bn:00102569a	متوقع
bn:00102576a	مہنگا
bn:00102576a	مہنگی
bn:00102576a	مہنگے
bn:00102589a	صریح
bn:00102589a	واضح
bn:00102600a	کھلنا
bn:00102617a	بڑا
bn:00102617a	وسیع
bn:00102622a	بیرونی
bn:00102624a	بیرونی
bn:00102625a	بیرونی
bn:00102626a	بیرونی
bn:00102649a	غیر
bn:00102649a	معمولی
bn:00102651a	غیر
bn:00102658a	شدید
bn:00102670a	زرخیز
bn:00102713a	سست
bn:00102720a	مناسب
bn:00102728a	وفادار
bn:00102746a	غلط
bn:00102747a	غلط
bn:00102765a	خیالی
bn:00102766a	خیالی
bn:00102782a	عام
bn:00102794a	مزید
bn:00102802a	تیز
bn:00102807a	تیز
bn:00102807a	فوری
bn:00102820a	موٹا
bn:00102824a	امیر
bn:00102827a	مہلک
bn:00102848a	دوستانہ
bn:00102852a	خوفزدہ
bn:00102866a	نااہل
bn:00102868a	زرخیز
bn:00102869a	زرخیز
bn:00102870a	وفاقی
bn:00102871a	وفاقی
bn:00102872a	وفاقی
bn:00102881a	خوش
bn:00102895a	وحشی
bn:00102901a	وحشی
bn:00102905a	زرخیز
bn:00102920a	چند
bn:00102920a	کم
bn:00102938a	معمولی
bn:00102938a	چھوٹا
bn:00102943a	شدید
bn:00102965a	گندہ
bn:00102969a	آخری
bn:00102969a	حتمی
bn:00102969a	خالص
bn:00102970a	حتمی
bn:00102971a	مالی
bn:00102971a	مالیاتی
bn:00102972a	عمدہ
bn:00102986a	تیار
bn:00102986a	ختم
bn:00102986a	مکمل
bn:00102987a	تیار
bn:00102987a	ختم
bn:00102991a	محدود
bn:00102997a	مضبوط
bn:00102998a	مضبوط
bn:00102998a	ٹھوس
bn:00102999a	مضبوط
bn:00103000a	مضبوط
bn:00103000a	ٹھوس
bn:00103006a	پہلا
bn:00103006a	پہلی
bn:00103007a	افتتاحی
bn:00103007a	پہلا
bn:00103007a	پہلی
bn:00103008a	پہلا
bn:00103008a	پہلی
bn:00103023a	مناسب
bn:00103024a	مناسب
bn:00103031a	مناسب
bn:00103032a	مناسب
bn:00103040a	مستقل
bn:00103040a	مقرر
bn:00103041a	مقرر
bn:00103043a	قائم
bn:00103058a	برابر
bn:00103088a	تیز
bn:00103095a	بھاری
bn:00103118a	اونی
bn:00103127a	سرخ
bn:00103134a	ہموار
bn:00103135a	مائع
bn:00103172a	اگلا
bn:00103191a	ممنوع
bn:00103192a	مجبور
bn:00103193a	جبری
bn:00103205a	بیرونی
bn:00103205a	ملکی
bn:00103206a	غیر
bn:00103206a	ملکی
bn:00103223a	رسمی
bn:00103225a	رسمی
bn:00103232a	سابق
bn:00103232a	پہلا
bn:00103233a	سابق
bn:00103248a	خوش
bn:00103282a	نازک
bn:00103285a	نازک
bn:00103291a	پاگل
bn:00103299a	آزاد
bn:00103299a	آزادانہ
bn:00103299a	مفت
bn:00103300a	آزاد
bn:00103301a	آزاد
bn:00103304a	آزاد
bn:00103316a	الگ
bn:00103316a	علیحدہ
bn:00103324a	اکثر
bn:00103325a	اکثر
bn:00103326a	تازہ
bn:00103327a	تازہ
bn:00103328a	تازہ
bn:00103328a	جدید
bn:00103328a	نئی
bn:00103328a	نئے
bn:00103328a	نیا
bn:00103329a	تازہ
bn:00103332a	تازہ
bn:00103334a	غیر
bn:00103344a	دوستانہ
bn:00103349a	برفانی
bn:00103349a	منجمد
bn:00103374a	منجمد
bn:00103375a	منجمد
bn:00103391a	بھرا
bn:00103395a	اچھا
bn:00103395a	اچھی
bn:00103395a	مند
bn:00103395a	پورا
bn:00103424a	بنیادی
bn:00103425a	بنیادی
bn:00103451a	اگلا
bn:00103507a	عام
bn:00103507a	عمومی
bn:00103507a	مجموعی
bn:00103508a	عام
bn:00103508a	عمومی
bn:00103534a	نرم
bn:00103535a	نرم
bn:00103536a	نرم
bn:00103538a	حقیقی
bn:00103541a	جغرافیائی
bn:00103581a	بڑا
bn:00103601a	خوش
bn:00103603a	خوش
bn:00103624a	عالمی
bn:00103672a	اچھا
bn:00103672a	اچھی
bn:00103673a	اچھا
bn:00103673a	نیک
bn:00103674a	اچھا
bn:00103674a	اچھی
bn:00103675a	اچھا
bn:00103675a	سیدھا
bn:00103676a	اچھی
bn:00103677a	اچھا
bn:00103678a	اچھا
bn:00103678a	اچھی
bn:00103680a	سنجیدہ
bn:00103680a	سنگین
bn:00103716a	آہستہ
bn:00103742a	تیز
bn:00103742a	واضح
bn:00103757a	ضروری
bn:00103758a	سنگین
bn:00103779a	بڑا
bn:00103779a	عظیم
bn:00103779a	لمبی
bn:00103780a	بڑا
bn:00103780a	عظیم
bn:00103781a	عظیم
bn:00103783a	عظیم
bn:00103785a	یونانی
bn:00103803a	سخت
bn:00103813a	خوفناک
bn:00103831a	مجرم
bn:00103832a	مجرم
bn:00103931a	غریب
bn:00103933a	خوش
bn:00103936a	سخت
bn:00103936a	مشکل
bn:00103937a	سخت
bn:00103938a	سخت
bn:00103945a	سخت
bn:00103956a	عملی
bn:00103970a	محنتی
bn:00103971a	مضبوط
bn:00103973a	پاگل
bn:00103981a	آہنگ
bn:00103987a	سخت
bn:00103988a	سخت
bn:00103993a	تیز
bn:00104025a	صحت
bn:00104026a	صحت
bn:00104041a	گرم
bn:00104042a	گرم
bn:00104050a	بھاری
bn:00104051a	بھاری
bn:00104051a	شدید
bn:00104052a	بھاری
bn:00104052a	شدید
bn:00104079a	عبرانی
bn:00104134a	مختلف
bn:00104162a	بلند
bn:00104163a	بلند
bn:00104164a	بلند
bn:00104165a	بلند
bn:00104221a	تاریخی
bn:00104223a	تاریخی
bn:00104224a	تاریخی
bn:00104253a	اندرونی
bn:00104253a	قومی
bn:00104262a	گھریلو
bn:00104286a	یکساں
bn:00104302a	سچا
bn:00104328a	افقی
bn:00104336a	خوفزدہ
bn:00104348a	گرم
bn:00104350a	گرم
bn:00104352a	گرم
bn:00104353a	گرم
bn:00104381a	پاگل
bn:00104384a	انسانی
bn:00104385a	انسانی
bn:00104386a	انسانی
bn:00104389a	انسانی
bn:00104411a	زخمی
bn:00104416a	خاموش
bn:00104500a	مثالی
bn:00104501a	مثالی
bn:00104505a	جیسا
bn:00104506a	جیسا
bn:00104510a	قابل
bn:00104538a	بیمار
bn:00104549a	بدنام
bn:00104562a	قانونی
bn:00104564a	قانونی
bn:00104567a	غیر
bn:00104568a	لامحدود
bn:00104574a	غیر
bn:00104589a	جوان
bn:00104589a	نوجوان
bn:00104589a	چھوٹا
bn:00104594a	فوری
bn:00104594a	قریب
bn:00104595a	فوری
bn:00104596a	فوری
bn:00104628a	غیر
bn:00104643a	ضروری
bn:00104646a	ناقص
bn:00104652a	شاہی
bn:00104655a	عارضی
bn:00104660a	غیر
bn:00104661a	غیر
bn:00104676a	بنیادی
bn:00104680a	اہم
bn:00104680a	ضروری
bn:00104681a	اہم
bn:00104687a	ناممکن
bn:00104688a	ناممکن
bn:00104707a	قانونی
bn:00104708a	غلط
bn:00104757a	غلط
bn:00104767a	ناکافی
bn:00104789a	افتتاحی
bn:00104808a	ناراض
bn:00104809a	غیر
bn:00104809a	یقینی
bn:00104872a	مثبت
bn:00104880a	غلط
bn:00104922a	غیر
bn:00104928a	آزاد
bn:00104934a	غیر
bn:00104946a	غیر
bn:00104964a	لازمی
bn:00104964a	ناگزیر
bn:00104969a	مبہم
bn:00104971a	انفرادی
bn:00104971a	منفرد
bn:00104971a	واحد
bn:00104972a	انفرادی
bn:00104973a	انفرادی
bn:00104992a	نرم
bn:00104995a	صنعتی
bn:00104996a	صنعتی
bn:00104997a	صنعتی
bn:00105012a	نااہل
bn:00105024a	ناگزیر
bn:00105025a	ناگزیر
bn:00105025a	یقینی
bn:00105055a	کم
bn:00105056a	کم
bn:00105064a	لامحدود
bn:00105081a	سخت
bn:00105084a	رسمی
bn:00105098a	گناہ
bn:00105104a	آباد
bn:00105115a	انسانی
bn:00105115a	غیر
bn:00105119a	ابتدائی
bn:00105122a	زخمی
bn:00105130a	اندرونی
bn:00105131a	اندرونی
bn:00105132a	اندرونی
bn:00105136a	گناہ
bn:00105150a	غیر
bn:00105161a	پاگل
bn:00105175a	متاثر
bn:00105183a	داخلی
bn:00105217a	غیر
bn:00105241a	ذہنی
bn:00105251a	شدید
bn:00105272a	منحصر
bn:00105275a	مند
bn:00105276a	دلچسپ
bn:00105280a	عبوری
bn:00105281a	اندرونی
bn:00105288a	درمیانی
bn:00105292a	اندرونی
bn:00105305a	مخلوط
bn:00105352a	افتتاحی
bn:00105390a	غیر
bn:00105394a	شامل
bn:00105394a	ملوث
bn:00105395a	ملوث
bn:00105396a	ملوث
bn:00105470a	الگ
bn:00105516a	جاپانی
bn:00105527a	مزاحیہ
bn:00105531a	یہودی
bn:00105540a	مشترکہ
bn:00105541a	مشترکہ
bn:00105553a	چھوٹا
bn:00105564a	لذیذ
bn:00105585a	نوجوان
bn:00105617a	مہربان
bn:00105622a	متحرک
bn:00105634a	طاقتور
bn:00105645a	مشہور
bn:00105645a	معلوم
bn:00105688a	غیر
bn:00105722a	بڑا
bn:00105739a	آخری
bn:00105739a	پچھلا
bn:00105739a	کافی
bn:00105739a	گذشتہ
bn:00105740a	آخری
bn:00105740a	پچھلا
bn:00105741a	آخری
bn:00105742a	آخری
bn:00105748a	مستقل
bn:00105752a	جدید
bn:00105752a	حالیہ
bn:00105753a	مرحوم
bn:00105763a	تازہ
bn:00105792a	غیر
bn:00105799a	سست
bn:00105821a	پتلا
bn:00105821a	پتلی
bn:00105825a	ترین
bn:00105825a	کم
bn:00105834a	بایاں
bn:00105835a	باقی
bn:00105848a	قانونی
bn:00105849a	قانونی
bn:00105850a	قانونی
bn:00105853a	افسانوی
bn:00105858a	بہت
bn:00105858a	متعدد
bn:00105860a	قانونی
bn:00105862a	جائز
bn:00105862a	منطقی
bn:00105863a	جائز
bn:00105886a	کم
bn:00105891a	کم
bn:00105937a	کم
bn:00105937a	ہلکا
bn:00105941a	ہلکا
bn:00105942a	ہلکا
bn:00105943a	ہلکا
bn:00105945a	ہلکا
bn:00105977a	طرح
bn:00105981a	ممکن
bn:00105982a	ممکنہ
bn:00105999a	محدود
bn:00106000a	محدود
bn:00106006a	غیر
bn:00106019a	لسانی
bn:00106021a	لسانی
bn:00106033a	مائع
bn:00106039a	درج
bn:00106044a	ادبی
bn:00106058a	تھوڑا
bn:00106058a	معمولی
bn:00106058a	چھوٹا
bn:00106058a	کم
bn:00106059a	تھوڑا
bn:00106059a	چھوٹا
bn:00106059a	کم
bn:00106060a	چھوٹا
bn:00106062a	مختصر
bn:00106062a	چھوٹا
bn:00106070a	زندہ
bn:00106088a	زندہ
bn:00106089a	زندہ
bn:00106090a	زندہ
bn:00106108a	مقامی
bn:00106109a	مقامی
bn:00106113a	واقع
bn:00106117a	منطقی
bn:00106120a	تنہا
bn:00106122a	اکیلا
bn:00106122a	تنہا
bn:00106124a	طویل
bn:00106125a	طویل
bn:00106125a	لمبا
bn:00106173a	سست
bn:00106174a	کھلنا
bn:00106192a	بلند
bn:00106201a	خوبصورت
bn:00106205a	کم
bn:00106206a	کم
bn:00106207a	کم
bn:00106208a	کم
bn:00106209a	کم
bn:00106242a	وفادار
bn:00106249a	بد
bn:00106250a	خوش
bn:00106251a	خوش
bn:00106254a	گرم
bn:00106261a	پاگل
bn:00106266a	خوفناک
bn:00106318a	مقناطیسی
bn:00106332a	بڑا
bn:00106332a	خاص
bn:00106333a	بڑا
bn:00106334a	بڑا
bn:00106335a	بڑا
bn:00106355a	مردانہ
bn:00106408a	بہت
bn:00106408a	متعدد
bn:00106408a	کئی
bn:00106422a	سمندری
bn:00106423a	بحری
bn:00106427a	ازدواجی
bn:00106429a	نمایاں
bn:00106429a	واضح
bn:00106430a	واضح
bn:00106453a	مردانہ
bn:00106463a	بڑا
bn:00106478a	مادی
bn:00106479a	جسمانی
bn:00106503a	بالغ
bn:00106504a	بالغ
bn:00106504a	پختہ
bn:00106505a	بالغ
bn:00106506a	تیار
bn:00106506a	پختہ
bn:00106524a	مضبوط
bn:00106527a	اہم
bn:00106554a	طبی
bn:00106555a	طبی
bn:00106570a	نرم
bn:00106601a	ذہنی
bn:00106602a	ذہنی
bn:00106620a	صرف
bn:00106713a	طاقتور
bn:00106719a	نرم
bn:00106719a	ہلکا
bn:00106755a	کم
bn:00106764a	معمولی
bn:00106764a	چھوٹا
bn:00106765a	معمولی
bn:00106765a	چھوٹا
bn:00106766a	معمولی
bn:00106768a	کم
bn:00106773a	چھوٹا
bn:00106773a	چھوٹے
bn:00106792a	غلط
bn:00106796a	غیر
bn:00106801a	لاپتہ
bn:00106816a	متحرک
bn:00106822a	جدید
bn:00106831a	جدید
bn:00106832a	جدید
bn:00106911a	خوفناک
bn:00106928a	اخلاقی
bn:00106935a	زیادہ
bn:00106935a	مزید
bn:00106936a	زیادہ
bn:00106936a	مزید
bn:00106953a	اکثر
bn:00106953a	زیادہ
bn:00106989a	متحرک
bn:00106990a	متحرک
bn:00106995a	بہت
bn:00106995a	زیادہ
bn:00107028a	متعدد
bn:00107040a	خاموش
bn:00107043a	بلدیاتی
bn:00107090a	پراسرار
bn:00107104a	ننگا
bn:00107108a	نامعلوم
bn:00107118a	تنگ
bn:00107118a	کم
bn:00107119a	تنگ
bn:00107119a	کم
bn:00107120a	تنگ
bn:00107134a	پیدائشی
bn:00107136a	قومی
bn:00107137a	قومی
bn:00107138a	قومی
bn:00107139a	قومی
bn:00107140a	قومی
bn:00107144a	مقامی
bn:00107151a	فطری
bn:00107151a	قدرتی
bn:00107152a	قدرتی
bn:00107153a	قدرتی
bn:00107154a	قدرتی
bn:00107156a	خام
bn:00107159a	حقیقت
bn:00107164a	بیمار
bn:00107165a	بحری
bn:00107177a	صاف
bn:00107182a	ضروری
bn:00107182a	لازمی
bn:00107183a	ضروری
bn:00107194a	ضروری
bn:00107198a	منفی
bn:00107199a	منفی
bn:00107200a	منفی
bn:00107209a	سیاہ
bn:00107237a	خالص
bn:00107256a	اعصابی
bn:00107262a	غیر
bn:00107267a	تازہ
bn:00107267a	جدید
bn:00107267a	نئی
bn:00107267a	نئے
bn:00107267a	نیا
bn:00107268a	نئے
bn:00107268a	نیا
bn:00107269a	نئی
bn:00107269a	نئے
bn:00107269a	نیا
bn:00107322a	شریف
bn:00107440a	تنہا
bn:00107587a	عام
bn:00107587a	معمولی
bn:00107598a	شمالی
bn:00107610a	شمالی
bn:00107611a	شمالی
bn:00107612a	شمالی
bn:00107627a	قابل
bn:00107641a	جوہری
bn:00107643a	جوہری
bn:00107649a	عددی
bn:00107651a	عددی
bn:00107686a	تاریک
bn:00107686a	غیر
bn:00107686a	مبہم
bn:00107686a	واضح
bn:00107687a	نامعلوم
bn:00107706a	واضح
bn:00107714a	پیشہ
bn:00107715a	مقبوضہ
bn:00107730a	بصری
bn:00107732a	عجیب
bn:00107733a	عجیب
bn:00107734a	عجیب
bn:00107770a	سرکاری
bn:00107771a	سرکاری
bn:00107772a	سرکاری
bn:00107786a	بوڑھا
bn:00107786a	پرانا
bn:00107787a	بوڑھا
bn:00107787a	قدیم
bn:00107787a	پرانا
bn:00107788a	بوڑھا
bn:00107788a	پرانا
bn:00107791a	سابقہ
bn:00107862a	طرفہ
bn:00107877a	شفاف
bn:00107879a	کھلنا
bn:00107880a	ظاہر
bn:00107880a	کھلنا
bn:00107881a	کھلنا
bn:00107883a	کھلنا
bn:00107884a	کھلنا
bn:00107885a	کھلنا
bn:00107886a	کھلنا
bn:00107888a	کھلنا
bn:00107889a	کھلنا
bn:00107941a	زبانی
bn:00107960a	منظم
bn:00107963a	عام
bn:00107964a	نامیاتی
bn:00107970a	تنظیمی
bn:00107976a	مشرقی
bn:00107979a	اصل
bn:00107980a	اصل
bn:00107981a	اصل
bn:00108011a	دوسرا
bn:00108011a	دوسری
bn:00108011a	دیگر
bn:00108011a	غیر
bn:00108012a	دوسرا
bn:00108015a	ضائع
bn:00108027a	بیرونی
bn:00108039a	غیر
bn:00108059a	بیرونی
bn:00108060a	بیرونی
bn:00108061a	بیرونی
bn:00108062a	بیرونی
bn:00108069a	نمایاں
bn:00108246a	متوازی
bn:00108279a	خطرناک
bn:00108288a	الگ
bn:00108290a	جزوی
bn:00108295a	خاص
bn:00108295a	مخصوص
bn:00108296a	خاص
bn:00108296a	مخصوص
bn:00108297a	خاص
bn:00108320a	پچھلا
bn:00108320a	گذشتہ
bn:00108321a	سابق
bn:00108321a	پچھلا
bn:00108363a	پرامن
bn:00108428a	کردہ
bn:00108442a	کامل
bn:00108482a	عمودی
bn:00108484a	پریشان
bn:00108488a	ذاتی
bn:00108489a	ذاتی
bn:00108490a	ذاتی
bn:00108539a	صوتی
bn:00108566a	جسمانی
bn:00108567a	جسمانی
bn:00108568a	جسمانی
bn:00108569a	جسمانی
bn:00108570a	جسمانی
bn:00108605a	گلابی
bn:00108644a	خاموش
bn:00108649a	صاف
bn:00108650a	صاف
bn:00108680a	خوشگوار
bn:00108681a	خوشگوار
bn:00108685a	خوش
bn:00108716a	مثبت
bn:00108758a	سیاسی
bn:00108759a	سیاسی
bn:00108760a	سیاسی
bn:00108798a	غریب
bn:00108799a	غریب
bn:00108803a	مقبول
bn:00108806a	مقبول
bn:00108807a	عوامی
bn:00108807a	مقبول
bn:00108822a	مثبت
bn:00108823a	مثبت
bn:00108829a	ممکن
bn:00108829a	ممکنہ
bn:00108830a	ممکنہ
bn:00108861a	طاقتور
bn:00108862a	مضبوط
bn:00108878a	طاقتور
bn:00108880a	عملی
bn:00108910a	قیمتی
bn:00108913a	درست
bn:00108913a	عین
bn:00108931a	قابل
bn:00108940a	حاملہ
bn:00108965a	تیار
bn:00108977a	موجودہ
bn:00108978a	حاضر
bn:00108978a	موجود
bn:00108984a	محفوظ
bn:00108985a	صدارتی
bn:00108988a	فوری
bn:00108998a	خوبصورت
bn:00108999a	خوبصورت
bn:00109016a	قدیم
bn:00109026a	ذاتی
bn:00109026a	نجی
bn:00109028a	خفیہ
bn:00109045a	ممکنہ
bn:00109046a	عارضی
bn:00109067a	ورانہ
bn:00109068a	ورانہ
bn:00109069a	ورانہ
bn:00109070a	پیشہ
bn:00109073a	تکنیکی
bn:00109077a	گہرا
bn:00109114a	صحیح
bn:00109114a	مناسب
bn:00109115a	مناسب
bn:00109117a	صحیح
bn:00109117a	مناسب
bn:00109119a	نبوی
bn:00109123a	متناسب
bn:00109195a	نفسیاتی
bn:00109196a	نفسیاتی
bn:00109211a	عام
bn:00109211a	عوامی
bn:00109212a	عوامی
bn:00109216a	شائع
bn:00109244a	خالص
bn:00109244a	صاف
bn:00109245a	خالص
bn:00109246a	خالص
bn:00109247a	خالص
bn:00109317a	اہل
bn:00109319a	محدود
bn:00109345a	تیز
bn:00109345a	فوری
bn:00109347a	تیز
bn:00109358a	خاموش
bn:00109359a	خاموش
bn:00109377a	نسلی
bn:00109378a	نسلی
bn:00109391a	اصل
bn:00109391a	انقلابی
bn:00109391a	بنیادی
bn:00109437a	تیز
bn:00109438a	تیز
bn:00109440a	نایاب
bn:00109440a	کم
bn:00109441a	کم
bn:00109442a	نایاب
bn:00109468a	خام
bn:00109469a	خام
bn:00109470a	خام
bn:00109471a	خام
bn:00109473a	نرم
bn:00109485a	تیار
bn:00109486a	تیار
bn:00109487a	تیار
bn:00109488a	تیار
bn:00109495a	اصل
bn:00109501a	پسندانہ
bn:00109507a	سمجھدار
bn:00109507a	مناسب
bn:00109514a	باغی
bn:00109521a	تازہ
bn:00109521a	حالیہ
bn:00109544a	شدہ
bn:00109632a	باقاعدہ
bn:00109633a	باقاعدہ
bn:00109634a	باقاعدہ
bn:00109635a	باقاعدہ
bn:00109636a	باقاعدہ
bn:00109637a	باقاعدہ
bn:00109650a	متعلقہ
bn:00109651a	متعلقہ
bn:00109661a	روحانی
bn:00109661a	مذہبی
bn:00109662a	مذہبی
bn:00109740a	متعدد
bn:00109740a	مختلف
bn:00109740a	کئی
bn:00109742a	دار
bn:00109752a	محدود
bn:00109833a	امیر
bn:00109834a	امیر
bn:00109835a	امیر
bn:00109836a	امیر
bn:00109848a	صحیح
bn:00109849a	درست
bn:00109849a	صحیح
bn:00109871a	سخت
bn:00109872a	سخت
bn:00109874a	سخت
bn:00109884a	تیار
bn:00109969a	شاہی
bn:00109970a	شاہی
bn:00109982a	سخت
bn:00109982a	مشکل
bn:00109997a	دیہی
bn:00109998a	دیہی
bn:00110004a	روسی
bn:00110006a	آلود
bn:00110031a	مقدس
bn:00110032a	مقدس
bn:00110046a	محفوظ
bn:00110047a	محفوظ
bn:00110064a	بیمار
bn:00110076a	جیسا
bn:00110077a	جیسا
bn:00110116a	مطمئن
bn:00110175a	سائنسی
bn:00110176a	سائنسی
bn:00110234a	بروقت
bn:00110235a	موسمی
bn:00110237a	سابق
bn:00110247a	ثانوی
bn:00110253a	خفیہ
bn:00110254a	خفیہ
bn:00110269a	محفوظ
bn:00110270a	محفوظ
bn:00110291a	منتخب
bn:00110292a	انتخابی
bn:00110292a	منتخب
bn:00110409a	حساس
bn:00110410a	حساس
bn:00110423a	الگ
bn:00110423a	علیحدہ
bn:00110425a	الگ
bn:00110444a	سنجیدہ
bn:00110444a	سنگین
bn:00110445a	سنجیدہ
bn:00110445a	سنگین
bn:00110469a	متعدد
bn:00110469a	چند
bn:00110469a	کئی
bn:00110470a	کئی
bn:00110471a	سخت
bn:00110472a	سخت
bn:00110486a	جنسی
bn:00110487a	جنسی
bn:00110501a	کم
bn:00110516a	تیز
bn:00110517a	تیز
bn:00110518a	تیز
bn:00110561a	مختصر
bn:00110562a	مختصر
bn:00110620a	اہم
bn:00110620a	حقیقی
bn:00110621a	اہم
bn:00110624a	خاموش
bn:00110649a	سادہ
bn:00110658a	مخلص
bn:00110668a	شدہ
bn:00110668a	غیر
bn:00110743a	پتلا
bn:00110767a	آہستہ
bn:00110767a	سست
bn:00110768a	آہستہ
bn:00110768a	سست
bn:00110772a	سست
bn:00110788a	چھوٹا
bn:00110789a	ہوشیار
bn:00110803a	ہموار
bn:00110804a	ہموار
bn:00110842a	سماجی
bn:00110842a	معاشرتی
bn:00110843a	سماجی
bn:00110844a	سماجی
bn:00110845a	سماجی
bn:00110858a	نرم
bn:00110859a	نرم
bn:00110860a	آہستہ
bn:00110860a	نرم
bn:00110879a	شمسی
bn:00110887a	ٹھوس
bn:00110888a	ٹھوس
bn:00110889a	ٹھوس
bn:00110890a	ٹھوس
bn:00110891a	ٹھوس
bn:00110893a	ٹھوس
bn:00110894a	ٹھوس
bn:00110911a	بعض
bn:00110911a	کوئی
bn:00110939a	درست
bn:00110961a	جنوبی
bn:00110963a	جنوبی
bn:00110964a	جنوبی
bn:00110984a	کم
bn:00110995a	خاص
bn:00110996a	خاص
bn:00111001a	خاص
bn:00111005a	مخصوص
bn:00111042a	روحانی
bn:00111043a	روحانی
bn:00111083a	ضائع
bn:00111087a	سیدھا
bn:00111108a	مستحکم
bn:00111108a	والا
bn:00111109a	مستحکم
bn:00111129a	معیاری
bn:00111130a	معیاری
bn:00111131a	معیاری
bn:00111135a	کھڑے
bn:00111175a	ثابت
bn:00111209a	سخت
bn:00111210a	سخت
bn:00111262a	سیدھا
bn:00111264a	سیدھا
bn:00111281a	عجیب
bn:00111281a	غریب
bn:00111281a	معمولی
bn:00111282a	اجنبی
bn:00111282a	عجیب
bn:00111312a	مضبوط
bn:00111313a	مضبوط
bn:00111344a	سخت
bn:00111370a	ذہنی
bn:00111409a	کامیاب
bn:00111418a	کافی
bn:00111458a	سطحی
bn:00111503a	اعلی
bn:00111523a	حیران
bn:00111528a	معطل
bn:00111563a	علامتی
bn:00111564a	علامتی
bn:00111566a	ہمدرد
bn:00111567a	ہمدرد
bn:00111591a	مترادف
bn:00111630a	اونچا
bn:00111630a	بلند
bn:00111630a	لمبا
bn:00111673a	تنگ
bn:00111673a	مضبوط
bn:00111684a	تکنیکی
bn:00111685a	تکنیکی
bn:00111760a	خوفناک
bn:00111824a	موٹا
bn:00111826a	موٹا
bn:00111843a	پتلا
bn:00111843a	پتلی
bn:00111859a	مکمل
bn:00111923a	تنگ
bn:00111940a	بروقت
bn:00112025a	سخت
bn:00112025a	مشکل
bn:00112026a	سخت
bn:00112043a	روایتی
bn:00112044a	روایتی
bn:00112051a	یافتہ
bn:00112100a	قبائلی
bn:00112142a	پریشان
bn:00112146a	اصل
bn:00112146a	درست
bn:00112146a	سچا
bn:00112229a	آخری
bn:00112230a	آخری
bn:00112235a	جدید
bn:00112254a	قابل
bn:00112254a	قاصر
bn:00112255a	قابل
bn:00112258a	قبول
bn:00112266a	غیر
bn:00112328a	غیر
bn:00112345a	غیر
bn:00112354a	غیر
bn:00112398a	مسلسل
bn:00112398a	منقطع
bn:00112420a	یقینی
bn:00112425a	غیر
bn:00112428a	غیر
bn:00112468a	غیر
bn:00112468a	معمولی
bn:00112485a	غیر
bn:00112501a	غیر
bn:00112514a	غیر
bn:00112563a	مبہم
bn:00112604a	غیر
bn:00112604a	ناپسندیدہ
bn:00112632a	شدہ
bn:00112632a	غیر
bn:00112658a	غیر
bn:00112659a	غیر
bn:00112665a	پریشان
bn:00112668a	ضائع
bn:00112698a	غیر
bn:00112714a	غیر
bn:00112714a	متوقع
bn:00112731a	ناواقف
bn:00112770a	بدقسمت
bn:00112813a	ناخوش
bn:00112821a	مند
bn:00112843a	یکساں
bn:00112882a	غیر
bn:00112891a	غیر
bn:00112908a	متحد
bn:00112923a	نامعلوم
bn:00112987a	غیر
bn:00112987a	فطری
bn:00112990a	ضروری
bn:00112990a	غیر
bn:00113008a	خالی
bn:00113012a	سرکاری
bn:00113012a	غیر
bn:00113101a	غیر
bn:00113118a	حقیقی
bn:00113248a	کھڑا
bn:00113290a	ناکام
bn:00113316a	جنگلی
bn:00113366a	معمولی
bn:00113367a	معمولی
bn:00113431a	پریشان
bn:00113439a	شہری
bn:00113440a	شہری
bn:00113452a	قابل
bn:00113454a	عادی
bn:00113455a	مفید
bn:00113474a	خالی
bn:00113486a	درست
bn:00113489a	قابل
bn:00113489a	قیمتی
bn:00113490a	قیمتی
bn:00113501a	متغیر
bn:00113502a	متغیر
bn:00113503a	متغیر
bn:00113509a	مختلف
bn:00113514a	مختلف
bn:00113536a	پرانا
bn:00113548a	زبانی
bn:00113548a	لفظی
bn:00113610a	زبردست
bn:00113610a	شدید
bn:00113610a	مضبوط
bn:00113639a	ظاہر
bn:00113648a	واضح
bn:00113655a	ورانہ
bn:00113655a	پیشہ
bn:00113698a	گرم
bn:00113699a	گرم
bn:00113710a	محتاط
bn:00113718a	کمزور
bn:00113737a	کم
bn:00113737a	کمزور
bn:00113770a	خوش
bn:00113770a	مقدم
bn:00113773a	اچھا
bn:00113773a	ٹھیک
bn:00113774a	اچھا
bn:00113813a	مغربی
bn:00113814a	مغربی
bn:00113815a	مغربی
bn:00113818a	گیلے
bn:00113830a	سفید
bn:00113831a	سفید
bn:00113852a	سارا
bn:00113852a	سب
bn:00113852a	پورا
bn:00113852a	پوری
bn:00113852a	کل
bn:00113858a	وسیع
bn:00113870a	جنگلی
bn:00113877a	راضی
bn:00113940a	بد
bn:00113944a	بد
bn:00113948a	قابل
bn:00113957a	تحریری
bn:00113959a	غلط
bn:00113968a	زرد
bn:00113968a	پیلا
bn:00113986a	پیلا
bn:00114047r	بہت
bn:00114047r	زیادہ
bn:00114048r	بہت
bn:00114048r	زیادہ
bn:00114073r	تقریبا
bn:00114073r	میں
bn:00114073r	کم
bn:00114074r	کم
bn:00114075r	میں
bn:00114075r	کم
bn:00114075r	گرد
bn:00114076r	کم
bn:00114078r	کم
bn:00114079r	تقریبا
bn:00114080r	میں
bn:00114081r	میں
bn:00114084r	سے
bn:00114086r	میں
bn:00114088r	میں
bn:00114089r	اچانک
bn:00114091r	بالکل
bn:00114097r	سے
bn:00114102r	اچانک
bn:00114117r	میں
bn:00114117r	واقعی
bn:00114118r	حقیقت
bn:00114118r	میں
bn:00114165r	بعد
bn:00114165r	میں
bn:00114196r	سے
bn:00114203r	بالکل
bn:00114203r	تر
bn:00114203r	طور
bn:00114210r	اچانک
bn:00114216r	البتہ
bn:00114216r	بھی
bn:00114234r	صرف
bn:00114234r	ہی
bn:00114243r	سے
bn:00114246r	بھی
bn:00114246r	سے
bn:00114246r	نے
bn:00114246r	کو
bn:00114250r	ہمیشہ
bn:00114252r	ہمیشہ
bn:00114281r	نے
bn:00114281r	کو
bn:00114286r	سے
bn:00114301r	سے
bn:00114306r	بھی
bn:00114307r	جلد
bn:00114307r	سے
bn:00114318r	بظاہر
bn:00114319r	سے
bn:00114319r	طور
bn:00114339r	میں
bn:00114344r	سے
bn:00114354r	نے
bn:00114354r	کو
bn:00114354r	ہی
bn:00114363r	سے
bn:00114422r	طور
bn:00114422r	میں
bn:00114428r	ہی
bn:00114450r	بخود
bn:00114455r	دور
bn:00114472r	واپس
bn:00114504r	سے
bn:00114504r	شاید
bn:00114504r	صرف
bn:00114504r	ہی
bn:00114513r	جلد
bn:00114513r	ہی
bn:00114523r	شاید
bn:00114541r	تر
bn:00114541r	میں
bn:00114541r	والا
bn:00114585r	سے
bn:00114625r	سے
bn:00114625r	مصروفیت
bn:00114626r	صرف
bn:00114626r	لیکن
bn:00114626r	محض
bn:00114626r	ہی
bn:00114633r	بعد
bn:00114634r	تر
bn:00114634r	سے
bn:00114663r	سے
bn:00114694r	نہیں
bn:00114694r	یقینا
bn:00114731r	سے
bn:00114740r	واضح
bn:00114763r	سے
bn:00114772r	سے
bn:00114778r	عام
bn:00114784r	نسبتا
bn:00114825r	سے
bn:00114843r	برعکس
bn:00114852r	سے
bn:00114859r	سے
bn:00114917r	روزانہ
bn:00114945r	سے
bn:00114946r	سے
bn:00114987r	سے
bn:00114996r	سے
bn:00115016r	سے
bn:00115016r	ورنہ
bn:00115060r	سے
bn:00115085r	سے
bn:00115106r	ضرور
bn:00115107r	سے
bn:00115155r	سے
bn:00115177r	سے
bn:00115180r	سے
bn:00115184r	نے
bn:00115184r	کو
bn:00115216r	کافی
bn:00115226r	نے
bn:00115239r	ہمیشہ
bn:00115244r	اگرچہ
bn:00115244r	بھی
bn:00115245r	بھی
bn:00115246r	بھی
bn:00115250r	سے
bn:00115253r	کبھی
bn:00115253r	ہمیشہ
bn:00115254r	ہمیشہ
bn:00115266r	بالکل
bn:00115266r	صرف
bn:00115266r	کم
bn:00115266r	ہی
bn:00115267r	بالکل
bn:00115268r	کم
bn:00115274r	بھی
bn:00115278r	سے
bn:00115289r	کم
bn:00115300r	بہت
bn:00115313r	سے
bn:00115369r	طور
bn:00115373r	سے
bn:00115374r	سے
bn:00115375r	سے
bn:00115379r	پہلا
bn:00115418r	تر
bn:00115423r	ہمیشہ
bn:00115427r	طور
bn:00115446r	سے
bn:00115449r	سے
bn:00115452r	اکثر
bn:00115452r	تر
bn:00115453r	میں
bn:00115453r	ہی
bn:00115454r	سے
bn:00115488r	سے
bn:00115504r	واقعی
bn:00115511r	سے
bn:00115530r	اچھی
bn:00115531r	سے
bn:00115547r	سے
bn:00115549r	سے
bn:00115553r	سے
bn:00115554r	سے
bn:00115561r	سے
bn:00115568r	سے
bn:00115569r	آدھا
bn:00115569r	آدھی
bn:00115569r	نصف
bn:00115576r	آدھی
bn:00115576r	آدھے
bn:00115603r	سے
bn:00115605r	سے
bn:00115620r	سے
bn:00115624r	سے
bn:00115625r	سے
bn:00115633r	سے
bn:00115635r	سے
bn:00115635r	لہذا
bn:00115635r	چنانچہ
bn:00115645r	میں
bn:00115703r	سے
bn:00115781r	میں
bn:00115781r	نے
bn:00115781r	کو
bn:00115790r	اگر
bn:00115803r	میں
bn:00115811r	بھی
bn:00115888r	یقینا
bn:00115906r	میں
bn:00115920r	سے
bn:00115958r	میں
bn:00115972r	بلکہ
bn:00116052r	صرف
bn:00116052r	ہی
bn:00116053r	صرف
bn:00116053r	ہی
bn:00116064r	بلکہ
bn:00116085r	حال
bn:00116085r	میں
bn:00116085r	ہی
bn:00116094r	کم
bn:00116097r	بائیں
bn:00116104r	کم
bn:00116105r	کم
bn:00116128r	بھی
bn:00116143r	کم
bn:00116211r	شاید
bn:00116226r	سے
bn:00116248r	سے
bn:00116264r	سے
bn:00116268r	سے
bn:00116284r	زیادہ
bn:00116285r	زیادہ
bn:00116290r	زیادہ
bn:00116291r	زیادہ
bn:00116295r	بہت
bn:00116295r	زیادہ
bn:00116296r	بہت
bn:00116296r	زیادہ
bn:00116297r	بہت
bn:00116297r	زیادہ
bn:00116298r	بھی
bn:00116311r	سے
bn:00116317r	یعنی
bn:00116325r	نہ
bn:00116326r	نہیں
bn:00116326r	کبھی
bn:00116327r	میں
bn:00116328r	سے
bn:00116330r	طور
bn:00116346r	سے
bn:00116348r	نہیں
bn:00116349r	نہیں
bn:00116360r	نہ
bn:00116360r	نہیں
bn:00116364r	نہیں
bn:00116381r	اب
bn:00116381r	ایک
bn:00116387r	نہیں
bn:00116392r	سے
bn:00116440r	اچانک
bn:00116447r	صرف
bn:00116447r	ہی
bn:00116448r	صرف
bn:00116448r	ہی
bn:00116449r	صرف
bn:00116450r	صرف
bn:00116455r	سے
bn:00116477r	ورنہ
bn:00116483r	اچانک
bn:00116501r	سے
bn:00116511r	زیادہ
bn:00116562r	سے
bn:00116680r	تر
bn:00116719r	جلدی
bn:00116719r	سے
bn:00116730r	سے
bn:00116752r	صرف
bn:00116768r	سے
bn:00116769r	سے
bn:00116771r	بالکل
bn:00116771r	بہت
bn:00116772r	بالکل
bn:00116772r	بہت
bn:00116773r	بہت
bn:00116787r	کبھی
bn:00116787r	کم
bn:00116789r	بالکل
bn:00116789r	بہت
bn:00116789r	زیادہ
bn:00116789r	واقعی
bn:00116794r	سے
bn:00116795r	سے
bn:00116838r	سے
bn:00116883r	تقریبا
bn:00116892r	سے
bn:00116895r	سے
bn:00116971r	ہی
bn:00116990r	سے
bn:00117048r	لہذا
bn:00117138r	اب
bn:00117138r	ابھی
bn:00117138r	بھی
bn:00117146r	سے
bn:00117156r	سے
bn:00117158r	سے
bn:00117172r	سے
bn:00117172r	کامیابی
bn:00117214r	سے
bn:00117250r	نے
bn:00117250r	کو
bn:00117251r	نے
bn:00117251r	پھر
bn:00117251r	کو
bn:00117252r	سے
bn:00117287r	اگرچہ
bn:00117297r	سے
bn:00117298r	سے
bn:00117480r	سے
bn:00117559r	بہت
bn:00117566r	تقریبا
bn:00117576r	سے
bn:00117654r	بھی
